"edge_class","mean_delta","mean_abs","n","replicate","scenario","generation"
"interior",-0.000945115756614181,0.0237802607800822,111,1,"Isotropic",2004
"all",-0.000945115756614181,0.0237802607800822,111,1,"Isotropic",2004
"interior",-0.00479402385953322,0.043582174803461,74,2,"Isotropic",2004
"all",-0.00479402385953322,0.043582174803461,74,2,"Isotropic",2004
"interior",0.00426943389786655,0.0275400298096055,107,3,"Isotropic",2004
"all",0.00426943389786655,0.0275400298096055,107,3,"Isotropic",2004
"interior",0.00757337348964936,0.0267173427049458,108,4,"Isotropic",2004
"all",0.00757337348964936,0.0267173427049458,108,4,"Isotropic",2004
"interior",0.00388529344010393,0.0371869182014999,80,5,"Isotropic",2004
"all",0.00388529344010393,0.0371869182014999,80,5,"Isotropic",2004
"interior",-0.00427857145033623,0.0280018641078512,102,6,"Isotropic",2004
"all",-0.00427857145033623,0.0280018641078512,102,6,"Isotropic",2004
"interior",-0.00318295173322629,0.0365195194574752,85,7,"Isotropic",2004
"all",-0.00318295173322629,0.0365195194574752,85,7,"Isotropic",2004
"interior",0.0011674723281749,0.0386490270667332,89,8,"Isotropic",2004
"all",0.0011674723281749,0.0386490270667332,89,8,"Isotropic",2004
"interior",0.00172701667610375,0.0286623968952486,103,9,"Isotropic",2004
"all",0.00172701667610375,0.0286623968952486,103,9,"Isotropic",2004
"interior",-0.00738426230406037,0.0452120191860548,78,10,"Isotropic",2004
"all",-0.00738426230406037,0.0452120191860548,78,10,"Isotropic",2004
"interior",0.007307509302846,0.0329698188477042,107,11,"Isotropic",2004
"all",0.007307509302846,0.0329698188477042,107,11,"Isotropic",2004
"interior",0.00150487456223017,0.0355068280824881,98,12,"Isotropic",2004
"all",0.00150487456223017,0.0355068280824881,98,12,"Isotropic",2004
"interior",-0.00235010136520263,0.0347371816922215,83,13,"Isotropic",2004
"all",-0.00235010136520263,0.0347371816922215,83,13,"Isotropic",2004
"interior",0.00935197777025455,0.033306115594164,99,14,"Isotropic",2004
"all",0.00935197777025455,0.033306115594164,99,14,"Isotropic",2004
"interior",-0.00209708218424884,0.0378596963491145,91,15,"Isotropic",2004
"all",-0.00209708218424884,0.0378596963491145,91,15,"Isotropic",2004
"interior",-0.0013272866215417,0.0333734908276173,91,16,"Isotropic",2004
"all",-0.0013272866215417,0.0333734908276173,91,16,"Isotropic",2004
"interior",0.00809581936326197,0.0245769674636159,112,17,"Isotropic",2004
"all",0.00809581936326197,0.0245769674636159,112,17,"Isotropic",2004
"interior",0.00145384775361739,0.033092348419022,96,18,"Isotropic",2004
"all",0.00145384775361739,0.033092348419022,96,18,"Isotropic",2004
"interior",-0.00423458318411005,0.0293936823507554,94,19,"Isotropic",2004
"all",-0.00423458318411005,0.0293936823507554,94,19,"Isotropic",2004
"interior",0.00617545607620559,0.0346105882976091,95,20,"Isotropic",2004
"all",0.00617545607620559,0.0346105882976091,95,20,"Isotropic",2004
"interior",-0.00212589091616569,0.0365915448489434,75,21,"Isotropic",2004
"all",-0.00212589091616569,0.0365915448489434,75,21,"Isotropic",2004
"interior",-0.00847182682532853,0.0284966653044758,92,22,"Isotropic",2004
"all",-0.00847182682532853,0.0284966653044758,92,22,"Isotropic",2004
"interior",-0.00721980453611905,0.0334386327133357,100,23,"Isotropic",2004
"all",-0.00721980453611905,0.0334386327133357,100,23,"Isotropic",2004
"interior",0.00377380570860192,0.0370834116025179,88,24,"Isotropic",2004
"all",0.00377380570860192,0.0370834116025179,88,24,"Isotropic",2004
"interior",-0.0039871047725757,0.0306337346099277,103,25,"Isotropic",2004
"all",-0.0039871047725757,0.0306337346099277,103,25,"Isotropic",2004
"interior",0.00250002062610602,0.0297424017155426,108,26,"Isotropic",2004
"all",0.00250002062610602,0.0297424017155426,108,26,"Isotropic",2004
"interior",0.00903646461361613,0.0462976663251707,80,27,"Isotropic",2004
"all",0.00903646461361613,0.0462976663251707,80,27,"Isotropic",2004
"interior",0.00256528167541965,0.0446237296373936,81,28,"Isotropic",2004
"all",0.00256528167541965,0.0446237296373936,81,28,"Isotropic",2004
"interior",-0.00841314542646449,0.036173112817525,103,29,"Isotropic",2004
"all",-0.00841314542646449,0.036173112817525,103,29,"Isotropic",2004
"interior",0.00335896015711802,0.03798066451063,89,30,"Isotropic",2004
"all",0.00335896015711802,0.03798066451063,89,30,"Isotropic",2004
"interior",0.00834564629313999,0.0295082297830915,85,31,"Isotropic",2004
"all",0.00834564629313999,0.0295082297830915,85,31,"Isotropic",2004
"interior",0.00194394833718017,0.0268056512367316,109,32,"Isotropic",2004
"all",0.00194394833718017,0.0268056512367316,109,32,"Isotropic",2004
"interior",0.00532172695325855,0.0296228256032881,97,33,"Isotropic",2004
"all",0.00532172695325855,0.0296228256032881,97,33,"Isotropic",2004
"interior",0.00711038816317942,0.0319690803350173,89,34,"Isotropic",2004
"all",0.00711038816317942,0.0319690803350173,89,34,"Isotropic",2004
"interior",-0.00323194000793244,0.0315362495458874,91,35,"Isotropic",2004
"all",-0.00323194000793244,0.0315362495458874,91,35,"Isotropic",2004
"interior",0.00952514090882519,0.0360435883512543,87,36,"Isotropic",2004
"all",0.00952514090882519,0.0360435883512543,87,36,"Isotropic",2004
"interior",0.00203791849449208,0.0318382455331594,95,37,"Isotropic",2004
"all",0.00203791849449208,0.0318382455331594,95,37,"Isotropic",2004
"interior",-0.00548790166465498,0.0298959725935117,100,38,"Isotropic",2004
"all",-0.00548790166465498,0.0298959725935117,100,38,"Isotropic",2004
"interior",-0.000754378887227002,0.032356936755281,108,39,"Isotropic",2004
"all",-0.000754378887227002,0.032356936755281,108,39,"Isotropic",2004
"interior",0.0130133843150361,0.0353428194244169,96,40,"Isotropic",2004
"all",0.0130133843150361,0.0353428194244169,96,40,"Isotropic",2004
"interior",0.00114706560911444,0.0218138430794078,118,41,"Isotropic",2004
"all",0.00114706560911444,0.0218138430794078,118,41,"Isotropic",2004
"interior",-0.00944808761616104,0.0193556764229759,120,42,"Isotropic",2004
"all",-0.00944808761616104,0.0193556764229759,120,42,"Isotropic",2004
"interior",0.00558109281717905,0.0413251538218346,84,43,"Isotropic",2004
"all",0.00558109281717905,0.0413251538218346,84,43,"Isotropic",2004
"interior",0.00312488206485702,0.0307070430125608,96,44,"Isotropic",2004
"all",0.00312488206485702,0.0307070430125608,96,44,"Isotropic",2004
"interior",-0.00573795807316867,0.0367270901092992,88,45,"Isotropic",2004
"all",-0.00573795807316867,0.0367270901092992,88,45,"Isotropic",2004
"interior",0.0146191616421018,0.0428226355764017,82,46,"Isotropic",2004
"all",0.0146191616421018,0.0428226355764017,82,46,"Isotropic",2004
"interior",-0.00193996314499981,0.0388553848711994,95,47,"Isotropic",2004
"all",-0.00193996314499981,0.0388553848711994,95,47,"Isotropic",2004
"interior",0.00821515088471547,0.0242501564625452,122,48,"Isotropic",2004
"all",0.00821515088471547,0.0242501564625452,122,48,"Isotropic",2004
"interior",0.00728139145292677,0.0289014177466963,108,49,"Isotropic",2004
"all",0.00728139145292677,0.0289014177466963,108,49,"Isotropic",2004
"interior",-0.000577900040380192,0.03598362988709,117,50,"Isotropic",2004
"all",-0.000577900040380192,0.03598362988709,117,50,"Isotropic",2004
"interior",0.000871033493353701,0.0266609475989613,126,1,"Flux-conserved",2004
"all",0.000871033493353701,0.0266609475989613,126,1,"Flux-conserved",2004
"interior",0.00220637208226908,0.0277220583977154,89,2,"Flux-conserved",2004
"all",0.00220637208226908,0.0277220583977154,89,2,"Flux-conserved",2004
"interior",0.00144971943202514,0.0310200141847647,105,3,"Flux-conserved",2004
"all",0.00144971943202514,0.0310200141847647,105,3,"Flux-conserved",2004
"interior",0.0143995607709988,0.0328599219703742,96,4,"Flux-conserved",2004
"all",0.0143995607709988,0.0328599219703742,96,4,"Flux-conserved",2004
"interior",0.00526458123975121,0.0340012367492726,87,5,"Flux-conserved",2004
"all",0.00526458123975121,0.0340012367492726,87,5,"Flux-conserved",2004
"interior",-0.00960235360372813,0.0367026104391686,93,6,"Flux-conserved",2004
"all",-0.00960235360372813,0.0367026104391686,93,6,"Flux-conserved",2004
"interior",-0.00554576846732322,0.0336312619091854,88,7,"Flux-conserved",2004
"all",-0.00554576846732322,0.0336312619091854,88,7,"Flux-conserved",2004
"interior",0.00817768903294627,0.0400531954726103,89,8,"Flux-conserved",2004
"all",0.00817768903294627,0.0400531954726103,89,8,"Flux-conserved",2004
"interior",-0.0103061678154121,0.035838385060685,90,9,"Flux-conserved",2004
"all",-0.0103061678154121,0.035838385060685,90,9,"Flux-conserved",2004
"interior",-0.00541814775951534,0.0412309778477825,78,10,"Flux-conserved",2004
"all",-0.00541814775951534,0.0412309778477825,78,10,"Flux-conserved",2004
"interior",0.00688719469478863,0.0343386148854313,106,11,"Flux-conserved",2004
"all",0.00688719469478863,0.0343386148854313,106,11,"Flux-conserved",2004
"interior",0.00508165144039542,0.0365754887963182,94,12,"Flux-conserved",2004
"all",0.00508165144039542,0.0365754887963182,94,12,"Flux-conserved",2004
"interior",0.00100016100236483,0.0411001460060478,80,13,"Flux-conserved",2004
"all",0.00100016100236483,0.0411001460060478,80,13,"Flux-conserved",2004
"interior",0.0101494922271653,0.0338852604380912,97,14,"Flux-conserved",2004
"all",0.0101494922271653,0.0338852604380912,97,14,"Flux-conserved",2004
"interior",0.00466253302140309,0.0317478609182655,91,15,"Flux-conserved",2004
"all",0.00466253302140309,0.0317478609182655,91,15,"Flux-conserved",2004
"interior",0.00375724771008752,0.0388550870400725,94,16,"Flux-conserved",2004
"all",0.00375724771008752,0.0388550870400725,94,16,"Flux-conserved",2004
"interior",0.00298445488360241,0.0300974197019678,103,17,"Flux-conserved",2004
"all",0.00298445488360241,0.0300974197019678,103,17,"Flux-conserved",2004
"interior",0.00362407511167953,0.0356552024729843,93,18,"Flux-conserved",2004
"all",0.00362407511167953,0.0356552024729843,93,18,"Flux-conserved",2004
"interior",0.000482970521685836,0.0326611031096949,101,19,"Flux-conserved",2004
"all",0.000482970521685836,0.0326611031096949,101,19,"Flux-conserved",2004
"interior",-0.00152120680811326,0.0359156523624483,95,20,"Flux-conserved",2004
"all",-0.00152120680811326,0.0359156523624483,95,20,"Flux-conserved",2004
"interior",-0.00515999587622634,0.0399158273154418,68,21,"Flux-conserved",2004
"all",-0.00515999587622634,0.0399158273154418,68,21,"Flux-conserved",2004
"interior",-0.00353295989995799,0.0206188273954026,116,22,"Flux-conserved",2004
"all",-0.00353295989995799,0.0206188273954026,116,22,"Flux-conserved",2004
"interior",-0.00228740050160251,0.0399953914982566,88,23,"Flux-conserved",2004
"all",-0.00228740050160251,0.0399953914982566,88,23,"Flux-conserved",2004
"interior",0.00223242761983474,0.0335460035499714,92,24,"Flux-conserved",2004
"all",0.00223242761983474,0.0335460035499714,92,24,"Flux-conserved",2004
"interior",-0.00466972510567743,0.0284228255040148,105,25,"Flux-conserved",2004
"all",-0.00466972510567743,0.0284228255040148,105,25,"Flux-conserved",2004
"interior",-0.000729355455795728,0.0339363031927752,100,26,"Flux-conserved",2004
"all",-0.000729355455795728,0.0339363031927752,100,26,"Flux-conserved",2004
"interior",0.00344026466663837,0.0232356615945982,96,27,"Flux-conserved",2004
"all",0.00344026466663837,0.0232356615945982,96,27,"Flux-conserved",2004
"interior",-0.00170155074599242,0.0319274707998849,91,28,"Flux-conserved",2004
"all",-0.00170155074599242,0.0319274707998849,91,28,"Flux-conserved",2004
"interior",-0.00970294960322372,0.0305768638541417,98,29,"Flux-conserved",2004
"all",-0.00970294960322372,0.0305768638541417,98,29,"Flux-conserved",2004
"interior",0.00410100505318719,0.0340326306793631,119,30,"Flux-conserved",2004
"all",0.00410100505318719,0.0340326306793631,119,30,"Flux-conserved",2004
"interior",0.0057325312141416,0.0306990755699986,98,31,"Flux-conserved",2004
"all",0.0057325312141416,0.0306990755699986,98,31,"Flux-conserved",2004
"interior",-0.00454161575130023,0.0375048256056067,93,32,"Flux-conserved",2004
"all",-0.00454161575130023,0.0375048256056067,93,32,"Flux-conserved",2004
"interior",-0.00229504549095849,0.0258498634897094,112,33,"Flux-conserved",2004
"all",-0.00229504549095849,0.0258498634897094,112,33,"Flux-conserved",2004
"interior",0.00320425667700154,0.0212675344881687,110,34,"Flux-conserved",2004
"all",0.00320425667700154,0.0212675344881687,110,34,"Flux-conserved",2004
"interior",-0.00178398845626501,0.0259014807071802,106,35,"Flux-conserved",2004
"all",-0.00178398845626501,0.0259014807071802,106,35,"Flux-conserved",2004
"interior",0.00640397681699303,0.0348368157095552,98,36,"Flux-conserved",2004
"all",0.00640397681699303,0.0348368157095552,98,36,"Flux-conserved",2004
"interior",-0.00346472422465945,0.0321164229590006,93,37,"Flux-conserved",2004
"all",-0.00346472422465945,0.0321164229590006,93,37,"Flux-conserved",2004
"interior",-0.00257948550636747,0.0300903402517566,94,38,"Flux-conserved",2004
"all",-0.00257948550636747,0.0300903402517566,94,38,"Flux-conserved",2004
"interior",1.9841505402461e-05,0.034655883017027,92,39,"Flux-conserved",2004
"all",1.9841505402461e-05,0.034655883017027,92,39,"Flux-conserved",2004
"interior",0.00794369255427597,0.0402017373285898,98,40,"Flux-conserved",2004
"all",0.00794369255427597,0.0402017373285898,98,40,"Flux-conserved",2004
"interior",0.00560173626294585,0.0266513248842482,126,41,"Flux-conserved",2004
"all",0.00560173626294585,0.0266513248842482,126,41,"Flux-conserved",2004
"interior",-0.00627808021372751,0.0272303596491024,110,42,"Flux-conserved",2004
"all",-0.00627808021372751,0.0272303596491024,110,42,"Flux-conserved",2004
"interior",0.00266963806458778,0.0392249413566315,89,43,"Flux-conserved",2004
"all",0.00266963806458778,0.0392249413566315,89,43,"Flux-conserved",2004
"interior",0.00719947597019797,0.0302635209060101,101,44,"Flux-conserved",2004
"all",0.00719947597019797,0.0302635209060101,101,44,"Flux-conserved",2004
"interior",0.0034250993874791,0.0385947168118829,97,45,"Flux-conserved",2004
"all",0.0034250993874791,0.0385947168118829,97,45,"Flux-conserved",2004
"interior",0.00132039685913247,0.0408653946023659,80,46,"Flux-conserved",2004
"all",0.00132039685913247,0.0408653946023659,80,46,"Flux-conserved",2004
"interior",-0.00530218935114034,0.0301968090055989,84,47,"Flux-conserved",2004
"all",-0.00530218935114034,0.0301968090055989,84,47,"Flux-conserved",2004
"interior",0.0111839046353011,0.0272279110813384,120,48,"Flux-conserved",2004
"all",0.0111839046353011,0.0272279110813384,120,48,"Flux-conserved",2004
"interior",0.00508362278903078,0.0342125359988269,103,49,"Flux-conserved",2004
"all",0.00508362278903078,0.0342125359988269,103,49,"Flux-conserved",2004
"interior",0.00254702525696041,0.0386410430145691,98,50,"Flux-conserved",2004
"all",0.00254702525696041,0.0386410430145691,98,50,"Flux-conserved",2004
"interior",-0.00149040142625089,0.0232613055120611,134,1,"Rate-conserved",2004
"all",-0.00149040142625089,0.0232613055120611,134,1,"Rate-conserved",2004
"interior",0.00501277377417093,0.0408492225380683,85,2,"Rate-conserved",2004
"all",0.00501277377417093,0.0408492225380683,85,2,"Rate-conserved",2004
"interior",0.00153107919966561,0.020960772850122,107,3,"Rate-conserved",2004
"all",0.00153107919966561,0.020960772850122,107,3,"Rate-conserved",2004
"interior",0.00162938564397223,0.0287422715758485,108,4,"Rate-conserved",2004
"all",0.00162938564397223,0.0287422715758485,108,4,"Rate-conserved",2004
"interior",0.00237165687627986,0.0341595997632575,89,5,"Rate-conserved",2004
"all",0.00237165687627986,0.0341595997632575,89,5,"Rate-conserved",2004
"interior",-0.00136204726808915,0.0294565361455573,103,6,"Rate-conserved",2004
"all",-0.00136204726808915,0.0294565361455573,103,6,"Rate-conserved",2004
"interior",-0.00229642541909408,0.0336278918039448,85,7,"Rate-conserved",2004
"all",-0.00229642541909408,0.0336278918039448,85,7,"Rate-conserved",2004
"interior",0.00242287936316261,0.0299933764428201,92,8,"Rate-conserved",2004
"all",0.00242287936316261,0.0299933764428201,92,8,"Rate-conserved",2004
"interior",-0.00723807457412963,0.0275392926367033,99,9,"Rate-conserved",2004
"all",-0.00723807457412963,0.0275392926367033,99,9,"Rate-conserved",2004
"interior",-0.0055977062609986,0.0317325330272726,83,10,"Rate-conserved",2004
"all",-0.0055977062609986,0.0317325330272726,83,10,"Rate-conserved",2004
"interior",9.74042155525731e-05,0.026737503990691,122,11,"Rate-conserved",2004
"all",9.74042155525731e-05,0.026737503990691,122,11,"Rate-conserved",2004
"interior",0.00868160390451417,0.0329316431505021,99,12,"Rate-conserved",2004
"all",0.00868160390451417,0.0329316431505021,99,12,"Rate-conserved",2004
"interior",-0.00725817511263761,0.0307745206837052,79,13,"Rate-conserved",2004
"all",-0.00725817511263761,0.0307745206837052,79,13,"Rate-conserved",2004
"interior",0.00490649118499611,0.0210563411249005,116,14,"Rate-conserved",2004
"all",0.00490649118499611,0.0210563411249005,116,14,"Rate-conserved",2004
"interior",0.00467910051658914,0.0365037455318758,88,15,"Rate-conserved",2004
"all",0.00467910051658914,0.0365037455318758,88,15,"Rate-conserved",2004
"interior",0.00202588931226134,0.0285427749796218,95,16,"Rate-conserved",2004
"all",0.00202588931226134,0.0285427749796218,95,16,"Rate-conserved",2004
"interior",0.0021681498577368,0.0267453070214319,109,17,"Rate-conserved",2004
"all",0.0021681498577368,0.0267453070214319,109,17,"Rate-conserved",2004
"interior",0.000312811564941218,0.0325929959331629,101,18,"Rate-conserved",2004
"all",0.000312811564941218,0.0325929959331629,101,18,"Rate-conserved",2004
"interior",-0.000393449644897439,0.0310346966550253,99,19,"Rate-conserved",2004
"all",-0.000393449644897439,0.0310346966550253,99,19,"Rate-conserved",2004
"interior",5.55173534831611e-05,0.0306782618982616,95,20,"Rate-conserved",2004
"all",5.55173534831611e-05,0.0306782618982616,95,20,"Rate-conserved",2004
"interior",-0.0104690472852155,0.0392063221732283,81,21,"Rate-conserved",2004
"all",-0.0104690472852155,0.0392063221732283,81,21,"Rate-conserved",2004
"interior",0.00206517224589023,0.0305659173279323,109,22,"Rate-conserved",2004
"all",0.00206517224589023,0.0305659173279323,109,22,"Rate-conserved",2004
"interior",-0.00786828904515147,0.0261253088663493,102,23,"Rate-conserved",2004
"all",-0.00786828904515147,0.0261253088663493,102,23,"Rate-conserved",2004
"interior",0.00285663385406307,0.0321633534838246,107,24,"Rate-conserved",2004
"all",0.00285663385406307,0.0321633534838246,107,24,"Rate-conserved",2004
"interior",-0.00366652616335261,0.0366680396614767,93,25,"Rate-conserved",2004
"all",-0.00366652616335261,0.0366680396614767,93,25,"Rate-conserved",2004
"interior",-0.000589949636417257,0.0275303549443742,119,26,"Rate-conserved",2004
"all",-0.000589949636417257,0.0275303549443742,119,26,"Rate-conserved",2004
"interior",0.00707931615549467,0.0257982579132219,99,27,"Rate-conserved",2004
"all",0.00707931615549467,0.0257982579132219,99,27,"Rate-conserved",2004
"interior",0.00242955470266714,0.029843205786235,85,28,"Rate-conserved",2004
"all",0.00242955470266714,0.029843205786235,85,28,"Rate-conserved",2004
"interior",-0.00435704935137587,0.0253770650544107,125,29,"Rate-conserved",2004
"all",-0.00435704935137587,0.0253770650544107,125,29,"Rate-conserved",2004
"interior",0.00734404684758081,0.0457661328100928,97,30,"Rate-conserved",2004
"all",0.00734404684758081,0.0457661328100928,97,30,"Rate-conserved",2004
"interior",0.008566917460373,0.0315060756208874,90,31,"Rate-conserved",2004
"all",0.008566917460373,0.0315060756208874,90,31,"Rate-conserved",2004
"interior",0.00294035882865115,0.0337819774383823,92,32,"Rate-conserved",2004
"all",0.00294035882865115,0.0337819774383823,92,32,"Rate-conserved",2004
"interior",-0.00163438223753572,0.0310756571394951,96,33,"Rate-conserved",2004
"all",-0.00163438223753572,0.0310756571394951,96,33,"Rate-conserved",2004
"interior",0.0143039780084959,0.0289177741387216,101,34,"Rate-conserved",2004
"all",0.0143039780084959,0.0289177741387216,101,34,"Rate-conserved",2004
"interior",0.000307076585424463,0.0332154081117094,102,35,"Rate-conserved",2004
"all",0.000307076585424463,0.0332154081117094,102,35,"Rate-conserved",2004
"interior",0.00678984027083619,0.039350456842778,88,36,"Rate-conserved",2004
"all",0.00678984027083619,0.039350456842778,88,36,"Rate-conserved",2004
"interior",-0.00416097394109502,0.0426458067437272,93,37,"Rate-conserved",2004
"all",-0.00416097394109502,0.0426458067437272,93,37,"Rate-conserved",2004
"interior",0.00271046107565428,0.0289469115055294,110,38,"Rate-conserved",2004
"all",0.00271046107565428,0.0289469115055294,110,38,"Rate-conserved",2004
"interior",-0.00366575948672995,0.0282849522314421,110,39,"Rate-conserved",2004
"all",-0.00366575948672995,0.0282849522314421,110,39,"Rate-conserved",2004
"interior",0.00863454647814309,0.0329281346837693,98,40,"Rate-conserved",2004
"all",0.00863454647814309,0.0329281346837693,98,40,"Rate-conserved",2004
"interior",0.00458414320747438,0.0281748698550154,115,41,"Rate-conserved",2004
"all",0.00458414320747438,0.0281748698550154,115,41,"Rate-conserved",2004
"interior",-0.00859841623684226,0.0197800583058632,127,42,"Rate-conserved",2004
"all",-0.00859841623684226,0.0197800583058632,127,42,"Rate-conserved",2004
"interior",0.00228047313519577,0.0246849233055897,90,43,"Rate-conserved",2004
"all",0.00228047313519577,0.0246849233055897,90,43,"Rate-conserved",2004
"interior",0.00617329179500566,0.0236306725115396,113,44,"Rate-conserved",2004
"all",0.00617329179500566,0.0236306725115396,113,44,"Rate-conserved",2004
"interior",0.00406306615436727,0.0338599470967075,87,45,"Rate-conserved",2004
"all",0.00406306615436727,0.0338599470967075,87,45,"Rate-conserved",2004
"interior",0.00424051272406231,0.0377778599904806,86,46,"Rate-conserved",2004
"all",0.00424051272406231,0.0377778599904806,86,46,"Rate-conserved",2004
"interior",0.000325578889336835,0.0341723962599995,106,47,"Rate-conserved",2004
"all",0.000325578889336835,0.0341723962599995,106,47,"Rate-conserved",2004
"interior",0.0118319889771189,0.0257793010563464,125,48,"Rate-conserved",2004
"all",0.0118319889771189,0.0257793010563464,125,48,"Rate-conserved",2004
"interior",0.00660029722443939,0.0391077985213181,103,49,"Rate-conserved",2004
"all",0.00660029722443939,0.0391077985213181,103,49,"Rate-conserved",2004
"interior",0.00433191208040506,0.0377251307651591,98,50,"Rate-conserved",2004
"all",0.00433191208040506,0.0377251307651591,98,50,"Rate-conserved",2004
"interior",0.00255846165901412,0.0289184099218879,96,1,"Isotropic",2054
"all",0.00255846165901412,0.0289184099218879,96,1,"Isotropic",2054
"interior",0.0116194820391053,0.0413937350975597,82,2,"Isotropic",2054
"all",0.0116194820391053,0.0413937350975597,82,2,"Isotropic",2054
"interior",0.000241545450723438,0.0464892987625349,71,3,"Isotropic",2054
"all",0.000241545450723438,0.0464892987625349,71,3,"Isotropic",2054
"interior",0.00722644002356508,0.029808584137742,113,4,"Isotropic",2054
"all",0.00722644002356508,0.029808584137742,113,4,"Isotropic",2054
"interior",0.000274905268292104,0.0387663767810594,84,5,"Isotropic",2054
"all",0.000274905268292104,0.0387663767810594,84,5,"Isotropic",2054
"interior",-0.00343146489039165,0.0310661872513642,96,6,"Isotropic",2054
"all",-0.00343146489039165,0.0310661872513642,96,6,"Isotropic",2054
"interior",-0.00239705403771525,0.0434737978023298,92,7,"Isotropic",2054
"all",-0.00239705403771525,0.0434737978023298,92,7,"Isotropic",2054
"interior",0.00205683660833948,0.056808352066316,74,8,"Isotropic",2054
"all",0.00205683660833948,0.056808352066316,74,8,"Isotropic",2054
"interior",-0.00664906465394307,0.0348276801310511,75,9,"Isotropic",2054
"all",-0.00664906465394307,0.0348276801310511,75,9,"Isotropic",2054
"interior",-0.0164921983276984,0.040956861536358,74,10,"Isotropic",2054
"all",-0.0164921983276984,0.040956861536358,74,10,"Isotropic",2054
"interior",0.00521477074195035,0.0398329594802528,95,11,"Isotropic",2054
"all",0.00521477074195035,0.0398329594802528,95,11,"Isotropic",2054
"interior",0.00323157663056398,0.0346964582305897,102,12,"Isotropic",2054
"all",0.00323157663056398,0.0346964582305897,102,12,"Isotropic",2054
"interior",-0.000377296352143486,0.0329442817107641,79,13,"Isotropic",2054
"all",-0.000377296352143486,0.0329442817107641,79,13,"Isotropic",2054
"interior",0.00991158000195553,0.0266444553389043,98,14,"Isotropic",2054
"all",0.00991158000195553,0.0266444553389043,98,14,"Isotropic",2054
"interior",-0.00525555684144325,0.0380639830832088,80,15,"Isotropic",2054
"all",-0.00525555684144325,0.0380639830832088,80,15,"Isotropic",2054
"interior",0.00379369435982701,0.0309242662159377,87,16,"Isotropic",2054
"all",0.00379369435982701,0.0309242662159377,87,16,"Isotropic",2054
"interior",0.00100391204165217,0.0372860240790851,99,17,"Isotropic",2054
"all",0.00100391204165217,0.0372860240790851,99,17,"Isotropic",2054
"interior",-0.0101512559084195,0.0437714311279905,84,18,"Isotropic",2054
"all",-0.0101512559084195,0.0437714311279905,84,18,"Isotropic",2054
"interior",0.00555252546059069,0.0338629884361995,100,19,"Isotropic",2054
"all",0.00555252546059069,0.0338629884361995,100,19,"Isotropic",2054
"interior",-0.00810261319215274,0.0350641906757517,91,20,"Isotropic",2054
"all",-0.00810261319215274,0.0350641906757517,91,20,"Isotropic",2054
"interior",-0.0113914988023996,0.0458124109272146,65,21,"Isotropic",2054
"all",-0.0113914988023996,0.0458124109272146,65,21,"Isotropic",2054
"interior",-0.00377170465369595,0.028906611321156,97,22,"Isotropic",2054
"all",-0.00377170465369595,0.028906611321156,97,22,"Isotropic",2054
"interior",-0.00838762852634842,0.0367868739861832,92,23,"Isotropic",2054
"all",-0.00838762852634842,0.0367868739861832,92,23,"Isotropic",2054
"interior",0.0128753845492773,0.0274015872848153,90,24,"Isotropic",2054
"all",0.0128753845492773,0.0274015872848153,90,24,"Isotropic",2054
"interior",-0.00158627853039887,0.0287240552940966,104,25,"Isotropic",2054
"all",-0.00158627853039887,0.0287240552940966,104,25,"Isotropic",2054
"interior",0.0029081175735819,0.027149146717455,104,26,"Isotropic",2054
"all",0.0029081175735819,0.027149146717455,104,26,"Isotropic",2054
"interior",0.00427459190226487,0.053849648490282,70,27,"Isotropic",2054
"all",0.00427459190226487,0.053849648490282,70,27,"Isotropic",2054
"interior",-0.000121061656687947,0.036332196127134,88,28,"Isotropic",2054
"all",-0.000121061656687947,0.036332196127134,88,28,"Isotropic",2054
"interior",-0.00119737405082488,0.0265852246443593,108,29,"Isotropic",2054
"all",-0.00119737405082488,0.0265852246443593,108,29,"Isotropic",2054
"interior",0.00365449187114276,0.026259415674297,97,30,"Isotropic",2054
"all",0.00365449187114276,0.026259415674297,97,30,"Isotropic",2054
"interior",0.00605118324250661,0.028026190876811,102,31,"Isotropic",2054
"all",0.00605118324250661,0.028026190876811,102,31,"Isotropic",2054
"interior",0.0174326032657577,0.0354041074677119,93,32,"Isotropic",2054
"all",0.0174326032657577,0.0354041074677119,93,32,"Isotropic",2054
"interior",-0.000439637033013751,0.0298080372995767,95,33,"Isotropic",2054
"all",-0.000439637033013751,0.0298080372995767,95,33,"Isotropic",2054
"interior",0.00124978790381459,0.0253145907647078,96,34,"Isotropic",2054
"all",0.00124978790381459,0.0253145907647078,96,34,"Isotropic",2054
"interior",0.00183680860849987,0.0328208562263805,93,35,"Isotropic",2054
"all",0.00183680860849987,0.0328208562263805,93,35,"Isotropic",2054
"interior",0.00432360881255831,0.0320422687892144,91,36,"Isotropic",2054
"all",0.00432360881255831,0.0320422687892144,91,36,"Isotropic",2054
"interior",-0.00407647833851297,0.0429488622055197,94,37,"Isotropic",2054
"all",-0.00407647833851297,0.0429488622055197,94,37,"Isotropic",2054
"interior",-0.0113639128159081,0.0351633737523425,88,38,"Isotropic",2054
"all",-0.0113639128159081,0.0351633737523425,88,38,"Isotropic",2054
"interior",0.00590331583551313,0.0196317064104229,129,39,"Isotropic",2054
"all",0.00590331583551313,0.0196317064104229,129,39,"Isotropic",2054
"interior",0.00889285185716409,0.034018910696767,111,40,"Isotropic",2054
"all",0.00889285185716409,0.034018910696767,111,40,"Isotropic",2054
"interior",-0.000914306768908988,0.023586444853845,107,41,"Isotropic",2054
"all",-0.000914306768908988,0.023586444853845,107,41,"Isotropic",2054
"interior",-0.00394828632499909,0.0403256285685045,114,42,"Isotropic",2054
"all",-0.00394828632499909,0.0403256285685045,114,42,"Isotropic",2054
"interior",-0.00349559269397998,0.0437355363094896,81,43,"Isotropic",2054
"all",-0.00349559269397998,0.0437355363094896,81,43,"Isotropic",2054
"interior",0.00442884565721673,0.0241502581075558,108,44,"Isotropic",2054
"all",0.00442884565721673,0.0241502581075558,108,44,"Isotropic",2054
"interior",0.00294211279907178,0.0319642340846186,109,45,"Isotropic",2054
"all",0.00294211279907178,0.0319642340846186,109,45,"Isotropic",2054
"interior",0.0129579253847192,0.035360018245847,88,46,"Isotropic",2054
"all",0.0129579253847192,0.035360018245847,88,46,"Isotropic",2054
"interior",-0.00272644208454263,0.0342357512764606,89,47,"Isotropic",2054
"all",-0.00272644208454263,0.0342357512764606,89,47,"Isotropic",2054
"interior",0.00292179304953251,0.0349396254557557,99,48,"Isotropic",2054
"all",0.00292179304953251,0.0349396254557557,99,48,"Isotropic",2054
"interior",0.0146109217834905,0.048612466501168,85,49,"Isotropic",2054
"all",0.0146109217834905,0.048612466501168,85,49,"Isotropic",2054
"interior",0.00301249796999453,0.0416544208730141,92,50,"Isotropic",2054
"all",0.00301249796999453,0.0416544208730141,92,50,"Isotropic",2054
"interior",-0.00136848067885454,0.0266923241959777,113,1,"Flux-conserved",2054
"all",-0.00136848067885454,0.0266923241959777,113,1,"Flux-conserved",2054
"interior",-0.00236882790332044,0.0398156421356833,84,2,"Flux-conserved",2054
"all",-0.00236882790332044,0.0398156421356833,84,2,"Flux-conserved",2054
"interior",-0.00539348823987623,0.0306215111731878,110,3,"Flux-conserved",2054
"all",-0.00539348823987623,0.0306215111731878,110,3,"Flux-conserved",2054
"interior",0.00114399674082504,0.0303499450673133,97,4,"Flux-conserved",2054
"all",0.00114399674082504,0.0303499450673133,97,4,"Flux-conserved",2054
"interior",-0.00534270688779292,0.0409788596236885,81,5,"Flux-conserved",2054
"all",-0.00534270688779292,0.0409788596236885,81,5,"Flux-conserved",2054
"interior",-0.00190439628822632,0.0347227948067771,97,6,"Flux-conserved",2054
"all",-0.00190439628822632,0.0347227948067771,97,6,"Flux-conserved",2054
"interior",0.00227600680911766,0.0451798636604521,73,7,"Flux-conserved",2054
"leaf-incident",0.503911211940382,0.503911211940382,1,7,"Flux-conserved",2054
"all",0.00905486093251313,0.0513789359345052,74,7,"Flux-conserved",2054
"interior",0.000707525243204074,0.0233577556588001,89,8,"Flux-conserved",2054
"all",0.000707525243204074,0.0233577556588001,89,8,"Flux-conserved",2054
"interior",-0.00771429731966157,0.027346831804803,100,9,"Flux-conserved",2054
"all",-0.00771429731966157,0.027346831804803,100,9,"Flux-conserved",2054
"interior",-0.0265845604697544,0.054312685871291,84,10,"Flux-conserved",2054
"all",-0.0265845604697544,0.054312685871291,84,10,"Flux-conserved",2054
"interior",0.00154547290120854,0.0472587288622671,90,11,"Flux-conserved",2054
"all",0.00154547290120854,0.0472587288622671,90,11,"Flux-conserved",2054
"interior",0.00100806257095797,0.0232452686819031,113,12,"Flux-conserved",2054
"all",0.00100806257095797,0.0232452686819031,113,12,"Flux-conserved",2054
"interior",-0.0168633073901081,0.0400259577121187,71,13,"Flux-conserved",2054
"all",-0.0168633073901081,0.0400259577121187,71,13,"Flux-conserved",2054
"interior",0.00481699998187692,0.0350847362954471,92,14,"Flux-conserved",2054
"all",0.00481699998187692,0.0350847362954471,92,14,"Flux-conserved",2054
"interior",0.00340973792788967,0.0246502220385192,97,15,"Flux-conserved",2054
"all",0.00340973792788967,0.0246502220385192,97,15,"Flux-conserved",2054
"interior",-0.00148265043418602,0.0437032192404119,83,16,"Flux-conserved",2054
"all",-0.00148265043418602,0.0437032192404119,83,16,"Flux-conserved",2054
"interior",-0.00672256780719437,0.0405129086812555,90,17,"Flux-conserved",2054
"all",-0.00672256780719437,0.0405129086812555,90,17,"Flux-conserved",2054
"interior",0.00334854375511897,0.0430993345765226,81,18,"Flux-conserved",2054
"all",0.00334854375511897,0.0430993345765226,81,18,"Flux-conserved",2054
"interior",-0.00269034287735346,0.0317607214271475,85,19,"Flux-conserved",2054
"all",-0.00269034287735346,0.0317607214271475,85,19,"Flux-conserved",2054
"interior",0.000387387018970467,0.042334308558285,85,20,"Flux-conserved",2054
"all",0.000387387018970467,0.042334308558285,85,20,"Flux-conserved",2054
"interior",-0.000712278991719512,0.0298944760704318,88,21,"Flux-conserved",2054
"all",-0.000712278991719512,0.0298944760704318,88,21,"Flux-conserved",2054
"interior",-0.00697418851278844,0.0318788331956134,83,22,"Flux-conserved",2054
"all",-0.00697418851278844,0.0318788331956134,83,22,"Flux-conserved",2054
"interior",-0.00437984994174523,0.0284026110376254,107,23,"Flux-conserved",2054
"all",-0.00437984994174523,0.0284026110376254,107,23,"Flux-conserved",2054
"interior",-0.00476814690370271,0.0301342038939691,98,24,"Flux-conserved",2054
"all",-0.00476814690370271,0.0301342038939691,98,24,"Flux-conserved",2054
"interior",-0.00504023213276651,0.0337717038775884,92,25,"Flux-conserved",2054
"all",-0.00504023213276651,0.0337717038775884,92,25,"Flux-conserved",2054
"interior",0.00139438495677683,0.0263791035493481,105,26,"Flux-conserved",2054
"all",0.00139438495677683,0.0263791035493481,105,26,"Flux-conserved",2054
"interior",-0.00275474480090492,0.0309205603987523,93,27,"Flux-conserved",2054
"all",-0.00275474480090492,0.0309205603987523,93,27,"Flux-conserved",2054
"interior",0.00188491779330322,0.0297970233722488,95,28,"Flux-conserved",2054
"all",0.00188491779330322,0.0297970233722488,95,28,"Flux-conserved",2054
"interior",-0.00669132095092397,0.0293410165766417,111,29,"Flux-conserved",2054
"all",-0.00669132095092397,0.0293410165766417,111,29,"Flux-conserved",2054
"interior",-0.00718830930049189,0.0307024651118668,97,30,"Flux-conserved",2054
"all",-0.00718830930049189,0.0307024651118668,97,30,"Flux-conserved",2054
"interior",0.00231252650803011,0.0391086594713225,82,31,"Flux-conserved",2054
"all",0.00231252650803011,0.0391086594713225,82,31,"Flux-conserved",2054
"interior",-0.00406877125173946,0.0245501431677843,105,32,"Flux-conserved",2054
"all",-0.00406877125173946,0.0245501431677843,105,32,"Flux-conserved",2054
"interior",0.000413622959378779,0.0324320685552663,86,33,"Flux-conserved",2054
"all",0.000413622959378779,0.0324320685552663,86,33,"Flux-conserved",2054
"interior",-0.00102017084387489,0.0305522652794132,102,34,"Flux-conserved",2054
"all",-0.00102017084387489,0.0305522652794132,102,34,"Flux-conserved",2054
"interior",-0.00139519290779706,0.0285441452279784,95,35,"Flux-conserved",2054
"all",-0.00139519290779706,0.0285441452279784,95,35,"Flux-conserved",2054
"interior",0.00090510487937549,0.0363737686479561,99,36,"Flux-conserved",2054
"all",0.00090510487937549,0.0363737686479561,99,36,"Flux-conserved",2054
"interior",-0.00157217922400506,0.0266239537488361,95,37,"Flux-conserved",2054
"all",-0.00157217922400506,0.0266239537488361,95,37,"Flux-conserved",2054
"interior",-0.00814727854141249,0.0294436222784375,98,38,"Flux-conserved",2054
"all",-0.00814727854141249,0.0294436222784375,98,38,"Flux-conserved",2054
"interior",0.0028397586218458,0.0393727664934179,90,39,"Flux-conserved",2054
"all",0.0028397586218458,0.0393727664934179,90,39,"Flux-conserved",2054
"interior",0.00538858878333276,0.0387720915170305,75,40,"Flux-conserved",2054
"all",0.00538858878333276,0.0387720915170305,75,40,"Flux-conserved",2054
"interior",-0.000231917040775268,0.0248306847540785,137,41,"Flux-conserved",2054
"all",-0.000231917040775268,0.0248306847540785,137,41,"Flux-conserved",2054
"interior",-0.0139104780688502,0.0397313166858721,100,42,"Flux-conserved",2054
"all",-0.0139104780688502,0.0397313166858721,100,42,"Flux-conserved",2054
"interior",-0.00243439861934479,0.0352991119113681,88,43,"Flux-conserved",2054
"all",-0.00243439861934479,0.0352991119113681,88,43,"Flux-conserved",2054
"interior",0.000491687497032598,0.0254615858944115,101,44,"Flux-conserved",2054
"all",0.000491687497032598,0.0254615858944115,101,44,"Flux-conserved",2054
"interior",0.00802027047104047,0.0297008979491948,102,45,"Flux-conserved",2054
"all",0.00802027047104047,0.0297008979491948,102,45,"Flux-conserved",2054
"interior",-0.000767910241185887,0.0326973342412646,68,46,"Flux-conserved",2054
"all",-0.000767910241185887,0.0326973342412646,68,46,"Flux-conserved",2054
"interior",0.000553114308647517,0.0312470908943747,106,47,"Flux-conserved",2054
"all",0.000553114308647517,0.0312470908943747,106,47,"Flux-conserved",2054
"interior",0.00726850088814343,0.0320857002918479,104,48,"Flux-conserved",2054
"all",0.00726850088814343,0.0320857002918479,104,48,"Flux-conserved",2054
"interior",0.0097105805181253,0.03784895846809,81,49,"Flux-conserved",2054
"all",0.0097105805181253,0.03784895846809,81,49,"Flux-conserved",2054
"interior",-0.00338810882309089,0.0347928543580346,103,50,"Flux-conserved",2054
"all",-0.00338810882309089,0.0347928543580346,103,50,"Flux-conserved",2054
"interior",-0.00192240941740192,0.0266207938365531,134,1,"Rate-conserved",2054
"all",-0.00192240941740192,0.0266207938365531,134,1,"Rate-conserved",2054
"interior",-0.000367246161087319,0.0329620664871905,94,2,"Rate-conserved",2054
"all",-0.000367246161087319,0.0329620664871905,94,2,"Rate-conserved",2054
"interior",-0.00590686316508738,0.0306940385595328,104,3,"Rate-conserved",2054
"all",-0.00590686316508738,0.0306940385595328,104,3,"Rate-conserved",2054
"interior",0.000472961039425831,0.0317903551326996,123,4,"Rate-conserved",2054
"all",0.000472961039425831,0.0317903551326996,123,4,"Rate-conserved",2054
"interior",-0.0031797650453565,0.021972584389908,108,5,"Rate-conserved",2054
"all",-0.0031797650453565,0.021972584389908,108,5,"Rate-conserved",2054
"interior",0.0015323581367036,0.0273756135229736,106,6,"Rate-conserved",2054
"all",0.0015323581367036,0.0273756135229736,106,6,"Rate-conserved",2054
"interior",-0.0045130653811246,0.0256408687108802,95,7,"Rate-conserved",2054
"all",-0.0045130653811246,0.0256408687108802,95,7,"Rate-conserved",2054
"interior",0.00475631862212864,0.0326565896455263,93,8,"Rate-conserved",2054
"all",0.00475631862212864,0.0326565896455263,93,8,"Rate-conserved",2054
"interior",-0.0112042690490303,0.036335701617994,87,9,"Rate-conserved",2054
"all",-0.0112042690490303,0.036335701617994,87,9,"Rate-conserved",2054
"interior",-0.0116931877838258,0.0329127433953495,82,10,"Rate-conserved",2054
"all",-0.0116931877838258,0.0329127433953495,82,10,"Rate-conserved",2054
"interior",-0.0063755131743807,0.0280969162683199,104,11,"Rate-conserved",2054
"all",-0.0063755131743807,0.0280969162683199,104,11,"Rate-conserved",2054
"interior",0.00977822536173528,0.0363628890770577,102,12,"Rate-conserved",2054
"all",0.00977822536173528,0.0363628890770577,102,12,"Rate-conserved",2054
"interior",-0.00652503729994463,0.0402936332010858,88,13,"Rate-conserved",2054
"all",-0.00652503729994463,0.0402936332010858,88,13,"Rate-conserved",2054
"interior",0.00233259168697634,0.024447322670753,113,14,"Rate-conserved",2054
"all",0.00233259168697634,0.024447322670753,113,14,"Rate-conserved",2054
"interior",0.0073702986924756,0.035844207650203,98,15,"Rate-conserved",2054
"all",0.0073702986924756,0.035844207650203,98,15,"Rate-conserved",2054
"interior",0.00300063772833968,0.0234828263183694,119,16,"Rate-conserved",2054
"all",0.00300063772833968,0.0234828263183694,119,16,"Rate-conserved",2054
"interior",0.0068186315042704,0.0251752555621134,116,17,"Rate-conserved",2054
"all",0.0068186315042704,0.0251752555621134,116,17,"Rate-conserved",2054
"interior",0.0168643207446089,0.0371854529553049,93,18,"Rate-conserved",2054
"all",0.0168643207446089,0.0371854529553049,93,18,"Rate-conserved",2054
"interior",-0.0025429021334229,0.0271693383244874,101,19,"Rate-conserved",2054
"all",-0.0025429021334229,0.0271693383244874,101,19,"Rate-conserved",2054
"interior",-0.002354422560414,0.0301875694245307,100,20,"Rate-conserved",2054
"all",-0.002354422560414,0.0301875694245307,100,20,"Rate-conserved",2054
"interior",-0.00172395244023968,0.035667142795772,92,21,"Rate-conserved",2054
"all",-0.00172395244023968,0.035667142795772,92,21,"Rate-conserved",2054
"interior",0.00252039284353606,0.0274212727726194,111,22,"Rate-conserved",2054
"all",0.00252039284353606,0.0274212727726194,111,22,"Rate-conserved",2054
"interior",-0.00685447928831028,0.0286070906511885,111,23,"Rate-conserved",2054
"all",-0.00685447928831028,0.0286070906511885,111,23,"Rate-conserved",2054
"interior",-0.000649631206116056,0.0334302271210658,97,24,"Rate-conserved",2054
"all",-0.000649631206116056,0.0334302271210658,97,24,"Rate-conserved",2054
"interior",-0.00634720786065179,0.0277396842086323,117,25,"Rate-conserved",2054
"all",-0.00634720786065179,0.0277396842086323,117,25,"Rate-conserved",2054
"interior",0.00405380510001539,0.0295899769865416,99,26,"Rate-conserved",2054
"all",0.00405380510001539,0.0295899769865416,99,26,"Rate-conserved",2054
"interior",0.00602914133801024,0.0279346852923667,104,27,"Rate-conserved",2054
"all",0.00602914133801024,0.0279346852923667,104,27,"Rate-conserved",2054
"interior",-0.00513974781957886,0.0305173077121945,92,28,"Rate-conserved",2054
"all",-0.00513974781957886,0.0305173077121945,92,28,"Rate-conserved",2054
"interior",-0.00675918911933763,0.0264977622531396,115,29,"Rate-conserved",2054
"all",-0.00675918911933763,0.0264977622531396,115,29,"Rate-conserved",2054
"interior",0.00257017269532137,0.0418514623646669,90,30,"Rate-conserved",2054
"all",0.00257017269532137,0.0418514623646669,90,30,"Rate-conserved",2054
"interior",0.00413071540656493,0.0328435402914807,100,31,"Rate-conserved",2054
"all",0.00413071540656493,0.0328435402914807,100,31,"Rate-conserved",2054
"interior",0.00137866896842127,0.0363394248702262,92,32,"Rate-conserved",2054
"all",0.00137866896842127,0.0363394248702262,92,32,"Rate-conserved",2054
"interior",-8.30300470423726e-05,0.0290944375494083,101,33,"Rate-conserved",2054
"all",-8.30300470423726e-05,0.0290944375494083,101,33,"Rate-conserved",2054
"interior",-0.00454690780637623,0.0370603001812195,98,34,"Rate-conserved",2054
"all",-0.00454690780637623,0.0370603001812195,98,34,"Rate-conserved",2054
"interior",0.00465173854678273,0.02686165433054,109,35,"Rate-conserved",2054
"all",0.00465173854678273,0.02686165433054,109,35,"Rate-conserved",2054
"interior",0.00929515789569343,0.0331913669700676,105,36,"Rate-conserved",2054
"all",0.00929515789569343,0.0331913669700676,105,36,"Rate-conserved",2054
"interior",0.00114204273280403,0.0259287028415429,119,37,"Rate-conserved",2054
"all",0.00114204273280403,0.0259287028415429,119,37,"Rate-conserved",2054
"interior",-0.00119795070003083,0.0286338991446795,108,38,"Rate-conserved",2054
"all",-0.00119795070003083,0.0286338991446795,108,38,"Rate-conserved",2054
"interior",0.00136231335159025,0.0341968343187249,105,39,"Rate-conserved",2054
"all",0.00136231335159025,0.0341968343187249,105,39,"Rate-conserved",2054
"interior",0.00255398609871184,0.0303737903974264,94,40,"Rate-conserved",2054
"all",0.00255398609871184,0.0303737903974264,94,40,"Rate-conserved",2054
"interior",0.00648844955529921,0.0377238918245733,111,41,"Rate-conserved",2054
"all",0.00648844955529921,0.0377238918245733,111,41,"Rate-conserved",2054
"interior",0.00550076513491653,0.0273142647381485,118,42,"Rate-conserved",2054
"all",0.00550076513491653,0.0273142647381485,118,42,"Rate-conserved",2054
"interior",-0.00129661215121315,0.0281232683998947,99,43,"Rate-conserved",2054
"all",-0.00129661215121315,0.0281232683998947,99,43,"Rate-conserved",2054
"interior",0.00145251552529181,0.0225563938303282,95,44,"Rate-conserved",2054
"all",0.00145251552529181,0.0225563938303282,95,44,"Rate-conserved",2054
"interior",0.00913193607516186,0.023049627005654,102,45,"Rate-conserved",2054
"all",0.00913193607516186,0.023049627005654,102,45,"Rate-conserved",2054
"interior",0.00739552670847597,0.0324399847391109,95,46,"Rate-conserved",2054
"all",0.00739552670847597,0.0324399847391109,95,46,"Rate-conserved",2054
"interior",0.00942959395163015,0.0332480306430797,101,47,"Rate-conserved",2054
"all",0.00942959395163015,0.0332480306430797,101,47,"Rate-conserved",2054
"interior",0.0115560441807924,0.0241309771910822,127,48,"Rate-conserved",2054
"all",0.0115560441807924,0.0241309771910822,127,48,"Rate-conserved",2054
"interior",0.00885992383425952,0.0400406333821598,92,49,"Rate-conserved",2054
"all",0.00885992383425952,0.0400406333821598,92,49,"Rate-conserved",2054
"interior",0.0047151706545658,0.027849594296985,108,50,"Rate-conserved",2054
"all",0.0047151706545658,0.027849594296985,108,50,"Rate-conserved",2054
"interior",-0.002287699096778,0.0353231963174478,86,1,"Isotropic",2104
"all",-0.002287699096778,0.0353231963174478,86,1,"Isotropic",2104
"interior",0.00919252150604782,0.0344726873917516,95,2,"Isotropic",2104
"all",0.00919252150604782,0.0344726873917516,95,2,"Isotropic",2104
"interior",-0.00462108417787176,0.0333984261565667,93,3,"Isotropic",2104
"all",-0.00462108417787176,0.0333984261565667,93,3,"Isotropic",2104
"interior",0.00216933851550399,0.029441635043795,100,4,"Isotropic",2104
"all",0.00216933851550399,0.029441635043795,100,4,"Isotropic",2104
"interior",0.00513143074283064,0.0336095367426247,95,5,"Isotropic",2104
"all",0.00513143074283064,0.0336095367426247,95,5,"Isotropic",2104
"interior",0.00141522291615782,0.036711790457681,89,6,"Isotropic",2104
"all",0.00141522291615782,0.036711790457681,89,6,"Isotropic",2104
"interior",-0.00519559188264077,0.0383894137886419,82,7,"Isotropic",2104
"all",-0.00519559188264077,0.0383894137886419,82,7,"Isotropic",2104
"interior",0.004613011909384,0.0372070693741266,92,8,"Isotropic",2104
"all",0.004613011909384,0.0372070693741266,92,8,"Isotropic",2104
"interior",0.00237901731252681,0.0349864666929469,95,9,"Isotropic",2104
"all",0.00237901731252681,0.0349864666929469,95,9,"Isotropic",2104
"interior",-0.00895387026989372,0.0359365482836393,89,10,"Isotropic",2104
"all",-0.00895387026989372,0.0359365482836393,89,10,"Isotropic",2104
"interior",-0.00414456224375566,0.0386222858404603,91,11,"Isotropic",2104
"all",-0.00414456224375566,0.0386222858404603,91,11,"Isotropic",2104
"interior",7.12859791204535e-07,0.0307711504589348,102,12,"Isotropic",2104
"all",7.12859791204535e-07,0.0307711504589348,102,12,"Isotropic",2104
"interior",-0.00828112910627561,0.0282618108863672,82,13,"Isotropic",2104
"all",-0.00828112910627561,0.0282618108863672,82,13,"Isotropic",2104
"interior",0.00201293026459218,0.0393246344112671,95,14,"Isotropic",2104
"all",0.00201293026459218,0.0393246344112671,95,14,"Isotropic",2104
"interior",-0.00253739776565698,0.0455021710414166,78,15,"Isotropic",2104
"all",-0.00253739776565698,0.0455021710414166,78,15,"Isotropic",2104
"interior",0.00219855631523558,0.031889054899873,96,16,"Isotropic",2104
"all",0.00219855631523558,0.031889054899873,96,16,"Isotropic",2104
"interior",0.0103844795999622,0.0240158004861236,112,17,"Isotropic",2104
"all",0.0103844795999622,0.0240158004861236,112,17,"Isotropic",2104
"interior",-0.00273845695799703,0.042934934866507,80,18,"Isotropic",2104
"all",-0.00273845695799703,0.042934934866507,80,18,"Isotropic",2104
"interior",-0.00441766305097839,0.0412837133390974,90,19,"Isotropic",2104
"all",-0.00441766305097839,0.0412837133390974,90,19,"Isotropic",2104
"interior",0.00502313046658166,0.036995771710205,105,20,"Isotropic",2104
"all",0.00502313046658166,0.036995771710205,105,20,"Isotropic",2104
"interior",0.00424174818776837,0.0468657405320129,83,21,"Isotropic",2104
"all",0.00424174818776837,0.0468657405320129,83,21,"Isotropic",2104
"interior",3.86095335505028e-05,0.0330135760749707,99,22,"Isotropic",2104
"all",3.86095335505028e-05,0.0330135760749707,99,22,"Isotropic",2104
"interior",-0.00422399245994589,0.0327434601626006,107,23,"Isotropic",2104
"all",-0.00422399245994589,0.0327434601626006,107,23,"Isotropic",2104
"interior",0.00486616162225038,0.0332166933656883,88,24,"Isotropic",2104
"all",0.00486616162225038,0.0332166933656883,88,24,"Isotropic",2104
"interior",0.0085608552490424,0.0314731433051832,103,25,"Isotropic",2104
"all",0.0085608552490424,0.0314731433051832,103,25,"Isotropic",2104
"interior",-0.00824093958926952,0.0447020365648603,83,26,"Isotropic",2104
"all",-0.00824093958926952,0.0447020365648603,83,26,"Isotropic",2104
"interior",-0.000276780399592179,0.0385753552095974,89,27,"Isotropic",2104
"all",-0.000276780399592179,0.0385753552095974,89,27,"Isotropic",2104
"interior",0.00210216573356816,0.0213896996206836,93,28,"Isotropic",2104
"all",0.00210216573356816,0.0213896996206836,93,28,"Isotropic",2104
"interior",-0.00151436251757292,0.0209280983216871,117,29,"Isotropic",2104
"all",-0.00151436251757292,0.0209280983216871,117,29,"Isotropic",2104
"interior",0.00657932626637193,0.0255814664294089,102,30,"Isotropic",2104
"all",0.00657932626637193,0.0255814664294089,102,30,"Isotropic",2104
"interior",0.0076684605739346,0.036178189257542,84,31,"Isotropic",2104
"all",0.0076684605739346,0.036178189257542,84,31,"Isotropic",2104
"interior",0.00386429004536168,0.035245601967297,95,32,"Isotropic",2104
"all",0.00386429004536168,0.035245601967297,95,32,"Isotropic",2104
"interior",0.0022184417620154,0.0435370621552476,90,33,"Isotropic",2104
"all",0.0022184417620154,0.0435370621552476,90,33,"Isotropic",2104
"interior",0.00103653648289711,0.0222334696883634,103,34,"Isotropic",2104
"all",0.00103653648289711,0.0222334696883634,103,34,"Isotropic",2104
"interior",-0.00669412356767943,0.0259094217168811,105,35,"Isotropic",2104
"all",-0.00669412356767943,0.0259094217168811,105,35,"Isotropic",2104
"interior",-0.00226904118187528,0.0276000341748881,92,36,"Isotropic",2104
"all",-0.00226904118187528,0.0276000341748881,92,36,"Isotropic",2104
"interior",-0.00557982249525449,0.0331174888124651,83,37,"Isotropic",2104
"all",-0.00557982249525449,0.0331174888124651,83,37,"Isotropic",2104
"interior",0.00464043843638454,0.033626731002585,88,38,"Isotropic",2104
"all",0.00464043843638454,0.033626731002585,88,38,"Isotropic",2104
"interior",0.00752728219310014,0.0351618291124848,98,39,"Isotropic",2104
"all",0.00752728219310014,0.0351618291124848,98,39,"Isotropic",2104
"interior",0.00447111808453925,0.0387705064912243,101,40,"Isotropic",2104
"all",0.00447111808453925,0.0387705064912243,101,40,"Isotropic",2104
"interior",0.00278183762416634,0.0288384381952655,110,41,"Isotropic",2104
"all",0.00278183762416634,0.0288384381952655,110,41,"Isotropic",2104
"interior",0.00235041592727992,0.0272876903559842,120,42,"Isotropic",2104
"all",0.00235041592727992,0.0272876903559842,120,42,"Isotropic",2104
"interior",0.00874214911645077,0.0487763690615186,77,43,"Isotropic",2104
"all",0.00874214911645077,0.0487763690615186,77,43,"Isotropic",2104
"interior",-0.00327360233965425,0.0323953260633369,95,44,"Isotropic",2104
"all",-0.00327360233965425,0.0323953260633369,95,44,"Isotropic",2104
"interior",0.00717860112365439,0.0380612323800009,97,45,"Isotropic",2104
"all",0.00717860112365439,0.0380612323800009,97,45,"Isotropic",2104
"interior",0.00559867282829317,0.0282251067395213,100,46,"Isotropic",2104
"all",0.00559867282829317,0.0282251067395213,100,46,"Isotropic",2104
"interior",-0.00531225818648164,0.0269421815197594,101,47,"Isotropic",2104
"all",-0.00531225818648164,0.0269421815197594,101,47,"Isotropic",2104
"interior",0.00271348901031492,0.0336188526198547,107,48,"Isotropic",2104
"all",0.00271348901031492,0.0336188526198547,107,48,"Isotropic",2104
"interior",-0.00440585335200224,0.0468939789623541,82,49,"Isotropic",2104
"all",-0.00440585335200224,0.0468939789623541,82,49,"Isotropic",2104
"interior",0.000376824927666976,0.0508050645010665,78,50,"Isotropic",2104
"all",0.000376824927666976,0.0508050645010665,78,50,"Isotropic",2104
"interior",0.00310531036599697,0.0305050780203009,105,1,"Flux-conserved",2104
"all",0.00310531036599697,0.0305050780203009,105,1,"Flux-conserved",2104
"interior",0.00226788247127993,0.0283158528803002,99,2,"Flux-conserved",2104
"all",0.00226788247127993,0.0283158528803002,99,2,"Flux-conserved",2104
"interior",0.00222713370091909,0.0308619612532205,112,3,"Flux-conserved",2104
"all",0.00222713370091909,0.0308619612532205,112,3,"Flux-conserved",2104
"interior",0.00238886192539732,0.0341730209759999,90,4,"Flux-conserved",2104
"all",0.00238886192539732,0.0341730209759999,90,4,"Flux-conserved",2104
"interior",-0.00497354315547585,0.0330013457419125,80,5,"Flux-conserved",2104
"all",-0.00497354315547585,0.0330013457419125,80,5,"Flux-conserved",2104
"interior",-0.00948122003033343,0.0311697945068937,122,6,"Flux-conserved",2104
"all",-0.00948122003033343,0.0311697945068937,122,6,"Flux-conserved",2104
"interior",-0.00726322114194315,0.0376853513699347,92,7,"Flux-conserved",2104
"all",-0.00726322114194315,0.0376853513699347,92,7,"Flux-conserved",2104
"interior",-0.00989098322304225,0.0489523041681459,82,8,"Flux-conserved",2104
"all",-0.00989098322304225,0.0489523041681459,82,8,"Flux-conserved",2104
"interior",-0.00941421698236471,0.0343683324070475,87,9,"Flux-conserved",2104
"all",-0.00941421698236471,0.0343683324070475,87,9,"Flux-conserved",2104
"interior",-0.0122047705244313,0.0413769324577061,86,10,"Flux-conserved",2104
"all",-0.0122047705244313,0.0413769324577061,86,10,"Flux-conserved",2104
"interior",-0.00305552248902219,0.0474465526869351,83,11,"Flux-conserved",2104
"all",-0.00305552248902219,0.0474465526869351,83,11,"Flux-conserved",2104
"interior",0.000770011713592283,0.0454456175588699,89,12,"Flux-conserved",2104
"all",0.000770011713592283,0.0454456175588699,89,12,"Flux-conserved",2104
"interior",-0.0106987744728193,0.0373727850127393,77,13,"Flux-conserved",2104
"all",-0.0106987744728193,0.0373727850127393,77,13,"Flux-conserved",2104
"interior",-0.00287559810267608,0.0294595891892402,101,14,"Flux-conserved",2104
"all",-0.00287559810267608,0.0294595891892402,101,14,"Flux-conserved",2104
"interior",-0.00942497033617957,0.0267958919320361,103,15,"Flux-conserved",2104
"all",-0.00942497033617957,0.0267958919320361,103,15,"Flux-conserved",2104
"interior",-0.0020816061194228,0.0239664817357645,93,16,"Flux-conserved",2104
"all",-0.0020816061194228,0.0239664817357645,93,16,"Flux-conserved",2104
"interior",-0.00464933764395059,0.0352523535119762,89,17,"Flux-conserved",2104
"all",-0.00464933764395059,0.0352523535119762,89,17,"Flux-conserved",2104
"interior",0.00187818199064061,0.0452416169622015,80,18,"Flux-conserved",2104
"all",0.00187818199064061,0.0452416169622015,80,18,"Flux-conserved",2104
"interior",-0.00591118143935145,0.0312371479193848,97,19,"Flux-conserved",2104
"all",-0.00591118143935145,0.0312371479193848,97,19,"Flux-conserved",2104
"interior",0.00112887372181844,0.0387721050634799,80,20,"Flux-conserved",2104
"all",0.00112887372181844,0.0387721050634799,80,20,"Flux-conserved",2104
"interior",-0.000308459374309941,0.0420236501999854,67,21,"Flux-conserved",2104
"all",-0.000308459374309941,0.0420236501999854,67,21,"Flux-conserved",2104
"interior",-0.010994985672995,0.0350692167061281,92,22,"Flux-conserved",2104
"all",-0.010994985672995,0.0350692167061281,92,22,"Flux-conserved",2104
"interior",-0.0119214538581841,0.044504910544911,87,23,"Flux-conserved",2104
"all",-0.0119214538581841,0.044504910544911,87,23,"Flux-conserved",2104
"interior",-0.00795919377916337,0.0436640813702518,79,24,"Flux-conserved",2104
"all",-0.00795919377916337,0.0436640813702518,79,24,"Flux-conserved",2104
"interior",-0.00154895222022295,0.0292693342255012,107,25,"Flux-conserved",2104
"all",-0.00154895222022295,0.0292693342255012,107,25,"Flux-conserved",2104
"interior",0.00375336827073887,0.0281522757647584,106,26,"Flux-conserved",2104
"all",0.00375336827073887,0.0281522757647584,106,26,"Flux-conserved",2104
"interior",-0.00416643193987451,0.0286235375230549,91,27,"Flux-conserved",2104
"all",-0.00416643193987451,0.0286235375230549,91,27,"Flux-conserved",2104
"interior",0.00496682722219973,0.0450514168171638,91,28,"Flux-conserved",2104
"all",0.00496682722219973,0.0450514168171638,91,28,"Flux-conserved",2104
"interior",-0.0137222735108399,0.0307357769689631,102,29,"Flux-conserved",2104
"all",-0.0137222735108399,0.0307357769689631,102,29,"Flux-conserved",2104
"interior",-0.00748329249527268,0.0318171140775464,84,30,"Flux-conserved",2104
"all",-0.00748329249527268,0.0318171140775464,84,30,"Flux-conserved",2104
"interior",-0.0133829034145972,0.0435955819035057,87,31,"Flux-conserved",2104
"all",-0.0133829034145972,0.0435955819035057,87,31,"Flux-conserved",2104
"interior",0.00101369022696213,0.0374400736792504,92,32,"Flux-conserved",2104
"all",0.00101369022696213,0.0374400736792504,92,32,"Flux-conserved",2104
"interior",-0.00581873547633996,0.0328026353115392,85,33,"Flux-conserved",2104
"all",-0.00581873547633996,0.0328026353115392,85,33,"Flux-conserved",2104
"interior",-0.00580547352295599,0.0327340049724271,109,34,"Flux-conserved",2104
"all",-0.00580547352295599,0.0327340049724271,109,34,"Flux-conserved",2104
"interior",-0.00100338286150735,0.0331646108763187,88,35,"Flux-conserved",2104
"all",-0.00100338286150735,0.0331646108763187,88,35,"Flux-conserved",2104
"interior",-6.80937324486438e-05,0.0416795511338485,90,36,"Flux-conserved",2104
"all",-6.80937324486438e-05,0.0416795511338485,90,36,"Flux-conserved",2104
"interior",-0.00627073603651862,0.0370936565166687,107,37,"Flux-conserved",2104
"all",-0.00627073603651862,0.0370936565166687,107,37,"Flux-conserved",2104
"interior",-0.00293152073122113,0.0294797598787958,103,38,"Flux-conserved",2104
"all",-0.00293152073122113,0.0294797598787958,103,38,"Flux-conserved",2104
"interior",-0.0124173711824962,0.0318228606162321,90,39,"Flux-conserved",2104
"all",-0.0124173711824962,0.0318228606162321,90,39,"Flux-conserved",2104
"interior",-0.0126315726671503,0.0476184989065108,85,40,"Flux-conserved",2104
"all",-0.0126315726671503,0.0476184989065108,85,40,"Flux-conserved",2104
"interior",-0.00892106723615296,0.0358147082336574,93,41,"Flux-conserved",2104
"all",-0.00892106723615296,0.0358147082336574,93,41,"Flux-conserved",2104
"interior",-0.00676032702629853,0.029394628224328,98,42,"Flux-conserved",2104
"all",-0.00676032702629853,0.029394628224328,98,42,"Flux-conserved",2104
"interior",2.50501775862734e-05,0.0490315622734213,65,43,"Flux-conserved",2104
"all",2.50501775862734e-05,0.0490315622734213,65,43,"Flux-conserved",2104
"interior",0.00738022540453755,0.0355010191872291,99,44,"Flux-conserved",2104
"all",0.00738022540453755,0.0355010191872291,99,44,"Flux-conserved",2104
"interior",0.00700247281654685,0.0311186289375292,98,45,"Flux-conserved",2104
"all",0.00700247281654685,0.0311186289375292,98,45,"Flux-conserved",2104
"interior",-0.0071881818876089,0.0403657890566008,76,46,"Flux-conserved",2104
"all",-0.0071881818876089,0.0403657890566008,76,46,"Flux-conserved",2104
"interior",0.00160614090333649,0.0334321326203877,89,47,"Flux-conserved",2104
"all",0.00160614090333649,0.0334321326203877,89,47,"Flux-conserved",2104
"interior",0.00338579176467167,0.0384118635083763,100,48,"Flux-conserved",2104
"all",0.00338579176467167,0.0384118635083763,100,48,"Flux-conserved",2104
"interior",-0.0102936516791064,0.0406352550843589,82,49,"Flux-conserved",2104
"all",-0.0102936516791064,0.0406352550843589,82,49,"Flux-conserved",2104
"interior",-0.00513289633636225,0.0291787721414773,114,50,"Flux-conserved",2104
"all",-0.00513289633636225,0.0291787721414773,114,50,"Flux-conserved",2104
"interior",-0.00669966637515365,0.0267135761089103,115,1,"Rate-conserved",2104
"all",-0.00669966637515365,0.0267135761089103,115,1,"Rate-conserved",2104
"interior",-0.00378381614943778,0.02127177556023,107,2,"Rate-conserved",2104
"all",-0.00378381614943778,0.02127177556023,107,2,"Rate-conserved",2104
"interior",-0.00340956295989226,0.0280797448075524,105,3,"Rate-conserved",2104
"all",-0.00340956295989226,0.0280797448075524,105,3,"Rate-conserved",2104
"interior",-0.000995801679505826,0.0351194818302453,108,4,"Rate-conserved",2104
"all",-0.000995801679505826,0.0351194818302453,108,4,"Rate-conserved",2104
"interior",-0.00815011475455205,0.0370567733732484,90,5,"Rate-conserved",2104
"all",-0.00815011475455205,0.0370567733732484,90,5,"Rate-conserved",2104
"interior",0.00140901243825102,0.0285354767561215,113,6,"Rate-conserved",2104
"all",0.00140901243825102,0.0285354767561215,113,6,"Rate-conserved",2104
"interior",-0.00209034737333363,0.0292784576826985,101,7,"Rate-conserved",2104
"all",-0.00209034737333363,0.0292784576826985,101,7,"Rate-conserved",2104
"interior",0.00276472357470125,0.0344375020632391,97,8,"Rate-conserved",2104
"all",0.00276472357470125,0.0344375020632391,97,8,"Rate-conserved",2104
"interior",-0.0076994711665893,0.0362456620032481,88,9,"Rate-conserved",2104
"all",-0.0076994711665893,0.0362456620032481,88,9,"Rate-conserved",2104
"interior",-0.0125929725970956,0.031992210192691,87,10,"Rate-conserved",2104
"all",-0.0125929725970956,0.031992210192691,87,10,"Rate-conserved",2104
"interior",-0.00627179354595464,0.0289902496665665,111,11,"Rate-conserved",2104
"all",-0.00627179354595464,0.0289902496665665,111,11,"Rate-conserved",2104
"interior",0.00401387906247813,0.0273201572629477,98,12,"Rate-conserved",2104
"all",0.00401387906247813,0.0273201572629477,98,12,"Rate-conserved",2104
"interior",0.00324069872404725,0.0333816308270241,95,13,"Rate-conserved",2104
"all",0.00324069872404725,0.0333816308270241,95,13,"Rate-conserved",2104
"interior",0.00517119588261756,0.0332727744794695,84,14,"Rate-conserved",2104
"all",0.00517119588261756,0.0332727744794695,84,14,"Rate-conserved",2104
"interior",0.00568865504076906,0.0409901693759413,80,15,"Rate-conserved",2104
"all",0.00568865504076906,0.0409901693759413,80,15,"Rate-conserved",2104
"interior",-0.00246770443110541,0.0346198138332019,101,16,"Rate-conserved",2104
"all",-0.00246770443110541,0.0346198138332019,101,16,"Rate-conserved",2104
"interior",0.00148585208655448,0.0291594300199753,109,17,"Rate-conserved",2104
"all",0.00148585208655448,0.0291594300199753,109,17,"Rate-conserved",2104
"interior",0.00116100024868313,0.0316636224235652,81,18,"Rate-conserved",2104
"leaf-incident",0.354926714265935,0.354926714265935,1,18,"Rate-conserved",2104
"all",0.00547521627328376,0.0356058552509112,82,18,"Rate-conserved",2104
"interior",-0.00616008181997633,0.040527606375012,81,19,"Rate-conserved",2104
"all",-0.00616008181997633,0.040527606375012,81,19,"Rate-conserved",2104
"interior",-0.00662006367879902,0.0316593265948867,95,20,"Rate-conserved",2104
"all",-0.00662006367879902,0.0316593265948867,95,20,"Rate-conserved",2104
"interior",0.00461031234937223,0.0386785403774104,85,21,"Rate-conserved",2104
"all",0.00461031234937223,0.0386785403774104,85,21,"Rate-conserved",2104
"interior",0.00326752362919027,0.0311700696882514,89,22,"Rate-conserved",2104
"all",0.00326752362919027,0.0311700696882514,89,22,"Rate-conserved",2104
"interior",-0.00984006250851208,0.0322574939786002,104,23,"Rate-conserved",2104
"all",-0.00984006250851208,0.0322574939786002,104,23,"Rate-conserved",2104
"interior",-0.00673770445723958,0.0244905350117374,100,24,"Rate-conserved",2104
"all",-0.00673770445723958,0.0244905350117374,100,24,"Rate-conserved",2104
"interior",0.000195394446955121,0.034421523186126,106,25,"Rate-conserved",2104
"all",0.000195394446955121,0.034421523186126,106,25,"Rate-conserved",2104
"interior",0.000494346224700524,0.0269923294325776,100,26,"Rate-conserved",2104
"all",0.000494346224700524,0.0269923294325776,100,26,"Rate-conserved",2104
"interior",-0.00410321848370734,0.0246505822993748,99,27,"Rate-conserved",2104
"all",-0.00410321848370734,0.0246505822993748,99,27,"Rate-conserved",2104
"interior",-0.00411976732621177,0.0351569774423629,94,28,"Rate-conserved",2104
"all",-0.00411976732621177,0.0351569774423629,94,28,"Rate-conserved",2104
"interior",-0.0064418642866513,0.0380718202504338,105,29,"Rate-conserved",2104
"all",-0.0064418642866513,0.0380718202504338,105,29,"Rate-conserved",2104
"interior",-0.0056888055454544,0.0318911073467074,92,30,"Rate-conserved",2104
"all",-0.0056888055454544,0.0318911073467074,92,30,"Rate-conserved",2104
"interior",-0.00956303942491386,0.0393986445493124,79,31,"Rate-conserved",2104
"all",-0.00956303942491386,0.0393986445493124,79,31,"Rate-conserved",2104
"interior",0.00162716048510226,0.0257375535117641,109,32,"Rate-conserved",2104
"all",0.00162716048510226,0.0257375535117641,109,32,"Rate-conserved",2104
"interior",0.00303360025670804,0.0252976354633313,100,33,"Rate-conserved",2104
"all",0.00303360025670804,0.0252976354633313,100,33,"Rate-conserved",2104
"interior",0.00863104176962925,0.0279122657843189,106,34,"Rate-conserved",2104
"all",0.00863104176962925,0.0279122657843189,106,34,"Rate-conserved",2104
"interior",-0.00418065814487136,0.028929519233968,96,35,"Rate-conserved",2104
"all",-0.00418065814487136,0.028929519233968,96,35,"Rate-conserved",2104
"interior",0.00959484314915067,0.0228539914363577,107,36,"Rate-conserved",2104
"all",0.00959484314915067,0.0228539914363577,107,36,"Rate-conserved",2104
"interior",-0.00116393014625311,0.0277036724580337,97,37,"Rate-conserved",2104
"all",-0.00116393014625311,0.0277036724580337,97,37,"Rate-conserved",2104
"interior",0.00204829651617746,0.0250349754109847,119,38,"Rate-conserved",2104
"all",0.00204829651617746,0.0250349754109847,119,38,"Rate-conserved",2104
"interior",0.00347645354425894,0.0362677937421754,88,39,"Rate-conserved",2104
"all",0.00347645354425894,0.0362677937421754,88,39,"Rate-conserved",2104
"interior",0.00499616188776003,0.0290791251455392,93,40,"Rate-conserved",2104
"all",0.00499616188776003,0.0290791251455392,93,40,"Rate-conserved",2104
"interior",0.000423226096239464,0.0319509548436158,100,41,"Rate-conserved",2104
"all",0.000423226096239464,0.0319509548436158,100,41,"Rate-conserved",2104
"interior",0.00224034142369308,0.0340065098720299,106,42,"Rate-conserved",2104
"all",0.00224034142369308,0.0340065098720299,106,42,"Rate-conserved",2104
"interior",0.00161967706388287,0.030211830573362,95,43,"Rate-conserved",2104
"all",0.00161967706388287,0.030211830573362,95,43,"Rate-conserved",2104
"interior",-0.00329393575175081,0.0276373760779562,85,44,"Rate-conserved",2104
"all",-0.00329393575175081,0.0276373760779562,85,44,"Rate-conserved",2104
"interior",0.00388949470257308,0.027460797985507,111,45,"Rate-conserved",2104
"all",0.00388949470257308,0.027460797985507,111,45,"Rate-conserved",2104
"interior",0.00833397577423695,0.0435877096982002,85,46,"Rate-conserved",2104
"all",0.00833397577423695,0.0435877096982002,85,46,"Rate-conserved",2104
"interior",-0.0110879198851088,0.0386105182677393,93,47,"Rate-conserved",2104
"all",-0.0110879198851088,0.0386105182677393,93,47,"Rate-conserved",2104
"interior",0.00330387655105209,0.027418733671993,112,48,"Rate-conserved",2104
"all",0.00330387655105209,0.027418733671993,112,48,"Rate-conserved",2104
"interior",0.00438245268081119,0.0505559748161093,82,49,"Rate-conserved",2104
"all",0.00438245268081119,0.0505559748161093,82,49,"Rate-conserved",2104
"interior",0.00246863129457157,0.0334921162593579,97,50,"Rate-conserved",2104
"all",0.00246863129457157,0.0334921162593579,97,50,"Rate-conserved",2104
"interior",0.00512800266505276,0.0233507875061633,105,1,"Isotropic",2154
"all",0.00512800266505276,0.0233507875061633,105,1,"Isotropic",2154
"interior",0.013896112008124,0.0305798428843058,93,2,"Isotropic",2154
"all",0.013896112008124,0.0305798428843058,93,2,"Isotropic",2154
"interior",-0.00363824449865347,0.0310328962218151,99,3,"Isotropic",2154
"all",-0.00363824449865347,0.0310328962218151,99,3,"Isotropic",2154
"interior",-0.00906032292553331,0.0302835930234412,95,4,"Isotropic",2154
"all",-0.00906032292553331,0.0302835930234412,95,4,"Isotropic",2154
"interior",0.000377110885585654,0.0307280410205751,102,5,"Isotropic",2154
"all",0.000377110885585654,0.0307280410205751,102,5,"Isotropic",2154
"interior",-0.00235200529577305,0.0291091713164741,105,6,"Isotropic",2154
"all",-0.00235200529577305,0.0291091713164741,105,6,"Isotropic",2154
"interior",-0.00218544945526634,0.0401036224614493,83,7,"Isotropic",2154
"all",-0.00218544945526634,0.0401036224614493,83,7,"Isotropic",2154
"interior",-0.00298201752603856,0.036780004952294,81,8,"Isotropic",2154
"all",-0.00298201752603856,0.036780004952294,81,8,"Isotropic",2154
"interior",-0.00435581213106116,0.038710671856828,93,9,"Isotropic",2154
"all",-0.00435581213106116,0.038710671856828,93,9,"Isotropic",2154
"interior",-0.0170421597084886,0.0336115453133011,90,10,"Isotropic",2154
"all",-0.0170421597084886,0.0336115453133011,90,10,"Isotropic",2154
"interior",-0.00024121115808748,0.0294806625055888,96,11,"Isotropic",2154
"all",-0.00024121115808748,0.0294806625055888,96,11,"Isotropic",2154
"interior",-0.00299644735513856,0.0342462041268066,106,12,"Isotropic",2154
"all",-0.00299644735513856,0.0342462041268066,106,12,"Isotropic",2154
"interior",-0.00829619925856771,0.0353782398212824,86,13,"Isotropic",2154
"all",-0.00829619925856771,0.0353782398212824,86,13,"Isotropic",2154
"interior",-0.0125294305771848,0.0364426804541752,100,14,"Isotropic",2154
"all",-0.0125294305771848,0.0364426804541752,100,14,"Isotropic",2154
"interior",0.00326742961665173,0.0333342484409688,92,15,"Isotropic",2154
"all",0.00326742961665173,0.0333342484409688,92,15,"Isotropic",2154
"interior",0.00561802953469872,0.0296829126313064,84,16,"Isotropic",2154
"all",0.00561802953469872,0.0296829126313064,84,16,"Isotropic",2154
"interior",0.00721026084441154,0.0246016608774268,112,17,"Isotropic",2154
"all",0.00721026084441154,0.0246016608774268,112,17,"Isotropic",2154
"interior",0.00723622394740276,0.0347964208743556,90,18,"Isotropic",2154
"all",0.00723622394740276,0.0347964208743556,90,18,"Isotropic",2154
"interior",-0.00271212549593369,0.041368501207703,82,19,"Isotropic",2154
"all",-0.00271212549593369,0.041368501207703,82,19,"Isotropic",2154
"interior",5.22992509450012e-05,0.0297510607468898,94,20,"Isotropic",2154
"all",5.22992509450012e-05,0.0297510607468898,94,20,"Isotropic",2154
"interior",0.000327275581255656,0.0344127988370109,81,21,"Isotropic",2154
"all",0.000327275581255656,0.0344127988370109,81,21,"Isotropic",2154
"interior",-0.000549825394081675,0.0283573392363154,103,22,"Isotropic",2154
"all",-0.000549825394081675,0.0283573392363154,103,22,"Isotropic",2154
"interior",-0.00495869889283542,0.0302337049445757,95,23,"Isotropic",2154
"all",-0.00495869889283542,0.0302337049445757,95,23,"Isotropic",2154
"interior",0.00990669409702102,0.0323123495528747,81,24,"Isotropic",2154
"all",0.00990669409702102,0.0323123495528747,81,24,"Isotropic",2154
"interior",0.00858743551615129,0.028012241517825,107,25,"Isotropic",2154
"all",0.00858743551615129,0.028012241517825,107,25,"Isotropic",2154
"interior",-0.00273794192653994,0.0398549103732006,91,26,"Isotropic",2154
"all",-0.00273794192653994,0.0398549103732006,91,26,"Isotropic",2154
"interior",0.0021347874785783,0.0258327662733707,97,27,"Isotropic",2154
"all",0.0021347874785783,0.0258327662733707,97,27,"Isotropic",2154
"interior",0.000756894424336793,0.0383903382098405,80,28,"Isotropic",2154
"all",0.000756894424336793,0.0383903382098405,80,28,"Isotropic",2154
"interior",-0.00388807853493043,0.0297494108528172,102,29,"Isotropic",2154
"all",-0.00388807853493043,0.0297494108528172,102,29,"Isotropic",2154
"interior",0.00851111374494658,0.0303814650566352,95,30,"Isotropic",2154
"all",0.00851111374494658,0.0303814650566352,95,30,"Isotropic",2154
"interior",0.00681418342964923,0.0316561602115049,93,31,"Isotropic",2154
"all",0.00681418342964923,0.0316561602115049,93,31,"Isotropic",2154
"interior",0.00958983443342867,0.0327330398930866,101,32,"Isotropic",2154
"all",0.00958983443342867,0.0327330398930866,101,32,"Isotropic",2154
"interior",0.00102000395433323,0.0273590029709098,96,33,"Isotropic",2154
"all",0.00102000395433323,0.0273590029709098,96,33,"Isotropic",2154
"interior",-0.00110215553341636,0.0312157741499176,92,34,"Isotropic",2154
"all",-0.00110215553341636,0.0312157741499176,92,34,"Isotropic",2154
"interior",0.00357019607385191,0.0332396529466689,96,35,"Isotropic",2154
"all",0.00357019607385191,0.0332396529466689,96,35,"Isotropic",2154
"interior",-0.00110881766891421,0.029470967976799,119,36,"Isotropic",2154
"all",-0.00110881766891421,0.029470967976799,119,36,"Isotropic",2154
"interior",-0.00363716344073532,0.0319208538575907,89,37,"Isotropic",2154
"all",-0.00363716344073532,0.0319208538575907,89,37,"Isotropic",2154
"interior",0.00370806637125534,0.0273182287251633,104,38,"Isotropic",2154
"all",0.00370806637125534,0.0273182287251633,104,38,"Isotropic",2154
"interior",-0.00305891173524725,0.0373042836124267,98,39,"Isotropic",2154
"all",-0.00305891173524725,0.0373042836124267,98,39,"Isotropic",2154
"interior",-0.00109289236800796,0.0315417502188609,98,40,"Isotropic",2154
"all",-0.00109289236800796,0.0315417502188609,98,40,"Isotropic",2154
"interior",0.00288297702394486,0.0347042339667114,98,41,"Isotropic",2154
"all",0.00288297702394486,0.0347042339667114,98,41,"Isotropic",2154
"interior",0.0114917559546344,0.0296510287649001,106,42,"Isotropic",2154
"all",0.0114917559546344,0.0296510287649001,106,42,"Isotropic",2154
"interior",0.0133164965669375,0.0390286572231473,79,43,"Isotropic",2154
"all",0.0133164965669375,0.0390286572231473,79,43,"Isotropic",2154
"interior",0.00649389935242759,0.0364128310462891,92,44,"Isotropic",2154
"all",0.00649389935242759,0.0364128310462891,92,44,"Isotropic",2154
"interior",0.00352251411438653,0.0249200196893342,98,45,"Isotropic",2154
"all",0.00352251411438653,0.0249200196893342,98,45,"Isotropic",2154
"interior",0.0101624567581005,0.0408638532569389,87,46,"Isotropic",2154
"all",0.0101624567581005,0.0408638532569389,87,46,"Isotropic",2154
"interior",-0.00160579080890836,0.0330829018466053,87,47,"Isotropic",2154
"all",-0.00160579080890836,0.0330829018466053,87,47,"Isotropic",2154
"interior",0.00391616962970517,0.024134752314925,105,48,"Isotropic",2154
"all",0.00391616962970517,0.024134752314925,105,48,"Isotropic",2154
"interior",0.00609093050477972,0.0197496358375689,102,49,"Isotropic",2154
"all",0.00609093050477972,0.0197496358375689,102,49,"Isotropic",2154
"interior",0.0047751939735376,0.0279033756761044,85,50,"Isotropic",2154
"all",0.0047751939735376,0.0279033756761044,85,50,"Isotropic",2154
"interior",-0.00312340734288469,0.0382258684570182,92,1,"Flux-conserved",2154
"all",-0.00312340734288469,0.0382258684570182,92,1,"Flux-conserved",2154
"interior",-0.00496120736761878,0.0318367925630358,92,2,"Flux-conserved",2154
"all",-0.00496120736761878,0.0318367925630358,92,2,"Flux-conserved",2154
"interior",-0.00359898398644968,0.0254293947236835,116,3,"Flux-conserved",2154
"all",-0.00359898398644968,0.0254293947236835,116,3,"Flux-conserved",2154
"interior",0.00577042681735797,0.0441344327364339,80,4,"Flux-conserved",2154
"all",0.00577042681735797,0.0441344327364339,80,4,"Flux-conserved",2154
"interior",-0.023888695326425,0.0485260603027253,84,5,"Flux-conserved",2154
"all",-0.023888695326425,0.0485260603027253,84,5,"Flux-conserved",2154
"interior",-0.00943261963221629,0.0375948175688424,89,6,"Flux-conserved",2154
"all",-0.00943261963221629,0.0375948175688424,89,6,"Flux-conserved",2154
"interior",-0.0144588484972593,0.0345887523950456,80,7,"Flux-conserved",2154
"all",-0.0144588484972593,0.0345887523950456,80,7,"Flux-conserved",2154
"interior",-0.00873762421560294,0.0390829051900411,81,8,"Flux-conserved",2154
"all",-0.00873762421560294,0.0390829051900411,81,8,"Flux-conserved",2154
"interior",-0.0100898534663934,0.0328702959716717,104,9,"Flux-conserved",2154
"all",-0.0100898534663934,0.0328702959716717,104,9,"Flux-conserved",2154
"interior",-0.0145581599369942,0.0365337631767668,95,10,"Flux-conserved",2154
"all",-0.0145581599369942,0.0365337631767668,95,10,"Flux-conserved",2154
"interior",-0.0164112828315654,0.0414321538470367,81,11,"Flux-conserved",2154
"all",-0.0164112828315654,0.0414321538470367,81,11,"Flux-conserved",2154
"interior",0.00448769122829047,0.0262886985842036,99,12,"Flux-conserved",2154
"all",0.00448769122829047,0.0262886985842036,99,12,"Flux-conserved",2154
"interior",-0.0104819602377036,0.0393917219616599,78,13,"Flux-conserved",2154
"all",-0.0104819602377036,0.0393917219616599,78,13,"Flux-conserved",2154
"interior",-0.00972858474795568,0.0369192519322526,84,14,"Flux-conserved",2154
"all",-0.00972858474795568,0.0369192519322526,84,14,"Flux-conserved",2154
"interior",-0.0103232972029837,0.0341042143813161,108,15,"Flux-conserved",2154
"all",-0.0103232972029837,0.0341042143813161,108,15,"Flux-conserved",2154
"interior",-0.00652595599148295,0.0365175798812322,94,16,"Flux-conserved",2154
"all",-0.00652595599148295,0.0365175798812322,94,16,"Flux-conserved",2154
"interior",-0.00278751715794397,0.0316893127562978,92,17,"Flux-conserved",2154
"all",-0.00278751715794397,0.0316893127562978,92,17,"Flux-conserved",2154
"interior",-0.0150138931126141,0.0413131176040884,84,18,"Flux-conserved",2154
"all",-0.0150138931126141,0.0413131176040884,84,18,"Flux-conserved",2154
"interior",-0.00887620078944741,0.0310918397556273,105,19,"Flux-conserved",2154
"all",-0.00887620078944741,0.0310918397556273,105,19,"Flux-conserved",2154
"interior",-0.00801884287963024,0.0328550582538965,95,20,"Flux-conserved",2154
"all",-0.00801884287963024,0.0328550582538965,95,20,"Flux-conserved",2154
"interior",-0.00787430724047455,0.067256927381475,64,21,"Flux-conserved",2154
"all",-0.00787430724047455,0.067256927381475,64,21,"Flux-conserved",2154
"interior",-0.0168469732159728,0.0485042019608966,90,22,"Flux-conserved",2154
"all",-0.0168469732159728,0.0485042019608966,90,22,"Flux-conserved",2154
"interior",-0.014909881634133,0.0415297363749948,91,23,"Flux-conserved",2154
"all",-0.014909881634133,0.0415297363749948,91,23,"Flux-conserved",2154
"interior",-0.0025541514572552,0.0288864951209163,94,24,"Flux-conserved",2154
"all",-0.0025541514572552,0.0288864951209163,94,24,"Flux-conserved",2154
"interior",-0.00741008528636374,0.0329549354341472,109,25,"Flux-conserved",2154
"all",-0.00741008528636374,0.0329549354341472,109,25,"Flux-conserved",2154
"interior",-0.000853408020097822,0.0279132100796576,101,26,"Flux-conserved",2154
"all",-0.000853408020097822,0.0279132100796576,101,26,"Flux-conserved",2154
"interior",-0.0181041149619332,0.0429353299287168,86,27,"Flux-conserved",2154
"all",-0.0181041149619332,0.0429353299287168,86,27,"Flux-conserved",2154
"interior",0.00480742141656848,0.0360510057704204,82,28,"Flux-conserved",2154
"all",0.00480742141656848,0.0360510057704204,82,28,"Flux-conserved",2154
"interior",-0.0198421129157822,0.0285841300969459,112,29,"Flux-conserved",2154
"all",-0.0198421129157822,0.0285841300969459,112,29,"Flux-conserved",2154
"interior",-0.00335372719544316,0.0300126118888133,100,30,"Flux-conserved",2154
"all",-0.00335372719544316,0.0300126118888133,100,30,"Flux-conserved",2154
"interior",-0.0115484523036143,0.0418112792936638,82,31,"Flux-conserved",2154
"all",-0.0115484523036143,0.0418112792936638,82,31,"Flux-conserved",2154
"interior",0.00150548451829479,0.0401329982375763,89,32,"Flux-conserved",2154
"all",0.00150548451829479,0.0401329982375763,89,32,"Flux-conserved",2154
"interior",-0.00799190299326688,0.0402938303911641,91,33,"Flux-conserved",2154
"all",-0.00799190299326688,0.0402938303911641,91,33,"Flux-conserved",2154
"interior",-0.0102957856231316,0.0325295233019787,106,34,"Flux-conserved",2154
"all",-0.0102957856231316,0.0325295233019787,106,34,"Flux-conserved",2154
"interior",0.00199462438292533,0.034646480607969,95,35,"Flux-conserved",2154
"all",0.00199462438292533,0.034646480607969,95,35,"Flux-conserved",2154
"interior",-0.000657858372167533,0.0380657121774618,89,36,"Flux-conserved",2154
"all",-0.000657858372167533,0.0380657121774618,89,36,"Flux-conserved",2154
"interior",-0.00626599248108396,0.0400069421121372,83,37,"Flux-conserved",2154
"all",-0.00626599248108396,0.0400069421121372,83,37,"Flux-conserved",2154
"interior",0.0022356693217414,0.0224117259025515,110,38,"Flux-conserved",2154
"all",0.0022356693217414,0.0224117259025515,110,38,"Flux-conserved",2154
"interior",-0.0103004884161631,0.0269247446505314,103,39,"Flux-conserved",2154
"all",-0.0103004884161631,0.0269247446505314,103,39,"Flux-conserved",2154
"interior",-0.00460256571234696,0.0299716829291706,105,40,"Flux-conserved",2154
"all",-0.00460256571234696,0.0299716829291706,105,40,"Flux-conserved",2154
"interior",0.00333879446235148,0.0420108048104667,91,41,"Flux-conserved",2154
"all",0.00333879446235148,0.0420108048104667,91,41,"Flux-conserved",2154
"interior",-0.0115057248859952,0.0325700196424496,98,42,"Flux-conserved",2154
"all",-0.0115057248859952,0.0325700196424496,98,42,"Flux-conserved",2154
"interior",-0.00982607341899796,0.0406592448564231,73,43,"Flux-conserved",2154
"all",-0.00982607341899796,0.0406592448564231,73,43,"Flux-conserved",2154
"interior",0.000621041569922642,0.0366068988104183,88,44,"Flux-conserved",2154
"all",0.000621041569922642,0.0366068988104183,88,44,"Flux-conserved",2154
"interior",-0.00877121235091889,0.0355098983641325,99,45,"Flux-conserved",2154
"all",-0.00877121235091889,0.0355098983641325,99,45,"Flux-conserved",2154
"interior",-0.00687847181780677,0.0381831005313553,88,46,"Flux-conserved",2154
"all",-0.00687847181780677,0.0381831005313553,88,46,"Flux-conserved",2154
"interior",-0.00697157622077526,0.0222295621353965,120,47,"Flux-conserved",2154
"all",-0.00697157622077526,0.0222295621353965,120,47,"Flux-conserved",2154
"interior",0.00285047007785871,0.029633620717544,93,48,"Flux-conserved",2154
"all",0.00285047007785871,0.029633620717544,93,48,"Flux-conserved",2154
"interior",-0.00186501152018507,0.0382274087099713,84,49,"Flux-conserved",2154
"all",-0.00186501152018507,0.0382274087099713,84,49,"Flux-conserved",2154
"interior",-0.00671034304703671,0.0375972210138675,95,50,"Flux-conserved",2154
"all",-0.00671034304703671,0.0375972210138675,95,50,"Flux-conserved",2154
"interior",0.000263936515245905,0.0362435043017117,114,1,"Rate-conserved",2154
"all",0.000263936515245905,0.0362435043017117,114,1,"Rate-conserved",2154
"interior",0.00251905848789161,0.0306240577582757,99,2,"Rate-conserved",2154
"all",0.00251905848789161,0.0306240577582757,99,2,"Rate-conserved",2154
"interior",-0.00310242683851894,0.0385734181292168,86,3,"Rate-conserved",2154
"all",-0.00310242683851894,0.0385734181292168,86,3,"Rate-conserved",2154
"interior",-0.00518483304634926,0.0302875652083608,98,4,"Rate-conserved",2154
"all",-0.00518483304634926,0.0302875652083608,98,4,"Rate-conserved",2154
"interior",-0.00190538633242872,0.0458487680218841,78,5,"Rate-conserved",2154
"all",-0.00190538633242872,0.0458487680218841,78,5,"Rate-conserved",2154
"interior",-0.0104187267145404,0.0337243009951674,97,6,"Rate-conserved",2154
"all",-0.0104187267145404,0.0337243009951674,97,6,"Rate-conserved",2154
"interior",0.00139385867777339,0.0321703836903462,103,7,"Rate-conserved",2154
"all",0.00139385867777339,0.0321703836903462,103,7,"Rate-conserved",2154
"interior",-0.0103969248650959,0.0289904987200111,94,8,"Rate-conserved",2154
"all",-0.0103969248650959,0.0289904987200111,94,8,"Rate-conserved",2154
"interior",-0.0100317499563307,0.0378314361059556,103,9,"Rate-conserved",2154
"all",-0.0100317499563307,0.0378314361059556,103,9,"Rate-conserved",2154
"interior",-0.0195455724716602,0.0425936246717853,86,10,"Rate-conserved",2154
"all",-0.0195455724716602,0.0425936246717853,86,10,"Rate-conserved",2154
"interior",-0.0099898703225646,0.0367294304144648,103,11,"Rate-conserved",2154
"all",-0.0099898703225646,0.0367294304144648,103,11,"Rate-conserved",2154
"interior",0.0111271543879607,0.0350633420501691,102,12,"Rate-conserved",2154
"all",0.0111271543879607,0.0350633420501691,102,12,"Rate-conserved",2154
"interior",-0.00753353875750963,0.032965677996993,91,13,"Rate-conserved",2154
"all",-0.00753353875750963,0.032965677996993,91,13,"Rate-conserved",2154
"interior",-0.00995839429813782,0.037718357522669,89,14,"Rate-conserved",2154
"all",-0.00995839429813782,0.037718357522669,89,14,"Rate-conserved",2154
"interior",0.00528062554796941,0.0412203066913062,75,15,"Rate-conserved",2154
"all",0.00528062554796941,0.0412203066913062,75,15,"Rate-conserved",2154
"interior",-0.00777198437307263,0.0320692021033322,101,16,"Rate-conserved",2154
"all",-0.00777198437307263,0.0320692021033322,101,16,"Rate-conserved",2154
"interior",-0.000897549238889643,0.0380615102398335,96,17,"Rate-conserved",2154
"all",-0.000897549238889643,0.0380615102398335,96,17,"Rate-conserved",2154
"interior",0.00124457042493405,0.0392238741383882,81,18,"Rate-conserved",2154
"all",0.00124457042493405,0.0392238741383882,81,18,"Rate-conserved",2154
"interior",-0.00753238128283961,0.0321761729282315,103,19,"Rate-conserved",2154
"all",-0.00753238128283961,0.0321761729282315,103,19,"Rate-conserved",2154
"interior",-0.00224528670723985,0.0376267593811486,95,20,"Rate-conserved",2154
"all",-0.00224528670723985,0.0376267593811486,95,20,"Rate-conserved",2154
"interior",-0.00844922231295761,0.0468235930238565,79,21,"Rate-conserved",2154
"all",-0.00844922231295761,0.0468235930238565,79,21,"Rate-conserved",2154
"interior",0.00179068233356149,0.0293431035591127,102,22,"Rate-conserved",2154
"all",0.00179068233356149,0.0293431035591127,102,22,"Rate-conserved",2154
"interior",-0.00993647302059697,0.0344717172429281,93,23,"Rate-conserved",2154
"all",-0.00993647302059697,0.0344717172429281,93,23,"Rate-conserved",2154
"interior",0.00184618649630127,0.04155515639614,88,24,"Rate-conserved",2154
"all",0.00184618649630127,0.04155515639614,88,24,"Rate-conserved",2154
"interior",-0.000100549665269016,0.0362662229329435,108,25,"Rate-conserved",2154
"all",-0.000100549665269016,0.0362662229329435,108,25,"Rate-conserved",2154
"interior",-0.00380126196770759,0.0296983381744968,95,26,"Rate-conserved",2154
"all",-0.00380126196770759,0.0296983381744968,95,26,"Rate-conserved",2154
"interior",-0.000801374516870829,0.0330916930605211,102,27,"Rate-conserved",2154
"all",-0.000801374516870829,0.0330916930605211,102,27,"Rate-conserved",2154
"interior",-0.00875483277405507,0.0248908117503953,108,28,"Rate-conserved",2154
"all",-0.00875483277405507,0.0248908117503953,108,28,"Rate-conserved",2154
"interior",-0.0132282077792305,0.0284491665124507,112,29,"Rate-conserved",2154
"all",-0.0132282077792305,0.0284491665124507,112,29,"Rate-conserved",2154
"interior",-0.00959057424795154,0.0351490272458365,89,30,"Rate-conserved",2154
"all",-0.00959057424795154,0.0351490272458365,89,30,"Rate-conserved",2154
"interior",-0.00549313179524669,0.0432469684177753,87,31,"Rate-conserved",2154
"all",-0.00549313179524669,0.0432469684177753,87,31,"Rate-conserved",2154
"interior",-0.00119671705491421,0.0355175970622064,98,32,"Rate-conserved",2154
"all",-0.00119671705491421,0.0355175970622064,98,32,"Rate-conserved",2154
"interior",-0.0123040257682902,0.0351883797937441,87,33,"Rate-conserved",2154
"all",-0.0123040257682902,0.0351883797937441,87,33,"Rate-conserved",2154
"interior",-0.00633851972830221,0.0287874977380655,112,34,"Rate-conserved",2154
"all",-0.00633851972830221,0.0287874977380655,112,34,"Rate-conserved",2154
"interior",-0.0051137267152658,0.02875588478083,104,35,"Rate-conserved",2154
"all",-0.0051137267152658,0.02875588478083,104,35,"Rate-conserved",2154
"interior",0.00319712893513448,0.0389661325815436,90,36,"Rate-conserved",2154
"all",0.00319712893513448,0.0389661325815436,90,36,"Rate-conserved",2154
"interior",0.0021330992057769,0.0253297770311167,122,37,"Rate-conserved",2154
"all",0.0021330992057769,0.0253297770311167,122,37,"Rate-conserved",2154
"interior",0.00233989849374143,0.0288171793526849,98,38,"Rate-conserved",2154
"all",0.00233989849374143,0.0288171793526849,98,38,"Rate-conserved",2154
"interior",-0.00360545903431705,0.0274449740455389,105,39,"Rate-conserved",2154
"all",-0.00360545903431705,0.0274449740455389,105,39,"Rate-conserved",2154
"interior",0.00236157554895272,0.0305811098296891,107,40,"Rate-conserved",2154
"all",0.00236157554895272,0.0305811098296891,107,40,"Rate-conserved",2154
"interior",-0.00338323278164987,0.0302170239862852,109,41,"Rate-conserved",2154
"all",-0.00338323278164987,0.0302170239862852,109,41,"Rate-conserved",2154
"interior",0.00163751065676352,0.0347665155435586,93,42,"Rate-conserved",2154
"all",0.00163751065676352,0.0347665155435586,93,42,"Rate-conserved",2154
"interior",-0.0145764475697917,0.0413851611008773,82,43,"Rate-conserved",2154
"all",-0.0145764475697917,0.0413851611008773,82,43,"Rate-conserved",2154
"interior",-0.00464243188568135,0.0321370785005803,89,44,"Rate-conserved",2154
"all",-0.00464243188568135,0.0321370785005803,89,44,"Rate-conserved",2154
"interior",0.00322853735382987,0.0192480250885042,117,45,"Rate-conserved",2154
"all",0.00322853735382987,0.0192480250885042,117,45,"Rate-conserved",2154
"interior",0.00349704204386586,0.0376203370534376,83,46,"Rate-conserved",2154
"all",0.00349704204386586,0.0376203370534376,83,46,"Rate-conserved",2154
"interior",0.00251411520680069,0.0333674701170204,99,47,"Rate-conserved",2154
"all",0.00251411520680069,0.0333674701170204,99,47,"Rate-conserved",2154
"interior",0.00698277893453571,0.0371893964995144,98,48,"Rate-conserved",2154
"all",0.00698277893453571,0.0371893964995144,98,48,"Rate-conserved",2154
"interior",0.00543667005238698,0.0464303566305474,83,49,"Rate-conserved",2154
"all",0.00543667005238698,0.0464303566305474,83,49,"Rate-conserved",2154
"interior",-0.00605201161980285,0.0243962103396565,110,50,"Rate-conserved",2154
"all",-0.00605201161980285,0.0243962103396565,110,50,"Rate-conserved",2154
"interior",-0.000464314802101061,0.0275249753432804,108,1,"Isotropic",2204
"all",-0.000464314802101061,0.0275249753432804,108,1,"Isotropic",2204
"interior",0.00229544786754231,0.0338054906593743,95,2,"Isotropic",2204
"all",0.00229544786754231,0.0338054906593743,95,2,"Isotropic",2204
"interior",-0.00445133142852287,0.0262450090305022,105,3,"Isotropic",2204
"all",-0.00445133142852287,0.0262450090305022,105,3,"Isotropic",2204
"interior",0.000618785016153162,0.0233883068750029,120,4,"Isotropic",2204
"all",0.000618785016153162,0.0233883068750029,120,4,"Isotropic",2204
"interior",0.0088179510065924,0.043835683241522,81,5,"Isotropic",2204
"all",0.0088179510065924,0.043835683241522,81,5,"Isotropic",2204
"interior",-0.00266034396736348,0.026008865812085,114,6,"Isotropic",2204
"all",-0.00266034396736348,0.026008865812085,114,6,"Isotropic",2204
"interior",-0.00295615940674298,0.0324298858707584,105,7,"Isotropic",2204
"all",-0.00295615940674298,0.0324298858707584,105,7,"Isotropic",2204
"interior",0.00492963494902311,0.0384046701418924,92,8,"Isotropic",2204
"all",0.00492963494902311,0.0384046701418924,92,8,"Isotropic",2204
"interior",-0.00449609384084023,0.0270624607683061,97,9,"Isotropic",2204
"all",-0.00449609384084023,0.0270624607683061,97,9,"Isotropic",2204
"interior",-0.00715565347919215,0.0245308766153489,86,10,"Isotropic",2204
"all",-0.00715565347919215,0.0245308766153489,86,10,"Isotropic",2204
"interior",0.00227855692759186,0.0328389724718449,94,11,"Isotropic",2204
"all",0.00227855692759186,0.0328389724718449,94,11,"Isotropic",2204
"interior",0.000314302097774974,0.0283156700052261,106,12,"Isotropic",2204
"all",0.000314302097774974,0.0283156700052261,106,12,"Isotropic",2204
"interior",-0.00500238107287044,0.036868075980679,86,13,"Isotropic",2204
"all",-0.00500238107287044,0.036868075980679,86,13,"Isotropic",2204
"interior",-0.00914266868394604,0.0269770759269477,106,14,"Isotropic",2204
"all",-0.00914266868394604,0.0269770759269477,106,14,"Isotropic",2204
"interior",0.00192990585968375,0.0351435102182853,93,15,"Isotropic",2204
"all",0.00192990585968375,0.0351435102182853,93,15,"Isotropic",2204
"interior",0.00344728175561133,0.035119444101771,85,16,"Isotropic",2204
"all",0.00344728175561133,0.035119444101771,85,16,"Isotropic",2204
"interior",0.00809692426223558,0.0296418207576447,116,17,"Isotropic",2204
"all",0.00809692426223558,0.0296418207576447,116,17,"Isotropic",2204
"interior",-0.00634544984687449,0.035833839234871,94,18,"Isotropic",2204
"all",-0.00634544984687449,0.035833839234871,94,18,"Isotropic",2204
"interior",-0.00653935279503885,0.0410069279259038,91,19,"Isotropic",2204
"all",-0.00653935279503885,0.0410069279259038,91,19,"Isotropic",2204
"interior",0.000605382106428962,0.0348581107363426,83,20,"Isotropic",2204
"all",0.000605382106428962,0.0348581107363426,83,20,"Isotropic",2204
"interior",-0.00225768001975843,0.0338299111548654,87,21,"Isotropic",2204
"all",-0.00225768001975843,0.0338299111548654,87,21,"Isotropic",2204
"interior",-0.00811351593795893,0.0379295976466692,106,22,"Isotropic",2204
"all",-0.00811351593795893,0.0379295976466692,106,22,"Isotropic",2204
"interior",0.00199353991039977,0.0252222121613407,107,23,"Isotropic",2204
"all",0.00199353991039977,0.0252222121613407,107,23,"Isotropic",2204
"interior",0.0109897421344831,0.0375648098616351,84,24,"Isotropic",2204
"all",0.0109897421344831,0.0375648098616351,84,24,"Isotropic",2204
"interior",0.0112932367687551,0.0267426760176852,116,25,"Isotropic",2204
"all",0.0112932367687551,0.0267426760176852,116,25,"Isotropic",2204
"interior",0.00677739523284925,0.0374749746694326,77,26,"Isotropic",2204
"all",0.00677739523284925,0.0374749746694326,77,26,"Isotropic",2204
"interior",0.0126865390747716,0.040014984406814,88,27,"Isotropic",2204
"all",0.0126865390747716,0.040014984406814,88,27,"Isotropic",2204
"interior",0.00406968019891328,0.0335234297399123,83,28,"Isotropic",2204
"all",0.00406968019891328,0.0335234297399123,83,28,"Isotropic",2204
"interior",0.00220372218900984,0.0280634602629219,104,29,"Isotropic",2204
"all",0.00220372218900984,0.0280634602629219,104,29,"Isotropic",2204
"interior",0.00308519585256495,0.0354927234041821,88,30,"Isotropic",2204
"all",0.00308519585256495,0.0354927234041821,88,30,"Isotropic",2204
"interior",0.00787294319016578,0.0297720307800346,94,31,"Isotropic",2204
"all",0.00787294319016578,0.0297720307800346,94,31,"Isotropic",2204
"interior",0.00942471312144888,0.0348469209117341,105,32,"Isotropic",2204
"all",0.00942471312144888,0.0348469209117341,105,32,"Isotropic",2204
"interior",0.00259338996295269,0.0338863804227711,88,33,"Isotropic",2204
"all",0.00259338996295269,0.0338863804227711,88,33,"Isotropic",2204
"interior",-0.000615090797901153,0.0365535250431771,93,34,"Isotropic",2204
"all",-0.000615090797901153,0.0365535250431771,93,34,"Isotropic",2204
"interior",0.00530231247664885,0.0279077724752429,106,35,"Isotropic",2204
"all",0.00530231247664885,0.0279077724752429,106,35,"Isotropic",2204
"interior",0.0104563698997104,0.0382063591976521,93,36,"Isotropic",2204
"all",0.0104563698997104,0.0382063591976521,93,36,"Isotropic",2204
"interior",-0.00874887527426391,0.0351302200405686,91,37,"Isotropic",2204
"all",-0.00874887527426391,0.0351302200405686,91,37,"Isotropic",2204
"interior",-0.000549168939474075,0.0356421382147729,91,38,"Isotropic",2204
"all",-0.000549168939474075,0.0356421382147729,91,38,"Isotropic",2204
"interior",0.00203519448798994,0.0276084792864491,108,39,"Isotropic",2204
"all",0.00203519448798994,0.0276084792864491,108,39,"Isotropic",2204
"interior",-0.00522531095322641,0.031590975627838,96,40,"Isotropic",2204
"all",-0.00522531095322641,0.031590975627838,96,40,"Isotropic",2204
"interior",0.00837930233528552,0.0381496656206697,102,41,"Isotropic",2204
"all",0.00837930233528552,0.0381496656206697,102,41,"Isotropic",2204
"interior",0.00667787956440565,0.0222000250427376,111,42,"Isotropic",2204
"all",0.00667787956440565,0.0222000250427376,111,42,"Isotropic",2204
"interior",0.0119501033692106,0.0433203391642772,78,43,"Isotropic",2204
"all",0.0119501033692106,0.0433203391642772,78,43,"Isotropic",2204
"interior",0.00650842572877394,0.0285987491625981,106,44,"Isotropic",2204
"all",0.00650842572877394,0.0285987491625981,106,44,"Isotropic",2204
"interior",0.00571772567665922,0.0449897730942338,90,45,"Isotropic",2204
"all",0.00571772567665922,0.0449897730942338,90,45,"Isotropic",2204
"interior",-0.00121418248527312,0.0277409964182548,105,46,"Isotropic",2204
"all",-0.00121418248527312,0.0277409964182548,105,46,"Isotropic",2204
"interior",-0.0016871838652598,0.0294963475309788,89,47,"Isotropic",2204
"all",-0.0016871838652598,0.0294963475309788,89,47,"Isotropic",2204
"interior",0.00328185562860407,0.0262433248365762,118,48,"Isotropic",2204
"all",0.00328185562860407,0.0262433248365762,118,48,"Isotropic",2204
"interior",0.00614192364458243,0.0266449904070156,96,49,"Isotropic",2204
"all",0.00614192364458243,0.0266449904070156,96,49,"Isotropic",2204
"interior",0.0030567194224822,0.0357348663896908,93,50,"Isotropic",2204
"all",0.0030567194224822,0.0357348663896908,93,50,"Isotropic",2204
"interior",-0.0145207153076828,0.0434168149268169,74,1,"Flux-conserved",2204
"all",-0.0145207153076828,0.0434168149268169,74,1,"Flux-conserved",2204
"interior",-0.00988138531768236,0.0397336590942839,88,2,"Flux-conserved",2204
"all",-0.00988138531768236,0.0397336590942839,88,2,"Flux-conserved",2204
"interior",-0.00818514964351796,0.0252570862013319,109,3,"Flux-conserved",2204
"all",-0.00818514964351796,0.0252570862013319,109,3,"Flux-conserved",2204
"interior",-0.00711851064233451,0.0368617706682513,85,4,"Flux-conserved",2204
"all",-0.00711851064233451,0.0368617706682513,85,4,"Flux-conserved",2204
"interior",-0.0157912989397733,0.0528863967950667,83,5,"Flux-conserved",2204
"all",-0.0157912989397733,0.0528863967950667,83,5,"Flux-conserved",2204
"interior",-0.00847749811507592,0.0399921336269242,100,6,"Flux-conserved",2204
"all",-0.00847749811507592,0.0399921336269242,100,6,"Flux-conserved",2204
"interior",-0.012458751033094,0.03213012137692,97,7,"Flux-conserved",2204
"all",-0.012458751033094,0.03213012137692,97,7,"Flux-conserved",2204
"interior",-0.0138981160876366,0.0421219249527391,82,8,"Flux-conserved",2204
"all",-0.0138981160876366,0.0421219249527391,82,8,"Flux-conserved",2204
"interior",-0.0179353972723469,0.034400119755352,93,9,"Flux-conserved",2204
"all",-0.0179353972723469,0.034400119755352,93,9,"Flux-conserved",2204
"interior",-0.0214830657896354,0.0420956589810711,86,10,"Flux-conserved",2204
"all",-0.0214830657896354,0.0420956589810711,86,10,"Flux-conserved",2204
"interior",-0.0119599735021868,0.0358014998781725,94,11,"Flux-conserved",2204
"all",-0.0119599735021868,0.0358014998781725,94,11,"Flux-conserved",2204
"interior",-0.00833890922686721,0.0337251182500633,102,12,"Flux-conserved",2204
"all",-0.00833890922686721,0.0337251182500633,102,12,"Flux-conserved",2204
"interior",-0.0212922592196028,0.0469021004446421,74,13,"Flux-conserved",2204
"all",-0.0212922592196028,0.0469021004446421,74,13,"Flux-conserved",2204
"interior",-0.0056584529061038,0.0312509969139931,88,14,"Flux-conserved",2204
"all",-0.0056584529061038,0.0312509969139931,88,14,"Flux-conserved",2204
"interior",-0.0126277889247097,0.0332602111379491,112,15,"Flux-conserved",2204
"all",-0.0126277889247097,0.0332602111379491,112,15,"Flux-conserved",2204
"interior",-0.00847837322333177,0.0401269012173114,94,16,"Flux-conserved",2204
"all",-0.00847837322333177,0.0401269012173114,94,16,"Flux-conserved",2204
"interior",-0.00705880405111472,0.0270081791337663,99,17,"Flux-conserved",2204
"all",-0.00705880405111472,0.0270081791337663,99,17,"Flux-conserved",2204
"interior",-0.0145841438659364,0.0547683272173227,81,18,"Flux-conserved",2204
"all",-0.0145841438659364,0.0547683272173227,81,18,"Flux-conserved",2204
"interior",-0.00711745447898989,0.0305638803889112,115,19,"Flux-conserved",2204
"all",-0.00711745447898989,0.0305638803889112,115,19,"Flux-conserved",2204
"interior",-0.00467422276774858,0.0328484952867855,96,20,"Flux-conserved",2204
"all",-0.00467422276774858,0.0328484952867855,96,20,"Flux-conserved",2204
"interior",-0.000650315660316385,0.0569449135922614,73,21,"Flux-conserved",2204
"all",-0.000650315660316385,0.0569449135922614,73,21,"Flux-conserved",2204
"interior",-0.00423886146924422,0.0409350276639262,79,22,"Flux-conserved",2204
"all",-0.00423886146924422,0.0409350276639262,79,22,"Flux-conserved",2204
"interior",-0.0211101389035078,0.03800797692293,98,23,"Flux-conserved",2204
"all",-0.0211101389035078,0.03800797692293,98,23,"Flux-conserved",2204
"interior",-0.000612795056765425,0.0372705225823006,98,24,"Flux-conserved",2204
"all",-0.000612795056765425,0.0372705225823006,98,24,"Flux-conserved",2204
"interior",-0.0145214134524713,0.0409103655026267,92,25,"Flux-conserved",2204
"all",-0.0145214134524713,0.0409103655026267,92,25,"Flux-conserved",2204
"interior",-0.00817978312984701,0.0286441814796461,103,26,"Flux-conserved",2204
"all",-0.00817978312984701,0.0286441814796461,103,26,"Flux-conserved",2204
"interior",-0.0106114904008961,0.0449246436093691,77,27,"Flux-conserved",2204
"all",-0.0106114904008961,0.0449246436093691,77,27,"Flux-conserved",2204
"interior",0.000615492032527034,0.0323581141595079,86,28,"Flux-conserved",2204
"all",0.000615492032527034,0.0323581141595079,86,28,"Flux-conserved",2204
"interior",-0.0126320357978386,0.035593724269271,97,29,"Flux-conserved",2204
"all",-0.0126320357978386,0.035593724269271,97,29,"Flux-conserved",2204
"interior",-0.0104279723376184,0.0274146471922954,97,30,"Flux-conserved",2204
"all",-0.0104279723376184,0.0274146471922954,97,30,"Flux-conserved",2204
"interior",-0.0191407914622013,0.034957617528285,102,31,"Flux-conserved",2204
"all",-0.0191407914622013,0.034957617528285,102,31,"Flux-conserved",2204
"interior",-0.00250925790547104,0.0401645702969818,82,32,"Flux-conserved",2204
"all",-0.00250925790547104,0.0401645702969818,82,32,"Flux-conserved",2204
"interior",-0.011894566974356,0.0376521206993023,88,33,"Flux-conserved",2204
"all",-0.011894566974356,0.0376521206993023,88,33,"Flux-conserved",2204
"interior",-0.0029392369409071,0.030588656627412,108,34,"Flux-conserved",2204
"all",-0.0029392369409071,0.030588656627412,108,34,"Flux-conserved",2204
"interior",-0.00422486488659518,0.0253038520787999,99,35,"Flux-conserved",2204
"all",-0.00422486488659518,0.0253038520787999,99,35,"Flux-conserved",2204
"interior",0.00193880927892996,0.0369107698396767,88,36,"Flux-conserved",2204
"all",0.00193880927892996,0.0369107698396767,88,36,"Flux-conserved",2204
"interior",-0.0153235373005468,0.0418803327860317,96,37,"Flux-conserved",2204
"all",-0.0153235373005468,0.0418803327860317,96,37,"Flux-conserved",2204
"interior",-0.00774126087314955,0.0283662296916892,104,38,"Flux-conserved",2204
"all",-0.00774126087314955,0.0283662296916892,104,38,"Flux-conserved",2204
"interior",-0.011656196749317,0.0341155007948462,95,39,"Flux-conserved",2204
"all",-0.011656196749317,0.0341155007948462,95,39,"Flux-conserved",2204
"interior",-0.00715960914775389,0.0515766463881489,73,40,"Flux-conserved",2204
"all",-0.00715960914775389,0.0515766463881489,73,40,"Flux-conserved",2204
"interior",-0.00847683369320512,0.0252245002854524,110,41,"Flux-conserved",2204
"all",-0.00847683369320512,0.0252245002854524,110,41,"Flux-conserved",2204
"interior",0.00113947146395351,0.0433548171370995,88,42,"Flux-conserved",2204
"all",0.00113947146395351,0.0433548171370995,88,42,"Flux-conserved",2204
"interior",-0.0138145382886324,0.032486577736204,90,43,"Flux-conserved",2204
"all",-0.0138145382886324,0.032486577736204,90,43,"Flux-conserved",2204
"interior",-0.000607974364700899,0.0348306828161269,82,44,"Flux-conserved",2204
"leaf-incident",0.128753301119852,0.128753301119852,1,44,"Flux-conserved",2204
"all",0.000950595219450343,0.0359622806270152,83,44,"Flux-conserved",2204
"interior",-0.013396558384368,0.035896551494948,96,45,"Flux-conserved",2204
"all",-0.013396558384368,0.035896551494948,96,45,"Flux-conserved",2204
"interior",-0.00726211573384482,0.0454670112262969,70,46,"Flux-conserved",2204
"all",-0.00726211573384482,0.0454670112262969,70,46,"Flux-conserved",2204
"interior",-0.00508019258639108,0.0309617865237308,99,47,"Flux-conserved",2204
"all",-0.00508019258639108,0.0309617865237308,99,47,"Flux-conserved",2204
"interior",0.00754522306632351,0.0274036496848188,98,48,"Flux-conserved",2204
"all",0.00754522306632351,0.0274036496848188,98,48,"Flux-conserved",2204
"interior",-0.0133390973381238,0.0320990152298388,90,49,"Flux-conserved",2204
"all",-0.0133390973381238,0.0320990152298388,90,49,"Flux-conserved",2204
"interior",-0.00473413064388499,0.0408026576752984,95,50,"Flux-conserved",2204
"all",-0.00473413064388499,0.0408026576752984,95,50,"Flux-conserved",2204
"interior",-0.000569438445014042,0.0266769032431643,94,1,"Rate-conserved",2204
"all",-0.000569438445014042,0.0266769032431643,94,1,"Rate-conserved",2204
"interior",0.00401008747336604,0.0299928713134478,100,2,"Rate-conserved",2204
"all",0.00401008747336604,0.0299928713134478,100,2,"Rate-conserved",2204
"interior",-0.0091114021649534,0.0293020929742545,100,3,"Rate-conserved",2204
"all",-0.0091114021649534,0.0293020929742545,100,3,"Rate-conserved",2204
"interior",-0.00414072535321831,0.027438242556026,94,4,"Rate-conserved",2204
"all",-0.00414072535321831,0.027438242556026,94,4,"Rate-conserved",2204
"interior",-0.0142639084008056,0.0362355507607376,86,5,"Rate-conserved",2204
"all",-0.0142639084008056,0.0362355507607376,86,5,"Rate-conserved",2204
"interior",-0.0133814389442974,0.0305876592279285,107,6,"Rate-conserved",2204
"all",-0.0133814389442974,0.0305876592279285,107,6,"Rate-conserved",2204
"interior",-0.00783815614489428,0.035172635945092,95,7,"Rate-conserved",2204
"all",-0.00783815614489428,0.035172635945092,95,7,"Rate-conserved",2204
"interior",0.00201920090897625,0.0374540446999235,90,8,"Rate-conserved",2204
"all",0.00201920090897625,0.0374540446999235,90,8,"Rate-conserved",2204
"interior",-0.00445811957706722,0.0225922591581947,107,9,"Rate-conserved",2204
"all",-0.00445811957706722,0.0225922591581947,107,9,"Rate-conserved",2204
"interior",-0.0170719372095689,0.041048788933136,76,10,"Rate-conserved",2204
"leaf-incident",0.164111822393132,0.164111822393132,1,10,"Rate-conserved",2204
"all",-0.0147189013705727,0.0426470101469022,77,10,"Rate-conserved",2204
"interior",-0.00794155247374907,0.0351557027516176,104,11,"Rate-conserved",2204
"all",-0.00794155247374907,0.0351557027516176,104,11,"Rate-conserved",2204
"interior",-0.00354412323378981,0.0281667519366887,109,12,"Rate-conserved",2204
"all",-0.00354412323378981,0.0281667519366887,109,12,"Rate-conserved",2204
"interior",0.00921373875921572,0.0332130432588758,103,13,"Rate-conserved",2204
"all",0.00921373875921572,0.0332130432588758,103,13,"Rate-conserved",2204
"interior",-0.00239072692000884,0.0264610948880984,92,14,"Rate-conserved",2204
"all",-0.00239072692000884,0.0264610948880984,92,14,"Rate-conserved",2204
"interior",-0.00370377967582737,0.0307241458312525,86,15,"Rate-conserved",2204
"all",-0.00370377967582737,0.0307241458312525,86,15,"Rate-conserved",2204
"interior",-0.00515068276465654,0.0283931816412678,113,16,"Rate-conserved",2204
"all",-0.00515068276465654,0.0283931816412678,113,16,"Rate-conserved",2204
"interior",0.00409487560049328,0.0307128839876545,87,17,"Rate-conserved",2204
"all",0.00409487560049328,0.0307128839876545,87,17,"Rate-conserved",2204
"interior",-0.0148840421515308,0.0481376625063402,75,18,"Rate-conserved",2204
"all",-0.0148840421515308,0.0481376625063402,75,18,"Rate-conserved",2204
"interior",-0.00165095552001236,0.0344081178948669,103,19,"Rate-conserved",2204
"all",-0.00165095552001236,0.0344081178948669,103,19,"Rate-conserved",2204
"interior",-0.000309905978722566,0.0247263177949561,101,20,"Rate-conserved",2204
"all",-0.000309905978722566,0.0247263177949561,101,20,"Rate-conserved",2204
"interior",-0.0130077204087072,0.0470020216891421,78,21,"Rate-conserved",2204
"all",-0.0130077204087072,0.0470020216891421,78,21,"Rate-conserved",2204
"interior",-0.00293726125696672,0.0457066633928364,81,22,"Rate-conserved",2204
"all",-0.00293726125696672,0.0457066633928364,81,22,"Rate-conserved",2204
"interior",-0.0110102947529843,0.0282180235309277,89,23,"Rate-conserved",2204
"all",-0.0110102947529843,0.0282180235309277,89,23,"Rate-conserved",2204
"interior",-0.00313816481445654,0.0478055578286039,76,24,"Rate-conserved",2204
"all",-0.00313816481445654,0.0478055578286039,76,24,"Rate-conserved",2204
"interior",-0.00507336738328946,0.0294055553837025,107,25,"Rate-conserved",2204
"all",-0.00507336738328946,0.0294055553837025,107,25,"Rate-conserved",2204
"interior",-0.00125306532038235,0.0384625234675642,84,26,"Rate-conserved",2204
"all",-0.00125306532038235,0.0384625234675642,84,26,"Rate-conserved",2204
"interior",-0.00477563974854638,0.0295358024161039,98,27,"Rate-conserved",2204
"all",-0.00477563974854638,0.0295358024161039,98,27,"Rate-conserved",2204
"interior",-0.00672801767130195,0.0325190461938115,85,28,"Rate-conserved",2204
"all",-0.00672801767130195,0.0325190461938115,85,28,"Rate-conserved",2204
"interior",-0.0153583287793459,0.035912034489603,113,29,"Rate-conserved",2204
"all",-0.0153583287793459,0.035912034489603,113,29,"Rate-conserved",2204
"interior",-0.00614133008319359,0.0310398184199698,89,30,"Rate-conserved",2204
"leaf-incident",0.193242208227969,0.193242208227969,1,30,"Rate-conserved",2204
"all",-0.00392595743529178,0.0328420671956142,90,30,"Rate-conserved",2204
"interior",4.47001327884202e-05,0.0528648592666294,77,31,"Rate-conserved",2204
"all",4.47001327884202e-05,0.0528648592666294,77,31,"Rate-conserved",2204
"interior",-0.00797389925187009,0.0455367336141618,87,32,"Rate-conserved",2204
"all",-0.00797389925187009,0.0455367336141618,87,32,"Rate-conserved",2204
"interior",-0.011920028500658,0.0284590215371367,85,33,"Rate-conserved",2204
"all",-0.011920028500658,0.0284590215371367,85,33,"Rate-conserved",2204
"interior",-0.00375871806041886,0.0321261631654198,111,34,"Rate-conserved",2204
"all",-0.00375871806041886,0.0321261631654198,111,34,"Rate-conserved",2204
"interior",0.00301221558099739,0.0277089369017044,110,35,"Rate-conserved",2204
"all",0.00301221558099739,0.0277089369017044,110,35,"Rate-conserved",2204
"interior",-0.00282349582791891,0.0364522925610171,96,36,"Rate-conserved",2204
"all",-0.00282349582791891,0.0364522925610171,96,36,"Rate-conserved",2204
"interior",0.00136517196143924,0.023662307987351,100,37,"Rate-conserved",2204
"all",0.00136517196143924,0.023662307987351,100,37,"Rate-conserved",2204
"interior",-0.00529359671869764,0.0204760824793294,118,38,"Rate-conserved",2204
"all",-0.00529359671869764,0.0204760824793294,118,38,"Rate-conserved",2204
"interior",-0.0110350948772635,0.0365958771780342,95,39,"Rate-conserved",2204
"all",-0.0110350948772635,0.0365958771780342,95,39,"Rate-conserved",2204
"interior",-6.81643877298993e-05,0.0296001970985889,98,40,"Rate-conserved",2204
"all",-6.81643877298993e-05,0.0296001970985889,98,40,"Rate-conserved",2204
"interior",-0.0029028810767532,0.0309269290398043,112,41,"Rate-conserved",2204
"all",-0.0029028810767532,0.0309269290398043,112,41,"Rate-conserved",2204
"interior",0.00257003250991697,0.0238423482940861,97,42,"Rate-conserved",2204
"all",0.00257003250991697,0.0238423482940861,97,42,"Rate-conserved",2204
"interior",-0.0112517134985054,0.0517503089319592,85,43,"Rate-conserved",2204
"all",-0.0112517134985054,0.0517503089319592,85,43,"Rate-conserved",2204
"interior",-0.00970553599575255,0.0358585819573135,94,44,"Rate-conserved",2204
"all",-0.00970553599575255,0.0358585819573135,94,44,"Rate-conserved",2204
"interior",-0.0014217614683028,0.0334959607321156,105,45,"Rate-conserved",2204
"all",-0.0014217614683028,0.0334959607321156,105,45,"Rate-conserved",2204
"interior",-0.00388937263089351,0.0287983576119075,95,46,"Rate-conserved",2204
"all",-0.00388937263089351,0.0287983576119075,95,46,"Rate-conserved",2204
"interior",-0.00849669161610173,0.026285699736932,116,47,"Rate-conserved",2204
"all",-0.00849669161610173,0.026285699736932,116,47,"Rate-conserved",2204
"interior",0.0042475059603434,0.0307657639120413,105,48,"Rate-conserved",2204
"all",0.0042475059603434,0.0307657639120413,105,48,"Rate-conserved",2204
"interior",-0.000411678394995068,0.0344534809885276,94,49,"Rate-conserved",2204
"all",-0.000411678394995068,0.0344534809885276,94,49,"Rate-conserved",2204
"interior",-0.00225903012942172,0.0272163488522145,113,50,"Rate-conserved",2204
"all",-0.00225903012942172,0.0272163488522145,113,50,"Rate-conserved",2204
"interior",0.00943933046523048,0.0197779960873516,121,1,"Isotropic",2254
"all",0.00943933046523048,0.0197779960873516,121,1,"Isotropic",2254
"interior",0.00731736914550137,0.0323854589237513,93,2,"Isotropic",2254
"all",0.00731736914550137,0.0323854589237513,93,2,"Isotropic",2254
"interior",-0.00540563549456335,0.0291201225080112,100,3,"Isotropic",2254
"all",-0.00540563549456335,0.0291201225080112,100,3,"Isotropic",2254
"interior",0.008360317847892,0.0267250187650108,115,4,"Isotropic",2254
"all",0.008360317847892,0.0267250187650108,115,4,"Isotropic",2254
"interior",0.00307949636223948,0.0342272281125837,95,5,"Isotropic",2254
"all",0.00307949636223948,0.0342272281125837,95,5,"Isotropic",2254
"interior",0.00302561687358232,0.0332880962451122,105,6,"Isotropic",2254
"all",0.00302561687358232,0.0332880962451122,105,6,"Isotropic",2254
"interior",-0.00215322480739046,0.0325623915862894,88,7,"Isotropic",2254
"all",-0.00215322480739046,0.0325623915862894,88,7,"Isotropic",2254
"interior",0.0017607331874322,0.035378216752958,86,8,"Isotropic",2254
"all",0.0017607331874322,0.035378216752958,86,8,"Isotropic",2254
"interior",-0.00154374271929464,0.0308099641769672,101,9,"Isotropic",2254
"all",-0.00154374271929464,0.0308099641769672,101,9,"Isotropic",2254
"interior",-0.00813538356405791,0.0446086845240639,81,10,"Isotropic",2254
"all",-0.00813538356405791,0.0446086845240639,81,10,"Isotropic",2254
"interior",0.000438320678929473,0.0260003540823544,113,11,"Isotropic",2254
"all",0.000438320678929473,0.0260003540823544,113,11,"Isotropic",2254
"interior",0.00111161576745694,0.0394517830044462,98,12,"Isotropic",2254
"all",0.00111161576745694,0.0394517830044462,98,12,"Isotropic",2254
"interior",-0.00241388470010646,0.0411663199376861,86,13,"Isotropic",2254
"all",-0.00241388470010646,0.0411663199376861,86,13,"Isotropic",2254
"interior",0.00288785539558905,0.029395593032462,97,14,"Isotropic",2254
"all",0.00288785539558905,0.029395593032462,97,14,"Isotropic",2254
"interior",0.000463496809637882,0.05532938741258,76,15,"Isotropic",2254
"all",0.000463496809637882,0.05532938741258,76,15,"Isotropic",2254
"interior",-0.00390753268996909,0.0268704449406192,106,16,"Isotropic",2254
"all",-0.00390753268996909,0.0268704449406192,106,16,"Isotropic",2254
"interior",0.00210071399866608,0.0251295885589131,106,17,"Isotropic",2254
"all",0.00210071399866608,0.0251295885589131,106,17,"Isotropic",2254
"interior",-0.00646449253954827,0.0393471278080764,87,18,"Isotropic",2254
"all",-0.00646449253954827,0.0393471278080764,87,18,"Isotropic",2254
"interior",-0.00717292566093131,0.0255104845444923,108,19,"Isotropic",2254
"all",-0.00717292566093131,0.0255104845444923,108,19,"Isotropic",2254
"interior",-0.00209360109418598,0.0421011835940074,81,20,"Isotropic",2254
"all",-0.00209360109418598,0.0421011835940074,81,20,"Isotropic",2254
"interior",0.00313965851794737,0.0399601477915035,78,21,"Isotropic",2254
"all",0.00313965851794737,0.0399601477915035,78,21,"Isotropic",2254
"interior",-0.00533916744004325,0.0282992866126808,104,22,"Isotropic",2254
"all",-0.00533916744004325,0.0282992866126808,104,22,"Isotropic",2254
"interior",0.000772777799527049,0.0430696610613984,84,23,"Isotropic",2254
"all",0.000772777799527049,0.0430696610613984,84,23,"Isotropic",2254
"interior",0.0147163904190952,0.0291645867588647,100,24,"Isotropic",2254
"all",0.0147163904190952,0.0291645867588647,100,24,"Isotropic",2254
"interior",0.0030116145977663,0.0263038455654179,100,25,"Isotropic",2254
"all",0.0030116145977663,0.0263038455654179,100,25,"Isotropic",2254
"interior",-0.000642863240239491,0.0380555937026938,92,26,"Isotropic",2254
"all",-0.000642863240239491,0.0380555937026938,92,26,"Isotropic",2254
"interior",0.000491376537660417,0.0389820165157984,96,27,"Isotropic",2254
"all",0.000491376537660417,0.0389820165157984,96,27,"Isotropic",2254
"interior",0.00197647534378229,0.0360958277537915,83,28,"Isotropic",2254
"all",0.00197647534378229,0.0360958277537915,83,28,"Isotropic",2254
"interior",0.00410738299655961,0.0295302404882363,103,29,"Isotropic",2254
"all",0.00410738299655961,0.0295302404882363,103,29,"Isotropic",2254
"interior",0.0116511669792026,0.0292222917896607,108,30,"Isotropic",2254
"all",0.0116511669792026,0.0292222917896607,108,30,"Isotropic",2254
"interior",0.0136871210278337,0.0263439325384995,112,31,"Isotropic",2254
"all",0.0136871210278337,0.0263439325384995,112,31,"Isotropic",2254
"interior",0.0133135285236337,0.038513015052477,88,32,"Isotropic",2254
"all",0.0133135285236337,0.038513015052477,88,32,"Isotropic",2254
"interior",0.0047799813394734,0.0378144549932397,89,33,"Isotropic",2254
"all",0.0047799813394734,0.0378144549932397,89,33,"Isotropic",2254
"interior",0.000598103923076879,0.0395293465573512,93,34,"Isotropic",2254
"all",0.000598103923076879,0.0395293465573512,93,34,"Isotropic",2254
"interior",0.0041394359869899,0.0330218716780778,84,35,"Isotropic",2254
"all",0.0041394359869899,0.0330218716780778,84,35,"Isotropic",2254
"interior",0.00824733431393044,0.0376802630327989,92,36,"Isotropic",2254
"all",0.00824733431393044,0.0376802630327989,92,36,"Isotropic",2254
"interior",-0.000476836143634625,0.0353401991985288,84,37,"Isotropic",2254
"all",-0.000476836143634625,0.0353401991985288,84,37,"Isotropic",2254
"interior",-0.00539922173131856,0.0443127031176926,91,38,"Isotropic",2254
"all",-0.00539922173131856,0.0443127031176926,91,38,"Isotropic",2254
"interior",6.67630592599001e-05,0.0205384821385314,112,39,"Isotropic",2254
"all",6.67630592599001e-05,0.0205384821385314,112,39,"Isotropic",2254
"interior",0.0014627605736423,0.0450540514009927,85,40,"Isotropic",2254
"all",0.0014627605736423,0.0450540514009927,85,40,"Isotropic",2254
"interior",0.0106290100792013,0.0299844657684824,101,41,"Isotropic",2254
"all",0.0106290100792013,0.0299844657684824,101,41,"Isotropic",2254
"interior",0.00659975967366918,0.0321618819082481,95,42,"Isotropic",2254
"all",0.00659975967366918,0.0321618819082481,95,42,"Isotropic",2254
"interior",0.00581164993914752,0.0484299504550055,78,43,"Isotropic",2254
"all",0.00581164993914752,0.0484299504550055,78,43,"Isotropic",2254
"interior",0.00549438761180984,0.0236136177041001,111,44,"Isotropic",2254
"all",0.00549438761180984,0.0236136177041001,111,44,"Isotropic",2254
"interior",0.00735575152926694,0.0346771557182329,100,45,"Isotropic",2254
"all",0.00735575152926694,0.0346771557182329,100,45,"Isotropic",2254
"interior",-0.000216567101229193,0.0326452254597124,104,46,"Isotropic",2254
"all",-0.000216567101229193,0.0326452254597124,104,46,"Isotropic",2254
"interior",0.00763740895449072,0.0285272779104376,107,47,"Isotropic",2254
"all",0.00763740895449072,0.0285272779104376,107,47,"Isotropic",2254
"interior",-0.00274192926733188,0.0332914830212086,107,48,"Isotropic",2254
"all",-0.00274192926733188,0.0332914830212086,107,48,"Isotropic",2254
"interior",-0.000261564716354254,0.0449888884403286,82,49,"Isotropic",2254
"all",-0.000261564716354254,0.0449888884403286,82,49,"Isotropic",2254
"interior",-0.00366988249332152,0.0418459705699238,95,50,"Isotropic",2254
"all",-0.00366988249332152,0.0418459705699238,95,50,"Isotropic",2254
"interior",-0.0169571023235751,0.0453295082013,87,1,"Flux-conserved",2254
"all",-0.0169571023235751,0.0453295082013,87,1,"Flux-conserved",2254
"interior",-0.0100463150358647,0.0298204008798392,89,2,"Flux-conserved",2254
"all",-0.0100463150358647,0.0298204008798392,89,2,"Flux-conserved",2254
"interior",-0.00940508660572376,0.0312529366256544,102,3,"Flux-conserved",2254
"all",-0.00940508660572376,0.0312529366256544,102,3,"Flux-conserved",2254
"interior",-0.0109775239428725,0.0398753869169245,89,4,"Flux-conserved",2254
"all",-0.0109775239428725,0.0398753869169245,89,4,"Flux-conserved",2254
"interior",-0.0187898399161135,0.0538294831923398,64,5,"Flux-conserved",2254
"all",-0.0187898399161135,0.0538294831923398,64,5,"Flux-conserved",2254
"interior",-0.0162274217347631,0.0364485555819308,106,6,"Flux-conserved",2254
"all",-0.0162274217347631,0.0364485555819308,106,6,"Flux-conserved",2254
"interior",-0.0199970482584789,0.0453053402702024,88,7,"Flux-conserved",2254
"all",-0.0199970482584789,0.0453053402702024,88,7,"Flux-conserved",2254
"interior",-0.0122899929822842,0.0385906536194633,88,8,"Flux-conserved",2254
"all",-0.0122899929822842,0.0385906536194633,88,8,"Flux-conserved",2254
"interior",-0.0203975194314012,0.0563850648802308,84,9,"Flux-conserved",2254
"all",-0.0203975194314012,0.0563850648802308,84,9,"Flux-conserved",2254
"interior",-0.0293567934131922,0.052851404536899,86,10,"Flux-conserved",2254
"all",-0.0293567934131922,0.052851404536899,86,10,"Flux-conserved",2254
"interior",-0.0119575155951306,0.0419263473000639,96,11,"Flux-conserved",2254
"all",-0.0119575155951306,0.0419263473000639,96,11,"Flux-conserved",2254
"interior",-0.00992722999597792,0.0354994401758179,99,12,"Flux-conserved",2254
"all",-0.00992722999597792,0.0354994401758179,99,12,"Flux-conserved",2254
"interior",-0.0250812412061522,0.0504704714261169,72,13,"Flux-conserved",2254
"all",-0.0250812412061522,0.0504704714261169,72,13,"Flux-conserved",2254
"interior",-0.0110992784353993,0.0430095666315373,81,14,"Flux-conserved",2254
"all",-0.0110992784353993,0.0430095666315373,81,14,"Flux-conserved",2254
"interior",-0.00920094521668407,0.0405340595692399,95,15,"Flux-conserved",2254
"all",-0.00920094521668407,0.0405340595692399,95,15,"Flux-conserved",2254
"interior",-0.026524705595895,0.0379526580349962,96,16,"Flux-conserved",2254
"all",-0.026524705595895,0.0379526580349962,96,16,"Flux-conserved",2254
"interior",-0.0188883709453004,0.0382775563651246,86,17,"Flux-conserved",2254
"all",-0.0188883709453004,0.0382775563651246,86,17,"Flux-conserved",2254
"interior",-0.0171092024659884,0.0391834002970216,82,18,"Flux-conserved",2254
"leaf-incident",0.138635916595193,0.138635916595193,1,18,"Flux-conserved",2254
"all",-0.0152327552483838,0.0403816233849514,83,18,"Flux-conserved",2254
"interior",-0.0230268200324023,0.040973618784704,97,19,"Flux-conserved",2254
"all",-0.0230268200324023,0.040973618784704,97,19,"Flux-conserved",2254
"interior",-0.0168141856230986,0.0349341887563775,97,20,"Flux-conserved",2254
"all",-0.0168141856230986,0.0349341887563775,97,20,"Flux-conserved",2254
"interior",-0.0162709950100235,0.05220900852989,77,21,"Flux-conserved",2254
"all",-0.0162709950100235,0.05220900852989,77,21,"Flux-conserved",2254
"interior",-0.00886622121641902,0.0322238167093218,96,22,"Flux-conserved",2254
"all",-0.00886622121641902,0.0322238167093218,96,22,"Flux-conserved",2254
"interior",-0.0186070982024385,0.0429979541727315,92,23,"Flux-conserved",2254
"all",-0.0186070982024385,0.0429979541727315,92,23,"Flux-conserved",2254
"interior",-0.0122686263568199,0.0372535737119917,88,24,"Flux-conserved",2254
"all",-0.0122686263568199,0.0372535737119917,88,24,"Flux-conserved",2254
"interior",-0.0174605032545023,0.0391716509820037,86,25,"Flux-conserved",2254
"all",-0.0174605032545023,0.0391716509820037,86,25,"Flux-conserved",2254
"interior",-0.00222801711273067,0.0340284663861896,89,26,"Flux-conserved",2254
"all",-0.00222801711273067,0.0340284663861896,89,26,"Flux-conserved",2254
"interior",-0.0223755301893295,0.0388514221729751,101,27,"Flux-conserved",2254
"all",-0.0223755301893295,0.0388514221729751,101,27,"Flux-conserved",2254
"interior",-0.00538053240679057,0.0439342743794953,79,28,"Flux-conserved",2254
"all",-0.00538053240679057,0.0439342743794953,79,28,"Flux-conserved",2254
"interior",-0.0169421307366754,0.0364214872145655,97,29,"Flux-conserved",2254
"all",-0.0169421307366754,0.0364214872145655,97,29,"Flux-conserved",2254
"interior",-0.0136978571018993,0.049787608647264,77,30,"Flux-conserved",2254
"all",-0.0136978571018993,0.049787608647264,77,30,"Flux-conserved",2254
"interior",-0.0169193578470199,0.0344548867819008,97,31,"Flux-conserved",2254
"all",-0.0169193578470199,0.0344548867819008,97,31,"Flux-conserved",2254
"interior",-0.004457951816576,0.0446338944712801,79,32,"Flux-conserved",2254
"all",-0.004457951816576,0.0446338944712801,79,32,"Flux-conserved",2254
"interior",-0.0196019328347636,0.0380592460640737,91,33,"Flux-conserved",2254
"all",-0.0196019328347636,0.0380592460640737,91,33,"Flux-conserved",2254
"interior",-0.00318959315124697,0.0278725642462968,114,34,"Flux-conserved",2254
"all",-0.00318959315124697,0.0278725642462968,114,34,"Flux-conserved",2254
"interior",-0.00907866745185887,0.0378959869897469,96,35,"Flux-conserved",2254
"all",-0.00907866745185887,0.0378959869897469,96,35,"Flux-conserved",2254
"interior",-0.00637872433402704,0.0477702264479963,78,36,"Flux-conserved",2254
"all",-0.00637872433402704,0.0477702264479963,78,36,"Flux-conserved",2254
"interior",-0.0174599183044604,0.0387986604129648,101,37,"Flux-conserved",2254
"all",-0.0174599183044604,0.0387986604129648,101,37,"Flux-conserved",2254
"interior",-0.00862920441714071,0.0325703367374338,96,38,"Flux-conserved",2254
"all",-0.00862920441714071,0.0325703367374338,96,38,"Flux-conserved",2254
"interior",-0.0118061273441644,0.0379251177128338,96,39,"Flux-conserved",2254
"all",-0.0118061273441644,0.0379251177128338,96,39,"Flux-conserved",2254
"interior",-0.0107657278850508,0.0412214532626748,78,40,"Flux-conserved",2254
"all",-0.0107657278850508,0.0412214532626748,78,40,"Flux-conserved",2254
"interior",-0.0073253925337979,0.0336382750457109,91,41,"Flux-conserved",2254
"all",-0.0073253925337979,0.0336382750457109,91,41,"Flux-conserved",2254
"interior",-0.011899768131588,0.0356629397428732,103,42,"Flux-conserved",2254
"all",-0.011899768131588,0.0356629397428732,103,42,"Flux-conserved",2254
"interior",-0.0144001929681415,0.039420830721984,88,43,"Flux-conserved",2254
"all",-0.0144001929681415,0.039420830721984,88,43,"Flux-conserved",2254
"interior",-0.00963560546500231,0.054731075707708,69,44,"Flux-conserved",2254
"all",-0.00963560546500231,0.054731075707708,69,44,"Flux-conserved",2254
"interior",-0.0128951323238367,0.0345922273970265,101,45,"Flux-conserved",2254
"all",-0.0128951323238367,0.0345922273970265,101,45,"Flux-conserved",2254
"interior",-0.0132432768277253,0.0303335595350124,90,46,"Flux-conserved",2254
"all",-0.0132432768277253,0.0303335595350124,90,46,"Flux-conserved",2254
"interior",0.0045389763301453,0.0347785255961319,92,47,"Flux-conserved",2254
"all",0.0045389763301453,0.0347785255961319,92,47,"Flux-conserved",2254
"interior",-0.00625456245048306,0.031456810785894,89,48,"Flux-conserved",2254
"all",-0.00625456245048306,0.031456810785894,89,48,"Flux-conserved",2254
"interior",-0.0177209522140808,0.0459827803523462,86,49,"Flux-conserved",2254
"all",-0.0177209522140808,0.0459827803523462,86,49,"Flux-conserved",2254
"interior",-0.0108606673657603,0.0283190991855932,107,50,"Flux-conserved",2254
"all",-0.0108606673657603,0.0283190991855932,107,50,"Flux-conserved",2254
"interior",-0.00349549319039701,0.0279511727914277,106,1,"Rate-conserved",2254
"all",-0.00349549319039701,0.0279511727914277,106,1,"Rate-conserved",2254
"interior",0.00337498895723575,0.0224182590091066,104,2,"Rate-conserved",2254
"all",0.00337498895723575,0.0224182590091066,104,2,"Rate-conserved",2254
"interior",-0.0235430690050686,0.0411202119902324,94,3,"Rate-conserved",2254
"all",-0.0235430690050686,0.0411202119902324,94,3,"Rate-conserved",2254
"interior",-0.00586142493146679,0.0288567768007512,108,4,"Rate-conserved",2254
"all",-0.00586142493146679,0.0288567768007512,108,4,"Rate-conserved",2254
"interior",-0.0026837179834022,0.031360205778109,89,5,"Rate-conserved",2254
"all",-0.0026837179834022,0.031360205778109,89,5,"Rate-conserved",2254
"interior",-0.00806475801556157,0.0484237644561981,86,6,"Rate-conserved",2254
"all",-0.00806475801556157,0.0484237644561981,86,6,"Rate-conserved",2254
"interior",-0.00934371550146058,0.0419309537346896,94,7,"Rate-conserved",2254
"all",-0.00934371550146058,0.0419309537346896,94,7,"Rate-conserved",2254
"interior",-0.00514961093740439,0.0349813600836392,87,8,"Rate-conserved",2254
"all",-0.00514961093740439,0.0349813600836392,87,8,"Rate-conserved",2254
"interior",-0.00778615010648453,0.0262849909711037,108,9,"Rate-conserved",2254
"all",-0.00778615010648453,0.0262849909711037,108,9,"Rate-conserved",2254
"interior",-0.0278925281182284,0.0484370250179962,81,10,"Rate-conserved",2254
"all",-0.0278925281182284,0.0484370250179962,81,10,"Rate-conserved",2254
"interior",-0.00919683453827769,0.03157272441116,98,11,"Rate-conserved",2254
"all",-0.00919683453827769,0.03157272441116,98,11,"Rate-conserved",2254
"interior",-0.00382239089335239,0.0316025051546387,87,12,"Rate-conserved",2254
"all",-0.00382239089335239,0.0316025051546387,87,12,"Rate-conserved",2254
"interior",0.00552274553540195,0.0366838759302084,85,13,"Rate-conserved",2254
"all",0.00552274553540195,0.0366838759302084,85,13,"Rate-conserved",2254
"interior",-0.0170104539260541,0.0330729382763699,91,14,"Rate-conserved",2254
"all",-0.0170104539260541,0.0330729382763699,91,14,"Rate-conserved",2254
"interior",-0.0184511766145897,0.0409491931001271,72,15,"Rate-conserved",2254
"all",-0.0184511766145897,0.0409491931001271,72,15,"Rate-conserved",2254
"interior",-0.00639273372224588,0.0426731640617532,91,16,"Rate-conserved",2254
"all",-0.00639273372224588,0.0426731640617532,91,16,"Rate-conserved",2254
"interior",0.00345962272633129,0.0318049244608269,93,17,"Rate-conserved",2254
"all",0.00345962272633129,0.0318049244608269,93,17,"Rate-conserved",2254
"interior",-0.0295519365994792,0.0536079392740505,75,18,"Rate-conserved",2254
"all",-0.0295519365994792,0.0536079392740505,75,18,"Rate-conserved",2254
"interior",-0.00477663669304027,0.0329959736209348,96,19,"Rate-conserved",2254
"all",-0.00477663669304027,0.0329959736209348,96,19,"Rate-conserved",2254
"interior",-0.00258682743792956,0.0487421285792006,82,20,"Rate-conserved",2254
"all",-0.00258682743792956,0.0487421285792006,82,20,"Rate-conserved",2254
"interior",-0.0117541194020826,0.0372623579627876,91,21,"Rate-conserved",2254
"all",-0.0117541194020826,0.0372623579627876,91,21,"Rate-conserved",2254
"interior",0.0018363310416865,0.0320876199836476,96,22,"Rate-conserved",2254
"all",0.0018363310416865,0.0320876199836476,96,22,"Rate-conserved",2254
"interior",-0.00332956319195374,0.0400479963133282,85,23,"Rate-conserved",2254
"all",-0.00332956319195374,0.0400479963133282,85,23,"Rate-conserved",2254
"interior",-0.00963767702808409,0.0423268119699882,81,24,"Rate-conserved",2254
"all",-0.00963767702808409,0.0423268119699882,81,24,"Rate-conserved",2254
"interior",-0.00445487076052648,0.0362818253441865,93,25,"Rate-conserved",2254
"all",-0.00445487076052648,0.0362818253441865,93,25,"Rate-conserved",2254
"interior",-0.0106888583057137,0.0399331959055296,86,26,"Rate-conserved",2254
"all",-0.0106888583057137,0.0399331959055296,86,26,"Rate-conserved",2254
"interior",-0.0110403941965083,0.0326412601855238,92,27,"Rate-conserved",2254
"all",-0.0110403941965083,0.0326412601855238,92,27,"Rate-conserved",2254
"interior",-0.0152291315478909,0.0326510904199277,109,28,"Rate-conserved",2254
"all",-0.0152291315478909,0.0326510904199277,109,28,"Rate-conserved",2254
"interior",-0.0138445901144835,0.0424897715291813,89,29,"Rate-conserved",2254
"all",-0.0138445901144835,0.0424897715291813,89,29,"Rate-conserved",2254
"interior",-0.00449637776243797,0.0203112349821037,108,30,"Rate-conserved",2254
"all",-0.00449637776243797,0.0203112349821037,108,30,"Rate-conserved",2254
"interior",-0.0111502274175202,0.037278144958357,80,31,"Rate-conserved",2254
"all",-0.0111502274175202,0.037278144958357,80,31,"Rate-conserved",2254
"interior",-0.00982903575651941,0.0383133122659933,94,32,"Rate-conserved",2254
"all",-0.00982903575651941,0.0383133122659933,94,32,"Rate-conserved",2254
"interior",-0.015416333061641,0.0497140766938563,85,33,"Rate-conserved",2254
"all",-0.015416333061641,0.0497140766938563,85,33,"Rate-conserved",2254
"interior",-0.00387709032725739,0.0273529507314718,108,34,"Rate-conserved",2254
"all",-0.00387709032725739,0.0273529507314718,108,34,"Rate-conserved",2254
"interior",0.00416347310147442,0.0281354463792963,104,35,"Rate-conserved",2254
"all",0.00416347310147442,0.0281354463792963,104,35,"Rate-conserved",2254
"interior",-0.0053247554320202,0.0367373035593819,94,36,"Rate-conserved",2254
"all",-0.0053247554320202,0.0367373035593819,94,36,"Rate-conserved",2254
"interior",-0.00472173939147641,0.031217745457045,97,37,"Rate-conserved",2254
"all",-0.00472173939147641,0.031217745457045,97,37,"Rate-conserved",2254
"interior",-0.00294764563809324,0.0312724554981125,102,38,"Rate-conserved",2254
"all",-0.00294764563809324,0.0312724554981125,102,38,"Rate-conserved",2254
"interior",-0.00717807708384529,0.0415893737696213,91,39,"Rate-conserved",2254
"all",-0.00717807708384529,0.0415893737696213,91,39,"Rate-conserved",2254
"interior",-0.00419884192697633,0.0339681125899553,94,40,"Rate-conserved",2254
"all",-0.00419884192697633,0.0339681125899553,94,40,"Rate-conserved",2254
"interior",0.00819631726034147,0.0412432612596565,81,41,"Rate-conserved",2254
"all",0.00819631726034147,0.0412432612596565,81,41,"Rate-conserved",2254
"interior",0.00410178085651369,0.0361356532355848,92,42,"Rate-conserved",2254
"all",0.00410178085651369,0.0361356532355848,92,42,"Rate-conserved",2254
"interior",-0.0117130442538614,0.0388473437684436,93,43,"Rate-conserved",2254
"all",-0.0117130442538614,0.0388473437684436,93,43,"Rate-conserved",2254
"interior",-0.00947737414093445,0.0363638735000865,92,44,"Rate-conserved",2254
"all",-0.00947737414093445,0.0363638735000865,92,44,"Rate-conserved",2254
"interior",-0.00198836299282218,0.0363794173134113,104,45,"Rate-conserved",2254
"all",-0.00198836299282218,0.0363794173134113,104,45,"Rate-conserved",2254
"interior",-0.00383433939722747,0.0317020693599481,91,46,"Rate-conserved",2254
"all",-0.00383433939722747,0.0317020693599481,91,46,"Rate-conserved",2254
"interior",-0.00262696625926153,0.0347759896537049,91,47,"Rate-conserved",2254
"all",-0.00262696625926153,0.0347759896537049,91,47,"Rate-conserved",2254
"interior",0.00448185969884106,0.0306236398402706,97,48,"Rate-conserved",2254
"all",0.00448185969884106,0.0306236398402706,97,48,"Rate-conserved",2254
"interior",0.00156640737527991,0.0424145438737545,75,49,"Rate-conserved",2254
"all",0.00156640737527991,0.0424145438737545,75,49,"Rate-conserved",2254
"interior",0.00173822151379328,0.0378498641973791,104,50,"Rate-conserved",2254
"all",0.00173822151379328,0.0378498641973791,104,50,"Rate-conserved",2254
"interior",0.00409649635810962,0.0229219431148301,118,1,"Isotropic",2304
"all",0.00409649635810962,0.0229219431148301,118,1,"Isotropic",2304
"interior",0.00847515534952187,0.0257861937596468,92,2,"Isotropic",2304
"all",0.00847515534952187,0.0257861937596468,92,2,"Isotropic",2304
"interior",0.00143486834343152,0.0286385193799693,112,3,"Isotropic",2304
"all",0.00143486834343152,0.0286385193799693,112,3,"Isotropic",2304
"interior",0.00123941234884601,0.0231220234520086,133,4,"Isotropic",2304
"all",0.00123941234884601,0.0231220234520086,133,4,"Isotropic",2304
"interior",-0.00376742268621109,0.0358266259271427,95,5,"Isotropic",2304
"all",-0.00376742268621109,0.0358266259271427,95,5,"Isotropic",2304
"interior",-0.00518879604297235,0.032094136049504,93,6,"Isotropic",2304
"all",-0.00518879604297235,0.032094136049504,93,6,"Isotropic",2304
"interior",-0.00351703689253696,0.0359435916355103,86,7,"Isotropic",2304
"all",-0.00351703689253696,0.0359435916355103,86,7,"Isotropic",2304
"interior",0.00725489661340117,0.0358473609221428,91,8,"Isotropic",2304
"all",0.00725489661340117,0.0358473609221428,91,8,"Isotropic",2304
"interior",0.00134662090007198,0.0379750269242146,92,9,"Isotropic",2304
"all",0.00134662090007198,0.0379750269242146,92,9,"Isotropic",2304
"interior",-0.00972491027025412,0.0379034489128255,78,10,"Isotropic",2304
"all",-0.00972491027025412,0.0379034489128255,78,10,"Isotropic",2304
"interior",0.00169121414865619,0.0312550826728326,97,11,"Isotropic",2304
"all",0.00169121414865619,0.0312550826728326,97,11,"Isotropic",2304
"interior",0.00538706624096048,0.0291405968207409,119,12,"Isotropic",2304
"all",0.00538706624096048,0.0291405968207409,119,12,"Isotropic",2304
"interior",-0.0042022923020749,0.0377046786061349,79,13,"Isotropic",2304
"all",-0.0042022923020749,0.0377046786061349,79,13,"Isotropic",2304
"interior",-0.00263505702719689,0.0343617922714919,101,14,"Isotropic",2304
"all",-0.00263505702719689,0.0343617922714919,101,14,"Isotropic",2304
"interior",0.0114314436854173,0.049222576032794,77,15,"Isotropic",2304
"all",0.0114314436854173,0.049222576032794,77,15,"Isotropic",2304
"interior",-0.00375496363805906,0.0275101170502315,94,16,"Isotropic",2304
"all",-0.00375496363805906,0.0275101170502315,94,16,"Isotropic",2304
"interior",0.0004886904252048,0.0194212260215486,108,17,"Isotropic",2304
"all",0.0004886904252048,0.0194212260215486,108,17,"Isotropic",2304
"interior",-0.0064815492451544,0.0365758818486032,87,18,"Isotropic",2304
"all",-0.0064815492451544,0.0365758818486032,87,18,"Isotropic",2304
"interior",-0.0128846052243174,0.046229746922965,100,19,"Isotropic",2304
"all",-0.0128846052243174,0.046229746922965,100,19,"Isotropic",2304
"interior",0.00241653457761723,0.0414691548717668,84,20,"Isotropic",2304
"all",0.00241653457761723,0.0414691548717668,84,20,"Isotropic",2304
"interior",0.0097866583267732,0.0383672093147227,77,21,"Isotropic",2304
"all",0.0097866583267732,0.0383672093147227,77,21,"Isotropic",2304
"interior",-0.00505865238130482,0.0352597326146071,94,22,"Isotropic",2304
"all",-0.00505865238130482,0.0352597326146071,94,22,"Isotropic",2304
"interior",0.0010883014104338,0.0293552122023805,99,23,"Isotropic",2304
"all",0.0010883014104338,0.0293552122023805,99,23,"Isotropic",2304
"interior",0.010110707245092,0.0409485993467798,80,24,"Isotropic",2304
"all",0.010110707245092,0.0409485993467798,80,24,"Isotropic",2304
"interior",0.00362454290016771,0.0335241121462782,104,25,"Isotropic",2304
"all",0.00362454290016771,0.0335241121462782,104,25,"Isotropic",2304
"interior",-4.3063402358029e-05,0.0386766165752813,80,26,"Isotropic",2304
"all",-4.3063402358029e-05,0.0386766165752813,80,26,"Isotropic",2304
"interior",0.00044068138069069,0.0320681266517984,96,27,"Isotropic",2304
"all",0.00044068138069069,0.0320681266517984,96,27,"Isotropic",2304
"interior",-0.0116823370343905,0.0386562420692863,93,28,"Isotropic",2304
"all",-0.0116823370343905,0.0386562420692863,93,28,"Isotropic",2304
"interior",0.00110262418815484,0.0263291495386964,102,29,"Isotropic",2304
"all",0.00110262418815484,0.0263291495386964,102,29,"Isotropic",2304
"interior",0.00888149397361661,0.0274495122516196,95,30,"Isotropic",2304
"all",0.00888149397361661,0.0274495122516196,95,30,"Isotropic",2304
"interior",0.00935061704771946,0.0261430486198893,109,31,"Isotropic",2304
"all",0.00935061704771946,0.0261430486198893,109,31,"Isotropic",2304
"interior",0.00337548483723937,0.0272636973091164,105,32,"Isotropic",2304
"all",0.00337548483723937,0.0272636973091164,105,32,"Isotropic",2304
"interior",-0.00314992711084033,0.0319170151204926,99,33,"Isotropic",2304
"all",-0.00314992711084033,0.0319170151204926,99,33,"Isotropic",2304
"interior",-0.0093289932335618,0.0319780384493117,102,34,"Isotropic",2304
"all",-0.0093289932335618,0.0319780384493117,102,34,"Isotropic",2304
"interior",0.0139298307093995,0.0387986618629355,94,35,"Isotropic",2304
"all",0.0139298307093995,0.0387986618629355,94,35,"Isotropic",2304
"interior",0.00410057025177235,0.0346536207907246,92,36,"Isotropic",2304
"all",0.00410057025177235,0.0346536207907246,92,36,"Isotropic",2304
"interior",0.0038321195008437,0.0509419947026828,71,37,"Isotropic",2304
"all",0.0038321195008437,0.0509419947026828,71,37,"Isotropic",2304
"interior",0.00144150403495748,0.0342762230668445,88,38,"Isotropic",2304
"all",0.00144150403495748,0.0342762230668445,88,38,"Isotropic",2304
"interior",0.00358971480561903,0.022583791679435,110,39,"Isotropic",2304
"all",0.00358971480561903,0.022583791679435,110,39,"Isotropic",2304
"interior",0.0128768389784546,0.03640390772955,92,40,"Isotropic",2304
"all",0.0128768389784546,0.03640390772955,92,40,"Isotropic",2304
"interior",0.0108343319304955,0.0293759858899834,105,41,"Isotropic",2304
"all",0.0108343319304955,0.0293759858899834,105,41,"Isotropic",2304
"interior",0.0049098683727796,0.0360095615983564,97,42,"Isotropic",2304
"all",0.0049098683727796,0.0360095615983564,97,42,"Isotropic",2304
"interior",0.00744084764340659,0.0379914688264527,77,43,"Isotropic",2304
"all",0.00744084764340659,0.0379914688264527,77,43,"Isotropic",2304
"interior",0.00500762143942293,0.0446514292976803,86,44,"Isotropic",2304
"all",0.00500762143942293,0.0446514292976803,86,44,"Isotropic",2304
"interior",0.00147359804097908,0.0298455741022289,112,45,"Isotropic",2304
"all",0.00147359804097908,0.0298455741022289,112,45,"Isotropic",2304
"interior",-0.000399949517560507,0.0285949754216171,95,46,"Isotropic",2304
"all",-0.000399949517560507,0.0285949754216171,95,46,"Isotropic",2304
"interior",-0.00425379038103924,0.0234480609401841,106,47,"Isotropic",2304
"all",-0.00425379038103924,0.0234480609401841,106,47,"Isotropic",2304
"interior",-0.00200354815961146,0.0283960589699508,109,48,"Isotropic",2304
"all",-0.00200354815961146,0.0283960589699508,109,48,"Isotropic",2304
"interior",-0.00570407516819717,0.0420837041064439,77,49,"Isotropic",2304
"all",-0.00570407516819717,0.0420837041064439,77,49,"Isotropic",2304
"interior",0.00038803183200273,0.0304477319509288,103,50,"Isotropic",2304
"all",0.00038803183200273,0.0304477319509288,103,50,"Isotropic",2304
"interior",-0.0307943673451602,0.0503679835677537,78,1,"Flux-conserved",2304
"all",-0.0307943673451602,0.0503679835677537,78,1,"Flux-conserved",2304
"interior",-0.00731208661795519,0.036045489593125,102,2,"Flux-conserved",2304
"all",-0.00731208661795519,0.036045489593125,102,2,"Flux-conserved",2304
"interior",-0.0140319946858559,0.0393988490479274,98,3,"Flux-conserved",2304
"all",-0.0140319946858559,0.0393988490479274,98,3,"Flux-conserved",2304
"interior",-0.0219961571693522,0.0470536751484202,89,4,"Flux-conserved",2304
"all",-0.0219961571693522,0.0470536751484202,89,4,"Flux-conserved",2304
"interior",-0.0244987066331462,0.0547457076890452,69,5,"Flux-conserved",2304
"all",-0.0244987066331462,0.0547457076890452,69,5,"Flux-conserved",2304
"interior",-0.0144067916367902,0.0336034207647259,118,6,"Flux-conserved",2304
"all",-0.0144067916367902,0.0336034207647259,118,6,"Flux-conserved",2304
"interior",-0.00950962106736095,0.0434074427208472,88,7,"Flux-conserved",2304
"all",-0.00950962106736095,0.0434074427208472,88,7,"Flux-conserved",2304
"interior",-0.0141456764032411,0.035265581186594,85,8,"Flux-conserved",2304
"all",-0.0141456764032411,0.035265581186594,85,8,"Flux-conserved",2304
"interior",-0.0201239133303405,0.0400649532908321,89,9,"Flux-conserved",2304
"all",-0.0201239133303405,0.0400649532908321,89,9,"Flux-conserved",2304
"interior",-0.0388066161654509,0.0614904814901074,69,10,"Flux-conserved",2304
"all",-0.0388066161654509,0.0614904814901074,69,10,"Flux-conserved",2304
"interior",-0.0219799107903345,0.0523096017098401,78,11,"Flux-conserved",2304
"all",-0.0219799107903345,0.0523096017098401,78,11,"Flux-conserved",2304
"interior",-0.0101118577063896,0.0306148163532447,90,12,"Flux-conserved",2304
"all",-0.0101118577063896,0.0306148163532447,90,12,"Flux-conserved",2304
"interior",-0.039193953591849,0.0598864038216639,68,13,"Flux-conserved",2304
"all",-0.039193953591849,0.0598864038216639,68,13,"Flux-conserved",2304
"interior",-0.0355457158957844,0.0518768170255102,87,14,"Flux-conserved",2304
"all",-0.0355457158957844,0.0518768170255102,87,14,"Flux-conserved",2304
"interior",-0.0126634323656412,0.0445037580354497,95,15,"Flux-conserved",2304
"all",-0.0126634323656412,0.0445037580354497,95,15,"Flux-conserved",2304
"interior",-0.0201300713780677,0.0423873180053293,93,16,"Flux-conserved",2304
"all",-0.0201300713780677,0.0423873180053293,93,16,"Flux-conserved",2304
"interior",-0.012669136248848,0.0270399990783894,112,17,"Flux-conserved",2304
"all",-0.012669136248848,0.0270399990783894,112,17,"Flux-conserved",2304
"interior",-0.0194225858172597,0.0495408540867166,85,18,"Flux-conserved",2304
"all",-0.0194225858172597,0.0495408540867166,85,18,"Flux-conserved",2304
"interior",-0.02166681495263,0.0424430073711743,99,19,"Flux-conserved",2304
"all",-0.02166681495263,0.0424430073711743,99,19,"Flux-conserved",2304
"interior",-0.0159979274997192,0.0331141234526106,104,20,"Flux-conserved",2304
"all",-0.0159979274997192,0.0331141234526106,104,20,"Flux-conserved",2304
"interior",-0.0246583189101406,0.0488582240245368,71,21,"Flux-conserved",2304
"all",-0.0246583189101406,0.0488582240245368,71,21,"Flux-conserved",2304
"interior",-0.0252738902811055,0.047759949532797,81,22,"Flux-conserved",2304
"all",-0.0252738902811055,0.047759949532797,81,22,"Flux-conserved",2304
"interior",-0.016672320095259,0.0494797953446354,91,23,"Flux-conserved",2304
"all",-0.016672320095259,0.0494797953446354,91,23,"Flux-conserved",2304
"interior",-0.00611860531581452,0.026160930186517,101,24,"Flux-conserved",2304
"all",-0.00611860531581452,0.026160930186517,101,24,"Flux-conserved",2304
"interior",-0.018442147872103,0.0511639453949672,71,25,"Flux-conserved",2304
"all",-0.018442147872103,0.0511639453949672,71,25,"Flux-conserved",2304
"interior",-0.0162727364486521,0.0410478181370212,87,26,"Flux-conserved",2304
"all",-0.0162727364486521,0.0410478181370212,87,26,"Flux-conserved",2304
"interior",-0.0263702224013039,0.0454198079079111,97,27,"Flux-conserved",2304
"all",-0.0263702224013039,0.0454198079079111,97,27,"Flux-conserved",2304
"interior",-0.0138747158462604,0.0415756124426338,82,28,"Flux-conserved",2304
"all",-0.0138747158462604,0.0415756124426338,82,28,"Flux-conserved",2304
"interior",-0.0177858712447298,0.0355498000163845,108,29,"Flux-conserved",2304
"all",-0.0177858712447298,0.0355498000163845,108,29,"Flux-conserved",2304
"interior",-0.020064937521461,0.0587380890471897,70,30,"Flux-conserved",2304
"all",-0.020064937521461,0.0587380890471897,70,30,"Flux-conserved",2304
"interior",-0.0299516610819765,0.0472387772573504,80,31,"Flux-conserved",2304
"all",-0.0299516610819765,0.0472387772573504,80,31,"Flux-conserved",2304
"interior",-0.0217920530642383,0.0416682038474175,88,32,"Flux-conserved",2304
"all",-0.0217920530642383,0.0416682038474175,88,32,"Flux-conserved",2304
"interior",-0.0185108686508532,0.0374846043359045,97,33,"Flux-conserved",2304
"all",-0.0185108686508532,0.0374846043359045,97,33,"Flux-conserved",2304
"interior",-0.0125157463049974,0.034168637501156,101,34,"Flux-conserved",2304
"all",-0.0125157463049974,0.034168637501156,101,34,"Flux-conserved",2304
"interior",-0.0102173175067725,0.0365812069521289,96,35,"Flux-conserved",2304
"all",-0.0102173175067725,0.0365812069521289,96,35,"Flux-conserved",2304
"interior",-0.00996439122244555,0.0376034557867463,79,36,"Flux-conserved",2304
"all",-0.00996439122244555,0.0376034557867463,79,36,"Flux-conserved",2304
"interior",-0.0200430831516959,0.0452550224413031,82,37,"Flux-conserved",2304
"all",-0.0200430831516959,0.0452550224413031,82,37,"Flux-conserved",2304
"interior",-0.00835166907136035,0.0272229862303347,100,38,"Flux-conserved",2304
"all",-0.00835166907136035,0.0272229862303347,100,38,"Flux-conserved",2304
"interior",-0.0219445928118148,0.035038794081671,94,39,"Flux-conserved",2304
"all",-0.0219445928118148,0.035038794081671,94,39,"Flux-conserved",2304
"interior",-0.00257491109214087,0.0366847812262965,94,40,"Flux-conserved",2304
"all",-0.00257491109214087,0.0366847812262965,94,40,"Flux-conserved",2304
"interior",-0.0101322148839116,0.0324309378633726,94,41,"Flux-conserved",2304
"all",-0.0101322148839116,0.0324309378633726,94,41,"Flux-conserved",2304
"interior",-0.0112796204406334,0.0390802513992601,104,42,"Flux-conserved",2304
"all",-0.0112796204406334,0.0390802513992601,104,42,"Flux-conserved",2304
"interior",-0.0147015236508263,0.0298417221290864,107,43,"Flux-conserved",2304
"all",-0.0147015236508263,0.0298417221290864,107,43,"Flux-conserved",2304
"interior",-0.0217360340823492,0.0390105017453096,79,44,"Flux-conserved",2304
"all",-0.0217360340823492,0.0390105017453096,79,44,"Flux-conserved",2304
"interior",-0.0204146456882831,0.0318718245056184,92,45,"Flux-conserved",2304
"all",-0.0204146456882831,0.0318718245056184,92,45,"Flux-conserved",2304
"interior",-0.0156237250048554,0.0522835246870048,79,46,"Flux-conserved",2304
"all",-0.0156237250048554,0.0522835246870048,79,46,"Flux-conserved",2304
"interior",-0.0053498596520565,0.032896300422821,99,47,"Flux-conserved",2304
"all",-0.0053498596520565,0.032896300422821,99,47,"Flux-conserved",2304
"interior",-0.00410108115850878,0.0376244867609232,84,48,"Flux-conserved",2304
"all",-0.00410108115850878,0.0376244867609232,84,48,"Flux-conserved",2304
"interior",-0.0261048826532163,0.0420822018132008,88,49,"Flux-conserved",2304
"all",-0.0261048826532163,0.0420822018132008,88,49,"Flux-conserved",2304
"interior",-0.0132006406741474,0.0356177126960317,91,50,"Flux-conserved",2304
"all",-0.0132006406741474,0.0356177126960317,91,50,"Flux-conserved",2304
"interior",-0.00447479405807533,0.0480719920658886,74,1,"Rate-conserved",2304
"all",-0.00447479405807533,0.0480719920658886,74,1,"Rate-conserved",2304
"interior",-0.00850100124798185,0.0251549776088931,97,2,"Rate-conserved",2304
"all",-0.00850100124798185,0.0251549776088931,97,2,"Rate-conserved",2304
"interior",-0.00854386103494058,0.0411109174480793,89,3,"Rate-conserved",2304
"all",-0.00854386103494058,0.0411109174480793,89,3,"Rate-conserved",2304
"interior",-0.00865599052232027,0.0391869681921254,87,4,"Rate-conserved",2304
"all",-0.00865599052232027,0.0391869681921254,87,4,"Rate-conserved",2304
"interior",-0.0133558495029474,0.0340968536072689,91,5,"Rate-conserved",2304
"all",-0.0133558495029474,0.0340968536072689,91,5,"Rate-conserved",2304
"interior",-0.0108042056624046,0.0448793174139083,93,6,"Rate-conserved",2304
"all",-0.0108042056624046,0.0448793174139083,93,6,"Rate-conserved",2304
"interior",-0.0101898782579514,0.0412193437217046,85,7,"Rate-conserved",2304
"all",-0.0101898782579514,0.0412193437217046,85,7,"Rate-conserved",2304
"interior",-0.00586710725922397,0.0351763699309069,99,8,"Rate-conserved",2304
"all",-0.00586710725922397,0.0351763699309069,99,8,"Rate-conserved",2304
"interior",-0.00892073171191811,0.0373014298765319,96,9,"Rate-conserved",2304
"all",-0.00892073171191811,0.0373014298765319,96,9,"Rate-conserved",2304
"interior",-0.0182851182303949,0.0368755995874456,90,10,"Rate-conserved",2304
"all",-0.0182851182303949,0.0368755995874456,90,10,"Rate-conserved",2304
"interior",-0.0062435826013282,0.0406034500101107,78,11,"Rate-conserved",2304
"all",-0.0062435826013282,0.0406034500101107,78,11,"Rate-conserved",2304
"interior",-0.00177350885240931,0.0281756883521481,101,12,"Rate-conserved",2304
"all",-0.00177350885240931,0.0281756883521481,101,12,"Rate-conserved",2304
"interior",-0.0105452118714552,0.0430879258442999,77,13,"Rate-conserved",2304
"all",-0.0105452118714552,0.0430879258442999,77,13,"Rate-conserved",2304
"interior",-0.0208901867547004,0.0406840109634637,102,14,"Rate-conserved",2304
"all",-0.0208901867547004,0.0406840109634637,102,14,"Rate-conserved",2304
"interior",-0.0169112445541997,0.0436435882268165,83,15,"Rate-conserved",2304
"all",-0.0169112445541997,0.0436435882268165,83,15,"Rate-conserved",2304
"interior",-0.00460493724656489,0.0315098513603303,102,16,"Rate-conserved",2304
"all",-0.00460493724656489,0.0315098513603303,102,16,"Rate-conserved",2304
"interior",-0.00305783101565174,0.0297398040137437,103,17,"Rate-conserved",2304
"all",-0.00305783101565174,0.0297398040137437,103,17,"Rate-conserved",2304
"interior",-0.0145643212871495,0.0472116883247269,72,18,"Rate-conserved",2304
"all",-0.0145643212871495,0.0472116883247269,72,18,"Rate-conserved",2304
"interior",-0.00834960239368219,0.0304847551524195,95,19,"Rate-conserved",2304
"all",-0.00834960239368219,0.0304847551524195,95,19,"Rate-conserved",2304
"interior",0.00229691618162227,0.0325316459492732,103,20,"Rate-conserved",2304
"all",0.00229691618162227,0.0325316459492732,103,20,"Rate-conserved",2304
"interior",-0.0102813743278583,0.0474965415638575,77,21,"Rate-conserved",2304
"all",-0.0102813743278583,0.0474965415638575,77,21,"Rate-conserved",2304
"interior",-0.0059168106018286,0.0509228412714678,73,22,"Rate-conserved",2304
"all",-0.0059168106018286,0.0509228412714678,73,22,"Rate-conserved",2304
"interior",-0.0146259610451002,0.0397144543542753,83,23,"Rate-conserved",2304
"all",-0.0146259610451002,0.0397144543542753,83,23,"Rate-conserved",2304
"interior",0.00278670953340568,0.0357695562843048,88,24,"Rate-conserved",2304
"all",0.00278670953340568,0.0357695562843048,88,24,"Rate-conserved",2304
"interior",-0.0122174416216179,0.0459372149197106,83,25,"Rate-conserved",2304
"all",-0.0122174416216179,0.0459372149197106,83,25,"Rate-conserved",2304
"interior",-0.0141988964053797,0.040569527500198,73,26,"Rate-conserved",2304
"all",-0.0141988964053797,0.040569527500198,73,26,"Rate-conserved",2304
"interior",-0.00734720900442022,0.0462517192861536,76,27,"Rate-conserved",2304
"all",-0.00734720900442022,0.0462517192861536,76,27,"Rate-conserved",2304
"interior",-0.014286012067702,0.0399220666911957,86,28,"Rate-conserved",2304
"all",-0.014286012067702,0.0399220666911957,86,28,"Rate-conserved",2304
"interior",-0.0273829427027648,0.0463174519600345,92,29,"Rate-conserved",2304
"all",-0.0273829427027648,0.0463174519600345,92,29,"Rate-conserved",2304
"interior",0.0107506461845132,0.0355174715042408,92,30,"Rate-conserved",2304
"all",0.0107506461845132,0.0355174715042408,92,30,"Rate-conserved",2304
"interior",-0.00188766283176449,0.0253534881737033,95,31,"Rate-conserved",2304
"all",-0.00188766283176449,0.0253534881737033,95,31,"Rate-conserved",2304
"interior",-0.00474416416900729,0.0398912869573787,82,32,"Rate-conserved",2304
"all",-0.00474416416900729,0.0398912869573787,82,32,"Rate-conserved",2304
"interior",-0.0149225368165618,0.0385561846806854,87,33,"Rate-conserved",2304
"all",-0.0149225368165618,0.0385561846806854,87,33,"Rate-conserved",2304
"interior",-0.00215566978757003,0.0226316441592187,120,34,"Rate-conserved",2304
"all",-0.00215566978757003,0.0226316441592187,120,34,"Rate-conserved",2304
"interior",0.00733189134622758,0.0311590014277266,109,35,"Rate-conserved",2304
"all",0.00733189134622758,0.0311590014277266,109,35,"Rate-conserved",2304
"interior",0.000821607399948342,0.0236577342368484,105,36,"Rate-conserved",2304
"all",0.000821607399948342,0.0236577342368484,105,36,"Rate-conserved",2304
"interior",-0.00261212335389802,0.0305799280278539,107,37,"Rate-conserved",2304
"all",-0.00261212335389802,0.0305799280278539,107,37,"Rate-conserved",2304
"interior",-0.00951641213217165,0.0336233368389333,92,38,"Rate-conserved",2304
"all",-0.00951641213217165,0.0336233368389333,92,38,"Rate-conserved",2304
"interior",-0.00203573323177903,0.0447475795438817,93,39,"Rate-conserved",2304
"all",-0.00203573323177903,0.0447475795438817,93,39,"Rate-conserved",2304
"interior",-0.0108816648674161,0.0319171545806271,100,40,"Rate-conserved",2304
"all",-0.0108816648674161,0.0319171545806271,100,40,"Rate-conserved",2304
"interior",-0.00504023260996006,0.0295584417943743,90,41,"Rate-conserved",2304
"all",-0.00504023260996006,0.0295584417943743,90,41,"Rate-conserved",2304
"interior",-0.0159103036211267,0.0391295171339498,83,42,"Rate-conserved",2304
"all",-0.0159103036211267,0.0391295171339498,83,42,"Rate-conserved",2304
"interior",-0.0109859650059892,0.044080721896499,83,43,"Rate-conserved",2304
"all",-0.0109859650059892,0.044080721896499,83,43,"Rate-conserved",2304
"interior",-0.00493373376552491,0.036797878245296,94,44,"Rate-conserved",2304
"all",-0.00493373376552491,0.036797878245296,94,44,"Rate-conserved",2304
"interior",-0.00181096053347013,0.0355849018958721,99,45,"Rate-conserved",2304
"all",-0.00181096053347013,0.0355849018958721,99,45,"Rate-conserved",2304
"interior",-0.0158612709837139,0.0453320294634101,81,46,"Rate-conserved",2304
"all",-0.0158612709837139,0.0453320294634101,81,46,"Rate-conserved",2304
"interior",-0.00869249190358038,0.0420788926452998,80,47,"Rate-conserved",2304
"all",-0.00869249190358038,0.0420788926452998,80,47,"Rate-conserved",2304
"interior",0.00874024959061925,0.0358224905949497,85,48,"Rate-conserved",2304
"all",0.00874024959061925,0.0358224905949497,85,48,"Rate-conserved",2304
"interior",-0.00982919822649283,0.0401974043924035,87,49,"Rate-conserved",2304
"all",-0.00982919822649283,0.0401974043924035,87,49,"Rate-conserved",2304
"interior",0.00674537202679136,0.0450028896961398,94,50,"Rate-conserved",2304
"all",0.00674537202679136,0.0450028896961398,94,50,"Rate-conserved",2304
"interior",-0.00539281135804195,0.0262121395000322,111,1,"Isotropic",2354
"all",-0.00539281135804195,0.0262121395000322,111,1,"Isotropic",2354
"interior",-0.00197238079779864,0.0394964327736032,75,2,"Isotropic",2354
"all",-0.00197238079779864,0.0394964327736032,75,2,"Isotropic",2354
"interior",0.0047522278068551,0.031928543753042,102,3,"Isotropic",2354
"all",0.0047522278068551,0.031928543753042,102,3,"Isotropic",2354
"interior",0.000879928501571838,0.0198368317656248,126,4,"Isotropic",2354
"all",0.000879928501571838,0.0198368317656248,126,4,"Isotropic",2354
"interior",-0.0042280355608394,0.0335698065106688,82,5,"Isotropic",2354
"all",-0.0042280355608394,0.0335698065106688,82,5,"Isotropic",2354
"interior",-0.011338694727357,0.0439762505472641,84,6,"Isotropic",2354
"all",-0.011338694727357,0.0439762505472641,84,6,"Isotropic",2354
"interior",-0.00483654512460735,0.0341733629291888,90,7,"Isotropic",2354
"all",-0.00483654512460735,0.0341733629291888,90,7,"Isotropic",2354
"interior",0.00634411263083733,0.0430013738344424,83,8,"Isotropic",2354
"all",0.00634411263083733,0.0430013738344424,83,8,"Isotropic",2354
"interior",0.00265776257716742,0.0419067023267467,83,9,"Isotropic",2354
"all",0.00265776257716742,0.0419067023267467,83,9,"Isotropic",2354
"interior",-0.00616451148566173,0.0306968103244057,86,10,"Isotropic",2354
"all",-0.00616451148566173,0.0306968103244057,86,10,"Isotropic",2354
"interior",0.00721965923331059,0.0292386760784752,113,11,"Isotropic",2354
"all",0.00721965923331059,0.0292386760784752,113,11,"Isotropic",2354
"interior",0.013614495678184,0.0306287485840845,127,12,"Isotropic",2354
"all",0.013614495678184,0.0306287485840845,127,12,"Isotropic",2354
"interior",-0.00302704612832962,0.033010632812595,88,13,"Isotropic",2354
"all",-0.00302704612832962,0.033010632812595,88,13,"Isotropic",2354
"interior",-0.0052071398155294,0.0295642421758654,103,14,"Isotropic",2354
"all",-0.0052071398155294,0.0295642421758654,103,14,"Isotropic",2354
"interior",0.00298838030485295,0.0365989358219737,90,15,"Isotropic",2354
"all",0.00298838030485295,0.0365989358219737,90,15,"Isotropic",2354
"interior",0.00340436798327128,0.0238824840548651,102,16,"Isotropic",2354
"all",0.00340436798327128,0.0238824840548651,102,16,"Isotropic",2354
"interior",-0.000130091573720979,0.0307006389502688,102,17,"Isotropic",2354
"all",-0.000130091573720979,0.0307006389502688,102,17,"Isotropic",2354
"interior",-0.0026900778933814,0.0361007207611633,80,18,"Isotropic",2354
"all",-0.0026900778933814,0.0361007207611633,80,18,"Isotropic",2354
"interior",0.000952214778196974,0.0344854614949263,86,19,"Isotropic",2354
"all",0.000952214778196974,0.0344854614949263,86,19,"Isotropic",2354
"interior",-0.00689258142362213,0.037985808235161,90,20,"Isotropic",2354
"all",-0.00689258142362213,0.037985808235161,90,20,"Isotropic",2354
"interior",0.00769153491747011,0.0571501427826811,72,21,"Isotropic",2354
"all",0.00769153491747011,0.0571501427826811,72,21,"Isotropic",2354
"interior",-0.00655137919566715,0.0232348136157602,112,22,"Isotropic",2354
"all",-0.00655137919566715,0.0232348136157602,112,22,"Isotropic",2354
"interior",-0.0027619223943356,0.0436520631134967,80,23,"Isotropic",2354
"all",-0.0027619223943356,0.0436520631134967,80,23,"Isotropic",2354
"interior",-0.00358828286476922,0.0339863024607624,93,24,"Isotropic",2354
"all",-0.00358828286476922,0.0339863024607624,93,24,"Isotropic",2354
"interior",0.0045023638996969,0.0304915917128476,100,25,"Isotropic",2354
"all",0.0045023638996969,0.0304915917128476,100,25,"Isotropic",2354
"interior",0.00402419198134563,0.0453268702246006,86,26,"Isotropic",2354
"all",0.00402419198134563,0.0453268702246006,86,26,"Isotropic",2354
"interior",0.00682379393290612,0.0338867896651789,80,27,"Isotropic",2354
"all",0.00682379393290612,0.0338867896651789,80,27,"Isotropic",2354
"interior",-0.00103906103361484,0.0280511792810661,86,28,"Isotropic",2354
"all",-0.00103906103361484,0.0280511792810661,86,28,"Isotropic",2354
"interior",0.00123981099625533,0.0350601533630094,102,29,"Isotropic",2354
"all",0.00123981099625533,0.0350601533630094,102,29,"Isotropic",2354
"interior",0.00881638005076045,0.0294236702552729,91,30,"Isotropic",2354
"all",0.00881638005076045,0.0294236702552729,91,30,"Isotropic",2354
"interior",0.00847391030974838,0.0271956215521789,102,31,"Isotropic",2354
"all",0.00847391030974838,0.0271956215521789,102,31,"Isotropic",2354
"interior",0.00417497765842687,0.031121658379972,98,32,"Isotropic",2354
"all",0.00417497765842687,0.031121658379972,98,32,"Isotropic",2354
"interior",-3.1307262921963e-05,0.025191714445959,99,33,"Isotropic",2354
"all",-3.1307262921963e-05,0.025191714445959,99,33,"Isotropic",2354
"interior",-0.00121313424348128,0.0284002992400294,107,34,"Isotropic",2354
"all",-0.00121313424348128,0.0284002992400294,107,34,"Isotropic",2354
"interior",0.00648925686448002,0.0374747582564645,100,35,"Isotropic",2354
"all",0.00648925686448002,0.0374747582564645,100,35,"Isotropic",2354
"interior",0.00870643570414273,0.0374384103724602,89,36,"Isotropic",2354
"all",0.00870643570414273,0.0374384103724602,89,36,"Isotropic",2354
"interior",-0.00610399759737451,0.0262846458116001,91,37,"Isotropic",2354
"all",-0.00610399759737451,0.0262846458116001,91,37,"Isotropic",2354
"interior",0.000727532295656442,0.0234258540628176,90,38,"Isotropic",2354
"all",0.000727532295656442,0.0234258540628176,90,38,"Isotropic",2354
"interior",-0.00658663554030379,0.0331815319153558,111,39,"Isotropic",2354
"all",-0.00658663554030379,0.0331815319153558,111,39,"Isotropic",2354
"interior",0.0029110934504602,0.0372003280796795,88,40,"Isotropic",2354
"all",0.0029110934504602,0.0372003280796795,88,40,"Isotropic",2354
"interior",0.00908303161604873,0.0360786619758169,102,41,"Isotropic",2354
"all",0.00908303161604873,0.0360786619758169,102,41,"Isotropic",2354
"interior",0.00474466638465333,0.0349714562548025,107,42,"Isotropic",2354
"all",0.00474466638465333,0.0349714562548025,107,42,"Isotropic",2354
"interior",-0.00123516480758716,0.0347206276852479,81,43,"Isotropic",2354
"all",-0.00123516480758716,0.0347206276852479,81,43,"Isotropic",2354
"interior",-0.00604088710820551,0.0226722647065923,114,44,"Isotropic",2354
"all",-0.00604088710820551,0.0226722647065923,114,44,"Isotropic",2354
"interior",-0.0073074635346496,0.0299135198591826,114,45,"Isotropic",2354
"all",-0.0073074635346496,0.0299135198591826,114,45,"Isotropic",2354
"interior",0.00212866347831074,0.0286340260019755,104,46,"Isotropic",2354
"all",0.00212866347831074,0.0286340260019755,104,46,"Isotropic",2354
"interior",0.00613537861482175,0.0235753897359156,128,47,"Isotropic",2354
"all",0.00613537861482175,0.0235753897359156,128,47,"Isotropic",2354
"interior",0.00895173538393315,0.0251173233682658,118,48,"Isotropic",2354
"all",0.00895173538393315,0.0251173233682658,118,48,"Isotropic",2354
"interior",0.00505975662183912,0.0288919484851735,105,49,"Isotropic",2354
"all",0.00505975662183912,0.0288919484851735,105,49,"Isotropic",2354
"interior",0.00412732652101333,0.0389644343210671,83,50,"Isotropic",2354
"all",0.00412732652101333,0.0389644343210671,83,50,"Isotropic",2354
"interior",-0.0149449659597109,0.046713482322225,79,1,"Flux-conserved",2354
"all",-0.0149449659597109,0.046713482322225,79,1,"Flux-conserved",2354
"interior",-0.0161893925549587,0.0504835357083326,87,2,"Flux-conserved",2354
"all",-0.0161893925549587,0.0504835357083326,87,2,"Flux-conserved",2354
"interior",-0.0167116005974977,0.0429485309849564,96,3,"Flux-conserved",2354
"all",-0.0167116005974977,0.0429485309849564,96,3,"Flux-conserved",2354
"interior",-0.0287967601110612,0.0451978170759149,99,4,"Flux-conserved",2354
"all",-0.0287967601110612,0.0451978170759149,99,4,"Flux-conserved",2354
"interior",-0.00932580481724981,0.0598718240668658,71,5,"Flux-conserved",2354
"all",-0.00932580481724981,0.0598718240668658,71,5,"Flux-conserved",2354
"interior",-0.0183969868512932,0.0367387729489194,113,6,"Flux-conserved",2354
"all",-0.0183969868512932,0.0367387729489194,113,6,"Flux-conserved",2354
"interior",-0.0229579896109409,0.0394200810657962,95,7,"Flux-conserved",2354
"all",-0.0229579896109409,0.0394200810657962,95,7,"Flux-conserved",2354
"interior",-0.00530643838779635,0.0473661668473887,77,8,"Flux-conserved",2354
"all",-0.00530643838779635,0.0473661668473887,77,8,"Flux-conserved",2354
"interior",-0.0169939822438832,0.0404993288818554,97,9,"Flux-conserved",2354
"all",-0.0169939822438832,0.0404993288818554,97,9,"Flux-conserved",2354
"interior",-0.0201851846900991,0.06987364254071,73,10,"Flux-conserved",2354
"all",-0.0201851846900991,0.06987364254071,73,10,"Flux-conserved",2354
"interior",-0.0250551606145081,0.0415020264986485,94,11,"Flux-conserved",2354
"all",-0.0250551606145081,0.0415020264986485,94,11,"Flux-conserved",2354
"interior",-0.0217880035699949,0.0563385896734332,63,12,"Flux-conserved",2354
"leaf-incident",0.722250388089364,0.722250388089364,3,12,"Flux-conserved",2354
"all",0.0120319233236123,0.0866073077832483,66,12,"Flux-conserved",2354
"interior",-0.0378967637281034,0.0641342301961302,68,13,"Flux-conserved",2354
"all",-0.0378967637281034,0.0641342301961302,68,13,"Flux-conserved",2354
"interior",-0.0283051284660226,0.0552993900052105,86,14,"Flux-conserved",2354
"all",-0.0283051284660226,0.0552993900052105,86,14,"Flux-conserved",2354
"interior",-0.0194372010909933,0.048759683064488,85,15,"Flux-conserved",2354
"all",-0.0194372010909933,0.048759683064488,85,15,"Flux-conserved",2354
"interior",-0.0173119677580041,0.0547490048161029,88,16,"Flux-conserved",2354
"all",-0.0173119677580041,0.0547490048161029,88,16,"Flux-conserved",2354
"interior",-0.00834792798106169,0.042571980877917,83,17,"Flux-conserved",2354
"all",-0.00834792798106169,0.042571980877917,83,17,"Flux-conserved",2354
"interior",-0.0325299200826283,0.0665120484734155,57,18,"Flux-conserved",2354
"leaf-incident",0.568010036543629,0.568010036543629,2,18,"Flux-conserved",2354
"all",-0.0121726334173315,0.0835119802724058,59,18,"Flux-conserved",2354
"interior",-0.0193123164600136,0.0421899188882604,87,19,"Flux-conserved",2354
"all",-0.0193123164600136,0.0421899188882604,87,19,"Flux-conserved",2354
"interior",-0.019668627611443,0.0360335568186804,90,20,"Flux-conserved",2354
"all",-0.019668627611443,0.0360335568186804,90,20,"Flux-conserved",2354
"interior",-0.0309792090374693,0.0726163547373398,60,21,"Flux-conserved",2354
"leaf-incident",0,0.53560838069109,2,21,"Flux-conserved",2354
"all",-0.02997987971368,0.0875515813810092,62,21,"Flux-conserved",2354
"interior",-0.0124622760507464,0.0474674475964325,77,22,"Flux-conserved",2354
"all",-0.0124622760507464,0.0474674475964325,77,22,"Flux-conserved",2354
"interior",-0.0284886086109255,0.0370101580927049,96,23,"Flux-conserved",2354
"all",-0.0284886086109255,0.0370101580927049,96,23,"Flux-conserved",2354
"interior",-0.0121166218232029,0.0396860250164641,107,24,"Flux-conserved",2354
"all",-0.0121166218232029,0.0396860250164641,107,24,"Flux-conserved",2354
"interior",-0.0074189901100689,0.0649735139520092,66,25,"Flux-conserved",2354
"all",-0.0074189901100689,0.0649735139520092,66,25,"Flux-conserved",2354
"interior",-0.0275346710943811,0.0441727632143848,90,26,"Flux-conserved",2354
"all",-0.0275346710943811,0.0441727632143848,90,26,"Flux-conserved",2354
"interior",-0.0222941787407313,0.04702244885696,93,27,"Flux-conserved",2354
"all",-0.0222941787407313,0.04702244885696,93,27,"Flux-conserved",2354
"interior",-0.0158602797182635,0.0414523942054453,91,28,"Flux-conserved",2354
"all",-0.0158602797182635,0.0414523942054453,91,28,"Flux-conserved",2354
"interior",-0.0211068390289578,0.0556320674533511,89,29,"Flux-conserved",2354
"all",-0.0211068390289578,0.0556320674533511,89,29,"Flux-conserved",2354
"interior",-0.0208721366380108,0.0388339468382724,95,30,"Flux-conserved",2354
"all",-0.0208721366380108,0.0388339468382724,95,30,"Flux-conserved",2354
"interior",-0.0204786756126273,0.0432768413025816,83,31,"Flux-conserved",2354
"all",-0.0204786756126273,0.0432768413025816,83,31,"Flux-conserved",2354
"interior",-0.0242123556092552,0.0462317377674813,89,32,"Flux-conserved",2354
"all",-0.0242123556092552,0.0462317377674813,89,32,"Flux-conserved",2354
"interior",-0.0271029375951217,0.0527401137773716,83,33,"Flux-conserved",2354
"all",-0.0271029375951217,0.0527401137773716,83,33,"Flux-conserved",2354
"interior",-0.014361302045865,0.0431575611316281,88,34,"Flux-conserved",2354
"all",-0.014361302045865,0.0431575611316281,88,34,"Flux-conserved",2354
"interior",-0.0125625143302522,0.0358969818906201,100,35,"Flux-conserved",2354
"all",-0.0125625143302522,0.0358969818906201,100,35,"Flux-conserved",2354
"interior",-0.0121736681442351,0.0393711297438737,81,36,"Flux-conserved",2354
"all",-0.0121736681442351,0.0393711297438737,81,36,"Flux-conserved",2354
"interior",-0.0284211288466851,0.0532626260801004,79,37,"Flux-conserved",2354
"all",-0.0284211288466851,0.0532626260801004,79,37,"Flux-conserved",2354
"interior",-0.0145994920581391,0.0308932418006587,103,38,"Flux-conserved",2354
"all",-0.0145994920581391,0.0308932418006587,103,38,"Flux-conserved",2354
"interior",-0.00612559103441173,0.0452963771225662,87,39,"Flux-conserved",2354
"all",-0.00612559103441173,0.0452963771225662,87,39,"Flux-conserved",2354
"interior",-0.017694681681422,0.0419679510062917,82,40,"Flux-conserved",2354
"all",-0.017694681681422,0.0419679510062917,82,40,"Flux-conserved",2354
"interior",-0.0128051823103445,0.0369554018413241,86,41,"Flux-conserved",2354
"all",-0.0128051823103445,0.0369554018413241,86,41,"Flux-conserved",2354
"interior",-0.0166312454836589,0.0382211260412885,85,42,"Flux-conserved",2354
"all",-0.0166312454836589,0.0382211260412885,85,42,"Flux-conserved",2354
"interior",-0.0127408182348709,0.0426433135232037,89,43,"Flux-conserved",2354
"all",-0.0127408182348709,0.0426433135232037,89,43,"Flux-conserved",2354
"interior",-0.00688776502181848,0.0560437575818623,72,44,"Flux-conserved",2354
"all",-0.00688776502181848,0.0560437575818623,72,44,"Flux-conserved",2354
"interior",-0.0192161280549208,0.0421196248286266,89,45,"Flux-conserved",2354
"all",-0.0192161280549208,0.0421196248286266,89,45,"Flux-conserved",2354
"interior",-0.0126251313735718,0.0442176299072508,83,46,"Flux-conserved",2354
"all",-0.0126251313735718,0.0442176299072508,83,46,"Flux-conserved",2354
"interior",-0.00863676655413834,0.0372300145389563,90,47,"Flux-conserved",2354
"all",-0.00863676655413834,0.0372300145389563,90,47,"Flux-conserved",2354
"interior",-0.0162922091820024,0.033809746884944,86,48,"Flux-conserved",2354
"all",-0.0162922091820024,0.033809746884944,86,48,"Flux-conserved",2354
"interior",0.0007153197505827,0.047444628401552,80,49,"Flux-conserved",2354
"all",0.0007153197505827,0.047444628401552,80,49,"Flux-conserved",2354
"interior",-0.00304363135303624,0.0250021461260111,109,50,"Flux-conserved",2354
"all",-0.00304363135303624,0.0250021461260111,109,50,"Flux-conserved",2354
"interior",-0.00250740193125061,0.0323395851550849,93,1,"Rate-conserved",2354
"all",-0.00250740193125061,0.0323395851550849,93,1,"Rate-conserved",2354
"interior",-0.0106573826659317,0.0355254341256639,96,2,"Rate-conserved",2354
"all",-0.0106573826659317,0.0355254341256639,96,2,"Rate-conserved",2354
"interior",-0.0161510794927042,0.0433570696323708,88,3,"Rate-conserved",2354
"all",-0.0161510794927042,0.0433570696323708,88,3,"Rate-conserved",2354
"interior",-0.00404777273849347,0.0304567080893696,97,4,"Rate-conserved",2354
"all",-0.00404777273849347,0.0304567080893696,97,4,"Rate-conserved",2354
"interior",-0.014955222496895,0.0404452530971272,79,5,"Rate-conserved",2354
"all",-0.014955222496895,0.0404452530971272,79,5,"Rate-conserved",2354
"interior",-0.00624642500561661,0.0311531660975925,92,6,"Rate-conserved",2354
"all",-0.00624642500561661,0.0311531660975925,92,6,"Rate-conserved",2354
"interior",-0.0109352308819037,0.0359691538382111,98,7,"Rate-conserved",2354
"all",-0.0109352308819037,0.0359691538382111,98,7,"Rate-conserved",2354
"interior",0.00184707463157468,0.0243563936910847,106,8,"Rate-conserved",2354
"all",0.00184707463157468,0.0243563936910847,106,8,"Rate-conserved",2354
"interior",-0.0164634356837453,0.0360227383292218,104,9,"Rate-conserved",2354
"all",-0.0164634356837453,0.0360227383292218,104,9,"Rate-conserved",2354
"interior",-0.0260085622629474,0.0392064877973153,84,10,"Rate-conserved",2354
"leaf-incident",0.494693643550276,0.494693643550276,1,10,"Rate-conserved",2354
"all",-0.0198826539592624,0.0445651602179384,85,10,"Rate-conserved",2354
"interior",-0.0238411949859229,0.0409821599733517,93,11,"Rate-conserved",2354
"all",-0.0238411949859229,0.0409821599733517,93,11,"Rate-conserved",2354
"interior",-0.00441360084661387,0.0446986951140962,84,12,"Rate-conserved",2354
"all",-0.00441360084661387,0.0446986951140962,84,12,"Rate-conserved",2354
"interior",-0.00654715135609015,0.0406482254273178,85,13,"Rate-conserved",2354
"all",-0.00654715135609015,0.0406482254273178,85,13,"Rate-conserved",2354
"interior",-0.0169443374153153,0.0362625976159482,99,14,"Rate-conserved",2354
"all",-0.0169443374153153,0.0362625976159482,99,14,"Rate-conserved",2354
"interior",-0.00659271977746827,0.038984986874509,93,15,"Rate-conserved",2354
"all",-0.00659271977746827,0.038984986874509,93,15,"Rate-conserved",2354
"interior",-0.0181015898070167,0.0443841631457046,84,16,"Rate-conserved",2354
"all",-0.0181015898070167,0.0443841631457046,84,16,"Rate-conserved",2354
"interior",0.00511077996820095,0.0267864016025398,105,17,"Rate-conserved",2354
"all",0.00511077996820095,0.0267864016025398,105,17,"Rate-conserved",2354
"interior",-0.0215292368702527,0.0400975526245738,90,18,"Rate-conserved",2354
"all",-0.0215292368702527,0.0400975526245738,90,18,"Rate-conserved",2354
"interior",-0.0157024407594026,0.0362281061845821,107,19,"Rate-conserved",2354
"all",-0.0157024407594026,0.0362281061845821,107,19,"Rate-conserved",2354
"interior",0.0023297713474564,0.0394297936037031,80,20,"Rate-conserved",2354
"all",0.0023297713474564,0.0394297936037031,80,20,"Rate-conserved",2354
"interior",-0.0133226963579254,0.0427963732718714,83,21,"Rate-conserved",2354
"all",-0.0133226963579254,0.0427963732718714,83,21,"Rate-conserved",2354
"interior",0.00436145510949565,0.0328117776680067,82,22,"Rate-conserved",2354
"all",0.00436145510949565,0.0328117776680067,82,22,"Rate-conserved",2354
"interior",-0.0080571536820606,0.0354716757200686,84,23,"Rate-conserved",2354
"all",-0.0080571536820606,0.0354716757200686,84,23,"Rate-conserved",2354
"interior",-0.00508448221756422,0.0438022619200207,98,24,"Rate-conserved",2354
"all",-0.00508448221756422,0.0438022619200207,98,24,"Rate-conserved",2354
"interior",-0.00737842759039844,0.0315596802651968,103,25,"Rate-conserved",2354
"all",-0.00737842759039844,0.0315596802651968,103,25,"Rate-conserved",2354
"interior",-0.00764352101699086,0.0541375575125658,74,26,"Rate-conserved",2354
"all",-0.00764352101699086,0.0541375575125658,74,26,"Rate-conserved",2354
"interior",-0.0089595391874402,0.0464674517960967,78,27,"Rate-conserved",2354
"all",-0.0089595391874402,0.0464674517960967,78,27,"Rate-conserved",2354
"interior",-0.0070974586899059,0.0289743517492204,103,28,"Rate-conserved",2354
"all",-0.0070974586899059,0.0289743517492204,103,28,"Rate-conserved",2354
"interior",-0.0248337094692417,0.0363695752198843,96,29,"Rate-conserved",2354
"all",-0.0248337094692417,0.0363695752198843,96,29,"Rate-conserved",2354
"interior",-0.00257905744068557,0.0318209592523679,104,30,"Rate-conserved",2354
"all",-0.00257905744068557,0.0318209592523679,104,30,"Rate-conserved",2354
"interior",-0.00926668140074676,0.0316444445889856,84,31,"Rate-conserved",2354
"all",-0.00926668140074676,0.0316444445889856,84,31,"Rate-conserved",2354
"interior",-0.00946655120490844,0.0302406664467048,94,32,"Rate-conserved",2354
"all",-0.00946655120490844,0.0302406664467048,94,32,"Rate-conserved",2354
"interior",-0.00808681525406107,0.041296822886159,81,33,"Rate-conserved",2354
"all",-0.00808681525406107,0.041296822886159,81,33,"Rate-conserved",2354
"interior",-0.0118790952515232,0.0369885255669423,94,34,"Rate-conserved",2354
"all",-0.0118790952515232,0.0369885255669423,94,34,"Rate-conserved",2354
"interior",0.000193389008213039,0.0322430860507634,101,35,"Rate-conserved",2354
"all",0.000193389008213039,0.0322430860507634,101,35,"Rate-conserved",2354
"interior",-0.00892988759392621,0.0348545078750279,88,36,"Rate-conserved",2354
"all",-0.00892988759392621,0.0348545078750279,88,36,"Rate-conserved",2354
"interior",0.00310562171816963,0.0280734650919658,106,37,"Rate-conserved",2354
"all",0.00310562171816963,0.0280734650919658,106,37,"Rate-conserved",2354
"interior",-0.00129335743764865,0.0347909895495373,118,38,"Rate-conserved",2354
"all",-0.00129335743764865,0.0347909895495373,118,38,"Rate-conserved",2354
"interior",-0.013245856939313,0.0386468943716288,90,39,"Rate-conserved",2354
"all",-0.013245856939313,0.0386468943716288,90,39,"Rate-conserved",2354
"interior",-0.00020127276680845,0.0404464456782397,87,40,"Rate-conserved",2354
"all",-0.00020127276680845,0.0404464456782397,87,40,"Rate-conserved",2354
"interior",-0.00332080202702263,0.0346428503034392,96,41,"Rate-conserved",2354
"all",-0.00332080202702263,0.0346428503034392,96,41,"Rate-conserved",2354
"interior",-0.0175900476200281,0.0313143333514668,90,42,"Rate-conserved",2354
"all",-0.0175900476200281,0.0313143333514668,90,42,"Rate-conserved",2354
"interior",-0.01231299513557,0.0539732120203001,81,43,"Rate-conserved",2354
"all",-0.01231299513557,0.0539732120203001,81,43,"Rate-conserved",2354
"interior",-0.012379272111674,0.0373501137841068,94,44,"Rate-conserved",2354
"all",-0.012379272111674,0.0373501137841068,94,44,"Rate-conserved",2354
"interior",0.00820596474624818,0.0310904925123433,93,45,"Rate-conserved",2354
"all",0.00820596474624818,0.0310904925123433,93,45,"Rate-conserved",2354
"interior",-0.0113619912813549,0.0352882960347397,80,46,"Rate-conserved",2354
"all",-0.0113619912813549,0.0352882960347397,80,46,"Rate-conserved",2354
"interior",-0.0102705087706111,0.0384774340645713,89,47,"Rate-conserved",2354
"all",-0.0102705087706111,0.0384774340645713,89,47,"Rate-conserved",2354
"interior",-0.00544991386997405,0.0308989351150709,91,48,"Rate-conserved",2354
"all",-0.00544991386997405,0.0308989351150709,91,48,"Rate-conserved",2354
"interior",-0.00241079473945516,0.0302277586259227,98,49,"Rate-conserved",2354
"all",-0.00241079473945516,0.0302277586259227,98,49,"Rate-conserved",2354
"interior",-0.00323244700385001,0.0335351236110364,85,50,"Rate-conserved",2354
"all",-0.00323244700385001,0.0335351236110364,85,50,"Rate-conserved",2354
"interior",0.00364550850826794,0.0278718270456109,108,1,"Isotropic",2404
"all",0.00364550850826794,0.0278718270456109,108,1,"Isotropic",2404
"interior",0.0072543115738545,0.0305703073561151,86,2,"Isotropic",2404
"all",0.0072543115738545,0.0305703073561151,86,2,"Isotropic",2404
"interior",-3.35105431674819e-05,0.0267242847018087,110,3,"Isotropic",2404
"all",-3.35105431674819e-05,0.0267242847018087,110,3,"Isotropic",2404
"interior",0.00605389928194442,0.0289578359158619,115,4,"Isotropic",2404
"all",0.00605389928194442,0.0289578359158619,115,4,"Isotropic",2404
"interior",-0.00175210529256003,0.0369633963358911,93,5,"Isotropic",2404
"all",-0.00175210529256003,0.0369633963358911,93,5,"Isotropic",2404
"interior",-0.00486693014205837,0.03957478443399,81,6,"Isotropic",2404
"all",-0.00486693014205837,0.03957478443399,81,6,"Isotropic",2404
"interior",0.00802161215357741,0.0371606488638114,90,7,"Isotropic",2404
"all",0.00802161215357741,0.0371606488638114,90,7,"Isotropic",2404
"interior",-0.00628627976488399,0.0373172496578877,87,8,"Isotropic",2404
"all",-0.00628627976488399,0.0373172496578877,87,8,"Isotropic",2404
"interior",-0.00544911894034159,0.040106227863649,81,9,"Isotropic",2404
"all",-0.00544911894034159,0.040106227863649,81,9,"Isotropic",2404
"interior",-0.0102346870583976,0.0341258302332738,82,10,"Isotropic",2404
"all",-0.0102346870583976,0.0341258302332738,82,10,"Isotropic",2404
"interior",0.00455074074068952,0.0264309816220175,110,11,"Isotropic",2404
"all",0.00455074074068952,0.0264309816220175,110,11,"Isotropic",2404
"interior",0.000732998136447277,0.0440141927180412,94,12,"Isotropic",2404
"all",0.000732998136447277,0.0440141927180412,94,12,"Isotropic",2404
"interior",-0.00236891349413503,0.0226491614091372,89,13,"Isotropic",2404
"all",-0.00236891349413503,0.0226491614091372,89,13,"Isotropic",2404
"interior",-0.00106365278394428,0.0318855526686282,93,14,"Isotropic",2404
"all",-0.00106365278394428,0.0318855526686282,93,14,"Isotropic",2404
"interior",-0.000875408307627021,0.040291988031123,78,15,"Isotropic",2404
"all",-0.000875408307627021,0.040291988031123,78,15,"Isotropic",2404
"interior",-0.00656027010938653,0.032800057348321,83,16,"Isotropic",2404
"all",-0.00656027010938653,0.032800057348321,83,16,"Isotropic",2404
"interior",0.00536746875705245,0.0350300183537835,92,17,"Isotropic",2404
"all",0.00536746875705245,0.0350300183537835,92,17,"Isotropic",2404
"interior",-0.0100946739796136,0.0409868150962022,71,18,"Isotropic",2404
"all",-0.0100946739796136,0.0409868150962022,71,18,"Isotropic",2404
"interior",-0.00848813931004446,0.0402418711676112,86,19,"Isotropic",2404
"all",-0.00848813931004446,0.0402418711676112,86,19,"Isotropic",2404
"interior",0.00321017614601113,0.0309454250182486,96,20,"Isotropic",2404
"all",0.00321017614601113,0.0309454250182486,96,20,"Isotropic",2404
"interior",-0.00590745398289111,0.0522021414409908,74,21,"Isotropic",2404
"all",-0.00590745398289111,0.0522021414409908,74,21,"Isotropic",2404
"interior",0.00435489476574488,0.0360223010890092,85,22,"Isotropic",2404
"all",0.00435489476574488,0.0360223010890092,85,22,"Isotropic",2404
"interior",-0.000603088055939543,0.0333609504234242,98,23,"Isotropic",2404
"all",-0.000603088055939543,0.0333609504234242,98,23,"Isotropic",2404
"interior",0.00372600648432962,0.0477004941009657,74,24,"Isotropic",2404
"all",0.00372600648432962,0.0477004941009657,74,24,"Isotropic",2404
"interior",0.00100941214821738,0.0259753563667782,108,25,"Isotropic",2404
"all",0.00100941214821738,0.0259753563667782,108,25,"Isotropic",2404
"interior",0.00136724714606029,0.0283807873692214,87,26,"Isotropic",2404
"all",0.00136724714606029,0.0283807873692214,87,26,"Isotropic",2404
"interior",0.00623448882612124,0.0351848902174212,96,27,"Isotropic",2404
"all",0.00623448882612124,0.0351848902174212,96,27,"Isotropic",2404
"interior",-0.00686394458283574,0.032290955876617,85,28,"Isotropic",2404
"all",-0.00686394458283574,0.032290955876617,85,28,"Isotropic",2404
"interior",-0.00490942217606511,0.027553351954811,113,29,"Isotropic",2404
"all",-0.00490942217606511,0.027553351954811,113,29,"Isotropic",2404
"interior",0.00652856359626716,0.0363637363243472,76,30,"Isotropic",2404
"all",0.00652856359626716,0.0363637363243472,76,30,"Isotropic",2404
"interior",0.0133710256334024,0.0343524061750414,99,31,"Isotropic",2404
"all",0.0133710256334024,0.0343524061750414,99,31,"Isotropic",2404
"interior",0.0174114232764022,0.0438755203536198,88,32,"Isotropic",2404
"all",0.0174114232764022,0.0438755203536198,88,32,"Isotropic",2404
"interior",0.0026278730692641,0.0300758593734824,105,33,"Isotropic",2404
"all",0.0026278730692641,0.0300758593734824,105,33,"Isotropic",2404
"interior",0.00109771316200622,0.0335301336207174,99,34,"Isotropic",2404
"all",0.00109771316200622,0.0335301336207174,99,34,"Isotropic",2404
"interior",0.00963660811368894,0.0358173227652752,96,35,"Isotropic",2404
"all",0.00963660811368894,0.0358173227652752,96,35,"Isotropic",2404
"interior",0.00832997577529421,0.0373720152050567,80,36,"Isotropic",2404
"all",0.00832997577529421,0.0373720152050567,80,36,"Isotropic",2404
"interior",-0.0072015522210207,0.0349349424089506,102,37,"Isotropic",2404
"all",-0.0072015522210207,0.0349349424089506,102,37,"Isotropic",2404
"interior",-0.00275771182040937,0.0419664503270732,80,38,"Isotropic",2404
"all",-0.00275771182040937,0.0419664503270732,80,38,"Isotropic",2404
"interior",0.0046602154678471,0.0381009520389439,92,39,"Isotropic",2404
"all",0.0046602154678471,0.0381009520389439,92,39,"Isotropic",2404
"interior",0.00822968917265802,0.0456017637012594,89,40,"Isotropic",2404
"all",0.00822968917265802,0.0456017637012594,89,40,"Isotropic",2404
"interior",-0.00582839939622411,0.0384224595629594,98,41,"Isotropic",2404
"all",-0.00582839939622411,0.0384224595629594,98,41,"Isotropic",2404
"interior",0.0079508730192973,0.034117900083915,99,42,"Isotropic",2404
"all",0.0079508730192973,0.034117900083915,99,42,"Isotropic",2404
"interior",-0.000563601660233706,0.0417900805879274,73,43,"Isotropic",2404
"all",-0.000563601660233706,0.0417900805879274,73,43,"Isotropic",2404
"interior",-0.00259641909368399,0.0283505308266905,109,44,"Isotropic",2404
"all",-0.00259641909368399,0.0283505308266905,109,44,"Isotropic",2404
"interior",-0.00945992779904596,0.0247548973509414,111,45,"Isotropic",2404
"all",-0.00945992779904596,0.0247548973509414,111,45,"Isotropic",2404
"interior",0.00661982091631882,0.0360752037877969,80,46,"Isotropic",2404
"all",0.00661982091631882,0.0360752037877969,80,46,"Isotropic",2404
"interior",0.00167387342858473,0.0340925837397034,88,47,"Isotropic",2404
"all",0.00167387342858473,0.0340925837397034,88,47,"Isotropic",2404
"interior",0.00250523092148699,0.0270627276203848,116,48,"Isotropic",2404
"all",0.00250523092148699,0.0270627276203848,116,48,"Isotropic",2404
"interior",0.00582443673431039,0.0301249926595476,106,49,"Isotropic",2404
"all",0.00582443673431039,0.0301249926595476,106,49,"Isotropic",2404
"interior",0.00518179627303247,0.0442845325682113,77,50,"Isotropic",2404
"all",0.00518179627303247,0.0442845325682113,77,50,"Isotropic",2404
"interior",-0.0151933688248903,0.0445188742378544,85,1,"Flux-conserved",2404
"all",-0.0151933688248903,0.0445188742378544,85,1,"Flux-conserved",2404
"interior",-0.0198285165924916,0.0495433541918311,65,2,"Flux-conserved",2404
"leaf-incident",0.684962708111054,0.684962708111054,3,2,"Flux-conserved",2404
"all",0.0112652139091354,0.077576560982385,68,2,"Flux-conserved",2404
"interior",-0.0230215797254357,0.0419860818094899,95,3,"Flux-conserved",2404
"all",-0.0230215797254357,0.0419860818094899,95,3,"Flux-conserved",2404
"interior",-0.0295407102151768,0.0488621688564915,98,4,"Flux-conserved",2404
"all",-0.0295407102151768,0.0488621688564915,98,4,"Flux-conserved",2404
"interior",-0.0130137934405752,0.0471536514818783,80,5,"Flux-conserved",2404
"all",-0.0130137934405752,0.0471536514818783,80,5,"Flux-conserved",2404
"interior",-0.0069594171105628,0.0387986033302275,100,6,"Flux-conserved",2404
"all",-0.0069594171105628,0.0387986033302275,100,6,"Flux-conserved",2404
"interior",-0.0159266329637301,0.0557970053253735,79,7,"Flux-conserved",2404
"all",-0.0159266329637301,0.0557970053253735,79,7,"Flux-conserved",2404
"interior",-0.0270819206071445,0.048629394142486,69,8,"Flux-conserved",2404
"all",-0.0270819206071445,0.048629394142486,69,8,"Flux-conserved",2404
"interior",-0.0208752954833278,0.0411297549647778,97,9,"Flux-conserved",2404
"leaf-incident",0.408050786993846,0.408050786993846,1,9,"Flux-conserved",2404
"all",-0.0164984987233566,0.0448738471283398,98,9,"Flux-conserved",2404
"interior",-0.0277225472357325,0.0579386987422231,60,10,"Flux-conserved",2404
"leaf-incident",0.667106370678543,0.667106370678543,3,10,"Flux-conserved",2404
"all",0.00536454409351873,0.0869466831201431,63,10,"Flux-conserved",2404
"interior",-0.015173139110331,0.0469650709005126,83,11,"Flux-conserved",2404
"all",-0.015173139110331,0.0469650709005126,83,11,"Flux-conserved",2404
"interior",-0.00985598138095264,0.0528050306432129,84,12,"Flux-conserved",2404
"all",-0.00985598138095264,0.0528050306432129,84,12,"Flux-conserved",2404
"interior",-0.0378738847998507,0.0718495447928669,62,13,"Flux-conserved",2404
"all",-0.0378738847998507,0.0718495447928669,62,13,"Flux-conserved",2404
"interior",-0.0244619158565567,0.0517208402763486,82,14,"Flux-conserved",2404
"all",-0.0244619158565567,0.0517208402763486,82,14,"Flux-conserved",2404
"interior",-0.0204247008490485,0.0459508185642447,98,15,"Flux-conserved",2404
"all",-0.0204247008490485,0.0459508185642447,98,15,"Flux-conserved",2404
"interior",-0.0267894171951336,0.0535932542154672,89,16,"Flux-conserved",2404
"all",-0.0267894171951336,0.0535932542154672,89,16,"Flux-conserved",2404
"interior",-0.0214195141298005,0.0321386195901575,98,17,"Flux-conserved",2404
"all",-0.0214195141298005,0.0321386195901575,98,17,"Flux-conserved",2404
"interior",-0.0375771049154511,0.0604969492513443,76,18,"Flux-conserved",2404
"all",-0.0375771049154511,0.0604969492513443,76,18,"Flux-conserved",2404
"interior",-0.0131367359020867,0.0482634418047471,67,19,"Flux-conserved",2404
"leaf-incident",-0.144577750465877,0.144577750465877,1,19,"Flux-conserved",2404
"all",-0.015069691998613,0.0496798286968226,68,19,"Flux-conserved",2404
"interior",-0.0142131073109933,0.0400507965755971,93,20,"Flux-conserved",2404
"all",-0.0142131073109933,0.0400507965755971,93,20,"Flux-conserved",2404
"interior",0.0276427773987966,0.10813395464029,70,21,"Flux-conserved",2404
"all",0.0276427773987966,0.10813395464029,70,21,"Flux-conserved",2404
"interior",-0.0145646975443679,0.0566395071001171,60,22,"Flux-conserved",2404
"all",-0.0145646975443679,0.0566395071001171,60,22,"Flux-conserved",2404
"interior",-0.0171608960444516,0.0567352067224709,79,23,"Flux-conserved",2404
"all",-0.0171608960444516,0.0567352067224709,79,23,"Flux-conserved",2404
"interior",-0.0205828031138598,0.0454278796900145,86,24,"Flux-conserved",2404
"all",-0.0205828031138598,0.0454278796900145,86,24,"Flux-conserved",2404
"interior",-0.0305832527108604,0.0510335637853126,65,25,"Flux-conserved",2404
"all",-0.0305832527108604,0.0510335637853126,65,25,"Flux-conserved",2404
"interior",-0.0240551451023415,0.0380150975663386,94,26,"Flux-conserved",2404
"all",-0.0240551451023415,0.0380150975663386,94,26,"Flux-conserved",2404
"interior",-0.0142660476747106,0.0463393546844711,97,27,"Flux-conserved",2404
"all",-0.0142660476747106,0.0463393546844711,97,27,"Flux-conserved",2404
"interior",-0.0199108229913973,0.0378836634636721,93,28,"Flux-conserved",2404
"all",-0.0199108229913973,0.0378836634636721,93,28,"Flux-conserved",2404
"interior",-0.0148197839781775,0.047690439943659,90,29,"Flux-conserved",2404
"all",-0.0148197839781775,0.047690439943659,90,29,"Flux-conserved",2404
"interior",-0.0270201984694224,0.0508859723249997,97,30,"Flux-conserved",2404
"all",-0.0270201984694224,0.0508859723249997,97,30,"Flux-conserved",2404
"interior",-0.0202350475154369,0.0458878641050537,89,31,"Flux-conserved",2404
"all",-0.0202350475154369,0.0458878641050537,89,31,"Flux-conserved",2404
"interior",-0.024665821601568,0.0416325108337649,98,32,"Flux-conserved",2404
"all",-0.024665821601568,0.0416325108337649,98,32,"Flux-conserved",2404
"interior",-0.0265140456411639,0.0448228481132374,92,33,"Flux-conserved",2404
"all",-0.0265140456411639,0.0448228481132374,92,33,"Flux-conserved",2404
"interior",-0.0238763566602849,0.0446788689526257,92,34,"Flux-conserved",2404
"all",-0.0238763566602849,0.0446788689526257,92,34,"Flux-conserved",2404
"interior",-0.00998989684537807,0.0421078287827524,95,35,"Flux-conserved",2404
"all",-0.00998989684537807,0.0421078287827524,95,35,"Flux-conserved",2404
"interior",-0.0148753414649189,0.0371670946162659,89,36,"Flux-conserved",2404
"all",-0.0148753414649189,0.0371670946162659,89,36,"Flux-conserved",2404
"interior",-0.0177638228581646,0.0560921240618637,71,37,"Flux-conserved",2404
"all",-0.0177638228581646,0.0560921240618637,71,37,"Flux-conserved",2404
"interior",-0.0156029879835165,0.0482107777224311,83,38,"Flux-conserved",2404
"all",-0.0156029879835165,0.0482107777224311,83,38,"Flux-conserved",2404
"interior",-0.0200930796546922,0.0366261415742598,109,39,"Flux-conserved",2404
"all",-0.0200930796546922,0.0366261415742598,109,39,"Flux-conserved",2404
"interior",-0.0162202784997755,0.0486033194668743,83,40,"Flux-conserved",2404
"all",-0.0162202784997755,0.0486033194668743,83,40,"Flux-conserved",2404
"interior",-0.0146412230579823,0.0397830692158461,90,41,"Flux-conserved",2404
"all",-0.0146412230579823,0.0397830692158461,90,41,"Flux-conserved",2404
"interior",-0.0201093065924671,0.0403547899294039,95,42,"Flux-conserved",2404
"all",-0.0201093065924671,0.0403547899294039,95,42,"Flux-conserved",2404
"interior",-0.0133788633654064,0.0357379483590116,95,43,"Flux-conserved",2404
"all",-0.0133788633654064,0.0357379483590116,95,43,"Flux-conserved",2404
"interior",-0.0191044871149685,0.0808501910437081,55,44,"Flux-conserved",2404
"all",-0.0191044871149685,0.0808501910437081,55,44,"Flux-conserved",2404
"interior",-0.0148189609110135,0.0530243946417772,79,45,"Flux-conserved",2404
"all",-0.0148189609110135,0.0530243946417772,79,45,"Flux-conserved",2404
"interior",-0.00574733103786665,0.0283378530052009,96,46,"Flux-conserved",2404
"all",-0.00574733103786665,0.0283378530052009,96,46,"Flux-conserved",2404
"interior",-0.0152266798219417,0.0286604341497244,117,47,"Flux-conserved",2404
"all",-0.0152266798219417,0.0286604341497244,117,47,"Flux-conserved",2404
"interior",-0.0241958135847453,0.0392851224475149,88,48,"Flux-conserved",2404
"all",-0.0241958135847453,0.0392851224475149,88,48,"Flux-conserved",2404
"interior",-0.015288037841862,0.0485118981631472,74,49,"Flux-conserved",2404
"all",-0.015288037841862,0.0485118981631472,74,49,"Flux-conserved",2404
"interior",-0.00903877136111335,0.0333754901943328,100,50,"Flux-conserved",2404
"all",-0.00903877136111335,0.0333754901943328,100,50,"Flux-conserved",2404
"interior",0.00324012314052039,0.0442638935274439,85,1,"Rate-conserved",2404
"all",0.00324012314052039,0.0442638935274439,85,1,"Rate-conserved",2404
"interior",-0.00360414146721946,0.032329213336672,110,2,"Rate-conserved",2404
"all",-0.00360414146721946,0.032329213336672,110,2,"Rate-conserved",2404
"interior",-0.0141129933127986,0.0437966426614602,86,3,"Rate-conserved",2404
"all",-0.0141129933127986,0.0437966426614602,86,3,"Rate-conserved",2404
"interior",-0.0102577588550067,0.0400483653839615,88,4,"Rate-conserved",2404
"all",-0.0102577588550067,0.0400483653839615,88,4,"Rate-conserved",2404
"interior",-0.0131370527897539,0.0548270752028218,65,5,"Rate-conserved",2404
"all",-0.0131370527897539,0.0548270752028218,65,5,"Rate-conserved",2404
"interior",-0.0129587647332069,0.0356140152272105,102,6,"Rate-conserved",2404
"all",-0.0129587647332069,0.0356140152272105,102,6,"Rate-conserved",2404
"interior",-0.0121958671316698,0.0303476270991945,107,7,"Rate-conserved",2404
"all",-0.0121958671316698,0.0303476270991945,107,7,"Rate-conserved",2404
"interior",-0.00626039864189307,0.0387421063510711,91,8,"Rate-conserved",2404
"all",-0.00626039864189307,0.0387421063510711,91,8,"Rate-conserved",2404
"interior",-0.0161496552479011,0.033904117474239,107,9,"Rate-conserved",2404
"all",-0.0161496552479011,0.033904117474239,107,9,"Rate-conserved",2404
"interior",-0.0154741960662954,0.0430430349320489,82,10,"Rate-conserved",2404
"all",-0.0154741960662954,0.0430430349320489,82,10,"Rate-conserved",2404
"interior",-0.0209337432020212,0.0446234592272677,84,11,"Rate-conserved",2404
"all",-0.0209337432020212,0.0446234592272677,84,11,"Rate-conserved",2404
"interior",0.00172587520606138,0.0314029192990975,95,12,"Rate-conserved",2404
"all",0.00172587520606138,0.0314029192990975,95,12,"Rate-conserved",2404
"interior",-0.00711301214367044,0.0502245897012579,81,13,"Rate-conserved",2404
"all",-0.00711301214367044,0.0502245897012579,81,13,"Rate-conserved",2404
"interior",-0.00994792845915187,0.0370644695045482,88,14,"Rate-conserved",2404
"all",-0.00994792845915187,0.0370644695045482,88,14,"Rate-conserved",2404
"interior",-0.0064947951752052,0.0296596341402361,88,15,"Rate-conserved",2404
"all",-0.0064947951752052,0.0296596341402361,88,15,"Rate-conserved",2404
"interior",-0.0127467289234444,0.036044670123654,102,16,"Rate-conserved",2404
"all",-0.0127467289234444,0.036044670123654,102,16,"Rate-conserved",2404
"interior",-0.00161339297327293,0.0353448521495531,97,17,"Rate-conserved",2404
"all",-0.00161339297327293,0.0353448521495531,97,17,"Rate-conserved",2404
"interior",-0.0215201863749298,0.0575974745562804,70,18,"Rate-conserved",2404
"all",-0.0215201863749298,0.0575974745562804,70,18,"Rate-conserved",2404
"interior",-0.010682544369876,0.046409127296579,84,19,"Rate-conserved",2404
"all",-0.010682544369876,0.046409127296579,84,19,"Rate-conserved",2404
"interior",-0.0107156510215347,0.0306079001369684,92,20,"Rate-conserved",2404
"all",-0.0107156510215347,0.0306079001369684,92,20,"Rate-conserved",2404
"interior",-0.0163321641374474,0.047217886282024,83,21,"Rate-conserved",2404
"all",-0.0163321641374474,0.047217886282024,83,21,"Rate-conserved",2404
"interior",-0.00446128795664945,0.0250427863922936,107,22,"Rate-conserved",2404
"all",-0.00446128795664945,0.0250427863922936,107,22,"Rate-conserved",2404
"interior",-0.00624929371953546,0.0292992522889655,91,23,"Rate-conserved",2404
"all",-0.00624929371953546,0.0292992522889655,91,23,"Rate-conserved",2404
"interior",-0.00343460628656413,0.027487563630158,97,24,"Rate-conserved",2404
"all",-0.00343460628656413,0.027487563630158,97,24,"Rate-conserved",2404
"interior",-0.00612602950055631,0.0302410124850189,104,25,"Rate-conserved",2404
"all",-0.00612602950055631,0.0302410124850189,104,25,"Rate-conserved",2404
"interior",-0.0074327400967033,0.0379251876855786,84,26,"Rate-conserved",2404
"all",-0.0074327400967033,0.0379251876855786,84,26,"Rate-conserved",2404
"interior",-0.0184745618753026,0.0405185598174639,75,27,"Rate-conserved",2404
"all",-0.0184745618753026,0.0405185598174639,75,27,"Rate-conserved",2404
"interior",-0.0115739746490384,0.0378104982084048,84,28,"Rate-conserved",2404
"leaf-incident",0.137262242972335,0.137262242972335,1,28,"Rate-conserved",2404
"all",-0.0098229603240811,0.0389805187350393,85,28,"Rate-conserved",2404
"interior",-0.0180736918993551,0.0408886924006654,96,29,"Rate-conserved",2404
"all",-0.0180736918993551,0.0408886924006654,96,29,"Rate-conserved",2404
"interior",-0.00859557301533438,0.0307438524207061,98,30,"Rate-conserved",2404
"all",-0.00859557301533438,0.0307438524207061,98,30,"Rate-conserved",2404
"interior",-0.0103164760119183,0.0292793760001102,103,31,"Rate-conserved",2404
"all",-0.0103164760119183,0.0292793760001102,103,31,"Rate-conserved",2404
"interior",-0.00647236976571561,0.0257586724072523,118,32,"Rate-conserved",2404
"all",-0.00647236976571561,0.0257586724072523,118,32,"Rate-conserved",2404
"interior",-0.0088941470610659,0.0402245846058297,91,33,"Rate-conserved",2404
"all",-0.0088941470610659,0.0402245846058297,91,33,"Rate-conserved",2404
"interior",-0.00255656543662961,0.0264531583291504,105,34,"Rate-conserved",2404
"all",-0.00255656543662961,0.0264531583291504,105,34,"Rate-conserved",2404
"interior",-0.000472566034614197,0.02401451455533,107,35,"Rate-conserved",2404
"all",-0.000472566034614197,0.02401451455533,107,35,"Rate-conserved",2404
"interior",-0.00632861999650183,0.0326250918966357,89,36,"Rate-conserved",2404
"all",-0.00632861999650183,0.0326250918966357,89,36,"Rate-conserved",2404
"interior",-0.00692049648148065,0.0341234885079937,91,37,"Rate-conserved",2404
"all",-0.00692049648148065,0.0341234885079937,91,37,"Rate-conserved",2404
"interior",-0.00214623274061923,0.0270317654067298,124,38,"Rate-conserved",2404
"all",-0.00214623274061923,0.0270317654067298,124,38,"Rate-conserved",2404
"interior",-0.0224741549721082,0.0442839746461766,94,39,"Rate-conserved",2404
"all",-0.0224741549721082,0.0442839746461766,94,39,"Rate-conserved",2404
"interior",0.001371263067385,0.0334598636988503,100,40,"Rate-conserved",2404
"all",0.001371263067385,0.0334598636988503,100,40,"Rate-conserved",2404
"interior",-0.0180604201695083,0.0379959970458677,96,41,"Rate-conserved",2404
"all",-0.0180604201695083,0.0379959970458677,96,41,"Rate-conserved",2404
"interior",-0.0134726496965234,0.0480352163456081,83,42,"Rate-conserved",2404
"all",-0.0134726496965234,0.0480352163456081,83,42,"Rate-conserved",2404
"interior",-0.0263654628834056,0.0543440547541848,76,43,"Rate-conserved",2404
"all",-0.0263654628834056,0.0543440547541848,76,43,"Rate-conserved",2404
"interior",-0.0142634413775389,0.0298979963728959,86,44,"Rate-conserved",2404
"all",-0.0142634413775389,0.0298979963728959,86,44,"Rate-conserved",2404
"interior",-0.00415081850367659,0.0346710783335529,93,45,"Rate-conserved",2404
"all",-0.00415081850367659,0.0346710783335529,93,45,"Rate-conserved",2404
"interior",-0.0128976788472659,0.0460004951364412,87,46,"Rate-conserved",2404
"all",-0.0128976788472659,0.0460004951364412,87,46,"Rate-conserved",2404
"interior",-0.00854995329722332,0.0437279927298468,79,47,"Rate-conserved",2404
"all",-0.00854995329722332,0.0437279927298468,79,47,"Rate-conserved",2404
"interior",-0.0109282082270145,0.0318096094610054,95,48,"Rate-conserved",2404
"all",-0.0109282082270145,0.0318096094610054,95,48,"Rate-conserved",2404
"interior",-0.0100813254415876,0.0409068959865061,84,49,"Rate-conserved",2404
"all",-0.0100813254415876,0.0409068959865061,84,49,"Rate-conserved",2404
"interior",0.0033084163885439,0.043190012484353,89,50,"Rate-conserved",2404
"all",0.0033084163885439,0.043190012484353,89,50,"Rate-conserved",2404
"interior",0.00725907443146119,0.0386983361831141,100,1,"Isotropic",2454
"all",0.00725907443146119,0.0386983361831141,100,1,"Isotropic",2454
"interior",0.0108528472680342,0.0333048034268425,87,2,"Isotropic",2454
"all",0.0108528472680342,0.0333048034268425,87,2,"Isotropic",2454
"interior",0.00338171402442861,0.0317469394712925,107,3,"Isotropic",2454
"all",0.00338171402442861,0.0317469394712925,107,3,"Isotropic",2454
"interior",0.0023269003701706,0.0283932274563107,127,4,"Isotropic",2454
"all",0.0023269003701706,0.0283932274563107,127,4,"Isotropic",2454
"interior",-0.00596740397207571,0.0375708797750216,90,5,"Isotropic",2454
"all",-0.00596740397207571,0.0375708797750216,90,5,"Isotropic",2454
"interior",-0.0124341605363629,0.0393161397830774,95,6,"Isotropic",2454
"all",-0.0124341605363629,0.0393161397830774,95,6,"Isotropic",2454
"interior",-0.00318330032453087,0.0278935673987886,87,7,"Isotropic",2454
"all",-0.00318330032453087,0.0278935673987886,87,7,"Isotropic",2454
"interior",0.00679934645333218,0.0363160223704928,81,8,"Isotropic",2454
"all",0.00679934645333218,0.0363160223704928,81,8,"Isotropic",2454
"interior",0.00139496036046862,0.0330366619707963,96,9,"Isotropic",2454
"all",0.00139496036046862,0.0330366619707963,96,9,"Isotropic",2454
"interior",-0.0132744549868051,0.0468099213604724,83,10,"Isotropic",2454
"all",-0.0132744549868051,0.0468099213604724,83,10,"Isotropic",2454
"interior",0.00714940870840702,0.0420951623751651,102,11,"Isotropic",2454
"all",0.00714940870840702,0.0420951623751651,102,11,"Isotropic",2454
"interior",0.0126184930568854,0.028506524650804,111,12,"Isotropic",2454
"all",0.0126184930568854,0.028506524650804,111,12,"Isotropic",2454
"interior",-0.00807083429979124,0.0277047930145196,88,13,"Isotropic",2454
"all",-0.00807083429979124,0.0277047930145196,88,13,"Isotropic",2454
"interior",-0.00218282036013869,0.0375458779491856,89,14,"Isotropic",2454
"all",-0.00218282036013869,0.0375458779491856,89,14,"Isotropic",2454
"interior",-0.00111926460319984,0.0383770602793047,82,15,"Isotropic",2454
"all",-0.00111926460319984,0.0383770602793047,82,15,"Isotropic",2454
"interior",-0.0032499502476155,0.0324727348542221,100,16,"Isotropic",2454
"all",-0.0032499502476155,0.0324727348542221,100,16,"Isotropic",2454
"interior",0.019295402996918,0.0375120992581574,92,17,"Isotropic",2454
"all",0.019295402996918,0.0375120992581574,92,17,"Isotropic",2454
"interior",-0.00810447623130218,0.0352520940838489,76,18,"Isotropic",2454
"all",-0.00810447623130218,0.0352520940838489,76,18,"Isotropic",2454
"interior",-0.00829545658178426,0.0354114459163629,94,19,"Isotropic",2454
"all",-0.00829545658178426,0.0354114459163629,94,19,"Isotropic",2454
"interior",-0.00158562950695472,0.0333355517734899,92,20,"Isotropic",2454
"all",-0.00158562950695472,0.0333355517734899,92,20,"Isotropic",2454
"interior",0.00786984544064431,0.03831761081307,83,21,"Isotropic",2454
"all",0.00786984544064431,0.03831761081307,83,21,"Isotropic",2454
"interior",-0.00840234302129624,0.0342262964803972,91,22,"Isotropic",2454
"all",-0.00840234302129624,0.0342262964803972,91,22,"Isotropic",2454
"interior",-0.00175865337951609,0.02992084196082,104,23,"Isotropic",2454
"all",-0.00175865337951609,0.02992084196082,104,23,"Isotropic",2454
"interior",0.0149157476951308,0.0499235676385996,77,24,"Isotropic",2454
"all",0.0149157476951308,0.0499235676385996,77,24,"Isotropic",2454
"interior",0.000744370478515536,0.0265913088666542,101,25,"Isotropic",2454
"all",0.000744370478515536,0.0265913088666542,101,25,"Isotropic",2454
"interior",0.00231185352818993,0.0282551249009734,94,26,"Isotropic",2454
"all",0.00231185352818993,0.0282551249009734,94,26,"Isotropic",2454
"interior",-0.00266559450124372,0.0264057606899012,93,27,"Isotropic",2454
"all",-0.00266559450124372,0.0264057606899012,93,27,"Isotropic",2454
"interior",0.00548281114438178,0.0298888655919884,91,28,"Isotropic",2454
"all",0.00548281114438178,0.0298888655919884,91,28,"Isotropic",2454
"interior",0.000303898301667594,0.0309909086398544,103,29,"Isotropic",2454
"all",0.000303898301667594,0.0309909086398544,103,29,"Isotropic",2454
"interior",0.00759954137345433,0.0309679332248401,102,30,"Isotropic",2454
"all",0.00759954137345433,0.0309679332248401,102,30,"Isotropic",2454
"interior",0.00716952923363275,0.0317216150476439,99,31,"Isotropic",2454
"all",0.00716952923363275,0.0317216150476439,99,31,"Isotropic",2454
"interior",0.00106800970026495,0.0341815696424662,97,32,"Isotropic",2454
"all",0.00106800970026495,0.0341815696424662,97,32,"Isotropic",2454
"interior",0.00496664778223318,0.0319002341990154,95,33,"Isotropic",2454
"all",0.00496664778223318,0.0319002341990154,95,33,"Isotropic",2454
"interior",0.00512779655928169,0.030110853973326,104,34,"Isotropic",2454
"all",0.00512779655928169,0.030110853973326,104,34,"Isotropic",2454
"interior",0.004249340213504,0.0288097985034292,91,35,"Isotropic",2454
"all",0.004249340213504,0.0288097985034292,91,35,"Isotropic",2454
"interior",0.0173591381117028,0.0376609736927037,84,36,"Isotropic",2454
"all",0.0173591381117028,0.0376609736927037,84,36,"Isotropic",2454
"interior",-0.00124653333168948,0.0237495578729546,103,37,"Isotropic",2454
"all",-0.00124653333168948,0.0237495578729546,103,37,"Isotropic",2454
"interior",-0.00352659501964129,0.0329333651005983,90,38,"Isotropic",2454
"all",-0.00352659501964129,0.0329333651005983,90,38,"Isotropic",2454
"interior",0.00324768789899146,0.0341642816489204,95,39,"Isotropic",2454
"all",0.00324768789899146,0.0341642816489204,95,39,"Isotropic",2454
"interior",0.00319057850723406,0.0458121596523514,76,40,"Isotropic",2454
"all",0.00319057850723406,0.0458121596523514,76,40,"Isotropic",2454
"interior",-0.00138541015522726,0.032957616801525,95,41,"Isotropic",2454
"all",-0.00138541015522726,0.032957616801525,95,41,"Isotropic",2454
"interior",0.00850319109808321,0.0329841965703597,98,42,"Isotropic",2454
"all",0.00850319109808321,0.0329841965703597,98,42,"Isotropic",2454
"interior",0.00342595199618015,0.034891222598216,83,43,"Isotropic",2454
"all",0.00342595199618015,0.034891222598216,83,43,"Isotropic",2454
"interior",-0.00905895338135772,0.0299122989878945,108,44,"Isotropic",2454
"all",-0.00905895338135772,0.0299122989878945,108,44,"Isotropic",2454
"interior",-0.000525174024534157,0.0332718234682146,102,45,"Isotropic",2454
"all",-0.000525174024534157,0.0332718234682146,102,45,"Isotropic",2454
"interior",-0.000589274680219823,0.0266528956097325,84,46,"Isotropic",2454
"all",-0.000589274680219823,0.0266528956097325,84,46,"Isotropic",2454
"interior",-0.0024261064760498,0.0280932526389575,107,47,"Isotropic",2454
"all",-0.0024261064760498,0.0280932526389575,107,47,"Isotropic",2454
"interior",0.00759472484398726,0.0366099372542037,102,48,"Isotropic",2454
"all",0.00759472484398726,0.0366099372542037,102,48,"Isotropic",2454
"interior",0.0100088794466979,0.0314909061448397,101,49,"Isotropic",2454
"all",0.0100088794466979,0.0314909061448397,101,49,"Isotropic",2454
"interior",-0.00341559293836241,0.0397391869657353,93,50,"Isotropic",2454
"all",-0.00341559293836241,0.0397391869657353,93,50,"Isotropic",2454
"interior",-0.0277511225990834,0.0463053076758272,88,1,"Flux-conserved",2454
"all",-0.0277511225990834,0.0463053076758272,88,1,"Flux-conserved",2454
"interior",-0.0115665071221318,0.0711711433566451,81,2,"Flux-conserved",2454
"all",-0.0115665071221318,0.0711711433566451,81,2,"Flux-conserved",2454
"interior",-0.021915099303548,0.042581408667425,87,3,"Flux-conserved",2454
"leaf-incident",0.221779331394045,0.221779331394045,1,3,"Flux-conserved",2454
"all",-0.0191458444092572,0.0446177486984093,88,3,"Flux-conserved",2454
"interior",-0.0297341386978395,0.0593998757376763,71,4,"Flux-conserved",2454
"all",-0.0297341386978395,0.0593998757376763,71,4,"Flux-conserved",2454
"interior",-0.0180378002258148,0.0541508964712709,72,5,"Flux-conserved",2454
"all",-0.0180378002258148,0.0541508964712709,72,5,"Flux-conserved",2454
"interior",-0.0149400154306198,0.0406607826223588,93,6,"Flux-conserved",2454
"all",-0.0149400154306198,0.0406607826223588,93,6,"Flux-conserved",2454
"interior",-0.0283114082462021,0.0467336538257105,87,7,"Flux-conserved",2454
"all",-0.0283114082462021,0.0467336538257105,87,7,"Flux-conserved",2454
"interior",-0.0319806152890833,0.0562300732234686,71,8,"Flux-conserved",2454
"all",-0.0319806152890833,0.0562300732234686,71,8,"Flux-conserved",2454
"interior",-0.0242411109215675,0.0419139861932065,87,9,"Flux-conserved",2454
"all",-0.0242411109215675,0.0419139861932065,87,9,"Flux-conserved",2454
"interior",0.00902708275773407,0.0902109233815807,79,10,"Flux-conserved",2454
"all",0.00902708275773407,0.0902109233815807,79,10,"Flux-conserved",2454
"interior",-0.035280321324264,0.0506980614141611,76,11,"Flux-conserved",2454
"all",-0.035280321324264,0.0506980614141611,76,11,"Flux-conserved",2454
"interior",-0.0343701039795905,0.0473688637317549,67,12,"Flux-conserved",2454
"leaf-incident",0.66682352064652,0.66682352064652,3,12,"Flux-conserved",2454
"all",-0.00431894863847147,0.0739169204566733,70,12,"Flux-conserved",2454
"interior",-0.0340623106860456,0.0661338635727377,71,13,"Flux-conserved",2454
"all",-0.0340623106860456,0.0661338635727377,71,13,"Flux-conserved",2454
"interior",-0.0301254621354993,0.0561018767033133,70,14,"Flux-conserved",2454
"all",-0.0301254621354993,0.0561018767033133,70,14,"Flux-conserved",2454
"interior",-0.0214235213326657,0.0419678349047347,89,15,"Flux-conserved",2454
"all",-0.0214235213326657,0.0419678349047347,89,15,"Flux-conserved",2454
"interior",-0.016063525702324,0.038049397390778,94,16,"Flux-conserved",2454
"all",-0.016063525702324,0.038049397390778,94,16,"Flux-conserved",2454
"interior",-0.0280224510975652,0.0532052433999772,78,17,"Flux-conserved",2454
"all",-0.0280224510975652,0.0532052433999772,78,17,"Flux-conserved",2454
"interior",-0.0116411304136698,0.0955295252970913,64,18,"Flux-conserved",2454
"all",-0.0116411304136698,0.0955295252970913,64,18,"Flux-conserved",2454
"interior",0.000989929622364655,0.0432588846888283,99,19,"Flux-conserved",2454
"all",0.000989929622364655,0.0432588846888283,99,19,"Flux-conserved",2454
"interior",-0.009657066850934,0.0463318981633157,77,20,"Flux-conserved",2454
"all",-0.009657066850934,0.0463318981633157,77,20,"Flux-conserved",2454
"interior",0.0137164529070813,0.0651542634554702,116,21,"Flux-conserved",2454
"all",0.0137164529070813,0.0651542634554702,116,21,"Flux-conserved",2454
"interior",-0.0259935546346817,0.052570657745555,61,22,"Flux-conserved",2454
"leaf-incident",0.446632627200347,0.446632627200347,1,22,"Flux-conserved",2454
"all",-0.0183705517018587,0.0589264959625677,62,22,"Flux-conserved",2454
"interior",-0.0430162221888846,0.0565617456273419,82,23,"Flux-conserved",2454
"all",-0.0430162221888846,0.0565617456273419,82,23,"Flux-conserved",2454
"interior",-0.0263003524381691,0.0503471072932097,86,24,"Flux-conserved",2454
"all",-0.0263003524381691,0.0503471072932097,86,24,"Flux-conserved",2454
"interior",-0.0241433476720434,0.0748206109808224,58,25,"Flux-conserved",2454
"all",-0.0241433476720434,0.0748206109808224,58,25,"Flux-conserved",2454
"interior",-0.0143405145841687,0.0393673856925417,97,26,"Flux-conserved",2454
"all",-0.0143405145841687,0.0393673856925417,97,26,"Flux-conserved",2454
"interior",-0.012052402714455,0.0545435481477367,88,27,"Flux-conserved",2454
"all",-0.012052402714455,0.0545435481477367,88,27,"Flux-conserved",2454
"interior",-0.0117735022452581,0.0425379313217984,95,28,"Flux-conserved",2454
"all",-0.0117735022452581,0.0425379313217984,95,28,"Flux-conserved",2454
"interior",-0.0198732972040996,0.0460975186286871,94,29,"Flux-conserved",2454
"all",-0.0198732972040996,0.0460975186286871,94,29,"Flux-conserved",2454
"interior",-0.0255041046522991,0.0617743553079502,76,30,"Flux-conserved",2454
"all",-0.0255041046522991,0.0617743553079502,76,30,"Flux-conserved",2454
"interior",-0.00819768588672424,0.0410668395493406,85,31,"Flux-conserved",2454
"leaf-incident",0.40991860681624,0.40991860681624,1,31,"Flux-conserved",2454
"all",-0.00333586852971304,0.0453558135873278,86,31,"Flux-conserved",2454
"interior",-0.0322063873421367,0.048137416063487,86,32,"Flux-conserved",2454
"all",-0.0322063873421367,0.048137416063487,86,32,"Flux-conserved",2454
"interior",-0.0150497020768588,0.0560363524453347,86,33,"Flux-conserved",2454
"all",-0.0150497020768588,0.0560363524453347,86,33,"Flux-conserved",2454
"interior",-0.0286098713805144,0.060465333660916,71,34,"Flux-conserved",2454
"all",-0.0286098713805144,0.060465333660916,71,34,"Flux-conserved",2454
"interior",-0.0145683467643742,0.0426440786786686,95,35,"Flux-conserved",2454
"all",-0.0145683467643742,0.0426440786786686,95,35,"Flux-conserved",2454
"interior",-0.0213985877863611,0.0420315808934069,79,36,"Flux-conserved",2454
"all",-0.0213985877863611,0.0420315808934069,79,36,"Flux-conserved",2454
"interior",-0.0232588257763619,0.051256533372751,80,37,"Flux-conserved",2454
"all",-0.0232588257763619,0.051256533372751,80,37,"Flux-conserved",2454
"interior",-0.0159259820261486,0.0454533138137297,95,38,"Flux-conserved",2454
"all",-0.0159259820261486,0.0454533138137297,95,38,"Flux-conserved",2454
"interior",-0.0205122532469592,0.0581249104824166,80,39,"Flux-conserved",2454
"all",-0.0205122532469592,0.0581249104824166,80,39,"Flux-conserved",2454
"interior",-0.0233633345560835,0.053709335739406,80,40,"Flux-conserved",2454
"all",-0.0233633345560835,0.053709335739406,80,40,"Flux-conserved",2454
"interior",-0.026951304151296,0.0421664650406973,88,41,"Flux-conserved",2454
"all",-0.026951304151296,0.0421664650406973,88,41,"Flux-conserved",2454
"interior",-0.0257824212614877,0.0452592001745748,72,42,"Flux-conserved",2454
"all",-0.0257824212614877,0.0452592001745748,72,42,"Flux-conserved",2454
"interior",-0.00181644679205786,0.0282575988614641,111,43,"Flux-conserved",2454
"all",-0.00181644679205786,0.0282575988614641,111,43,"Flux-conserved",2454
"interior",-0.0213752724782226,0.0600751076003817,78,44,"Flux-conserved",2454
"all",-0.0213752724782226,0.0600751076003817,78,44,"Flux-conserved",2454
"interior",-0.02240418585005,0.0653507790070082,70,45,"Flux-conserved",2454
"all",-0.02240418585005,0.0653507790070082,70,45,"Flux-conserved",2454
"interior",-0.0225315519877625,0.0446383701023512,90,46,"Flux-conserved",2454
"all",-0.0225315519877625,0.0446383701023512,90,46,"Flux-conserved",2454
"interior",-0.0174107772044507,0.0345026843158251,99,47,"Flux-conserved",2454
"all",-0.0174107772044507,0.0345026843158251,99,47,"Flux-conserved",2454
"interior",-0.0131670688772186,0.0399316911959197,86,48,"Flux-conserved",2454
"all",-0.0131670688772186,0.0399316911959197,86,48,"Flux-conserved",2454
"interior",-0.0137908814282281,0.0412901943989248,80,49,"Flux-conserved",2454
"all",-0.0137908814282281,0.0412901943989248,80,49,"Flux-conserved",2454
"interior",-0.0132901056194916,0.0331921385421881,121,50,"Flux-conserved",2454
"all",-0.0132901056194916,0.0331921385421881,121,50,"Flux-conserved",2454
"interior",-0.00916202843805066,0.0404753099763633,87,1,"Rate-conserved",2454
"all",-0.00916202843805066,0.0404753099763633,87,1,"Rate-conserved",2454
"interior",-0.0048234605928315,0.0452363851389869,83,2,"Rate-conserved",2454
"all",-0.0048234605928315,0.0452363851389869,83,2,"Rate-conserved",2454
"interior",-0.0143864214752503,0.0406661620914568,99,3,"Rate-conserved",2454
"all",-0.0143864214752503,0.0406661620914568,99,3,"Rate-conserved",2454
"interior",-0.00943333594869835,0.0286750031853619,103,4,"Rate-conserved",2454
"all",-0.00943333594869835,0.0286750031853619,103,4,"Rate-conserved",2454
"interior",-0.0200358249518904,0.0554718504598289,66,5,"Rate-conserved",2454
"all",-0.0200358249518904,0.0554718504598289,66,5,"Rate-conserved",2454
"interior",-0.0200068017083795,0.0467401353810377,92,6,"Rate-conserved",2454
"all",-0.0200068017083795,0.0467401353810377,92,6,"Rate-conserved",2454
"interior",-0.021051925561419,0.043293105667778,86,7,"Rate-conserved",2454
"all",-0.021051925561419,0.043293105667778,86,7,"Rate-conserved",2454
"interior",-0.0017713772683805,0.0372966707722989,84,8,"Rate-conserved",2454
"all",-0.0017713772683805,0.0372966707722989,84,8,"Rate-conserved",2454
"interior",-0.0116894133214324,0.0285518648996571,105,9,"Rate-conserved",2454
"all",-0.0116894133214324,0.0285518648996571,105,9,"Rate-conserved",2454
"interior",0.00522244837283866,0.0742352736339916,81,10,"Rate-conserved",2454
"all",0.00522244837283866,0.0742352736339916,81,10,"Rate-conserved",2454
"interior",-0.0126914332329441,0.0396959624432187,87,11,"Rate-conserved",2454
"all",-0.0126914332329441,0.0396959624432187,87,11,"Rate-conserved",2454
"interior",-0.0172218548787098,0.0386103689838861,95,12,"Rate-conserved",2454
"all",-0.0172218548787098,0.0386103689838861,95,12,"Rate-conserved",2454
"interior",-0.0130760634262714,0.032314429519848,91,13,"Rate-conserved",2454
"all",-0.0130760634262714,0.032314429519848,91,13,"Rate-conserved",2454
"interior",-0.00810264904558353,0.0379330874668396,100,14,"Rate-conserved",2454
"all",-0.00810264904558353,0.0379330874668396,100,14,"Rate-conserved",2454
"interior",-0.00990383027720703,0.0445637438346513,81,15,"Rate-conserved",2454
"all",-0.00990383027720703,0.0445637438346513,81,15,"Rate-conserved",2454
"interior",-0.0026238777498367,0.0377944722499466,96,16,"Rate-conserved",2454
"all",-0.0026238777498367,0.0377944722499466,96,16,"Rate-conserved",2454
"interior",-0.00391665103293616,0.0447372788574336,94,17,"Rate-conserved",2454
"all",-0.00391665103293616,0.0447372788574336,94,17,"Rate-conserved",2454
"interior",-0.0164061056603273,0.0603116977680263,78,18,"Rate-conserved",2454
"all",-0.0164061056603273,0.0603116977680263,78,18,"Rate-conserved",2454
"interior",-0.00834574012719661,0.039332405337786,85,19,"Rate-conserved",2454
"all",-0.00834574012719661,0.039332405337786,85,19,"Rate-conserved",2454
"interior",-0.0167463867111927,0.0371165349252108,95,20,"Rate-conserved",2454
"all",-0.0167463867111927,0.0371165349252108,95,20,"Rate-conserved",2454
"interior",-0.013080993871439,0.0414658000953743,94,21,"Rate-conserved",2454
"all",-0.013080993871439,0.0414658000953743,94,21,"Rate-conserved",2454
"interior",-0.00307575102656738,0.0281367079214711,98,22,"Rate-conserved",2454
"all",-0.00307575102656738,0.0281367079214711,98,22,"Rate-conserved",2454
"interior",-0.00147332214564779,0.0242496829469804,100,23,"Rate-conserved",2454
"all",-0.00147332214564779,0.0242496829469804,100,23,"Rate-conserved",2454
"interior",-0.00323337680210944,0.0333989837042815,90,24,"Rate-conserved",2454
"all",-0.00323337680210944,0.0333989837042815,90,24,"Rate-conserved",2454
"interior",-0.0180404788191546,0.0423931542572961,93,25,"Rate-conserved",2454
"all",-0.0180404788191546,0.0423931542572961,93,25,"Rate-conserved",2454
"interior",-0.0135511263782329,0.0414395447587076,84,26,"Rate-conserved",2454
"all",-0.0135511263782329,0.0414395447587076,84,26,"Rate-conserved",2454
"interior",-0.0129344376676788,0.0318284622284958,90,27,"Rate-conserved",2454
"all",-0.0129344376676788,0.0318284622284958,90,27,"Rate-conserved",2454
"interior",-0.0127831021384497,0.0333106571462247,98,28,"Rate-conserved",2454
"all",-0.0127831021384497,0.0333106571462247,98,28,"Rate-conserved",2454
"interior",-0.00855443279495213,0.0383816322458528,99,29,"Rate-conserved",2454
"all",-0.00855443279495213,0.0383816322458528,99,29,"Rate-conserved",2454
"interior",-0.00989999330889717,0.0296541932490994,100,30,"Rate-conserved",2454
"all",-0.00989999330889717,0.0296541932490994,100,30,"Rate-conserved",2454
"interior",-0.00827903330217918,0.0268097729829442,108,31,"Rate-conserved",2454
"all",-0.00827903330217918,0.0268097729829442,108,31,"Rate-conserved",2454
"interior",-0.0151845818517723,0.0466466180435891,81,32,"Rate-conserved",2454
"all",-0.0151845818517723,0.0466466180435891,81,32,"Rate-conserved",2454
"interior",-0.0121426760728976,0.04072389685712,78,33,"Rate-conserved",2454
"all",-0.0121426760728976,0.04072389685712,78,33,"Rate-conserved",2454
"interior",-0.00633453990864156,0.0313350897382508,94,34,"Rate-conserved",2454
"all",-0.00633453990864156,0.0313350897382508,94,34,"Rate-conserved",2454
"interior",0.00145971868620437,0.0271821636004198,95,35,"Rate-conserved",2454
"all",0.00145971868620437,0.0271821636004198,95,35,"Rate-conserved",2454
"interior",-0.00282373271857328,0.0591424767840328,62,36,"Rate-conserved",2454
"all",-0.00282373271857328,0.0591424767840328,62,36,"Rate-conserved",2454
"interior",0.000587051454270556,0.0291834284533388,106,37,"Rate-conserved",2454
"all",0.000587051454270556,0.0291834284533388,106,37,"Rate-conserved",2454
"interior",0.000412968728083978,0.0293431724059976,128,38,"Rate-conserved",2454
"all",0.000412968728083978,0.0293431724059976,128,38,"Rate-conserved",2454
"interior",-0.00832028383575939,0.0380978403935722,98,39,"Rate-conserved",2454
"all",-0.00832028383575939,0.0380978403935722,98,39,"Rate-conserved",2454
"interior",0.00767922680944923,0.0431121610605754,93,40,"Rate-conserved",2454
"all",0.00767922680944923,0.0431121610605754,93,40,"Rate-conserved",2454
"interior",-0.0227130652295612,0.04289586911166,92,41,"Rate-conserved",2454
"all",-0.0227130652295612,0.04289586911166,92,41,"Rate-conserved",2454
"interior",-0.0213056850076602,0.0504888323817096,79,42,"Rate-conserved",2454
"all",-0.0213056850076602,0.0504888323817096,79,42,"Rate-conserved",2454
"interior",-0.0246315373957036,0.0454451927063449,87,43,"Rate-conserved",2454
"all",-0.0246315373957036,0.0454451927063449,87,43,"Rate-conserved",2454
"interior",-0.00925569160093386,0.0312700725460382,94,44,"Rate-conserved",2454
"all",-0.00925569160093386,0.0312700725460382,94,44,"Rate-conserved",2454
"interior",-0.00840408395249024,0.0282019360680853,95,45,"Rate-conserved",2454
"all",-0.00840408395249024,0.0282019360680853,95,45,"Rate-conserved",2454
"interior",-0.0119206727569436,0.0366686769817195,90,46,"Rate-conserved",2454
"all",-0.0119206727569436,0.0366686769817195,90,46,"Rate-conserved",2454
"interior",0.00362141028220548,0.035122296195286,86,47,"Rate-conserved",2454
"all",0.00362141028220548,0.035122296195286,86,47,"Rate-conserved",2454
"interior",-0.0107854119006404,0.0342986090145272,93,48,"Rate-conserved",2454
"all",-0.0107854119006404,0.0342986090145272,93,48,"Rate-conserved",2454
"interior",-0.00974125490955362,0.0356389223497947,89,49,"Rate-conserved",2454
"all",-0.00974125490955362,0.0356389223497947,89,49,"Rate-conserved",2454
"interior",-0.00670245069604655,0.0271717842019134,113,50,"Rate-conserved",2454
"all",-0.00670245069604655,0.0271717842019134,113,50,"Rate-conserved",2454
"interior",-0.00132678630179155,0.0335563507793561,105,1,"Isotropic",2504
"all",-0.00132678630179155,0.0335563507793561,105,1,"Isotropic",2504
"interior",0.0115570488942456,0.0350929176032328,79,2,"Isotropic",2504
"all",0.0115570488942456,0.0350929176032328,79,2,"Isotropic",2504
"interior",-0.00150787405672147,0.031460852400663,92,3,"Isotropic",2504
"all",-0.00150787405672147,0.031460852400663,92,3,"Isotropic",2504
"interior",0.00627470307648459,0.0248682690895396,129,4,"Isotropic",2504
"all",0.00627470307648459,0.0248682690895396,129,4,"Isotropic",2504
"interior",-0.0045883092648869,0.0346970055322638,92,5,"Isotropic",2504
"all",-0.0045883092648869,0.0346970055322638,92,5,"Isotropic",2504
"interior",-0.0171403343759791,0.0378709900189408,99,6,"Isotropic",2504
"all",-0.0171403343759791,0.0378709900189408,99,6,"Isotropic",2504
"interior",-0.00121821211994989,0.0287995037500551,97,7,"Isotropic",2504
"all",-0.00121821211994989,0.0287995037500551,97,7,"Isotropic",2504
"interior",0.0108281117998381,0.0277502286410025,112,8,"Isotropic",2504
"all",0.0108281117998381,0.0277502286410025,112,8,"Isotropic",2504
"interior",-0.00623093752858544,0.029783468570684,99,9,"Isotropic",2504
"all",-0.00623093752858544,0.029783468570684,99,9,"Isotropic",2504
"interior",-0.0214576546236664,0.0451063261336763,83,10,"Isotropic",2504
"all",-0.0214576546236664,0.0451063261336763,83,10,"Isotropic",2504
"interior",-0.00747063528971768,0.0263600433464435,125,11,"Isotropic",2504
"all",-0.00747063528971768,0.0263600433464435,125,11,"Isotropic",2504
"interior",0.00609516369006855,0.0313977263405814,110,12,"Isotropic",2504
"all",0.00609516369006855,0.0313977263405814,110,12,"Isotropic",2504
"interior",0.00231626559051338,0.0334901943108645,80,13,"Isotropic",2504
"all",0.00231626559051338,0.0334901943108645,80,13,"Isotropic",2504
"interior",-0.00238074616190434,0.0306944305139358,109,14,"Isotropic",2504
"all",-0.00238074616190434,0.0306944305139358,109,14,"Isotropic",2504
"interior",0.00461031426514647,0.0408401898554629,75,15,"Isotropic",2504
"all",0.00461031426514647,0.0408401898554629,75,15,"Isotropic",2504
"interior",-0.00764772100227684,0.0289635159787217,96,16,"Isotropic",2504
"all",-0.00764772100227684,0.0289635159787217,96,16,"Isotropic",2504
"interior",0.0119600979237629,0.0427640643964588,87,17,"Isotropic",2504
"all",0.0119600979237629,0.0427640643964588,87,17,"Isotropic",2504
"interior",0.000661279615518485,0.0362413061090181,80,18,"Isotropic",2504
"all",0.000661279615518485,0.0362413061090181,80,18,"Isotropic",2504
"interior",-0.0107920767787552,0.040588806019622,96,19,"Isotropic",2504
"all",-0.0107920767787552,0.040588806019622,96,19,"Isotropic",2504
"interior",-0.00816796042837155,0.0287868142918272,103,20,"Isotropic",2504
"all",-0.00816796042837155,0.0287868142918272,103,20,"Isotropic",2504
"interior",-0.00121733729838436,0.0322608869936655,88,21,"Isotropic",2504
"all",-0.00121733729838436,0.0322608869936655,88,21,"Isotropic",2504
"interior",-0.00791221077568489,0.0284357356848545,100,22,"Isotropic",2504
"all",-0.00791221077568489,0.0284357356848545,100,22,"Isotropic",2504
"interior",-0.00315354641909079,0.0340462202323986,95,23,"Isotropic",2504
"all",-0.00315354641909079,0.0340462202323986,95,23,"Isotropic",2504
"interior",0.0090097997895302,0.0542203942131899,70,24,"Isotropic",2504
"all",0.0090097997895302,0.0542203942131899,70,24,"Isotropic",2504
"interior",0.00278981425988154,0.0330692914486852,103,25,"Isotropic",2504
"all",0.00278981425988154,0.0330692914486852,103,25,"Isotropic",2504
"interior",0.000181322003421964,0.0337084995485553,99,26,"Isotropic",2504
"all",0.000181322003421964,0.0337084995485553,99,26,"Isotropic",2504
"interior",-0.000275324592401232,0.035609402273678,87,27,"Isotropic",2504
"all",-0.000275324592401232,0.035609402273678,87,27,"Isotropic",2504
"interior",-0.00261328783871993,0.0284324715214688,95,28,"Isotropic",2504
"all",-0.00261328783871993,0.0284324715214688,95,28,"Isotropic",2504
"interior",0.00163898500428656,0.0205865904384522,121,29,"Isotropic",2504
"all",0.00163898500428656,0.0205865904384522,121,29,"Isotropic",2504
"interior",0.00218709700102196,0.0388414672220097,98,30,"Isotropic",2504
"all",0.00218709700102196,0.0388414672220097,98,30,"Isotropic",2504
"interior",0.00435662876498042,0.0399854670059523,98,31,"Isotropic",2504
"all",0.00435662876498042,0.0399854670059523,98,31,"Isotropic",2504
"interior",0.00213221381720541,0.0320549177765808,104,32,"Isotropic",2504
"all",0.00213221381720541,0.0320549177765808,104,32,"Isotropic",2504
"interior",-0.0107406726202998,0.0309324376508621,105,33,"Isotropic",2504
"all",-0.0107406726202998,0.0309324376508621,105,33,"Isotropic",2504
"interior",0.00438848590794438,0.0280290907117544,95,34,"Isotropic",2504
"all",0.00438848590794438,0.0280290907117544,95,34,"Isotropic",2504
"interior",0.00172734902020216,0.030589584112794,88,35,"Isotropic",2504
"all",0.00172734902020216,0.030589584112794,88,35,"Isotropic",2504
"interior",0.0121145607004974,0.0505024471563743,83,36,"Isotropic",2504
"all",0.0121145607004974,0.0505024471563743,83,36,"Isotropic",2504
"interior",-0.00144396589444182,0.0316778904154147,96,37,"Isotropic",2504
"all",-0.00144396589444182,0.0316778904154147,96,37,"Isotropic",2504
"interior",0.00595681412316757,0.0438003353659149,82,38,"Isotropic",2504
"all",0.00595681412316757,0.0438003353659149,82,38,"Isotropic",2504
"interior",0.00219630015110254,0.0425186339092436,82,39,"Isotropic",2504
"all",0.00219630015110254,0.0425186339092436,82,39,"Isotropic",2504
"interior",0.00258785036726901,0.0388565926447346,91,40,"Isotropic",2504
"all",0.00258785036726901,0.0388565926447346,91,40,"Isotropic",2504
"interior",0.00708829729230455,0.0235865007512035,99,41,"Isotropic",2504
"all",0.00708829729230455,0.0235865007512035,99,41,"Isotropic",2504
"interior",-0.000153372197547081,0.0323188032699841,107,42,"Isotropic",2504
"all",-0.000153372197547081,0.0323188032699841,107,42,"Isotropic",2504
"interior",0.000815996017244622,0.0397326276588542,83,43,"Isotropic",2504
"all",0.000815996017244622,0.0397326276588542,83,43,"Isotropic",2504
"interior",-0.00479137209483998,0.0291194516433285,96,44,"Isotropic",2504
"all",-0.00479137209483998,0.0291194516433285,96,44,"Isotropic",2504
"interior",-0.00365368549339733,0.0390775704941253,105,45,"Isotropic",2504
"all",-0.00365368549339733,0.0390775704941253,105,45,"Isotropic",2504
"interior",0.000280308914377082,0.0416670238742651,85,46,"Isotropic",2504
"all",0.000280308914377082,0.0416670238742651,85,46,"Isotropic",2504
"interior",0.00744129260149814,0.0274125952074017,117,47,"Isotropic",2504
"all",0.00744129260149814,0.0274125952074017,117,47,"Isotropic",2504
"interior",-0.00266371882676976,0.0349600656178117,110,48,"Isotropic",2504
"all",-0.00266371882676976,0.0349600656178117,110,48,"Isotropic",2504
"interior",0.00709239539649202,0.0254176989287126,100,49,"Isotropic",2504
"all",0.00709239539649202,0.0254176989287126,100,49,"Isotropic",2504
"interior",0.00237490252079897,0.0401245026785269,88,50,"Isotropic",2504
"all",0.00237490252079897,0.0401245026785269,88,50,"Isotropic",2504
"interior",-0.0250204469791243,0.0546673464456479,69,1,"Flux-conserved",2504
"leaf-incident",-0.436246350533022,0.436246350533022,1,1,"Flux-conserved",2504
"all",-0.03089510274418,0.0601184750754675,70,1,"Flux-conserved",2504
"interior",0.0153875399723391,0.058085196449565,79,2,"Flux-conserved",2504
"leaf-incident",0.5,0.5,1,2,"Flux-conserved",2504
"all",0.0214451957226849,0.0636091314939454,80,2,"Flux-conserved",2504
"interior",-0.0290931574470438,0.049413320189505,74,3,"Flux-conserved",2504
"leaf-incident",0.513925409250975,0.513925409250975,2,3,"Flux-conserved",2504
"all",-0.0148031951655169,0.0616373225332279,76,3,"Flux-conserved",2504
"interior",-0.0302271827024834,0.0581943481947797,81,4,"Flux-conserved",2504
"all",-0.0302271827024834,0.0581943481947797,81,4,"Flux-conserved",2504
"interior",-0.0382318289092252,0.0527170841007713,65,5,"Flux-conserved",2504
"all",-0.0382318289092252,0.0527170841007713,65,5,"Flux-conserved",2504
"interior",-0.0201939535439988,0.0515868131389159,73,6,"Flux-conserved",2504
"leaf-incident",0.207791388048232,0.207791388048232,1,6,"Flux-conserved",2504
"all",-0.0171130705495092,0.0536976857728256,74,6,"Flux-conserved",2504
"interior",-0.0134357356906011,0.0508351752701,81,7,"Flux-conserved",2504
"all",-0.0134357356906011,0.0508351752701,81,7,"Flux-conserved",2504
"interior",-0.0134563244196304,0.0703755561546069,62,8,"Flux-conserved",2504
"all",-0.0134563244196304,0.0703755561546069,62,8,"Flux-conserved",2504
"interior",-0.022984882755871,0.0446858175647145,91,9,"Flux-conserved",2504
"leaf-incident",0.411131661557517,0.411131661557517,1,9,"Flux-conserved",2504
"all",-0.0182662246655081,0.0486689245646363,92,9,"Flux-conserved",2504
"interior",0.0094867351736836,0.0771809448173447,105,10,"Flux-conserved",2504
"all",0.0094867351736836,0.0771809448173447,105,10,"Flux-conserved",2504
"interior",-0.0271405341995237,0.0534225831753827,78,11,"Flux-conserved",2504
"all",-0.0271405341995237,0.0534225831753827,78,11,"Flux-conserved",2504
"interior",0.0120493385944599,0.0936515445946516,77,12,"Flux-conserved",2504
"all",0.0120493385944599,0.0936515445946516,77,12,"Flux-conserved",2504
"interior",-0.0467442499627893,0.080051640574241,57,13,"Flux-conserved",2504
"leaf-incident",0.174285321178585,0.174285321178585,1,13,"Flux-conserved",2504
"all",-0.042933395287938,0.0816763592053504,58,13,"Flux-conserved",2504
"interior",-0.029394250551424,0.056274449850354,64,14,"Flux-conserved",2504
"all",-0.029394250551424,0.056274449850354,64,14,"Flux-conserved",2504
"interior",-0.0238355350448928,0.0390479693035935,113,15,"Flux-conserved",2504
"all",-0.0238355350448928,0.0390479693035935,113,15,"Flux-conserved",2504
"interior",-0.0314463936816721,0.0474489399418099,92,16,"Flux-conserved",2504
"all",-0.0314463936816721,0.0474489399418099,92,16,"Flux-conserved",2504
"interior",-0.0176390585430624,0.0478427285762192,86,17,"Flux-conserved",2504
"all",-0.0176390585430624,0.0478427285762192,86,17,"Flux-conserved",2504
"interior",0.0222095154245663,0.107834028719148,75,18,"Flux-conserved",2504
"all",0.0222095154245663,0.107834028719148,75,18,"Flux-conserved",2504
"interior",-0.0198388750156653,0.050075798041776,82,19,"Flux-conserved",2504
"all",-0.0198388750156653,0.050075798041776,82,19,"Flux-conserved",2504
"interior",-0.0240463241226587,0.0503439449411206,72,20,"Flux-conserved",2504
"all",-0.0240463241226587,0.0503439449411206,72,20,"Flux-conserved",2504
"interior",0.0474836209804487,0.143113097862896,64,21,"Flux-conserved",2504
"all",0.0474836209804487,0.143113097862896,64,21,"Flux-conserved",2504
"interior",-0.01928642902217,0.0696613485825105,71,22,"Flux-conserved",2504
"all",-0.01928642902217,0.0696613485825105,71,22,"Flux-conserved",2504
"interior",-0.0288059249164534,0.060408793014675,77,23,"Flux-conserved",2504
"all",-0.0288059249164534,0.060408793014675,77,23,"Flux-conserved",2504
"interior",-0.0255711096781214,0.0443467302159132,85,24,"Flux-conserved",2504
"all",-0.0255711096781214,0.0443467302159132,85,24,"Flux-conserved",2504
"interior",-0.00930182750450689,0.0664079316524694,63,25,"Flux-conserved",2504
"all",-0.00930182750450689,0.0664079316524694,63,25,"Flux-conserved",2504
"interior",-0.0152813905141818,0.0421204944287771,89,26,"Flux-conserved",2504
"all",-0.0152813905141818,0.0421204944287771,89,26,"Flux-conserved",2504
"interior",-0.0413830738309953,0.0686336483498076,71,27,"Flux-conserved",2504
"all",-0.0413830738309953,0.0686336483498076,71,27,"Flux-conserved",2504
"interior",-0.0226357953695304,0.0558834450350192,79,28,"Flux-conserved",2504
"all",-0.0226357953695304,0.0558834450350192,79,28,"Flux-conserved",2504
"interior",-0.0274856920277541,0.050671388521619,99,29,"Flux-conserved",2504
"all",-0.0274856920277541,0.050671388521619,99,29,"Flux-conserved",2504
"interior",-0.0360349114640708,0.0513654924613794,88,30,"Flux-conserved",2504
"all",-0.0360349114640708,0.0513654924613794,88,30,"Flux-conserved",2504
"interior",-0.0105829513146967,0.0458685132095902,92,31,"Flux-conserved",2504
"all",-0.0105829513146967,0.0458685132095902,92,31,"Flux-conserved",2504
"interior",-0.037009996882144,0.0616290029174766,82,32,"Flux-conserved",2504
"all",-0.037009996882144,0.0616290029174766,82,32,"Flux-conserved",2504
"interior",-0.0222579642180322,0.0599791387810669,89,33,"Flux-conserved",2504
"all",-0.0222579642180322,0.0599791387810669,89,33,"Flux-conserved",2504
"interior",-0.0394532584277142,0.0628884771606681,59,34,"Flux-conserved",2504
"leaf-incident",0.770253251882013,0.770253251882013,4,34,"Flux-conserved",2504
"all",0.0119566787348081,0.107800526349325,63,34,"Flux-conserved",2504
"interior",-0.0208426300532267,0.0437070533278808,84,35,"Flux-conserved",2504
"all",-0.0208426300532267,0.0437070533278808,84,35,"Flux-conserved",2504
"interior",-0.0270002053358578,0.0459896094173163,70,36,"Flux-conserved",2504
"all",-0.0270002053358578,0.0459896094173163,70,36,"Flux-conserved",2504
"interior",-0.0113243201412681,0.0471798716048321,84,37,"Flux-conserved",2504
"all",-0.0113243201412681,0.0471798716048321,84,37,"Flux-conserved",2504
"interior",-0.0260324334190653,0.0431262446858033,95,38,"Flux-conserved",2504
"all",-0.0260324334190653,0.0431262446858033,95,38,"Flux-conserved",2504
"interior",-0.00676978303393629,0.0489519392189866,83,39,"Flux-conserved",2504
"all",-0.00676978303393629,0.0489519392189866,83,39,"Flux-conserved",2504
"interior",-0.0181721095093723,0.0540080085792874,83,40,"Flux-conserved",2504
"all",-0.0181721095093723,0.0540080085792874,83,40,"Flux-conserved",2504
"interior",-0.0147668312277287,0.0498574058752272,96,41,"Flux-conserved",2504
"all",-0.0147668312277287,0.0498574058752272,96,41,"Flux-conserved",2504
"interior",-0.0306901311187318,0.0660198301167119,61,42,"Flux-conserved",2504
"leaf-incident",0.268941421369995,0.268941421369995,1,42,"Flux-conserved",2504
"all",-0.0258573641431071,0.0692927590078939,62,42,"Flux-conserved",2504
"interior",-0.00949998281595949,0.037080084608238,89,43,"Flux-conserved",2504
"all",-0.00949998281595949,0.037080084608238,89,43,"Flux-conserved",2504
"interior",-0.00372474775356936,0.0919859928635882,69,44,"Flux-conserved",2504
"all",-0.00372474775356936,0.0919859928635882,69,44,"Flux-conserved",2504
"interior",-0.0280695650556667,0.0575568744887809,76,45,"Flux-conserved",2504
"leaf-incident",-0.268941421369996,0.268941421369996,1,45,"Flux-conserved",2504
"all",-0.0311977709818268,0.0603021283443811,77,45,"Flux-conserved",2504
"interior",-0.0296160805680807,0.0444746475771815,96,46,"Flux-conserved",2504
"all",-0.0296160805680807,0.0444746475771815,96,46,"Flux-conserved",2504
"interior",-0.0106516373055908,0.0367466781894427,105,47,"Flux-conserved",2504
"all",-0.0106516373055908,0.0367466781894427,105,47,"Flux-conserved",2504
"interior",-0.0168923735207251,0.0450668470245049,90,48,"Flux-conserved",2504
"all",-0.0168923735207251,0.0450668470245049,90,48,"Flux-conserved",2504
"interior",-0.00806563279247913,0.0665182290682586,68,49,"Flux-conserved",2504
"all",-0.00806563279247913,0.0665182290682586,68,49,"Flux-conserved",2504
"interior",-0.016234097627778,0.0403532556637916,104,50,"Flux-conserved",2504
"all",-0.016234097627778,0.0403532556637916,104,50,"Flux-conserved",2504
"interior",-0.0115315887835479,0.0460751993153039,85,1,"Rate-conserved",2504
"all",-0.0115315887835479,0.0460751993153039,85,1,"Rate-conserved",2504
"interior",0.00249379996142913,0.029993399284962,95,2,"Rate-conserved",2504
"all",0.00249379996142913,0.029993399284962,95,2,"Rate-conserved",2504
"interior",-0.0189306664961312,0.043838338585892,101,3,"Rate-conserved",2504
"all",-0.0189306664961312,0.043838338585892,101,3,"Rate-conserved",2504
"interior",-0.0143005864649244,0.0281248043855465,104,4,"Rate-conserved",2504
"all",-0.0143005864649244,0.0281248043855465,104,4,"Rate-conserved",2504
"interior",-0.0238743475671863,0.0397126352676368,83,5,"Rate-conserved",2504
"all",-0.0238743475671863,0.0397126352676368,83,5,"Rate-conserved",2504
"interior",-0.00801377641221332,0.0464414804000506,105,6,"Rate-conserved",2504
"all",-0.00801377641221332,0.0464414804000506,105,6,"Rate-conserved",2504
"interior",-0.0208137989973871,0.0361271792129998,91,7,"Rate-conserved",2504
"all",-0.0208137989973871,0.0361271792129998,91,7,"Rate-conserved",2504
"interior",-0.000195606847448154,0.0423383446160283,80,8,"Rate-conserved",2504
"all",-0.000195606847448154,0.0423383446160283,80,8,"Rate-conserved",2504
"interior",-0.0162880754371664,0.0378517988805424,98,9,"Rate-conserved",2504
"all",-0.0162880754371664,0.0378517988805424,98,9,"Rate-conserved",2504
"interior",0.00129023695722578,0.0529936248014003,94,10,"Rate-conserved",2504
"all",0.00129023695722578,0.0529936248014003,94,10,"Rate-conserved",2504
"interior",-0.0138143157035512,0.0516249544391212,71,11,"Rate-conserved",2504
"all",-0.0138143157035512,0.0516249544391212,71,11,"Rate-conserved",2504
"interior",-0.0163391113113718,0.0430660692283366,80,12,"Rate-conserved",2504
"all",-0.0163391113113718,0.0430660692283366,80,12,"Rate-conserved",2504
"interior",-0.0205591646299653,0.0468222480697539,78,13,"Rate-conserved",2504
"all",-0.0205591646299653,0.0468222480697539,78,13,"Rate-conserved",2504
"interior",-0.0162209286213515,0.0332707011736299,114,14,"Rate-conserved",2504
"all",-0.0162209286213515,0.0332707011736299,114,14,"Rate-conserved",2504
"interior",-0.00907598248310938,0.0443794715075945,86,15,"Rate-conserved",2504
"all",-0.00907598248310938,0.0443794715075945,86,15,"Rate-conserved",2504
"interior",-0.0154691780576491,0.0328157011584871,104,16,"Rate-conserved",2504
"all",-0.0154691780576491,0.0328157011584871,104,16,"Rate-conserved",2504
"interior",-0.00232778367002476,0.0287108180321164,111,17,"Rate-conserved",2504
"all",-0.00232778367002476,0.0287108180321164,111,17,"Rate-conserved",2504
"interior",-0.0247067759530298,0.0583037733325005,63,18,"Rate-conserved",2504
"leaf-incident",0.842904531114547,0.842904531114547,1,18,"Rate-conserved",2504
"all",-0.011150349280099,0.070563160172845,64,18,"Rate-conserved",2504
"interior",-0.00886875413924138,0.0359987947011177,101,19,"Rate-conserved",2504
"all",-0.00886875413924138,0.0359987947011177,101,19,"Rate-conserved",2504
"interior",-0.0180412189665761,0.0317345651211046,100,20,"Rate-conserved",2504
"all",-0.0180412189665761,0.0317345651211046,100,20,"Rate-conserved",2504
"interior",-0.0210222178235481,0.0452303582613873,79,21,"Rate-conserved",2504
"all",-0.0210222178235481,0.0452303582613873,79,21,"Rate-conserved",2504
"interior",-0.0152165210325847,0.0353202019564883,99,22,"Rate-conserved",2504
"all",-0.0152165210325847,0.0353202019564883,99,22,"Rate-conserved",2504
"interior",-0.00319808404198892,0.0343580033347785,95,23,"Rate-conserved",2504
"all",-0.00319808404198892,0.0343580033347785,95,23,"Rate-conserved",2504
"interior",-0.00548362988115956,0.0429262350059659,76,24,"Rate-conserved",2504
"all",-0.00548362988115956,0.0429262350059659,76,24,"Rate-conserved",2504
"interior",-0.00971185010498855,0.0349313817956964,101,25,"Rate-conserved",2504
"all",-0.00971185010498855,0.0349313817956964,101,25,"Rate-conserved",2504
"interior",-0.00261607518335516,0.0414072345237781,86,26,"Rate-conserved",2504
"all",-0.00261607518335516,0.0414072345237781,86,26,"Rate-conserved",2504
"interior",-0.0094583830051289,0.0372886730118407,80,27,"Rate-conserved",2504
"all",-0.0094583830051289,0.0372886730118407,80,27,"Rate-conserved",2504
"interior",-0.0127677442389433,0.0416941428743282,88,28,"Rate-conserved",2504
"all",-0.0127677442389433,0.0416941428743282,88,28,"Rate-conserved",2504
"interior",-0.0104900711080683,0.0367110159699518,98,29,"Rate-conserved",2504
"all",-0.0104900711080683,0.0367110159699518,98,29,"Rate-conserved",2504
"interior",-0.0157729779550231,0.0452145052853703,76,30,"Rate-conserved",2504
"all",-0.0157729779550231,0.0452145052853703,76,30,"Rate-conserved",2504
"interior",-0.0104204429214347,0.0389259071527489,96,31,"Rate-conserved",2504
"all",-0.0104204429214347,0.0389259071527489,96,31,"Rate-conserved",2504
"interior",-0.0148987027654275,0.0331261672017095,94,32,"Rate-conserved",2504
"all",-0.0148987027654275,0.0331261672017095,94,32,"Rate-conserved",2504
"interior",-0.00874409944114107,0.0403712572244418,83,33,"Rate-conserved",2504
"all",-0.00874409944114107,0.0403712572244418,83,33,"Rate-conserved",2504
"interior",0.00253313068437079,0.0390519011485229,96,34,"Rate-conserved",2504
"all",0.00253313068437079,0.0390519011485229,96,34,"Rate-conserved",2504
"interior",0.000658344246169174,0.0448067290381799,90,35,"Rate-conserved",2504
"all",0.000658344246169174,0.0448067290381799,90,35,"Rate-conserved",2504
"interior",-0.0144442287230483,0.0407236343501388,79,36,"Rate-conserved",2504
"all",-0.0144442287230483,0.0407236343501388,79,36,"Rate-conserved",2504
"interior",-0.00387078460420321,0.0354309138729106,92,37,"Rate-conserved",2504
"all",-0.00387078460420321,0.0354309138729106,92,37,"Rate-conserved",2504
"interior",-0.00543427804872187,0.0306453570563074,120,38,"Rate-conserved",2504
"all",-0.00543427804872187,0.0306453570563074,120,38,"Rate-conserved",2504
"interior",-0.00803316249342638,0.0318969079229536,116,39,"Rate-conserved",2504
"all",-0.00803316249342638,0.0318969079229536,116,39,"Rate-conserved",2504
"interior",0.000536529500500411,0.0439503515875482,69,40,"Rate-conserved",2504
"all",0.000536529500500411,0.0439503515875482,69,40,"Rate-conserved",2504
"interior",-0.0137047932020453,0.0390855747890702,87,41,"Rate-conserved",2504
"all",-0.0137047932020453,0.0390855747890702,87,41,"Rate-conserved",2504
"interior",-0.0166105637399281,0.0468238366252604,61,42,"Rate-conserved",2504
"all",-0.0166105637399281,0.0468238366252604,61,42,"Rate-conserved",2504
"interior",-0.0263934602161193,0.0492440023759965,77,43,"Rate-conserved",2504
"all",-0.0263934602161193,0.0492440023759965,77,43,"Rate-conserved",2504
"interior",-0.0140297912290001,0.043843691152532,88,44,"Rate-conserved",2504
"all",-0.0140297912290001,0.043843691152532,88,44,"Rate-conserved",2504
"interior",-0.00224591674893995,0.0445159465242608,94,45,"Rate-conserved",2504
"all",-0.00224591674893995,0.0445159465242608,94,45,"Rate-conserved",2504
"interior",-0.0216112962799349,0.0564463629034171,73,46,"Rate-conserved",2504
"all",-0.0216112962799349,0.0564463629034171,73,46,"Rate-conserved",2504
"interior",-0.0106878719000114,0.0345519385955019,91,47,"Rate-conserved",2504
"all",-0.0106878719000114,0.0345519385955019,91,47,"Rate-conserved",2504
"interior",-0.0127573447348818,0.0307214130206854,101,48,"Rate-conserved",2504
"all",-0.0127573447348818,0.0307214130206854,101,48,"Rate-conserved",2504
"interior",-0.0158789926742044,0.0360251698710941,101,49,"Rate-conserved",2504
"all",-0.0158789926742044,0.0360251698710941,101,49,"Rate-conserved",2504
"interior",-0.00125735031546594,0.0250855249703206,103,50,"Rate-conserved",2504
"all",-0.00125735031546594,0.0250855249703206,103,50,"Rate-conserved",2504
"interior",-0.000553052015528264,0.0303383273174178,109,1,"Isotropic",2554
"all",-0.000553052015528264,0.0303383273174178,109,1,"Isotropic",2554
"interior",0.0160029068155398,0.0417630627638238,68,2,"Isotropic",2554
"all",0.0160029068155398,0.0417630627638238,68,2,"Isotropic",2554
"interior",-0.00334771115577899,0.0294188754050395,106,3,"Isotropic",2554
"all",-0.00334771115577899,0.0294188754050395,106,3,"Isotropic",2554
"interior",0.00532007045488148,0.023954023552875,125,4,"Isotropic",2554
"all",0.00532007045488148,0.023954023552875,125,4,"Isotropic",2554
"interior",0.01143056125765,0.0473187091408886,82,5,"Isotropic",2554
"all",0.01143056125765,0.0473187091408886,82,5,"Isotropic",2554
"interior",-0.00640645020858417,0.0291386262665254,101,6,"Isotropic",2554
"all",-0.00640645020858417,0.0291386262665254,101,6,"Isotropic",2554
"interior",0.00734579250224727,0.0324097696065861,94,7,"Isotropic",2554
"all",0.00734579250224727,0.0324097696065861,94,7,"Isotropic",2554
"interior",-0.0026898829555112,0.0303154120146829,98,8,"Isotropic",2554
"all",-0.0026898829555112,0.0303154120146829,98,8,"Isotropic",2554
"interior",-0.00484768672343322,0.0311525142956157,101,9,"Isotropic",2554
"all",-0.00484768672343322,0.0311525142956157,101,9,"Isotropic",2554
"interior",-0.0125247220637328,0.0422422890727696,88,10,"Isotropic",2554
"all",-0.0125247220637328,0.0422422890727696,88,10,"Isotropic",2554
"interior",-0.00265797624926461,0.0343020639796744,101,11,"Isotropic",2554
"all",-0.00265797624926461,0.0343020639796744,101,11,"Isotropic",2554
"interior",0.0093679663953944,0.0330086722617643,102,12,"Isotropic",2554
"all",0.0093679663953944,0.0330086722617643,102,12,"Isotropic",2554
"interior",-0.00300468812104808,0.030242158168495,91,13,"Isotropic",2554
"all",-0.00300468812104808,0.030242158168495,91,13,"Isotropic",2554
"interior",0.0023142138024056,0.0289812094944102,102,14,"Isotropic",2554
"all",0.0023142138024056,0.0289812094944102,102,14,"Isotropic",2554
"interior",0.00613129612161499,0.0338483246361192,88,15,"Isotropic",2554
"all",0.00613129612161499,0.0338483246361192,88,15,"Isotropic",2554
"interior",-0.00829240105249685,0.0401601210291083,76,16,"Isotropic",2554
"all",-0.00829240105249685,0.0401601210291083,76,16,"Isotropic",2554
"interior",0.00689256911984446,0.0383190583239344,102,17,"Isotropic",2554
"all",0.00689256911984446,0.0383190583239344,102,17,"Isotropic",2554
"interior",0.00438634257326691,0.0363747134187439,81,18,"Isotropic",2554
"all",0.00438634257326691,0.0363747134187439,81,18,"Isotropic",2554
"interior",-0.00552676932582152,0.0448000684962486,88,19,"Isotropic",2554
"all",-0.00552676932582152,0.0448000684962486,88,19,"Isotropic",2554
"interior",-0.00297525780078832,0.0320088289965249,85,20,"Isotropic",2554
"all",-0.00297525780078832,0.0320088289965249,85,20,"Isotropic",2554
"interior",0.000403378838497227,0.0314853113757838,104,21,"Isotropic",2554
"all",0.000403378838497227,0.0314853113757838,104,21,"Isotropic",2554
"interior",-0.00316276749275091,0.0291243700969912,94,22,"Isotropic",2554
"all",-0.00316276749275091,0.0291243700969912,94,22,"Isotropic",2554
"interior",0.00287632171318072,0.0277934051942967,92,23,"Isotropic",2554
"all",0.00287632171318072,0.0277934051942967,92,23,"Isotropic",2554
"interior",0.00424713337820121,0.0370972567428199,84,24,"Isotropic",2554
"all",0.00424713337820121,0.0370972567428199,84,24,"Isotropic",2554
"interior",0.00604644464751702,0.0224296315081479,123,25,"Isotropic",2554
"all",0.00604644464751702,0.0224296315081479,123,25,"Isotropic",2554
"interior",-0.0024687988053158,0.0213569328136286,101,26,"Isotropic",2554
"all",-0.0024687988053158,0.0213569328136286,101,26,"Isotropic",2554
"interior",0.00146206879209262,0.033320849007939,97,27,"Isotropic",2554
"all",0.00146206879209262,0.033320849007939,97,27,"Isotropic",2554
"interior",0.00127761356883447,0.0429851521633781,82,28,"Isotropic",2554
"all",0.00127761356883447,0.0429851521633781,82,28,"Isotropic",2554
"interior",-0.00685606381926196,0.0300898804160464,114,29,"Isotropic",2554
"all",-0.00685606381926196,0.0300898804160464,114,29,"Isotropic",2554
"interior",0.00608738306326482,0.0398185819139838,82,30,"Isotropic",2554
"all",0.00608738306326482,0.0398185819139838,82,30,"Isotropic",2554
"interior",0.0101434403334195,0.0335348649142901,97,31,"Isotropic",2554
"all",0.0101434403334195,0.0335348649142901,97,31,"Isotropic",2554
"interior",-0.000225860012345574,0.0333083853680338,98,32,"Isotropic",2554
"all",-0.000225860012345574,0.0333083853680338,98,32,"Isotropic",2554
"interior",0.00420609086799298,0.0306350515617374,99,33,"Isotropic",2554
"all",0.00420609086799298,0.0306350515617374,99,33,"Isotropic",2554
"interior",-0.00172141245745944,0.0288421813481795,94,34,"Isotropic",2554
"all",-0.00172141245745944,0.0288421813481795,94,34,"Isotropic",2554
"interior",0.000731396650706353,0.0363029156551936,94,35,"Isotropic",2554
"all",0.000731396650706353,0.0363029156551936,94,35,"Isotropic",2554
"interior",0.00978012538507796,0.0402829652094624,90,36,"Isotropic",2554
"all",0.00978012538507796,0.0402829652094624,90,36,"Isotropic",2554
"interior",-0.00561848881536043,0.0333883715217386,88,37,"Isotropic",2554
"all",-0.00561848881536043,0.0333883715217386,88,37,"Isotropic",2554
"interior",0.00551338983486896,0.0302673453829919,102,38,"Isotropic",2554
"all",0.00551338983486896,0.0302673453829919,102,38,"Isotropic",2554
"interior",0.010619040542825,0.0298821517797771,101,39,"Isotropic",2554
"all",0.010619040542825,0.0298821517797771,101,39,"Isotropic",2554
"interior",0.00772395779806771,0.0251160998528263,95,40,"Isotropic",2554
"all",0.00772395779806771,0.0251160998528263,95,40,"Isotropic",2554
"interior",0.00705959443083696,0.0288783782589747,98,41,"Isotropic",2554
"all",0.00705959443083696,0.0288783782589747,98,41,"Isotropic",2554
"interior",0.00687077664901896,0.0288992936859686,113,42,"Isotropic",2554
"all",0.00687077664901896,0.0288992936859686,113,42,"Isotropic",2554
"interior",-0.00205818846404266,0.0334253071940137,90,43,"Isotropic",2554
"all",-0.00205818846404266,0.0334253071940137,90,43,"Isotropic",2554
"interior",-0.00176778645634837,0.0276473244954185,109,44,"Isotropic",2554
"all",-0.00176778645634837,0.0276473244954185,109,44,"Isotropic",2554
"interior",-0.00205015862570199,0.0372471547000433,107,45,"Isotropic",2554
"all",-0.00205015862570199,0.0372471547000433,107,45,"Isotropic",2554
"interior",0.000465165372669824,0.0318664230992014,81,46,"Isotropic",2554
"all",0.000465165372669824,0.0318664230992014,81,46,"Isotropic",2554
"interior",0.00683844866444071,0.028139041966943,107,47,"Isotropic",2554
"all",0.00683844866444071,0.028139041966943,107,47,"Isotropic",2554
"interior",0.00112085231432972,0.0264610814292386,113,48,"Isotropic",2554
"all",0.00112085231432972,0.0264610814292386,113,48,"Isotropic",2554
"interior",-0.00886715491185321,0.046465389872598,82,49,"Isotropic",2554
"all",-0.00886715491185321,0.046465389872598,82,49,"Isotropic",2554
"interior",-0.00741358512714006,0.0296691625081872,90,50,"Isotropic",2554
"all",-0.00741358512714006,0.0296691625081872,90,50,"Isotropic",2554
"interior",-0.0245993971354058,0.0699601998943172,61,1,"Flux-conserved",2554
"leaf-incident",0.518442793541285,0.518442793541285,2,1,"Flux-conserved",2554
"all",-0.00735996251074891,0.0841977425497765,63,1,"Flux-conserved",2554
"interior",0.02969899127252,0.0882157336227909,90,2,"Flux-conserved",2554
"all",0.02969899127252,0.0882157336227909,90,2,"Flux-conserved",2554
"interior",-0.0266875496368641,0.0511265758878158,81,3,"Flux-conserved",2554
"leaf-incident",0.654364685384037,0.654364685384037,2,3,"Flux-conserved",2554
"all",-0.0102766524074448,0.0656624339479657,83,3,"Flux-conserved",2554
"interior",-0.02980523874563,0.0598049879529977,77,4,"Flux-conserved",2554
"all",-0.02980523874563,0.0598049879529977,77,4,"Flux-conserved",2554
"interior",-0.012434939638845,0.0515063887433741,90,5,"Flux-conserved",2554
"all",-0.012434939638845,0.0515063887433741,90,5,"Flux-conserved",2554
"interior",-0.0161070471672653,0.0704647471713955,76,6,"Flux-conserved",2554
"all",-0.0161070471672653,0.0704647471713955,76,6,"Flux-conserved",2554
"interior",-0.0260811276763396,0.0557226919856449,76,7,"Flux-conserved",2554
"all",-0.0260811276763396,0.0557226919856449,76,7,"Flux-conserved",2554
"interior",-0.0201644845249661,0.0496188261325028,73,8,"Flux-conserved",2554
"all",-0.0201644845249661,0.0496188261325028,73,8,"Flux-conserved",2554
"interior",-0.026260925449334,0.0441692913146203,85,9,"Flux-conserved",2554
"all",-0.026260925449334,0.0441692913146203,85,9,"Flux-conserved",2554
"interior",0.0287578577941154,0.126420231608603,67,10,"Flux-conserved",2554
"all",0.0287578577941154,0.126420231608603,67,10,"Flux-conserved",2554
"interior",-0.0310029029990501,0.0676201916823755,68,11,"Flux-conserved",2554
"all",-0.0310029029990501,0.0676201916823755,68,11,"Flux-conserved",2554
"interior",-0.0177931377233104,0.0799680566230275,76,12,"Flux-conserved",2554
"all",-0.0177931377233104,0.0799680566230275,76,12,"Flux-conserved",2554
"interior",-0.0146222817159266,0.0758063305657258,54,13,"Flux-conserved",2554
"all",-0.0146222817159266,0.0758063305657258,54,13,"Flux-conserved",2554
"interior",-0.0224762556418678,0.0716652088595075,56,14,"Flux-conserved",2554
"leaf-incident",0.149067258942644,0.149067258942644,1,14,"Flux-conserved",2554
"all",-0.0194667202982799,0.0730231395627204,57,14,"Flux-conserved",2554
"interior",-0.0288388837098748,0.0548464448115832,93,15,"Flux-conserved",2554
"all",-0.0288388837098748,0.0548464448115832,93,15,"Flux-conserved",2554
"interior",-0.0211373333335956,0.0416264479028367,102,16,"Flux-conserved",2554
"all",-0.0211373333335956,0.0416264479028367,102,16,"Flux-conserved",2554
"interior",-0.0165370066492604,0.0441131130905532,91,17,"Flux-conserved",2554
"all",-0.0165370066492604,0.0441131130905532,91,17,"Flux-conserved",2554
"interior",-0.0418528871007594,0.0595286053918897,59,18,"Flux-conserved",2554
"leaf-incident",0.833349853714226,0.833349853714226,6,18,"Flux-conserved",2554
"all",0.0389350582052392,0.130958259083182,65,18,"Flux-conserved",2554
"interior",-0.0354541682395019,0.0568694329664303,68,19,"Flux-conserved",2554
"all",-0.0354541682395019,0.0568694329664303,68,19,"Flux-conserved",2554
"interior",-0.024200814836915,0.0514946268435859,79,20,"Flux-conserved",2554
"all",-0.024200814836915,0.0514946268435859,79,20,"Flux-conserved",2554
"interior",0.0334061915671406,0.099591512622153,99,21,"Flux-conserved",2554
"all",0.0334061915671406,0.099591512622153,99,21,"Flux-conserved",2554
"interior",-0.0340279596877955,0.065600662001133,68,22,"Flux-conserved",2554
"all",-0.0340279596877955,0.065600662001133,68,22,"Flux-conserved",2554
"interior",-0.0229738788443306,0.0873032088208712,68,23,"Flux-conserved",2554
"all",-0.0229738788443306,0.0873032088208712,68,23,"Flux-conserved",2554
"interior",-0.0184767575071179,0.0599573762687428,74,24,"Flux-conserved",2554
"all",-0.0184767575071179,0.0599573762687428,74,24,"Flux-conserved",2554
"interior",-0.0371948853995266,0.0899134747910946,56,25,"Flux-conserved",2554
"all",-0.0371948853995266,0.0899134747910946,56,25,"Flux-conserved",2554
"interior",-0.0246550032820273,0.0424039030734259,90,26,"Flux-conserved",2554
"all",-0.0246550032820273,0.0424039030734259,90,26,"Flux-conserved",2554
"interior",-0.0190768543428429,0.067768550128622,64,27,"Flux-conserved",2554
"all",-0.0190768543428429,0.067768550128622,64,27,"Flux-conserved",2554
"interior",-0.022749054911425,0.0416850178695377,97,28,"Flux-conserved",2554
"all",-0.022749054911425,0.0416850178695377,97,28,"Flux-conserved",2554
"interior",-0.0224375721385291,0.0570230910315307,85,29,"Flux-conserved",2554
"all",-0.0224375721385291,0.0570230910315307,85,29,"Flux-conserved",2554
"interior",-0.0410083969113666,0.057911874542709,77,30,"Flux-conserved",2554
"leaf-incident",-0.500000000000001,0.500000000000001,1,30,"Flux-conserved",2554
"all",-0.0468929046432722,0.0635796710229307,78,30,"Flux-conserved",2554
"interior",-0.0130214704145514,0.048910460223745,95,31,"Flux-conserved",2554
"all",-0.0130214704145514,0.048910460223745,95,31,"Flux-conserved",2554
"interior",-0.0403057603904296,0.0670671857904039,86,32,"Flux-conserved",2554
"all",-0.0403057603904296,0.0670671857904039,86,32,"Flux-conserved",2554
"interior",-0.0118530335303749,0.046647055026037,104,33,"Flux-conserved",2554
"all",-0.0118530335303749,0.046647055026037,104,33,"Flux-conserved",2554
"interior",-0.00611225583541041,0.0837179981474884,74,34,"Flux-conserved",2554
"all",-0.00611225583541041,0.0837179981474884,74,34,"Flux-conserved",2554
"interior",-0.0196715538028448,0.0370817937050221,98,35,"Flux-conserved",2554
"all",-0.0196715538028448,0.0370817937050221,98,35,"Flux-conserved",2554
"interior",-0.0358175607452896,0.0727661765860367,66,36,"Flux-conserved",2554
"all",-0.0358175607452896,0.0727661765860367,66,36,"Flux-conserved",2554
"interior",-0.0313934536202746,0.0453076216034013,77,37,"Flux-conserved",2554
"leaf-incident",0.508637916204192,0.508637916204192,2,37,"Flux-conserved",2554
"all",-0.0177217733715539,0.0570375024793707,79,37,"Flux-conserved",2554
"interior",-0.0291546103736916,0.0522884632501827,71,38,"Flux-conserved",2554
"all",-0.0291546103736916,0.0522884632501827,71,38,"Flux-conserved",2554
"interior",-0.0175119770001135,0.0485691645006294,79,39,"Flux-conserved",2554
"all",-0.0175119770001135,0.0485691645006294,79,39,"Flux-conserved",2554
"interior",-0.0115710791584741,0.0389343516604473,99,40,"Flux-conserved",2554
"all",-0.0115710791584741,0.0389343516604473,99,40,"Flux-conserved",2554
"interior",-0.0259193952115483,0.0572569787286423,68,41,"Flux-conserved",2554
"leaf-incident",0.166070611023218,0.166070611023218,1,41,"Flux-conserved",2554
"all",-0.0231369313530735,0.0588339878923318,69,41,"Flux-conserved",2554
"interior",-0.000867833070487577,0.0728922706206029,74,42,"Flux-conserved",2554
"all",-0.000867833070487577,0.0728922706206029,74,42,"Flux-conserved",2554
"interior",-0.0276926841871771,0.0498208526362586,82,43,"Flux-conserved",2554
"all",-0.0276926841871771,0.0498208526362586,82,43,"Flux-conserved",2554
"interior",0.0211375530760934,0.0905392428462649,81,44,"Flux-conserved",2554
"all",0.0211375530760934,0.0905392428462649,81,44,"Flux-conserved",2554
"interior",0.0139174137176834,0.0691690878744815,77,45,"Flux-conserved",2554
"all",0.0139174137176834,0.0691690878744815,77,45,"Flux-conserved",2554
"interior",-0.0318378285961748,0.0571659402681182,81,46,"Flux-conserved",2554
"all",-0.0318378285961748,0.0571659402681182,81,46,"Flux-conserved",2554
"interior",-0.0167044423729459,0.0463718741352027,89,47,"Flux-conserved",2554
"all",-0.0167044423729459,0.0463718741352027,89,47,"Flux-conserved",2554
"interior",-0.0196352085951229,0.0406317137656635,79,48,"Flux-conserved",2554
"all",-0.0196352085951229,0.0406317137656635,79,48,"Flux-conserved",2554
"interior",-0.0094896391941486,0.0557594849896596,67,49,"Flux-conserved",2554
"all",-0.0094896391941486,0.0557594849896596,67,49,"Flux-conserved",2554
"interior",-0.0336864088093146,0.0529662572179893,83,50,"Flux-conserved",2554
"all",-0.0336864088093146,0.0529662572179893,83,50,"Flux-conserved",2554
"interior",-0.0115416939226282,0.0416579426741786,80,1,"Rate-conserved",2554
"all",-0.0115416939226282,0.0416579426741786,80,1,"Rate-conserved",2554
"interior",-0.00807559030114103,0.025484787637144,97,2,"Rate-conserved",2554
"all",-0.00807559030114103,0.025484787637144,97,2,"Rate-conserved",2554
"interior",-0.0117878655548142,0.0460959489762794,83,3,"Rate-conserved",2554
"all",-0.0117878655548142,0.0460959489762794,83,3,"Rate-conserved",2554
"interior",-0.0112370905349285,0.0349894939849777,96,4,"Rate-conserved",2554
"all",-0.0112370905349285,0.0349894939849777,96,4,"Rate-conserved",2554
"interior",-0.0168429812130512,0.0395088102338517,78,5,"Rate-conserved",2554
"all",-0.0168429812130512,0.0395088102338517,78,5,"Rate-conserved",2554
"interior",-0.0223331800449816,0.0498330595049555,82,6,"Rate-conserved",2554
"all",-0.0223331800449816,0.0498330595049555,82,6,"Rate-conserved",2554
"interior",-0.0151663175917545,0.0414831819008901,86,7,"Rate-conserved",2554
"all",-0.0151663175917545,0.0414831819008901,86,7,"Rate-conserved",2554
"interior",-0.00487165238311569,0.036676248874933,82,8,"Rate-conserved",2554
"all",-0.00487165238311569,0.036676248874933,82,8,"Rate-conserved",2554
"interior",-0.0126061721325528,0.0417068122462983,89,9,"Rate-conserved",2554
"all",-0.0126061721325528,0.0417068122462983,89,9,"Rate-conserved",2554
"interior",0.0155542160281784,0.0703141785836467,93,10,"Rate-conserved",2554
"all",0.0155542160281784,0.0703141785836467,93,10,"Rate-conserved",2554
"interior",-0.00978217944493722,0.0553454146195565,77,11,"Rate-conserved",2554
"all",-0.00978217944493722,0.0553454146195565,77,11,"Rate-conserved",2554
"interior",-0.0189794582229573,0.0316326592319554,100,12,"Rate-conserved",2554
"all",-0.0189794582229573,0.0316326592319554,100,12,"Rate-conserved",2554
"interior",-0.0138043975616652,0.0403460371731333,96,13,"Rate-conserved",2554
"all",-0.0138043975616652,0.0403460371731333,96,13,"Rate-conserved",2554
"interior",-0.0266045026185539,0.0469307778188406,92,14,"Rate-conserved",2554
"all",-0.0266045026185539,0.0469307778188406,92,14,"Rate-conserved",2554
"interior",-0.00516173218295508,0.0480656824490568,77,15,"Rate-conserved",2554
"all",-0.00516173218295508,0.0480656824490568,77,15,"Rate-conserved",2554
"interior",-0.00569193772975744,0.0341633145892612,104,16,"Rate-conserved",2554
"all",-0.00569193772975744,0.0341633145892612,104,16,"Rate-conserved",2554
"interior",-0.0186395164634598,0.0423015108955408,85,17,"Rate-conserved",2554
"all",-0.0186395164634598,0.0423015108955408,85,17,"Rate-conserved",2554
"interior",-0.0269784432695107,0.0489399353007485,70,18,"Rate-conserved",2554
"leaf-incident",0.200268771555921,0.200268771555921,1,18,"Rate-conserved",2554
"all",-0.0237777782719694,0.0510713273606805,71,18,"Rate-conserved",2554
"interior",-0.0108523866196851,0.0440499020659698,88,19,"Rate-conserved",2554
"all",-0.0108523866196851,0.0440499020659698,88,19,"Rate-conserved",2554
"interior",-0.0176955569700216,0.0320075654420968,92,20,"Rate-conserved",2554
"all",-0.0176955569700216,0.0320075654420968,92,20,"Rate-conserved",2554
"interior",-0.0174941648921777,0.043423343240242,79,21,"Rate-conserved",2554
"all",-0.0174941648921777,0.043423343240242,79,21,"Rate-conserved",2554
"interior",-0.0145165236873114,0.0279053911793826,109,22,"Rate-conserved",2554
"all",-0.0145165236873114,0.0279053911793826,109,22,"Rate-conserved",2554
"interior",0.0019085900477971,0.0328815595163145,84,23,"Rate-conserved",2554
"all",0.0019085900477971,0.0328815595163145,84,23,"Rate-conserved",2554
"interior",-0.000358417509459015,0.0381844197384685,86,24,"Rate-conserved",2554
"all",-0.000358417509459015,0.0381844197384685,86,24,"Rate-conserved",2554
"interior",-0.008033448059624,0.0251230803975621,118,25,"Rate-conserved",2554
"all",-0.008033448059624,0.0251230803975621,118,25,"Rate-conserved",2554
"interior",-0.0104280203258198,0.040039691626613,80,26,"Rate-conserved",2554
"all",-0.0104280203258198,0.040039691626613,80,26,"Rate-conserved",2554
"interior",-0.0206986842482427,0.037441769713602,87,27,"Rate-conserved",2554
"all",-0.0206986842482427,0.037441769713602,87,27,"Rate-conserved",2554
"interior",-0.02093302827147,0.0380558698768511,86,28,"Rate-conserved",2554
"all",-0.02093302827147,0.0380558698768511,86,28,"Rate-conserved",2554
"interior",-0.0179963730877586,0.0310869896038616,92,29,"Rate-conserved",2554
"all",-0.0179963730877586,0.0310869896038616,92,29,"Rate-conserved",2554
"interior",-0.0107239280029423,0.0474349591777326,81,30,"Rate-conserved",2554
"all",-0.0107239280029423,0.0474349591777326,81,30,"Rate-conserved",2554
"interior",-0.0035372729872297,0.0395630472603907,94,31,"Rate-conserved",2554
"all",-0.0035372729872297,0.0395630472603907,94,31,"Rate-conserved",2554
"interior",-0.0256934673678316,0.0407255845102853,86,32,"Rate-conserved",2554
"leaf-incident",0.18128104487456,0.18128104487456,1,32,"Rate-conserved",2554
"all",-0.0233144499857351,0.0423411645144724,87,32,"Rate-conserved",2554
"interior",-0.0188433319109661,0.0445508393170006,85,33,"Rate-conserved",2554
"all",-0.0188433319109661,0.0445508393170006,85,33,"Rate-conserved",2554
"interior",-0.00563380489229414,0.033525900185399,99,34,"Rate-conserved",2554
"all",-0.00563380489229414,0.033525900185399,99,34,"Rate-conserved",2554
"interior",-0.000973271683285835,0.0370592482388153,75,35,"Rate-conserved",2554
"all",-0.000973271683285835,0.0370592482388153,75,35,"Rate-conserved",2554
"interior",-0.0255274551512697,0.0449505985762626,73,36,"Rate-conserved",2554
"all",-0.0255274551512697,0.0449505985762626,73,36,"Rate-conserved",2554
"interior",-0.00754200716797795,0.0320287131740428,104,37,"Rate-conserved",2554
"all",-0.00754200716797795,0.0320287131740428,104,37,"Rate-conserved",2554
"interior",-0.0145039556152133,0.0392193337339221,120,38,"Rate-conserved",2554
"all",-0.0145039556152133,0.0392193337339221,120,38,"Rate-conserved",2554
"interior",-0.00739849894823471,0.0433972943974693,100,39,"Rate-conserved",2554
"all",-0.00739849894823471,0.0433972943974693,100,39,"Rate-conserved",2554
"interior",0.00103764062749885,0.029845573635823,94,40,"Rate-conserved",2554
"all",0.00103764062749885,0.029845573635823,94,40,"Rate-conserved",2554
"interior",-0.0205518865589961,0.0371591264896463,111,41,"Rate-conserved",2554
"all",-0.0205518865589961,0.0371591264896463,111,41,"Rate-conserved",2554
"interior",-0.0118423526913602,0.0297875614828285,76,42,"Rate-conserved",2554
"all",-0.0118423526913602,0.0297875614828285,76,42,"Rate-conserved",2554
"interior",-0.00498346710518567,0.0427337017530977,90,43,"Rate-conserved",2554
"all",-0.00498346710518567,0.0427337017530977,90,43,"Rate-conserved",2554
"interior",-0.0147208556370411,0.0317879815904688,97,44,"Rate-conserved",2554
"all",-0.0147208556370411,0.0317879815904688,97,44,"Rate-conserved",2554
"interior",-0.0150337438569684,0.0363306322744128,99,45,"Rate-conserved",2554
"all",-0.0150337438569684,0.0363306322744128,99,45,"Rate-conserved",2554
"interior",-0.0210144369236307,0.048857763912861,76,46,"Rate-conserved",2554
"all",-0.0210144369236307,0.048857763912861,76,46,"Rate-conserved",2554
"interior",-0.00676775715250012,0.0281185251478446,99,47,"Rate-conserved",2554
"all",-0.00676775715250012,0.0281185251478446,99,47,"Rate-conserved",2554
"interior",-0.0156418562772427,0.046515852243763,95,48,"Rate-conserved",2554
"all",-0.0156418562772427,0.046515852243763,95,48,"Rate-conserved",2554
"interior",-0.00310046926724838,0.040832528396017,85,49,"Rate-conserved",2554
"all",-0.00310046926724838,0.040832528396017,85,49,"Rate-conserved",2554
"interior",-0.00760234823884517,0.0292525089215689,119,50,"Rate-conserved",2554
"all",-0.00760234823884517,0.0292525089215689,119,50,"Rate-conserved",2554
"interior",0.00654470281163714,0.0293835157071869,102,1,"Isotropic",2604
"all",0.00654470281163714,0.0293835157071869,102,1,"Isotropic",2604
"interior",0.0107927358606502,0.0432699687756593,91,2,"Isotropic",2604
"all",0.0107927358606502,0.0432699687756593,91,2,"Isotropic",2604
"interior",-0.00709829294614766,0.0310062942596259,100,3,"Isotropic",2604
"all",-0.00709829294614766,0.0310062942596259,100,3,"Isotropic",2604
"interior",0.00868082960232328,0.0247193015110889,134,4,"Isotropic",2604
"all",0.00868082960232328,0.0247193015110889,134,4,"Isotropic",2604
"interior",0.00406268192446187,0.0434712084016786,83,5,"Isotropic",2604
"all",0.00406268192446187,0.0434712084016786,83,5,"Isotropic",2604
"interior",-0.00238402937389515,0.0309183023797979,99,6,"Isotropic",2604
"all",-0.00238402937389515,0.0309183023797979,99,6,"Isotropic",2604
"interior",0.00289358707972042,0.0361875351305607,75,7,"Isotropic",2604
"all",0.00289358707972042,0.0361875351305607,75,7,"Isotropic",2604
"interior",0.0108352364150005,0.0379053548010434,86,8,"Isotropic",2604
"all",0.0108352364150005,0.0379053548010434,86,8,"Isotropic",2604
"interior",0.00435627107458535,0.0295290415176324,107,9,"Isotropic",2604
"all",0.00435627107458535,0.0295290415176324,107,9,"Isotropic",2604
"interior",-0.00699957178337443,0.0444351837413605,80,10,"Isotropic",2604
"all",-0.00699957178337443,0.0444351837413605,80,10,"Isotropic",2604
"interior",-0.000879403482235642,0.0286922936957985,118,11,"Isotropic",2604
"all",-0.000879403482235642,0.0286922936957985,118,11,"Isotropic",2604
"interior",0.0120195937576765,0.0315149864811455,101,12,"Isotropic",2604
"all",0.0120195937576765,0.0315149864811455,101,12,"Isotropic",2604
"interior",-0.000532087506124605,0.02861826862439,80,13,"Isotropic",2604
"all",-0.000532087506124605,0.02861826862439,80,13,"Isotropic",2604
"interior",0.00187741537733192,0.0312231791377645,93,14,"Isotropic",2604
"all",0.00187741537733192,0.0312231791377645,93,14,"Isotropic",2604
"interior",0.0119771300958081,0.0360323910945822,82,15,"Isotropic",2604
"all",0.0119771300958081,0.0360323910945822,82,15,"Isotropic",2604
"interior",-0.00309801498758798,0.026250658783333,96,16,"Isotropic",2604
"all",-0.00309801498758798,0.026250658783333,96,16,"Isotropic",2604
"interior",0.0146816282228575,0.0311584065576798,101,17,"Isotropic",2604
"all",0.0146816282228575,0.0311584065576798,101,17,"Isotropic",2604
"interior",0.0113627788544619,0.0369179899538025,75,18,"Isotropic",2604
"all",0.0113627788544619,0.0369179899538025,75,18,"Isotropic",2604
"interior",-0.00679049805290328,0.0324895873794565,98,19,"Isotropic",2604
"all",-0.00679049805290328,0.0324895873794565,98,19,"Isotropic",2604
"interior",-0.00255955769225103,0.0319204673795044,97,20,"Isotropic",2604
"all",-0.00255955769225103,0.0319204673795044,97,20,"Isotropic",2604
"interior",0.00139508539778211,0.0356249782632144,86,21,"Isotropic",2604
"all",0.00139508539778211,0.0356249782632144,86,21,"Isotropic",2604
"interior",-0.00999983610751228,0.0385152068531837,86,22,"Isotropic",2604
"all",-0.00999983610751228,0.0385152068531837,86,22,"Isotropic",2604
"interior",0.00774949363185027,0.0355553570327398,90,23,"Isotropic",2604
"all",0.00774949363185027,0.0355553570327398,90,23,"Isotropic",2604
"interior",0.00636837110226832,0.037438913897062,92,24,"Isotropic",2604
"all",0.00636837110226832,0.037438913897062,92,24,"Isotropic",2604
"interior",0.00529781513042388,0.0289426327003626,115,25,"Isotropic",2604
"all",0.00529781513042388,0.0289426327003626,115,25,"Isotropic",2604
"interior",0.000467949166836038,0.0342663806335522,93,26,"Isotropic",2604
"all",0.000467949166836038,0.0342663806335522,93,26,"Isotropic",2604
"interior",0.00739080782684053,0.0311712301012689,87,27,"Isotropic",2604
"all",0.00739080782684053,0.0311712301012689,87,27,"Isotropic",2604
"interior",0.00838747943922049,0.0389291476452535,86,28,"Isotropic",2604
"all",0.00838747943922049,0.0389291476452535,86,28,"Isotropic",2604
"interior",-0.0073305195434453,0.0254065250518078,110,29,"Isotropic",2604
"all",-0.0073305195434453,0.0254065250518078,110,29,"Isotropic",2604
"interior",0.00245054476029523,0.0263430157530106,98,30,"Isotropic",2604
"all",0.00245054476029523,0.0263430157530106,98,30,"Isotropic",2604
"interior",0.00238670530183076,0.0358231235004559,99,31,"Isotropic",2604
"all",0.00238670530183076,0.0358231235004559,99,31,"Isotropic",2604
"interior",0.00581278601911562,0.0396099687872382,92,32,"Isotropic",2604
"all",0.00581278601911562,0.0396099687872382,92,32,"Isotropic",2604
"interior",-0.00332272504504688,0.0370245211519049,104,33,"Isotropic",2604
"all",-0.00332272504504688,0.0370245211519049,104,33,"Isotropic",2604
"interior",0.00847506100049498,0.032672785921962,100,34,"Isotropic",2604
"all",0.00847506100049498,0.032672785921962,100,34,"Isotropic",2604
"interior",0.000532695863966887,0.0510764135072542,81,35,"Isotropic",2604
"all",0.000532695863966887,0.0510764135072542,81,35,"Isotropic",2604
"interior",0.0184538346522953,0.0364278097176766,93,36,"Isotropic",2604
"all",0.0184538346522953,0.0364278097176766,93,36,"Isotropic",2604
"interior",-0.000873227535719225,0.0404014932223224,99,37,"Isotropic",2604
"all",-0.000873227535719225,0.0404014932223224,99,37,"Isotropic",2604
"interior",0.00266338471172592,0.0283303473523932,100,38,"Isotropic",2604
"all",0.00266338471172592,0.0283303473523932,100,38,"Isotropic",2604
"interior",0.0124119761735688,0.028255198038569,104,39,"Isotropic",2604
"all",0.0124119761735688,0.028255198038569,104,39,"Isotropic",2604
"interior",-0.00228867278474833,0.0270927503586004,106,40,"Isotropic",2604
"all",-0.00228867278474833,0.0270927503586004,106,40,"Isotropic",2604
"interior",-0.0012284805996588,0.0386378767219775,88,41,"Isotropic",2604
"all",-0.0012284805996588,0.0386378767219775,88,41,"Isotropic",2604
"interior",0.00925263442689728,0.0309900769941867,125,42,"Isotropic",2604
"all",0.00925263442689728,0.0309900769941867,125,42,"Isotropic",2604
"interior",-0.00874168021843783,0.0414274433701868,86,43,"Isotropic",2604
"all",-0.00874168021843783,0.0414274433701868,86,43,"Isotropic",2604
"interior",-0.0075544924015512,0.0320585933012087,106,44,"Isotropic",2604
"all",-0.0075544924015512,0.0320585933012087,106,44,"Isotropic",2604
"interior",-0.00130209456032851,0.0256640176931767,109,45,"Isotropic",2604
"all",-0.00130209456032851,0.0256640176931767,109,45,"Isotropic",2604
"interior",0.00063888049209873,0.0370149808311769,89,46,"Isotropic",2604
"all",0.00063888049209873,0.0370149808311769,89,46,"Isotropic",2604
"interior",0.00169132083915847,0.0301762779835292,106,47,"Isotropic",2604
"all",0.00169132083915847,0.0301762779835292,106,47,"Isotropic",2604
"interior",0.00411429565569256,0.0312061260188056,109,48,"Isotropic",2604
"all",0.00411429565569256,0.0312061260188056,109,48,"Isotropic",2604
"interior",0.00100019893224605,0.0312673989059596,93,49,"Isotropic",2604
"all",0.00100019893224605,0.0312673989059596,93,49,"Isotropic",2604
"interior",-0.000199796051002758,0.0280237450555985,100,50,"Isotropic",2604
"all",-0.000199796051002758,0.0280237450555985,100,50,"Isotropic",2604
"interior",0.00339741622320364,0.0566353564367414,97,1,"Flux-conserved",2604
"all",0.00339741622320364,0.0566353564367414,97,1,"Flux-conserved",2604
"interior",0.00448456658129354,0.0601581480436317,108,2,"Flux-conserved",2604
"all",0.00448456658129354,0.0601581480436317,108,2,"Flux-conserved",2604
"interior",-0.0010826633461834,0.0691572244954606,86,3,"Flux-conserved",2604
"all",-0.0010826633461834,0.0691572244954606,86,3,"Flux-conserved",2604
"interior",-0.0312584404733833,0.0579519063195827,73,4,"Flux-conserved",2604
"leaf-incident",-0.419115391889109,0.419115391889109,1,4,"Flux-conserved",2604
"all",-0.0364997506276499,0.0628324939624141,74,4,"Flux-conserved",2604
"interior",0.011078482928922,0.103032957916426,77,5,"Flux-conserved",2604
"all",0.011078482928922,0.103032957916426,77,5,"Flux-conserved",2604
"interior",-0.0111072411681433,0.0562820108705833,97,6,"Flux-conserved",2604
"all",-0.0111072411681433,0.0562820108705833,97,6,"Flux-conserved",2604
"interior",-0.0363576121796287,0.0642788880793735,75,7,"Flux-conserved",2604
"all",-0.0363576121796287,0.0642788880793735,75,7,"Flux-conserved",2604
"interior",-0.0160885840568707,0.0545890600102072,82,8,"Flux-conserved",2604
"all",-0.0160885840568707,0.0545890600102072,82,8,"Flux-conserved",2604
"interior",-0.0092508605512592,0.0479586215100374,94,9,"Flux-conserved",2604
"all",-0.0092508605512592,0.0479586215100374,94,9,"Flux-conserved",2604
"interior",0.00689062755610562,0.0802784861363183,74,10,"Flux-conserved",2604
"all",0.00689062755610562,0.0802784861363183,74,10,"Flux-conserved",2604
"interior",-0.0219976772972359,0.0495523876632742,82,11,"Flux-conserved",2604
"all",-0.0219976772972359,0.0495523876632742,82,11,"Flux-conserved",2604
"interior",0.0288727675007617,0.11202820659213,77,12,"Flux-conserved",2604
"all",0.0288727675007617,0.11202820659213,77,12,"Flux-conserved",2604
"interior",-0.0120001996671285,0.0837642328258597,57,13,"Flux-conserved",2604
"leaf-incident",0.231475216500982,0.231475216500982,1,13,"Flux-conserved",2604
"all",-0.00780234766423008,0.0863109739237066,58,13,"Flux-conserved",2604
"interior",-0.0194616149952371,0.094825611972929,55,14,"Flux-conserved",2604
"all",-0.0194616149952371,0.094825611972929,55,14,"Flux-conserved",2604
"interior",-0.0404344923556323,0.0608475450846369,75,15,"Flux-conserved",2604
"all",-0.0404344923556323,0.0608475450846369,75,15,"Flux-conserved",2604
"interior",-0.0206256063716206,0.0559918250592477,97,16,"Flux-conserved",2604
"all",-0.0206256063716206,0.0559918250592477,97,16,"Flux-conserved",2604
"interior",-0.0286460140848487,0.0514406083975977,91,17,"Flux-conserved",2604
"all",-0.0286460140848487,0.0514406083975977,91,17,"Flux-conserved",2604
"interior",0.0653998525079265,0.144524811746468,65,18,"Flux-conserved",2604
"all",0.0653998525079265,0.144524811746468,65,18,"Flux-conserved",2604
"interior",-0.014419091762637,0.0684010080526852,62,19,"Flux-conserved",2604
"all",-0.014419091762637,0.0684010080526852,62,19,"Flux-conserved",2604
"interior",-0.0246853094835885,0.0570638135767705,65,20,"Flux-conserved",2604
"leaf-incident",0.131371209530807,0.131371209530807,1,20,"Flux-conserved",2604
"all",-0.0223208167712491,0.0581896832124378,66,20,"Flux-conserved",2604
"interior",0.0221458621462717,0.0976496498485387,92,21,"Flux-conserved",2604
"all",0.0221458621462717,0.0976496498485387,92,21,"Flux-conserved",2604
"interior",-0.0319734330893792,0.0491359512425286,73,22,"Flux-conserved",2604
"leaf-incident",0.62261871996066,0.62261871996066,2,22,"Flux-conserved",2604
"all",-0.0145176423413782,0.0644288250750121,75,22,"Flux-conserved",2604
"interior",-0.0244012192033311,0.0667379573531811,78,23,"Flux-conserved",2604
"all",-0.0244012192033311,0.0667379573531811,78,23,"Flux-conserved",2604
"interior",-0.0214067569545789,0.0637240903916872,90,24,"Flux-conserved",2604
"all",-0.0214067569545789,0.0637240903916872,90,24,"Flux-conserved",2604
"interior",-0.0263137271437055,0.0752930741200068,67,25,"Flux-conserved",2604
"leaf-incident",0.297936630121069,0.297936630121069,1,25,"Flux-conserved",2604
"all",-0.0215453395368706,0.0785672440611989,68,25,"Flux-conserved",2604
"interior",-0.0136651970228356,0.0531630661735607,85,26,"Flux-conserved",2604
"all",-0.0136651970228356,0.0531630661735607,85,26,"Flux-conserved",2604
"interior",-0.0326965462911269,0.0713473429312247,69,27,"Flux-conserved",2604
"all",-0.0326965462911269,0.0713473429312247,69,27,"Flux-conserved",2604
"interior",-0.0226381077552135,0.0359949495819631,100,28,"Flux-conserved",2604
"all",-0.0226381077552135,0.0359949495819631,100,28,"Flux-conserved",2604
"interior",-0.0134490858376627,0.0687724448382961,89,29,"Flux-conserved",2604
"all",-0.0134490858376627,0.0687724448382961,89,29,"Flux-conserved",2604
"interior",-0.0300364824472496,0.0643260144196912,71,30,"Flux-conserved",2604
"leaf-incident",0.666666666666666,0.666666666666666,2,30,"Flux-conserved",2604
"all",-0.0109487249372793,0.080828498042896,73,30,"Flux-conserved",2604
"interior",-0.0234746265460742,0.0415689656877206,83,31,"Flux-conserved",2604
"all",-0.0234746265460742,0.0415689656877206,83,31,"Flux-conserved",2604
"interior",-0.0347054821684029,0.0591759891226196,67,32,"Flux-conserved",2604
"all",-0.0347054821684029,0.0591759891226196,67,32,"Flux-conserved",2604
"interior",-0.00885116347003284,0.0553144598039434,87,33,"Flux-conserved",2604
"all",-0.00885116347003284,0.0553144598039434,87,33,"Flux-conserved",2604
"interior",0.0361710328343433,0.0847613571606624,103,34,"Flux-conserved",2604
"all",0.0361710328343433,0.0847613571606624,103,34,"Flux-conserved",2604
"interior",-0.0224988984742979,0.0446465458843156,89,35,"Flux-conserved",2604
"all",-0.0224988984742979,0.0446465458843156,89,35,"Flux-conserved",2604
"interior",-0.0370125212058433,0.0781234724318898,53,36,"Flux-conserved",2604
"leaf-incident",-0.146201940380967,0.146201940380967,1,36,"Flux-conserved",2604
"all",-0.0390345474868642,0.0793841848013172,54,36,"Flux-conserved",2604
"interior",-0.0107205848771493,0.0579463108327282,83,37,"Flux-conserved",2604
"all",-0.0107205848771493,0.0579463108327282,83,37,"Flux-conserved",2604
"interior",-0.0268542042131144,0.045128636199965,89,38,"Flux-conserved",2604
"all",-0.0268542042131144,0.045128636199965,89,38,"Flux-conserved",2604
"interior",-0.0155638594397999,0.0475965762469782,73,39,"Flux-conserved",2604
"all",-0.0155638594397999,0.0475965762469782,73,39,"Flux-conserved",2604
"interior",-0.0197592104875782,0.0433552482185353,96,40,"Flux-conserved",2604
"all",-0.0197592104875782,0.0433552482185353,96,40,"Flux-conserved",2604
"interior",-0.00258601770589304,0.0467657971077967,82,41,"Flux-conserved",2604
"all",-0.00258601770589304,0.0467657971077967,82,41,"Flux-conserved",2604
"interior",-0.0603938239789417,0.09447126389064,53,42,"Flux-conserved",2604
"all",-0.0603938239789417,0.09447126389064,53,42,"Flux-conserved",2604
"interior",-0.0192047910673226,0.0428402202197559,92,43,"Flux-conserved",2604
"all",-0.0192047910673226,0.0428402202197559,92,43,"Flux-conserved",2604
"interior",-0.0420696597560087,0.0793728615208358,40,44,"Flux-conserved",2604
"leaf-incident",0.87640124397608,0.87640124397608,8,44,"Flux-conserved",2604
"all",0.111008824199339,0.212210925263376,48,44,"Flux-conserved",2604
"interior",-0.00396222606656761,0.0783352263368776,71,45,"Flux-conserved",2604
"all",-0.00396222606656761,0.0783352263368776,71,45,"Flux-conserved",2604
"interior",-0.0280812215289076,0.0467950295395271,93,46,"Flux-conserved",2604
"all",-0.0280812215289076,0.0467950295395271,93,46,"Flux-conserved",2604
"interior",-0.0214545031999009,0.0609894449052167,88,47,"Flux-conserved",2604
"all",-0.0214545031999009,0.0609894449052167,88,47,"Flux-conserved",2604
"interior",-0.0276557713485262,0.0535356549092309,75,48,"Flux-conserved",2604
"all",-0.0276557713485262,0.0535356549092309,75,48,"Flux-conserved",2604
"interior",-0.0245082356435239,0.0694154952758339,51,49,"Flux-conserved",2604
"leaf-incident",0.520465315882362,0.520465315882362,2,49,"Flux-conserved",2604
"all",-0.00394319596330175,0.0864362432232501,53,49,"Flux-conserved",2604
"interior",-0.0196257546729664,0.0409067687558819,93,50,"Flux-conserved",2604
"all",-0.0196257546729664,0.0409067687558819,93,50,"Flux-conserved",2604
"interior",-0.00735756373344333,0.0467629783691989,82,1,"Rate-conserved",2604
"all",-0.00735756373344333,0.0467629783691989,82,1,"Rate-conserved",2604
"interior",-0.019139840654167,0.0469920966766953,72,2,"Rate-conserved",2604
"all",-0.019139840654167,0.0469920966766953,72,2,"Rate-conserved",2604
"interior",-0.0237602469002141,0.0491910553652801,102,3,"Rate-conserved",2604
"all",-0.0237602469002141,0.0491910553652801,102,3,"Rate-conserved",2604
"interior",-0.0175481863256428,0.0318524779783035,109,4,"Rate-conserved",2604
"all",-0.0175481863256428,0.0318524779783035,109,4,"Rate-conserved",2604
"interior",-0.0244877455984478,0.0396954116577381,88,5,"Rate-conserved",2604
"all",-0.0244877455984478,0.0396954116577381,88,5,"Rate-conserved",2604
"interior",-0.00965758600864105,0.0471240627128894,91,6,"Rate-conserved",2604
"all",-0.00965758600864105,0.0471240627128894,91,6,"Rate-conserved",2604
"interior",-0.0231343892974507,0.0416235716930911,90,7,"Rate-conserved",2604
"all",-0.0231343892974507,0.0416235716930911,90,7,"Rate-conserved",2604
"interior",-0.00190112800924992,0.0429661752913779,78,8,"Rate-conserved",2604
"all",-0.00190112800924992,0.0429661752913779,78,8,"Rate-conserved",2604
"interior",-0.0152955515112835,0.0361411599050732,100,9,"Rate-conserved",2604
"all",-0.0152955515112835,0.0361411599050732,100,9,"Rate-conserved",2604
"interior",0.0322995327039463,0.0889697934411263,82,10,"Rate-conserved",2604
"all",0.0322995327039463,0.0889697934411263,82,10,"Rate-conserved",2604
"interior",-0.0145750613182242,0.0552225784230212,70,11,"Rate-conserved",2604
"all",-0.0145750613182242,0.0552225784230212,70,11,"Rate-conserved",2604
"interior",-0.0264856511776238,0.0475520049456816,87,12,"Rate-conserved",2604
"all",-0.0264856511776238,0.0475520049456816,87,12,"Rate-conserved",2604
"interior",-0.0230747354422299,0.04505151566152,83,13,"Rate-conserved",2604
"leaf-incident",0.156258948912128,0.156258948912128,1,13,"Rate-conserved",2604
"all",-0.0209398106284875,0.0463754136764082,84,13,"Rate-conserved",2604
"interior",-0.018412527123714,0.0394451765441038,101,14,"Rate-conserved",2604
"all",-0.018412527123714,0.0394451765441038,101,14,"Rate-conserved",2604
"interior",-0.00722168547196789,0.0491467344811587,78,15,"Rate-conserved",2604
"all",-0.00722168547196789,0.0491467344811587,78,15,"Rate-conserved",2604
"interior",-0.0147268542097993,0.0265495509452031,120,16,"Rate-conserved",2604
"all",-0.0147268542097993,0.0265495509452031,120,16,"Rate-conserved",2604
"interior",-0.0054878393629114,0.03509311952977,101,17,"Rate-conserved",2604
"all",-0.0054878393629114,0.03509311952977,101,17,"Rate-conserved",2604
"interior",-0.022004925260881,0.0428875369758143,67,18,"Rate-conserved",2604
"leaf-incident",0.537992200247828,0.537992200247828,2,18,"Rate-conserved",2604
"all",-0.00577312452149811,0.0572383967808002,69,18,"Rate-conserved",2604
"interior",-0.0225899867804978,0.0475863281084173,84,19,"Rate-conserved",2604
"all",-0.0225899867804978,0.0475863281084173,84,19,"Rate-conserved",2604
"interior",-0.0105081433731932,0.045808582878763,87,20,"Rate-conserved",2604
"all",-0.0105081433731932,0.045808582878763,87,20,"Rate-conserved",2604
"interior",-0.0171334182675032,0.0480029856508484,80,21,"Rate-conserved",2604
"all",-0.0171334182675032,0.0480029856508484,80,21,"Rate-conserved",2604
"interior",-0.0129149866726796,0.0305679247834384,115,22,"Rate-conserved",2604
"all",-0.0129149866726796,0.0305679247834384,115,22,"Rate-conserved",2604
"interior",-0.0076979091733044,0.0354258036945597,89,23,"Rate-conserved",2604
"all",-0.0076979091733044,0.0354258036945597,89,23,"Rate-conserved",2604
"interior",-0.00597678334293846,0.0415554035531275,91,24,"Rate-conserved",2604
"all",-0.00597678334293846,0.0415554035531275,91,24,"Rate-conserved",2604
"interior",-0.00266432380585136,0.0324038733173514,112,25,"Rate-conserved",2604
"all",-0.00266432380585136,0.0324038733173514,112,25,"Rate-conserved",2604
"interior",0.000151266576030984,0.0612599410151914,66,26,"Rate-conserved",2604
"all",0.000151266576030984,0.0612599410151914,66,26,"Rate-conserved",2604
"interior",-0.0251355096360457,0.0452499952697344,86,27,"Rate-conserved",2604
"all",-0.0251355096360457,0.0452499952697344,86,27,"Rate-conserved",2604
"interior",-0.0177425068511966,0.0405000986897081,82,28,"Rate-conserved",2604
"all",-0.0177425068511966,0.0405000986897081,82,28,"Rate-conserved",2604
"interior",-0.0220621943196745,0.0369427018627827,106,29,"Rate-conserved",2604
"all",-0.0220621943196745,0.0369427018627827,106,29,"Rate-conserved",2604
"interior",-0.0162561125531636,0.0502177390836452,74,30,"Rate-conserved",2604
"all",-0.0162561125531636,0.0502177390836452,74,30,"Rate-conserved",2604
"interior",-0.0104350944635036,0.0407647225232439,90,31,"Rate-conserved",2604
"all",-0.0104350944635036,0.0407647225232439,90,31,"Rate-conserved",2604
"interior",-0.00931393370360987,0.0514437788738143,76,32,"Rate-conserved",2604
"all",-0.00931393370360987,0.0514437788738143,76,32,"Rate-conserved",2604
"interior",-0.0163216424770021,0.0388962010500001,85,33,"Rate-conserved",2604
"all",-0.0163216424770021,0.0388962010500001,85,33,"Rate-conserved",2604
"interior",-0.00659625663785294,0.0355005227420313,90,34,"Rate-conserved",2604
"all",-0.00659625663785294,0.0355005227420313,90,34,"Rate-conserved",2604
"interior",0.00238806241819398,0.0287973119564927,99,35,"Rate-conserved",2604
"all",0.00238806241819398,0.0287973119564927,99,35,"Rate-conserved",2604
"interior",-0.0210591938430257,0.0365001502027735,89,36,"Rate-conserved",2604
"all",-0.0210591938430257,0.0365001502027735,89,36,"Rate-conserved",2604
"interior",-0.00784448186400563,0.0397777413644972,86,37,"Rate-conserved",2604
"all",-0.00784448186400563,0.0397777413644972,86,37,"Rate-conserved",2604
"interior",-0.00854705416423115,0.0308574005618858,115,38,"Rate-conserved",2604
"all",-0.00854705416423115,0.0308574005618858,115,38,"Rate-conserved",2604
"interior",-0.0198410604531746,0.0526408378799203,91,39,"Rate-conserved",2604
"all",-0.0198410604531746,0.0526408378799203,91,39,"Rate-conserved",2604
"interior",0.00105237646834425,0.0267990596243363,89,40,"Rate-conserved",2604
"all",0.00105237646834425,0.0267990596243363,89,40,"Rate-conserved",2604
"interior",-0.0207818435769949,0.0491488581385951,93,41,"Rate-conserved",2604
"all",-0.0207818435769949,0.0491488581385951,93,41,"Rate-conserved",2604
"interior",0.00458354780623903,0.047781929906462,72,42,"Rate-conserved",2604
"all",0.00458354780623903,0.047781929906462,72,42,"Rate-conserved",2604
"interior",-0.0211683617683552,0.0484704812811041,80,43,"Rate-conserved",2604
"all",-0.0211683617683552,0.0484704812811041,80,43,"Rate-conserved",2604
"interior",-0.0332780022022939,0.0470197222103229,84,44,"Rate-conserved",2604
"all",-0.0332780022022939,0.0470197222103229,84,44,"Rate-conserved",2604
"interior",-0.00561003461331737,0.064637943885541,77,45,"Rate-conserved",2604
"all",-0.00561003461331737,0.064637943885541,77,45,"Rate-conserved",2604
"interior",-0.0243495102031961,0.0479306927539764,80,46,"Rate-conserved",2604
"all",-0.0243495102031961,0.0479306927539764,80,46,"Rate-conserved",2604
"interior",-0.00440046219649499,0.0275923500768111,105,47,"Rate-conserved",2604
"all",-0.00440046219649499,0.0275923500768111,105,47,"Rate-conserved",2604
"interior",-0.0119184512900317,0.0374049369186935,89,48,"Rate-conserved",2604
"all",-0.0119184512900317,0.0374049369186935,89,48,"Rate-conserved",2604
"interior",-0.0117607471619315,0.0407116221521623,89,49,"Rate-conserved",2604
"all",-0.0117607471619315,0.0407116221521623,89,49,"Rate-conserved",2604
"interior",-0.0116103618978166,0.0328535033939677,102,50,"Rate-conserved",2604
"all",-0.0116103618978166,0.0328535033939677,102,50,"Rate-conserved",2604
"interior",0.000738821110670844,0.0343516947801884,119,1,"Isotropic",2654
"all",0.000738821110670844,0.0343516947801884,119,1,"Isotropic",2654
"interior",0.011345591023983,0.0391978357374174,89,2,"Isotropic",2654
"all",0.011345591023983,0.0391978357374174,89,2,"Isotropic",2654
"interior",-0.00206750768075795,0.0236340904945736,108,3,"Isotropic",2654
"all",-0.00206750768075795,0.0236340904945736,108,3,"Isotropic",2654
"interior",0.00259447252162645,0.0205144166759418,137,4,"Isotropic",2654
"all",0.00259447252162645,0.0205144166759418,137,4,"Isotropic",2654
"interior",-0.0124313968062563,0.0432150214010529,74,5,"Isotropic",2654
"all",-0.0124313968062563,0.0432150214010529,74,5,"Isotropic",2654
"interior",-0.00782961322570683,0.0439286842593419,84,6,"Isotropic",2654
"all",-0.00782961322570683,0.0439286842593419,84,6,"Isotropic",2654
"interior",0.00372598832591706,0.056119067456101,59,7,"Isotropic",2654
"all",0.00372598832591706,0.056119067456101,59,7,"Isotropic",2654
"interior",0.00181353935193095,0.0259889682285564,97,8,"Isotropic",2654
"all",0.00181353935193095,0.0259889682285564,97,8,"Isotropic",2654
"interior",0.000318966703679208,0.0251194086221464,120,9,"Isotropic",2654
"all",0.000318966703679208,0.0251194086221464,120,9,"Isotropic",2654
"interior",-0.0015917742683432,0.0410403903085776,78,10,"Isotropic",2654
"all",-0.0015917742683432,0.0410403903085776,78,10,"Isotropic",2654
"interior",-0.00627458161981849,0.0257115471494657,110,11,"Isotropic",2654
"all",-0.00627458161981849,0.0257115471494657,110,11,"Isotropic",2654
"interior",0.00739388470391949,0.0289237361601288,93,12,"Isotropic",2654
"all",0.00739388470391949,0.0289237361601288,93,12,"Isotropic",2654
"interior",-0.00518772587917904,0.0316782847120973,95,13,"Isotropic",2654
"all",-0.00518772587917904,0.0316782847120973,95,13,"Isotropic",2654
"interior",0.00358464421855649,0.0283941723503995,114,14,"Isotropic",2654
"all",0.00358464421855649,0.0283941723503995,114,14,"Isotropic",2654
"interior",0.00288906488181299,0.0285025294576394,87,15,"Isotropic",2654
"all",0.00288906488181299,0.0285025294576394,87,15,"Isotropic",2654
"interior",-0.00476445916495749,0.0300590607728449,103,16,"Isotropic",2654
"all",-0.00476445916495749,0.0300590607728449,103,16,"Isotropic",2654
"interior",0.00836275954470086,0.040006317261527,83,17,"Isotropic",2654
"all",0.00836275954470086,0.040006317261527,83,17,"Isotropic",2654
"interior",0.0125234002423885,0.0413884719038599,72,18,"Isotropic",2654
"all",0.0125234002423885,0.0413884719038599,72,18,"Isotropic",2654
"interior",-0.0161892863703472,0.0326514942736825,109,19,"Isotropic",2654
"all",-0.0161892863703472,0.0326514942736825,109,19,"Isotropic",2654
"interior",0.00059335408602714,0.0330207957340926,98,20,"Isotropic",2654
"all",0.00059335408602714,0.0330207957340926,98,20,"Isotropic",2654
"interior",0.00831152593548237,0.023989955855104,104,21,"Isotropic",2654
"all",0.00831152593548237,0.023989955855104,104,21,"Isotropic",2654
"interior",-0.0081958291298412,0.0422415595927839,80,22,"Isotropic",2654
"all",-0.0081958291298412,0.0422415595927839,80,22,"Isotropic",2654
"interior",-0.000265028971259335,0.0448315916354504,83,23,"Isotropic",2654
"all",-0.000265028971259335,0.0448315916354504,83,23,"Isotropic",2654
"interior",0.000855555674516697,0.0313493446519605,95,24,"Isotropic",2654
"all",0.000855555674516697,0.0313493446519605,95,24,"Isotropic",2654
"interior",0.00723439141843059,0.0369685715284664,108,25,"Isotropic",2654
"all",0.00723439141843059,0.0369685715284664,108,25,"Isotropic",2654
"interior",6.9211568029059e-05,0.0349052608975932,93,26,"Isotropic",2654
"all",6.9211568029059e-05,0.0349052608975932,93,26,"Isotropic",2654
"interior",-0.00529015308220704,0.0300100932723655,96,27,"Isotropic",2654
"all",-0.00529015308220704,0.0300100932723655,96,27,"Isotropic",2654
"interior",0.0153686532298335,0.0414445863075593,81,28,"Isotropic",2654
"all",0.0153686532298335,0.0414445863075593,81,28,"Isotropic",2654
"interior",-0.000371062193125754,0.0278175807632987,117,29,"Isotropic",2654
"all",-0.000371062193125754,0.0278175807632987,117,29,"Isotropic",2654
"interior",0.000106127145091896,0.0230070407659491,96,30,"Isotropic",2654
"all",0.000106127145091896,0.0230070407659491,96,30,"Isotropic",2654
"interior",-0.00354066522526895,0.0441069460973297,90,31,"Isotropic",2654
"all",-0.00354066522526895,0.0441069460973297,90,31,"Isotropic",2654
"interior",0.00227449310587698,0.0299778818093326,102,32,"Isotropic",2654
"all",0.00227449310587698,0.0299778818093326,102,32,"Isotropic",2654
"interior",0.00679997652987686,0.0308033088937021,93,33,"Isotropic",2654
"all",0.00679997652987686,0.0308033088937021,93,33,"Isotropic",2654
"interior",0.00553026918295927,0.0296645121836268,99,34,"Isotropic",2654
"all",0.00553026918295927,0.0296645121836268,99,34,"Isotropic",2654
"interior",-0.00510267172021558,0.0436779932630688,71,35,"Isotropic",2654
"all",-0.00510267172021558,0.0436779932630688,71,35,"Isotropic",2654
"interior",0.00868735375182821,0.042932377302094,88,36,"Isotropic",2654
"all",0.00868735375182821,0.042932377302094,88,36,"Isotropic",2654
"interior",-0.00119527071488967,0.0363652066577971,93,37,"Isotropic",2654
"all",-0.00119527071488967,0.0363652066577971,93,37,"Isotropic",2654
"interior",0.000828831110647849,0.0392717523010583,85,38,"Isotropic",2654
"all",0.000828831110647849,0.0392717523010583,85,38,"Isotropic",2654
"interior",0.0081168468780029,0.0384442064748556,99,39,"Isotropic",2654
"all",0.0081168468780029,0.0384442064748556,99,39,"Isotropic",2654
"interior",0.00869994190366769,0.0321833491183426,94,40,"Isotropic",2654
"all",0.00869994190366769,0.0321833491183426,94,40,"Isotropic",2654
"interior",-0.00646228484938461,0.030031467245852,99,41,"Isotropic",2654
"all",-0.00646228484938461,0.030031467245852,99,41,"Isotropic",2654
"interior",0.00977375343016014,0.030195087446159,108,42,"Isotropic",2654
"all",0.00977375343016014,0.030195087446159,108,42,"Isotropic",2654
"interior",0.00955503603984218,0.038262943693807,90,43,"Isotropic",2654
"all",0.00955503603984218,0.038262943693807,90,43,"Isotropic",2654
"interior",-0.00563012019027029,0.0277259903897201,113,44,"Isotropic",2654
"all",-0.00563012019027029,0.0277259903897201,113,44,"Isotropic",2654
"interior",0.000806342534262635,0.0366190922277052,94,45,"Isotropic",2654
"all",0.000806342534262635,0.0366190922277052,94,45,"Isotropic",2654
"interior",-0.00521295849312373,0.0289979678326285,97,46,"Isotropic",2654
"all",-0.00521295849312373,0.0289979678326285,97,46,"Isotropic",2654
"interior",0.012069020436722,0.0316249069095687,108,47,"Isotropic",2654
"all",0.012069020436722,0.0316249069095687,108,47,"Isotropic",2654
"interior",0.00750093525594694,0.0288403161256523,107,48,"Isotropic",2654
"all",0.00750093525594694,0.0288403161256523,107,48,"Isotropic",2654
"interior",0.0143696120572649,0.0353614358770443,90,49,"Isotropic",2654
"all",0.0143696120572649,0.0353614358770443,90,49,"Isotropic",2654
"interior",-0.000997842006223191,0.0321048359477836,95,50,"Isotropic",2654
"all",-0.000997842006223191,0.0321048359477836,95,50,"Isotropic",2654
"interior",0.0392110014513042,0.0985596462373527,81,1,"Flux-conserved",2654
"all",0.0392110014513042,0.0985596462373527,81,1,"Flux-conserved",2654
"interior",0.00409998542368998,0.0431267288646425,128,2,"Flux-conserved",2654
"all",0.00409998542368998,0.0431267288646425,128,2,"Flux-conserved",2654
"interior",-0.0131487962688344,0.0650738143107083,92,3,"Flux-conserved",2654
"all",-0.0131487962688344,0.0650738143107083,92,3,"Flux-conserved",2654
"interior",-0.00990230098680015,0.0884440650356763,66,4,"Flux-conserved",2654
"all",-0.00990230098680015,0.0884440650356763,66,4,"Flux-conserved",2654
"interior",0.00255764386922095,0.110742585009511,69,5,"Flux-conserved",2654
"all",0.00255764386922095,0.110742585009511,69,5,"Flux-conserved",2654
"interior",0.000210722190296931,0.0779996060920753,86,6,"Flux-conserved",2654
"all",0.000210722190296931,0.0779996060920753,86,6,"Flux-conserved",2654
"interior",-0.00327589270524649,0.0810598498841396,74,7,"Flux-conserved",2654
"all",-0.00327589270524649,0.0810598498841396,74,7,"Flux-conserved",2654
"interior",-0.0315951132314226,0.060761679399697,59,8,"Flux-conserved",2654
"leaf-incident",0.143137263455093,0.143137263455093,1,8,"Flux-conserved",2654
"all",-0.028682906953314,0.0621346058006202,60,8,"Flux-conserved",2654
"interior",-0.0204790889943126,0.0427792171490239,87,9,"Flux-conserved",2654
"all",-0.0204790889943126,0.0427792171490239,87,9,"Flux-conserved",2654
"interior",-0.0136044191965608,0.122888415200701,62,10,"Flux-conserved",2654
"all",-0.0136044191965608,0.122888415200701,62,10,"Flux-conserved",2654
"interior",-0.0332850489213357,0.0667864782791582,71,11,"Flux-conserved",2654
"all",-0.0332850489213357,0.0667864782791582,71,11,"Flux-conserved",2654
"interior",0.0333671243149644,0.115051497751672,84,12,"Flux-conserved",2654
"all",0.0333671243149644,0.115051497751672,84,12,"Flux-conserved",2654
"interior",-0.0370362056650633,0.0788872712595877,58,13,"Flux-conserved",2654
"all",-0.0370362056650633,0.0788872712595877,58,13,"Flux-conserved",2654
"interior",-0.0359423807459785,0.102287692989721,55,14,"Flux-conserved",2654
"all",-0.0359423807459785,0.102287692989721,55,14,"Flux-conserved",2654
"interior",-0.0248610413646387,0.0392606563224346,94,15,"Flux-conserved",2654
"all",-0.0248610413646387,0.0392606563224346,94,15,"Flux-conserved",2654
"interior",-0.012251088823848,0.0307534783276494,95,16,"Flux-conserved",2654
"all",-0.012251088823848,0.0307534783276494,95,16,"Flux-conserved",2654
"interior",-0.0237339090462521,0.0673853594650787,71,17,"Flux-conserved",2654
"all",-0.0237339090462521,0.0673853594650787,71,17,"Flux-conserved",2654
"interior",0.0264862983265404,0.0750167191488394,118,18,"Flux-conserved",2654
"all",0.0264862983265404,0.0750167191488394,118,18,"Flux-conserved",2654
"interior",0.00178102148972277,0.0662570249516696,80,19,"Flux-conserved",2654
"leaf-incident",0.303482444946287,0.303482444946287,1,19,"Flux-conserved",2654
"all",0.00550573042128529,0.069185733840492,81,19,"Flux-conserved",2654
"interior",-0.0358531092481477,0.0727091940466745,59,20,"Flux-conserved",2654
"leaf-incident",0.316645529812217,0.316645529812217,1,20,"Flux-conserved",2654
"all",-0.0299781319304749,0.0767747996427668,60,20,"Flux-conserved",2654
"interior",0.0321147519727908,0.105415856725544,103,21,"Flux-conserved",2654
"all",0.0321147519727908,0.105415856725544,103,21,"Flux-conserved",2654
"interior",0.00120275124502038,0.077613849044911,73,22,"Flux-conserved",2654
"all",0.00120275124502038,0.077613849044911,73,22,"Flux-conserved",2654
"interior",-0.0345381683493393,0.0653384513794456,81,23,"Flux-conserved",2654
"all",-0.0345381683493393,0.0653384513794456,81,23,"Flux-conserved",2654
"interior",0.00395546125873449,0.0672100903243466,101,24,"Flux-conserved",2654
"all",0.00395546125873449,0.0672100903243466,101,24,"Flux-conserved",2654
"interior",-0.0120101742389036,0.0754187913402529,75,25,"Flux-conserved",2654
"all",-0.0120101742389036,0.0754187913402529,75,25,"Flux-conserved",2654
"interior",-0.0285890744337171,0.0583283768715396,86,26,"Flux-conserved",2654
"all",-0.0285890744337171,0.0583283768715396,86,26,"Flux-conserved",2654
"interior",0.00565187444114276,0.0737156170670822,55,27,"Flux-conserved",2654
"all",0.00565187444114276,0.0737156170670822,55,27,"Flux-conserved",2654
"interior",-0.0256648677539552,0.0567509265903193,85,28,"Flux-conserved",2654
"all",-0.0256648677539552,0.0567509265903193,85,28,"Flux-conserved",2654
"interior",-0.0182326031274455,0.0448604751205039,121,29,"Flux-conserved",2654
"all",-0.0182326031274455,0.0448604751205039,121,29,"Flux-conserved",2654
"interior",0.0203021834531155,0.0955867274325562,86,30,"Flux-conserved",2654
"all",0.0203021834531155,0.0955867274325562,86,30,"Flux-conserved",2654
"interior",-0.0181941805361695,0.0737139843269601,62,31,"Flux-conserved",2654
"all",-0.0181941805361695,0.0737139843269601,62,31,"Flux-conserved",2654
"interior",-0.0257345720094467,0.0643286445325786,70,32,"Flux-conserved",2654
"leaf-incident",-0.529446548076593,0.529446548076593,1,32,"Flux-conserved",2654
"all",-0.0328291068836319,0.0708796009205225,71,32,"Flux-conserved",2654
"interior",-0.0245671282554815,0.0513932311509569,80,33,"Flux-conserved",2654
"all",-0.0245671282554815,0.0513932311509569,80,33,"Flux-conserved",2654
"interior",0.102660716809455,0.193540102933885,55,34,"Flux-conserved",2654
"all",0.102660716809455,0.193540102933885,55,34,"Flux-conserved",2654
"interior",-0.048984742717734,0.0582273676185547,78,35,"Flux-conserved",2654
"all",-0.048984742717734,0.0582273676185547,78,35,"Flux-conserved",2654
"interior",-0.0293231111155895,0.0589002025053088,74,36,"Flux-conserved",2654
"all",-0.0293231111155895,0.0589002025053088,74,36,"Flux-conserved",2654
"interior",0.00327774168500703,0.0813740422336709,66,37,"Flux-conserved",2654
"all",0.00327774168500703,0.0813740422336709,66,37,"Flux-conserved",2654
"interior",-0.0212831096901444,0.053519191280858,80,38,"Flux-conserved",2654
"all",-0.0212831096901444,0.053519191280858,80,38,"Flux-conserved",2654
"interior",-0.00553559860554507,0.0382900006194112,101,39,"Flux-conserved",2654
"all",-0.00553559860554507,0.0382900006194112,101,39,"Flux-conserved",2654
"interior",-0.0311186301461247,0.0594762106440246,83,40,"Flux-conserved",2654
"all",-0.0311186301461247,0.0594762106440246,83,40,"Flux-conserved",2654
"interior",-0.00775042688779147,0.0736533912502492,68,41,"Flux-conserved",2654
"all",-0.00775042688779147,0.0736533912502492,68,41,"Flux-conserved",2654
"interior",0.00972998802129414,0.0907655572538114,69,42,"Flux-conserved",2654
"all",0.00972998802129414,0.0907655572538114,69,42,"Flux-conserved",2654
"interior",-0.000345514170892813,0.0528124396277604,89,43,"Flux-conserved",2654
"all",-0.000345514170892813,0.0528124396277604,89,43,"Flux-conserved",2654
"interior",0.0381305539242012,0.0925686546315412,105,44,"Flux-conserved",2654
"all",0.0381305539242012,0.0925686546315412,105,44,"Flux-conserved",2654
"interior",-0.0119579149857997,0.0828131100291317,70,45,"Flux-conserved",2654
"all",-0.0119579149857997,0.0828131100291317,70,45,"Flux-conserved",2654
"interior",-0.0140379069301409,0.0418240030072105,87,46,"Flux-conserved",2654
"all",-0.0140379069301409,0.0418240030072105,87,46,"Flux-conserved",2654
"interior",-0.0283685797486604,0.0514846212003335,65,47,"Flux-conserved",2654
"leaf-incident",-0.258951058367272,0.258951058367272,1,47,"Flux-conserved",2654
"all",-0.0318622536671242,0.0546280520664992,66,47,"Flux-conserved",2654
"interior",-0.0314977951390761,0.0647996104098494,62,48,"Flux-conserved",2654
"all",-0.0314977951390761,0.0647996104098494,62,48,"Flux-conserved",2654
"interior",-0.0579549165913752,0.08022724944316,44,49,"Flux-conserved",2654
"leaf-incident",0.803157139400388,0.803157139400388,3,49,"Flux-conserved",2654
"all",-0.00299031727275203,0.12637171050426,47,49,"Flux-conserved",2654
"interior",-0.034557727733756,0.0570906528517212,73,50,"Flux-conserved",2654
"all",-0.034557727733756,0.0570906528517212,73,50,"Flux-conserved",2654
"interior",-0.0152291485978743,0.0497943116843034,84,1,"Rate-conserved",2654
"all",-0.0152291485978743,0.0497943116843034,84,1,"Rate-conserved",2654
"interior",-0.00879436351158144,0.0509263040693878,72,2,"Rate-conserved",2654
"all",-0.00879436351158144,0.0509263040693878,72,2,"Rate-conserved",2654
"interior",-0.0274372338455357,0.0505271919163497,78,3,"Rate-conserved",2654
"all",-0.0274372338455357,0.0505271919163497,78,3,"Rate-conserved",2654
"interior",-0.018906277915941,0.0514107104595303,88,4,"Rate-conserved",2654
"all",-0.018906277915941,0.0514107104595303,88,4,"Rate-conserved",2654
"interior",-0.0157992750271397,0.0558772022400059,82,5,"Rate-conserved",2654
"all",-0.0157992750271397,0.0558772022400059,82,5,"Rate-conserved",2654
"interior",-0.0161567430673721,0.0341739014739935,108,6,"Rate-conserved",2654
"all",-0.0161567430673721,0.0341739014739935,108,6,"Rate-conserved",2654
"interior",-0.0157298128705345,0.0510111796241057,75,7,"Rate-conserved",2654
"all",-0.0157298128705345,0.0510111796241057,75,7,"Rate-conserved",2654
"interior",-0.0211723681481576,0.044421089619627,77,8,"Rate-conserved",2654
"all",-0.0211723681481576,0.044421089619627,77,8,"Rate-conserved",2654
"interior",-0.0159336078143889,0.0451481056248049,89,9,"Rate-conserved",2654
"all",-0.0159336078143889,0.0451481056248049,89,9,"Rate-conserved",2654
"interior",0.020631124376202,0.0786193709221436,80,10,"Rate-conserved",2654
"all",0.020631124376202,0.0786193709221436,80,10,"Rate-conserved",2654
"interior",-0.0154526227598961,0.0406964133272314,98,11,"Rate-conserved",2654
"all",-0.0154526227598961,0.0406964133272314,98,11,"Rate-conserved",2654
"interior",-0.0216794538903217,0.038421326077203,100,12,"Rate-conserved",2654
"all",-0.0216794538903217,0.038421326077203,100,12,"Rate-conserved",2654
"interior",-0.0355313369564105,0.0539735590951652,74,13,"Rate-conserved",2654
"leaf-incident",0.286767930555288,0.286767930555288,1,13,"Rate-conserved",2654
"all",-0.0312340133895879,0.0570774840479668,75,13,"Rate-conserved",2654
"interior",-0.0114320369952105,0.0388925993990716,102,14,"Rate-conserved",2654
"all",-0.0114320369952105,0.0388925993990716,102,14,"Rate-conserved",2654
"interior",-0.0233083200128729,0.0526503512594066,69,15,"Rate-conserved",2654
"leaf-incident",0.132177006734724,0.132177006734724,1,15,"Rate-conserved",2654
"all",-0.0210871010593358,0.0537864463376254,70,15,"Rate-conserved",2654
"interior",-0.017710489966495,0.0414590304303944,101,16,"Rate-conserved",2654
"all",-0.017710489966495,0.0414590304303944,101,16,"Rate-conserved",2654
"interior",-0.0056454771712694,0.0355817694071814,89,17,"Rate-conserved",2654
"all",-0.0056454771712694,0.0355817694071814,89,17,"Rate-conserved",2654
"interior",-0.0280721292448863,0.0526380625838102,66,18,"Rate-conserved",2654
"leaf-incident",0.716898999220111,0.716898999220111,3,18,"Rate-conserved",2654
"all",0.00431791981880924,0.081518972872345,69,18,"Rate-conserved",2654
"interior",-0.0225923064705542,0.0455566127666552,86,19,"Rate-conserved",2654
"all",-0.0225923064705542,0.0455566127666552,86,19,"Rate-conserved",2654
"interior",-0.00582697615531023,0.0517434298655941,80,20,"Rate-conserved",2654
"all",-0.00582697615531023,0.0517434298655941,80,20,"Rate-conserved",2654
"interior",-0.00525312395296159,0.0434665231669378,97,21,"Rate-conserved",2654
"all",-0.00525312395296159,0.0434665231669378,97,21,"Rate-conserved",2654
"interior",-0.00810502414759305,0.0319455690580034,103,22,"Rate-conserved",2654
"all",-0.00810502414759305,0.0319455690580034,103,22,"Rate-conserved",2654
"interior",-0.0158033722232111,0.0515227638463988,78,23,"Rate-conserved",2654
"all",-0.0158033722232111,0.0515227638463988,78,23,"Rate-conserved",2654
"interior",0.00561906807017896,0.0454480844502095,76,24,"Rate-conserved",2654
"all",0.00561906807017896,0.0454480844502095,76,24,"Rate-conserved",2654
"interior",-0.00618908165358895,0.0315973810843519,95,25,"Rate-conserved",2654
"all",-0.00618908165358895,0.0315973810843519,95,25,"Rate-conserved",2654
"interior",-0.0212124854193727,0.0562676937847846,76,26,"Rate-conserved",2654
"all",-0.0212124854193727,0.0562676937847846,76,26,"Rate-conserved",2654
"interior",-0.0164001313735684,0.0328534252536692,82,27,"Rate-conserved",2654
"all",-0.0164001313735684,0.0328534252536692,82,27,"Rate-conserved",2654
"interior",-0.0212741031808535,0.0459649349375655,74,28,"Rate-conserved",2654
"all",-0.0212741031808535,0.0459649349375655,74,28,"Rate-conserved",2654
"interior",-0.0197866387090389,0.0425774125742623,79,29,"Rate-conserved",2654
"all",-0.0197866387090389,0.0425774125742623,79,29,"Rate-conserved",2654
"interior",-0.0252346269411432,0.0589681889832033,69,30,"Rate-conserved",2654
"all",-0.0252346269411432,0.0589681889832033,69,30,"Rate-conserved",2654
"interior",-0.0140753642017025,0.0356930480569317,91,31,"Rate-conserved",2654
"all",-0.0140753642017025,0.0356930480569317,91,31,"Rate-conserved",2654
"interior",-0.0221231619212089,0.0486352902487946,78,32,"Rate-conserved",2654
"all",-0.0221231619212089,0.0486352902487946,78,32,"Rate-conserved",2654
"interior",-0.0121805088261733,0.0400486546231382,81,33,"Rate-conserved",2654
"all",-0.0121805088261733,0.0400486546231382,81,33,"Rate-conserved",2654
"interior",-0.00869071526976778,0.0376854046574604,97,34,"Rate-conserved",2654
"all",-0.00869071526976778,0.0376854046574604,97,34,"Rate-conserved",2654
"interior",0.000387479368942173,0.0289592529604457,94,35,"Rate-conserved",2654
"all",0.000387479368942173,0.0289592529604457,94,35,"Rate-conserved",2654
"interior",-0.00684256423787449,0.0422800409298166,81,36,"Rate-conserved",2654
"all",-0.00684256423787449,0.0422800409298166,81,36,"Rate-conserved",2654
"interior",-0.0158102151174821,0.0431549687330082,97,37,"Rate-conserved",2654
"all",-0.0158102151174821,0.0431549687330082,97,37,"Rate-conserved",2654
"interior",-0.0054581491737676,0.0267821939549987,115,38,"Rate-conserved",2654
"all",-0.0054581491737676,0.0267821939549987,115,38,"Rate-conserved",2654
"interior",-0.0224232785308695,0.0539163866193737,79,39,"Rate-conserved",2654
"all",-0.0224232785308695,0.0539163866193737,79,39,"Rate-conserved",2654
"interior",-0.00351112704438038,0.029616455254789,91,40,"Rate-conserved",2654
"all",-0.00351112704438038,0.029616455254789,91,40,"Rate-conserved",2654
"interior",-0.0173406564309758,0.0570877474609738,69,41,"Rate-conserved",2654
"all",-0.0173406564309758,0.0570877474609738,69,41,"Rate-conserved",2654
"interior",-0.017064809319859,0.0532158993570427,58,42,"Rate-conserved",2654
"leaf-incident",0.793939461132591,0.793939461132591,1,42,"Rate-conserved",2654
"all",-0.00331897422744457,0.0657705359973063,59,42,"Rate-conserved",2654
"interior",0.00117384954849366,0.0468910449545425,65,43,"Rate-conserved",2654
"all",0.00117384954849366,0.0468910449545425,65,43,"Rate-conserved",2654
"interior",-0.0151448939835694,0.0377260468863622,90,44,"Rate-conserved",2654
"all",-0.0151448939835694,0.0377260468863622,90,44,"Rate-conserved",2654
"interior",0.00463358122457351,0.0638161984367684,85,45,"Rate-conserved",2654
"all",0.00463358122457351,0.0638161984367684,85,45,"Rate-conserved",2654
"interior",-0.0178002812587256,0.0551277437176603,73,46,"Rate-conserved",2654
"all",-0.0178002812587256,0.0551277437176603,73,46,"Rate-conserved",2654
"interior",0.00028243059672974,0.0321924459125933,97,47,"Rate-conserved",2654
"all",0.00028243059672974,0.0321924459125933,97,47,"Rate-conserved",2654
"interior",-0.0111981915930855,0.0450959395635089,84,48,"Rate-conserved",2654
"all",-0.0111981915930855,0.0450959395635089,84,48,"Rate-conserved",2654
"interior",-0.0285585364068108,0.0323533376443218,98,49,"Rate-conserved",2654
"all",-0.0285585364068108,0.0323533376443218,98,49,"Rate-conserved",2654
"interior",-0.00581584964175932,0.034090037496348,94,50,"Rate-conserved",2654
"all",-0.00581584964175932,0.034090037496348,94,50,"Rate-conserved",2654
"interior",-0.0021567193351758,0.0409484549950964,108,1,"Isotropic",2704
"all",-0.0021567193351758,0.0409484549950964,108,1,"Isotropic",2704
"interior",0.00381164066576573,0.0340630426956619,99,2,"Isotropic",2704
"all",0.00381164066576573,0.0340630426956619,99,2,"Isotropic",2704
"interior",-0.0028107787613799,0.0337933427917515,112,3,"Isotropic",2704
"all",-0.0028107787613799,0.0337933427917515,112,3,"Isotropic",2704
"interior",-0.00257136497566749,0.0242549328329773,137,4,"Isotropic",2704
"all",-0.00257136497566749,0.0242549328329773,137,4,"Isotropic",2704
"interior",-0.000302621992118338,0.0296503186115196,88,5,"Isotropic",2704
"all",-0.000302621992118338,0.0296503186115196,88,5,"Isotropic",2704
"interior",-0.0162095262845149,0.0342131943405865,93,6,"Isotropic",2704
"all",-0.0162095262845149,0.0342131943405865,93,6,"Isotropic",2704
"interior",0.00614205103545212,0.0368219754904255,91,7,"Isotropic",2704
"all",0.00614205103545212,0.0368219754904255,91,7,"Isotropic",2704
"interior",0.00646491207558437,0.0383475531813994,85,8,"Isotropic",2704
"all",0.00646491207558437,0.0383475531813994,85,8,"Isotropic",2704
"interior",-0.00346007041206583,0.030998566409504,107,9,"Isotropic",2704
"all",-0.00346007041206583,0.030998566409504,107,9,"Isotropic",2704
"interior",-0.0082982717795901,0.0388422159078028,79,10,"Isotropic",2704
"all",-0.0082982717795901,0.0388422159078028,79,10,"Isotropic",2704
"interior",-0.00616389859597765,0.0244657018268941,116,11,"Isotropic",2704
"all",-0.00616389859597765,0.0244657018268941,116,11,"Isotropic",2704
"interior",-0.000603361196328976,0.0279544275852998,100,12,"Isotropic",2704
"all",-0.000603361196328976,0.0279544275852998,100,12,"Isotropic",2704
"interior",-0.0019534475068071,0.042193417446662,82,13,"Isotropic",2704
"all",-0.0019534475068071,0.042193417446662,82,13,"Isotropic",2704
"interior",0.00490761114298946,0.0335055513370001,91,14,"Isotropic",2704
"all",0.00490761114298946,0.0335055513370001,91,14,"Isotropic",2704
"interior",0.00761527555747393,0.0349389611213023,83,15,"Isotropic",2704
"all",0.00761527555747393,0.0349389611213023,83,15,"Isotropic",2704
"interior",-0.0075386864628868,0.0246127021646253,111,16,"Isotropic",2704
"all",-0.0075386864628868,0.0246127021646253,111,16,"Isotropic",2704
"interior",0.00710509871078311,0.0394462343193016,90,17,"Isotropic",2704
"all",0.00710509871078311,0.0394462343193016,90,17,"Isotropic",2704
"interior",0.00254122314902204,0.0363718637679155,78,18,"Isotropic",2704
"all",0.00254122314902204,0.0363718637679155,78,18,"Isotropic",2704
"interior",-0.00933345395988488,0.0291026765354997,103,19,"Isotropic",2704
"all",-0.00933345395988488,0.0291026765354997,103,19,"Isotropic",2704
"interior",0.00160098897112033,0.025279337527977,104,20,"Isotropic",2704
"all",0.00160098897112033,0.025279337527977,104,20,"Isotropic",2704
"interior",-0.00390649891261134,0.0378539334901444,95,21,"Isotropic",2704
"all",-0.00390649891261134,0.0378539334901444,95,21,"Isotropic",2704
"interior",-0.0081938629826944,0.0306198838158322,86,22,"Isotropic",2704
"all",-0.0081938629826944,0.0306198838158322,86,22,"Isotropic",2704
"interior",-0.00540443292502872,0.033925006731559,96,23,"Isotropic",2704
"all",-0.00540443292502872,0.033925006731559,96,23,"Isotropic",2704
"interior",-0.00487527954956268,0.0457128071084596,84,24,"Isotropic",2704
"all",-0.00487527954956268,0.0457128071084596,84,24,"Isotropic",2704
"interior",0.0121057188829878,0.0294713327732671,114,25,"Isotropic",2704
"all",0.0121057188829878,0.0294713327732671,114,25,"Isotropic",2704
"interior",-0.000112413229729353,0.03391097138647,94,26,"Isotropic",2704
"all",-0.000112413229729353,0.03391097138647,94,26,"Isotropic",2704
"interior",-0.00155243159216456,0.0371460504349983,84,27,"Isotropic",2704
"all",-0.00155243159216456,0.0371460504349983,84,27,"Isotropic",2704
"interior",0.00809931298314768,0.0263269965388804,114,28,"Isotropic",2704
"all",0.00809931298314768,0.0263269965388804,114,28,"Isotropic",2704
"interior",-0.00175459009405353,0.034653392908955,93,29,"Isotropic",2704
"all",-0.00175459009405353,0.034653392908955,93,29,"Isotropic",2704
"interior",0.0175570144425985,0.0401410644923347,79,30,"Isotropic",2704
"all",0.0175570144425985,0.0401410644923347,79,30,"Isotropic",2704
"interior",0.00592705852047814,0.0366677793208807,82,31,"Isotropic",2704
"all",0.00592705852047814,0.0366677793208807,82,31,"Isotropic",2704
"interior",-0.00344886245741931,0.0389086874124887,91,32,"Isotropic",2704
"all",-0.00344886245741931,0.0389086874124887,91,32,"Isotropic",2704
"interior",0.00245677568002914,0.025950952903556,106,33,"Isotropic",2704
"all",0.00245677568002914,0.025950952903556,106,33,"Isotropic",2704
"interior",0.000320613912568628,0.0283228812591584,107,34,"Isotropic",2704
"all",0.000320613912568628,0.0283228812591584,107,34,"Isotropic",2704
"interior",-0.00243448286874263,0.041673250112873,85,35,"Isotropic",2704
"all",-0.00243448286874263,0.041673250112873,85,35,"Isotropic",2704
"interior",0.00500155385992925,0.0395988221938975,85,36,"Isotropic",2704
"all",0.00500155385992925,0.0395988221938975,85,36,"Isotropic",2704
"interior",-0.00997365061804301,0.0337970082749474,92,37,"Isotropic",2704
"all",-0.00997365061804301,0.0337970082749474,92,37,"Isotropic",2704
"interior",0.00372283859862439,0.0371270446420459,88,38,"Isotropic",2704
"all",0.00372283859862439,0.0371270446420459,88,38,"Isotropic",2704
"interior",0.00206323056085791,0.0374179105466869,93,39,"Isotropic",2704
"all",0.00206323056085791,0.0374179105466869,93,39,"Isotropic",2704
"interior",-0.00256110584524598,0.0256838545778881,116,40,"Isotropic",2704
"all",-0.00256110584524598,0.0256838545778881,116,40,"Isotropic",2704
"interior",-0.000683173818474877,0.0300350182223773,103,41,"Isotropic",2704
"all",-0.000683173818474877,0.0300350182223773,103,41,"Isotropic",2704
"interior",0.00308461467260965,0.0342269186323335,94,42,"Isotropic",2704
"all",0.00308461467260965,0.0342269186323335,94,42,"Isotropic",2704
"interior",0.00658241449414261,0.0329806038941853,101,43,"Isotropic",2704
"all",0.00658241449414261,0.0329806038941853,101,43,"Isotropic",2704
"interior",-0.00523678088442434,0.0326738504167723,79,44,"Isotropic",2704
"all",-0.00523678088442434,0.0326738504167723,79,44,"Isotropic",2704
"interior",-0.00280360424669613,0.0327952604478019,95,45,"Isotropic",2704
"all",-0.00280360424669613,0.0327952604478019,95,45,"Isotropic",2704
"interior",-0.000524365260037147,0.0329476235942765,88,46,"Isotropic",2704
"all",-0.000524365260037147,0.0329476235942765,88,46,"Isotropic",2704
"interior",0.00790447262470449,0.0385718197282759,98,47,"Isotropic",2704
"all",0.00790447262470449,0.0385718197282759,98,47,"Isotropic",2704
"interior",0.0192290253571517,0.0339072558460307,109,48,"Isotropic",2704
"all",0.0192290253571517,0.0339072558460307,109,48,"Isotropic",2704
"interior",0.00597153722112276,0.0326648241747147,100,49,"Isotropic",2704
"all",0.00597153722112276,0.0326648241747147,100,49,"Isotropic",2704
"interior",0.00418594206994809,0.0246100339174928,129,50,"Isotropic",2704
"all",0.00418594206994809,0.0246100339174928,129,50,"Isotropic",2704
"interior",0.0114302960276037,0.0680094431759181,82,1,"Flux-conserved",2704
"all",0.0114302960276037,0.0680094431759181,82,1,"Flux-conserved",2704
"interior",-0.0417630103933738,0.0509823225199822,52,2,"Flux-conserved",2704
"leaf-incident",0.875423404169788,0.875423404169788,8,2,"Flux-conserved",2704
"all",0.0805285115483811,0.16090780007329,60,2,"Flux-conserved",2704
"interior",0.0268829079380951,0.0984875923424278,87,3,"Flux-conserved",2704
"all",0.0268829079380951,0.0984875923424278,87,3,"Flux-conserved",2704
"interior",0.0185737272897654,0.0458665529792397,155,4,"Flux-conserved",2704
"all",0.0185737272897654,0.0458665529792397,155,4,"Flux-conserved",2704
"interior",0.0288029577643129,0.101768281607371,87,5,"Flux-conserved",2704
"all",0.0288029577643129,0.101768281607371,87,5,"Flux-conserved",2704
"interior",-0.00767537543980988,0.097310857116561,66,6,"Flux-conserved",2704
"all",-0.00767537543980988,0.097310857116561,66,6,"Flux-conserved",2704
"interior",0.0191261271412124,0.113281129846642,71,7,"Flux-conserved",2704
"all",0.0191261271412124,0.113281129846642,71,7,"Flux-conserved",2704
"interior",-0.0293901518840637,0.0757727686150583,80,8,"Flux-conserved",2704
"all",-0.0293901518840637,0.0757727686150583,80,8,"Flux-conserved",2704
"interior",-0.0188519376671245,0.0586749336200559,83,9,"Flux-conserved",2704
"all",-0.0188519376671245,0.0586749336200559,83,9,"Flux-conserved",2704
"interior",0.0406270184794459,0.125565426330873,60,10,"Flux-conserved",2704
"all",0.0406270184794459,0.125565426330873,60,10,"Flux-conserved",2704
"interior",-0.0106255449132801,0.0619953899815424,95,11,"Flux-conserved",2704
"all",-0.0106255449132801,0.0619953899815424,95,11,"Flux-conserved",2704
"interior",0.0107759608627612,0.073438297773106,120,12,"Flux-conserved",2704
"all",0.0107759608627612,0.073438297773106,120,12,"Flux-conserved",2704
"interior",-0.0013023290687216,0.098106220706219,52,13,"Flux-conserved",2704
"all",-0.0013023290687216,0.098106220706219,52,13,"Flux-conserved",2704
"interior",-0.0472084417540665,0.118994285417867,39,14,"Flux-conserved",2704
"leaf-incident",0.731058578630004,0.731058578630004,1,14,"Flux-conserved",2704
"all",-0.0277517662444647,0.134295892748171,40,14,"Flux-conserved",2704
"interior",-0.0207602810901884,0.0432806984621325,85,15,"Flux-conserved",2704
"leaf-incident",0.430709459068958,0.430709459068958,1,15,"Flux-conserved",2704
"all",-0.015510632948803,0.047785684050584,86,15,"Flux-conserved",2704
"interior",-0.0170360809470026,0.061448738832632,89,16,"Flux-conserved",2704
"all",-0.0170360809470026,0.061448738832632,89,16,"Flux-conserved",2704
"interior",-0.0289102484456573,0.0499942689807607,91,17,"Flux-conserved",2704
"all",-0.0289102484456573,0.0499942689807607,91,17,"Flux-conserved",2704
"interior",0.0258533405920533,0.120967211258689,70,18,"Flux-conserved",2704
"all",0.0258533405920533,0.120967211258689,70,18,"Flux-conserved",2704
"interior",0.0247137908088382,0.105022936020415,68,19,"Flux-conserved",2704
"all",0.0247137908088382,0.105022936020415,68,19,"Flux-conserved",2704
"interior",-0.0112095113736603,0.0871608879620081,63,20,"Flux-conserved",2704
"all",-0.0112095113736603,0.0871608879620081,63,20,"Flux-conserved",2704
"interior",0.0397234669241793,0.0819491142048151,112,21,"Flux-conserved",2704
"all",0.0397234669241793,0.0819491142048151,112,21,"Flux-conserved",2704
"interior",-0.0189231623043006,0.063706885540371,60,22,"Flux-conserved",2704
"leaf-incident",0.75048917104126,0.75048917104126,4,22,"Flux-conserved",2704
"all",0.029165108529797,0.106630778384177,64,22,"Flux-conserved",2704
"interior",-0.0310561136367005,0.0945073816203577,55,23,"Flux-conserved",2704
"all",-0.0310561136367005,0.0945073816203577,55,23,"Flux-conserved",2704
"interior",0.00853549079484032,0.0661274753014763,108,24,"Flux-conserved",2704
"all",0.00853549079484032,0.0661274753014763,108,24,"Flux-conserved",2704
"interior",0.035439634365292,0.10238716872235,63,25,"Flux-conserved",2704
"all",0.035439634365292,0.10238716872235,63,25,"Flux-conserved",2704
"interior",-0.0259915943676716,0.057331427359852,80,26,"Flux-conserved",2704
"all",-0.0259915943676716,0.057331427359852,80,26,"Flux-conserved",2704
"interior",-0.0484220413613765,0.07905288083049,57,27,"Flux-conserved",2704
"leaf-incident",-0.29793663012107,0.29793663012107,1,27,"Flux-conserved",2704
"all",-0.052724017029647,0.0828267385768793,58,27,"Flux-conserved",2704
"interior",-0.0148784676050793,0.0375440157779861,89,28,"Flux-conserved",2704
"all",-0.0148784676050793,0.0375440157779861,89,28,"Flux-conserved",2704
"interior",0.0137103827879401,0.0854015557214391,95,29,"Flux-conserved",2704
"all",0.0137103827879401,0.0854015557214391,95,29,"Flux-conserved",2704
"interior",0.024293838126259,0.134086340560134,61,30,"Flux-conserved",2704
"all",0.024293838126259,0.134086340560134,61,30,"Flux-conserved",2704
"interior",-0.00940234787535499,0.0819562188126655,79,31,"Flux-conserved",2704
"all",-0.00940234787535499,0.0819562188126655,79,31,"Flux-conserved",2704
"interior",-0.0061289131586241,0.057493298262625,78,32,"Flux-conserved",2704
"all",-0.0061289131586241,0.057493298262625,78,32,"Flux-conserved",2704
"interior",-0.0283983798960394,0.0598675401838779,81,33,"Flux-conserved",2704
"all",-0.0283983798960394,0.0598675401838779,81,33,"Flux-conserved",2704
"interior",0.105033768856009,0.171356907192508,80,34,"Flux-conserved",2704
"all",0.105033768856009,0.171356907192508,80,34,"Flux-conserved",2704
"interior",-0.0193450019372634,0.0602054075799157,79,35,"Flux-conserved",2704
"all",-0.0193450019372634,0.0602054075799157,79,35,"Flux-conserved",2704
"interior",-0.0249649357915506,0.0766176091415991,54,36,"Flux-conserved",2704
"all",-0.0249649357915506,0.0766176091415991,54,36,"Flux-conserved",2704
"interior",-0.0232787432342992,0.0699260708747048,46,37,"Flux-conserved",2704
"leaf-incident",0.758045066317133,0.758045066317133,3,37,"Flux-conserved",2704
"all",0.0245574083708905,0.112055805289547,49,37,"Flux-conserved",2704
"interior",-0.0384441872954784,0.0645809006147388,69,38,"Flux-conserved",2704
"all",-0.0384441872954784,0.0645809006147388,69,38,"Flux-conserved",2704
"interior",-0.0247664333892664,0.0622832924809383,70,39,"Flux-conserved",2704
"all",-0.0247664333892664,0.0622832924809383,70,39,"Flux-conserved",2704
"interior",-0.0161135204383093,0.060170509126923,80,40,"Flux-conserved",2704
"all",-0.0161135204383093,0.060170509126923,80,40,"Flux-conserved",2704
"interior",-0.0345342371052619,0.0696670538455542,59,41,"Flux-conserved",2704
"all",-0.0345342371052619,0.0696670538455542,59,41,"Flux-conserved",2704
"interior",0.00611582085676025,0.06807314536492,81,42,"Flux-conserved",2704
"all",0.00611582085676025,0.06807314536492,81,42,"Flux-conserved",2704
"interior",-0.0104533752060454,0.0732955178267383,73,43,"Flux-conserved",2704
"all",-0.0104533752060454,0.0732955178267383,73,43,"Flux-conserved",2704
"interior",0.0722830796816879,0.168721593842031,64,44,"Flux-conserved",2704
"all",0.0722830796816879,0.168721593842031,64,44,"Flux-conserved",2704
"interior",0.0157616686273572,0.100284076999705,52,45,"Flux-conserved",2704
"all",0.0157616686273572,0.100284076999705,52,45,"Flux-conserved",2704
"interior",-0.0270830876595899,0.0591390899725375,86,46,"Flux-conserved",2704
"all",-0.0270830876595899,0.0591390899725375,86,46,"Flux-conserved",2704
"interior",-0.0228642098222017,0.0563582122620232,77,47,"Flux-conserved",2704
"all",-0.0228642098222017,0.0563582122620232,77,47,"Flux-conserved",2704
"interior",-0.0354323986696537,0.0668775257976894,58,48,"Flux-conserved",2704
"all",-0.0354323986696537,0.0668775257976894,58,48,"Flux-conserved",2704
"interior",0.0200085741844932,0.108472754290774,61,49,"Flux-conserved",2704
"all",0.0200085741844932,0.108472754290774,61,49,"Flux-conserved",2704
"interior",-0.0207323018236361,0.0403369653838355,93,50,"Flux-conserved",2704
"all",-0.0207323018236361,0.0403369653838355,93,50,"Flux-conserved",2704
"interior",-5.93733720723887e-05,0.0610190443246065,66,1,"Rate-conserved",2704
"all",-5.93733720723887e-05,0.0610190443246065,66,1,"Rate-conserved",2704
"interior",-0.00184114804008512,0.0530815018921002,79,2,"Rate-conserved",2704
"all",-0.00184114804008512,0.0530815018921002,79,2,"Rate-conserved",2704
"interior",-0.0253136686885107,0.0563366953172418,77,3,"Rate-conserved",2704
"leaf-incident",0.505032825729926,0.505032825729926,2,3,"Rate-conserved",2704
"all",-0.01188717515893,0.067696091023892,79,3,"Rate-conserved",2704
"interior",-0.0190882107229576,0.0325138023600836,102,4,"Rate-conserved",2704
"all",-0.0190882107229576,0.0325138023600836,102,4,"Rate-conserved",2704
"interior",-0.0144458387754321,0.0554741812943262,89,5,"Rate-conserved",2704
"all",-0.0144458387754321,0.0554741812943262,89,5,"Rate-conserved",2704
"interior",-0.0130521747706775,0.0386477695711649,94,6,"Rate-conserved",2704
"all",-0.0130521747706775,0.0386477695711649,94,6,"Rate-conserved",2704
"interior",-0.0324378546100972,0.0485375577818998,80,7,"Rate-conserved",2704
"all",-0.0324378546100972,0.0485375577818998,80,7,"Rate-conserved",2704
"interior",-0.0192554143551354,0.061731693303966,64,8,"Rate-conserved",2704
"all",-0.0192554143551354,0.061731693303966,64,8,"Rate-conserved",2704
"interior",-0.00738017604205895,0.0432176957536047,80,9,"Rate-conserved",2704
"all",-0.00738017604205895,0.0432176957536047,80,9,"Rate-conserved",2704
"interior",0.0196058981734764,0.0648088228691993,101,10,"Rate-conserved",2704
"all",0.0196058981734764,0.0648088228691993,101,10,"Rate-conserved",2704
"interior",-0.0243007396960736,0.0534897860093256,78,11,"Rate-conserved",2704
"all",-0.0243007396960736,0.0534897860093256,78,11,"Rate-conserved",2704
"interior",-0.0201435702893503,0.0405134924376016,87,12,"Rate-conserved",2704
"all",-0.0201435702893503,0.0405134924376016,87,12,"Rate-conserved",2704
"interior",-0.0223519032544025,0.0437264857677344,85,13,"Rate-conserved",2704
"leaf-incident",0.231475216500982,0.231475216500982,1,13,"Rate-conserved",2704
"all",-0.019400425117712,0.0459096105437024,86,13,"Rate-conserved",2704
"interior",-0.00759649704054126,0.0447062744635694,98,14,"Rate-conserved",2704
"all",-0.00759649704054126,0.0447062744635694,98,14,"Rate-conserved",2704
"interior",0.00644778468472804,0.0531470158914744,69,15,"Rate-conserved",2704
"all",0.00644778468472804,0.0531470158914744,69,15,"Rate-conserved",2704
"interior",-0.0133392807494378,0.0478136363604975,81,16,"Rate-conserved",2704
"all",-0.0133392807494378,0.0478136363604975,81,16,"Rate-conserved",2704
"interior",0.00172953127626343,0.045076177980619,87,17,"Rate-conserved",2704
"all",0.00172953127626343,0.045076177980619,87,17,"Rate-conserved",2704
"interior",-0.0349185012835923,0.0471041139923301,74,18,"Rate-conserved",2704
"leaf-incident",0.50896625802999,0.50896625802999,2,18,"Rate-conserved",2704
"all",-0.0206057444595506,0.0592583809406896,76,18,"Rate-conserved",2704
"interior",-0.0287259098598373,0.0466998603300857,88,19,"Rate-conserved",2704
"all",-0.0287259098598373,0.0466998603300857,88,19,"Rate-conserved",2704
"interior",-0.0136669423418175,0.0586223755927648,73,20,"Rate-conserved",2704
"all",-0.0136669423418175,0.0586223755927648,73,20,"Rate-conserved",2704
"interior",-0.0138991032407563,0.0455391272478272,95,21,"Rate-conserved",2704
"all",-0.0138991032407563,0.0455391272478272,95,21,"Rate-conserved",2704
"interior",-0.0269189443002945,0.0437703951983213,94,22,"Rate-conserved",2704
"all",-0.0269189443002945,0.0437703951983213,94,22,"Rate-conserved",2704
"interior",-0.0214845240416507,0.0415651214710038,80,23,"Rate-conserved",2704
"all",-0.0214845240416507,0.0415651214710038,80,23,"Rate-conserved",2704
"interior",-0.00954978321544163,0.0509985793695821,62,24,"Rate-conserved",2704
"leaf-incident",-0.196622452073457,0.196622452073457,1,24,"Rate-conserved",2704
"all",-0.0125191906576323,0.0533100694125008,63,24,"Rate-conserved",2704
"interior",-0.0122939468087523,0.0327471540721112,115,25,"Rate-conserved",2704
"all",-0.0122939468087523,0.0327471540721112,115,25,"Rate-conserved",2704
"interior",-0.0131846591735027,0.0486450819927712,77,26,"Rate-conserved",2704
"all",-0.0131846591735027,0.0486450819927712,77,26,"Rate-conserved",2704
"interior",-0.0165356526336181,0.0463015964864891,81,27,"Rate-conserved",2704
"all",-0.0165356526336181,0.0463015964864891,81,27,"Rate-conserved",2704
"interior",-0.0247381081682407,0.0483125066977325,89,28,"Rate-conserved",2704
"all",-0.0247381081682407,0.0483125066977325,89,28,"Rate-conserved",2704
"interior",-0.0124579306922286,0.0355832180150964,91,29,"Rate-conserved",2704
"all",-0.0124579306922286,0.0355832180150964,91,29,"Rate-conserved",2704
"interior",-0.00499070332948537,0.0526104698315055,72,30,"Rate-conserved",2704
"all",-0.00499070332948537,0.0526104698315055,72,30,"Rate-conserved",2704
"interior",-0.0191534310907494,0.033925217703218,112,31,"Rate-conserved",2704
"all",-0.0191534310907494,0.033925217703218,112,31,"Rate-conserved",2704
"interior",-0.0181088792674022,0.0500029732528262,90,32,"Rate-conserved",2704
"all",-0.0181088792674022,0.0500029732528262,90,32,"Rate-conserved",2704
"interior",-0.0171145014266524,0.0400839792405264,90,33,"Rate-conserved",2704
"all",-0.0171145014266524,0.0400839792405264,90,33,"Rate-conserved",2704
"interior",-0.0160137958642986,0.0349536519917533,103,34,"Rate-conserved",2704
"all",-0.0160137958642986,0.0349536519917533,103,34,"Rate-conserved",2704
"interior",-0.00255785906617023,0.0373275371339964,91,35,"Rate-conserved",2704
"all",-0.00255785906617023,0.0373275371339964,91,35,"Rate-conserved",2704
"interior",-0.0136463335514889,0.0535006215047518,84,36,"Rate-conserved",2704
"all",-0.0136463335514889,0.0535006215047518,84,36,"Rate-conserved",2704
"interior",-0.0158394948808572,0.0391895662666532,89,37,"Rate-conserved",2704
"all",-0.0158394948808572,0.0391895662666532,89,37,"Rate-conserved",2704
"interior",-0.00533036216466389,0.0424893024325448,86,38,"Rate-conserved",2704
"all",-0.00533036216466389,0.0424893024325448,86,38,"Rate-conserved",2704
"interior",-0.0113411323465188,0.0555576676874593,80,39,"Rate-conserved",2704
"all",-0.0113411323465188,0.0555576676874593,80,39,"Rate-conserved",2704
"interior",-0.00907209384550533,0.0298781329978787,79,40,"Rate-conserved",2704
"all",-0.00907209384550533,0.0298781329978787,79,40,"Rate-conserved",2704
"interior",-0.0275010723071748,0.049006627239258,83,41,"Rate-conserved",2704
"all",-0.0275010723071748,0.049006627239258,83,41,"Rate-conserved",2704
"interior",-0.015882974177957,0.0498705468777148,66,42,"Rate-conserved",2704
"leaf-incident",-0.13705129257546,0.13705129257546,1,42,"Rate-conserved",2704
"all",-0.0176914565420989,0.0511717520373826,67,42,"Rate-conserved",2704
"interior",-0.00619925261413865,0.0506243754866625,74,43,"Rate-conserved",2704
"all",-0.00619925261413865,0.0506243754866625,74,43,"Rate-conserved",2704
"interior",-0.0220106709148045,0.0437584212926704,87,44,"Rate-conserved",2704
"all",-0.0220106709148045,0.0437584212926704,87,44,"Rate-conserved",2704
"interior",-0.000678728941592888,0.0473088760268155,88,45,"Rate-conserved",2704
"all",-0.000678728941592888,0.0473088760268155,88,45,"Rate-conserved",2704
"interior",-0.0215016478409867,0.0451673911626703,79,46,"Rate-conserved",2704
"all",-0.0215016478409867,0.0451673911626703,79,46,"Rate-conserved",2704
"interior",-0.0154422214775311,0.0376784739146121,86,47,"Rate-conserved",2704
"all",-0.0154422214775311,0.0376784739146121,86,47,"Rate-conserved",2704
"interior",-0.0103064675220151,0.0355047592915646,91,48,"Rate-conserved",2704
"all",-0.0103064675220151,0.0355047592915646,91,48,"Rate-conserved",2704
"interior",-0.0178877969661186,0.0363566044986059,104,49,"Rate-conserved",2704
"all",-0.0178877969661186,0.0363566044986059,104,49,"Rate-conserved",2704
"interior",-0.00868475274668403,0.0323668633728215,98,50,"Rate-conserved",2704
"all",-0.00868475274668403,0.0323668633728215,98,50,"Rate-conserved",2704
"interior",-0.00100802736336854,0.0253123800033141,120,1,"Isotropic",2754
"all",-0.00100802736336854,0.0253123800033141,120,1,"Isotropic",2754
"interior",0.0130816261984292,0.0273454367353982,86,2,"Isotropic",2754
"all",0.0130816261984292,0.0273454367353982,86,2,"Isotropic",2754
"interior",0.0104171661314541,0.0252911034679357,114,3,"Isotropic",2754
"all",0.0104171661314541,0.0252911034679357,114,3,"Isotropic",2754
"interior",-0.00787820069555921,0.0282271001433414,129,4,"Isotropic",2754
"all",-0.00787820069555921,0.0282271001433414,129,4,"Isotropic",2754
"interior",0.00890733614225107,0.0379296745828039,86,5,"Isotropic",2754
"all",0.00890733614225107,0.0379296745828039,86,5,"Isotropic",2754
"interior",-0.00823019887648374,0.0268369393101515,101,6,"Isotropic",2754
"all",-0.00823019887648374,0.0268369393101515,101,6,"Isotropic",2754
"interior",0.0104172715591184,0.0352644047219111,84,7,"Isotropic",2754
"all",0.0104172715591184,0.0352644047219111,84,7,"Isotropic",2754
"interior",0.0116533509936225,0.0312148275983547,94,8,"Isotropic",2754
"all",0.0116533509936225,0.0312148275983547,94,8,"Isotropic",2754
"interior",0.00254208950034402,0.0221149732078462,118,9,"Isotropic",2754
"all",0.00254208950034402,0.0221149732078462,118,9,"Isotropic",2754
"interior",-0.0199089130637827,0.0488774768780008,78,10,"Isotropic",2754
"all",-0.0199089130637827,0.0488774768780008,78,10,"Isotropic",2754
"interior",-0.00746785102880404,0.0280834840761585,99,11,"Isotropic",2754
"all",-0.00746785102880404,0.0280834840761585,99,11,"Isotropic",2754
"interior",0.00887023590916114,0.0255285871013474,101,12,"Isotropic",2754
"all",0.00887023590916114,0.0255285871013474,101,12,"Isotropic",2754
"interior",-0.00592478682463508,0.0414764703189939,70,13,"Isotropic",2754
"all",-0.00592478682463508,0.0414764703189939,70,13,"Isotropic",2754
"interior",0.00922812559472274,0.0319413584945132,98,14,"Isotropic",2754
"all",0.00922812559472274,0.0319413584945132,98,14,"Isotropic",2754
"interior",0.00183942361440226,0.0315727265761586,90,15,"Isotropic",2754
"all",0.00183942361440226,0.0315727265761586,90,15,"Isotropic",2754
"interior",-0.0113108961571657,0.0368149776650117,102,16,"Isotropic",2754
"all",-0.0113108961571657,0.0368149776650117,102,16,"Isotropic",2754
"interior",0.00432860527525087,0.0390163405417846,88,17,"Isotropic",2754
"all",0.00432860527525087,0.0390163405417846,88,17,"Isotropic",2754
"interior",-0.00324282168245893,0.0444709002846915,70,18,"Isotropic",2754
"all",-0.00324282168245893,0.0444709002846915,70,18,"Isotropic",2754
"interior",-0.00091042517612756,0.0298369713249417,125,19,"Isotropic",2754
"all",-0.00091042517612756,0.0298369713249417,125,19,"Isotropic",2754
"interior",-0.00301397262183304,0.0367007069845365,83,20,"Isotropic",2754
"all",-0.00301397262183304,0.0367007069845365,83,20,"Isotropic",2754
"interior",0.00297068239939871,0.0368939812257746,85,21,"Isotropic",2754
"all",0.00297068239939871,0.0368939812257746,85,21,"Isotropic",2754
"interior",-0.00640161683416401,0.0381744679297569,80,22,"Isotropic",2754
"all",-0.00640161683416401,0.0381744679297569,80,22,"Isotropic",2754
"interior",0.00222112936985141,0.0319931173049118,92,23,"Isotropic",2754
"all",0.00222112936985141,0.0319931173049118,92,23,"Isotropic",2754
"interior",0.0043939251962098,0.0291473993746546,94,24,"Isotropic",2754
"all",0.0043939251962098,0.0291473993746546,94,24,"Isotropic",2754
"interior",-0.00429733329758975,0.027950305312042,106,25,"Isotropic",2754
"all",-0.00429733329758975,0.027950305312042,106,25,"Isotropic",2754
"interior",-0.00266535581851242,0.0467532335987255,88,26,"Isotropic",2754
"all",-0.00266535581851242,0.0467532335987255,88,26,"Isotropic",2754
"interior",-0.00233235562098448,0.0404664710499142,72,27,"Isotropic",2754
"all",-0.00233235562098448,0.0404664710499142,72,27,"Isotropic",2754
"interior",0.00459016130805638,0.0237240527817828,111,28,"Isotropic",2754
"all",0.00459016130805638,0.0237240527817828,111,28,"Isotropic",2754
"interior",-7.06129492894427e-06,0.0301226350820043,105,29,"Isotropic",2754
"all",-7.06129492894427e-06,0.0301226350820043,105,29,"Isotropic",2754
"interior",0.00577296667482152,0.0307156032677274,87,30,"Isotropic",2754
"all",0.00577296667482152,0.0307156032677274,87,30,"Isotropic",2754
"interior",0.00429022569761992,0.0348373039085269,90,31,"Isotropic",2754
"all",0.00429022569761992,0.0348373039085269,90,31,"Isotropic",2754
"interior",-0.0101273214004078,0.0373424874087788,91,32,"Isotropic",2754
"all",-0.0101273214004078,0.0373424874087788,91,32,"Isotropic",2754
"interior",0.00027463314975997,0.0255834743640888,101,33,"Isotropic",2754
"all",0.00027463314975997,0.0255834743640888,101,33,"Isotropic",2754
"interior",0.0102156742925734,0.0415225346495751,96,34,"Isotropic",2754
"all",0.0102156742925734,0.0415225346495751,96,34,"Isotropic",2754
"interior",0.00103307930771066,0.032045043183025,80,35,"Isotropic",2754
"all",0.00103307930771066,0.032045043183025,80,35,"Isotropic",2754
"interior",0.0138472943577097,0.034357815687605,95,36,"Isotropic",2754
"all",0.0138472943577097,0.034357815687605,95,36,"Isotropic",2754
"interior",4.12935059658715e-05,0.0379088810606667,82,37,"Isotropic",2754
"all",4.12935059658715e-05,0.0379088810606667,82,37,"Isotropic",2754
"interior",0.00237428514499071,0.0342609309063951,85,38,"Isotropic",2754
"all",0.00237428514499071,0.0342609309063951,85,38,"Isotropic",2754
"interior",0.00990794457693962,0.0370748699669047,88,39,"Isotropic",2754
"all",0.00990794457693962,0.0370748699669047,88,39,"Isotropic",2754
"interior",0.010122857734463,0.0326680924570548,92,40,"Isotropic",2754
"all",0.010122857734463,0.0326680924570548,92,40,"Isotropic",2754
"interior",0.00475647400146551,0.0385729998533363,91,41,"Isotropic",2754
"all",0.00475647400146551,0.0385729998533363,91,41,"Isotropic",2754
"interior",0.00205658805942015,0.0216604789642314,118,42,"Isotropic",2754
"all",0.00205658805942015,0.0216604789642314,118,42,"Isotropic",2754
"interior",-0.0039812995615037,0.0347451559303731,88,43,"Isotropic",2754
"all",-0.0039812995615037,0.0347451559303731,88,43,"Isotropic",2754
"interior",-0.00896032420276552,0.0284958668105721,97,44,"Isotropic",2754
"all",-0.00896032420276552,0.0284958668105721,97,44,"Isotropic",2754
"interior",-0.00544645731579963,0.03185035377776,105,45,"Isotropic",2754
"all",-0.00544645731579963,0.03185035377776,105,45,"Isotropic",2754
"interior",0.00128361878384229,0.0358655018147228,81,46,"Isotropic",2754
"all",0.00128361878384229,0.0358655018147228,81,46,"Isotropic",2754
"interior",0.00281410694296386,0.0332271891741439,103,47,"Isotropic",2754
"all",0.00281410694296386,0.0332271891741439,103,47,"Isotropic",2754
"interior",0.010844964362663,0.0278718736578205,119,48,"Isotropic",2754
"all",0.010844964362663,0.0278718736578205,119,48,"Isotropic",2754
"interior",0.00230479401567669,0.0275550884976593,84,49,"Isotropic",2754
"all",0.00230479401567669,0.0275550884976593,84,49,"Isotropic",2754
"interior",0.00797142174409694,0.0279338191457261,132,50,"Isotropic",2754
"all",0.00797142174409694,0.0279338191457261,132,50,"Isotropic",2754
"interior",0.000191172996881827,0.106373825536968,60,1,"Flux-conserved",2754
"all",0.000191172996881827,0.106373825536968,60,1,"Flux-conserved",2754
"interior",0.04036097567638,0.10540432487221,100,2,"Flux-conserved",2754
"all",0.04036097567638,0.10540432487221,100,2,"Flux-conserved",2754
"interior",0.0135728967981391,0.0603173119074246,132,3,"Flux-conserved",2754
"all",0.0135728967981391,0.0603173119074246,132,3,"Flux-conserved",2754
"interior",0.123956647172407,0.191334813706501,57,4,"Flux-conserved",2754
"all",0.123956647172407,0.191334813706501,57,4,"Flux-conserved",2754
"interior",0.0530120718394864,0.117231275934129,76,5,"Flux-conserved",2754
"all",0.0530120718394864,0.117231275934129,76,5,"Flux-conserved",2754
"interior",0.0429376017189072,0.140929331300123,62,6,"Flux-conserved",2754
"all",0.0429376017189072,0.140929331300123,62,6,"Flux-conserved",2754
"interior",-0.0514013784013185,0.0837830686359655,57,7,"Flux-conserved",2754
"leaf-incident",0.841700313423335,0.841700313423335,6,7,"Flux-conserved",2754
"all",0.0336559255819818,0.15596566337762,63,7,"Flux-conserved",2754
"interior",0.0142555797920666,0.0734449000998269,100,8,"Flux-conserved",2754
"all",0.0142555797920666,0.0734449000998269,100,8,"Flux-conserved",2754
"interior",-0.0124640039590006,0.0720605588529253,87,9,"Flux-conserved",2754
"all",-0.0124640039590006,0.0720605588529253,87,9,"Flux-conserved",2754
"interior",0.0445525637358977,0.149534516949828,45,10,"Flux-conserved",2754
"leaf-incident",0.471859568947396,0.471859568947396,1,10,"Flux-conserved",2754
"all",0.0538418464578868,0.156541583297601,46,10,"Flux-conserved",2754
"interior",0.0113721544638699,0.0569262513543453,113,11,"Flux-conserved",2754
"all",0.0113721544638699,0.0569262513543453,113,11,"Flux-conserved",2754
"interior",0.0974655685396051,0.166410784058353,69,12,"Flux-conserved",2754
"all",0.0974655685396051,0.166410784058353,69,12,"Flux-conserved",2754
"interior",-0.0375632960835162,0.0887595765057517,63,13,"Flux-conserved",2754
"all",-0.0375632960835162,0.0887595765057517,63,13,"Flux-conserved",2754
"interior",0.0110305420040018,0.0924327126104915,62,14,"Flux-conserved",2754
"all",0.0110305420040018,0.0924327126104915,62,14,"Flux-conserved",2754
"interior",-0.0209578102556241,0.0413156294224185,109,15,"Flux-conserved",2754
"all",-0.0209578102556241,0.0413156294224185,109,15,"Flux-conserved",2754
"interior",-0.013505238358336,0.0410347403642809,93,16,"Flux-conserved",2754
"all",-0.013505238358336,0.0410347403642809,93,16,"Flux-conserved",2754
"interior",-0.0140526116993099,0.048610658250057,74,17,"Flux-conserved",2754
"all",-0.0140526116993099,0.048610658250057,74,17,"Flux-conserved",2754
"interior",0.0307043860284977,0.0926524592122659,98,18,"Flux-conserved",2754
"all",0.0307043860284977,0.0926524592122659,98,18,"Flux-conserved",2754
"interior",0.0181774946713731,0.129729766307315,49,19,"Flux-conserved",2754
"all",0.0181774946713731,0.129729766307315,49,19,"Flux-conserved",2754
"interior",-0.021697064092123,0.059135007861769,80,20,"Flux-conserved",2754
"all",-0.021697064092123,0.059135007861769,80,20,"Flux-conserved",2754
"interior",0.105487872700027,0.167927636683135,74,21,"Flux-conserved",2754
"all",0.105487872700027,0.167927636683135,74,21,"Flux-conserved",2754
"interior",0.0548730827839696,0.129497401574407,59,22,"Flux-conserved",2754
"all",0.0548730827839696,0.129497401574407,59,22,"Flux-conserved",2754
"interior",-0.0507707606405405,0.101237217608016,53,23,"Flux-conserved",2754
"all",-0.0507707606405405,0.101237217608016,53,23,"Flux-conserved",2754
"interior",0.0166309232422107,0.100219386475848,84,24,"Flux-conserved",2754
"all",0.0166309232422107,0.100219386475848,84,24,"Flux-conserved",2754
"interior",0.0163550452587449,0.074478490947398,85,25,"Flux-conserved",2754
"all",0.0163550452587449,0.074478490947398,85,25,"Flux-conserved",2754
"interior",-0.0387935824990129,0.0696213281170939,67,26,"Flux-conserved",2754
"all",-0.0387935824990129,0.0696213281170939,67,26,"Flux-conserved",2754
"interior",-0.0511466123554946,0.090335945065904,57,27,"Flux-conserved",2754
"all",-0.0511466123554946,0.090335945065904,57,27,"Flux-conserved",2754
"interior",-0.0134469461551694,0.0741916364155983,85,28,"Flux-conserved",2754
"all",-0.0134469461551694,0.0741916364155983,85,28,"Flux-conserved",2754
"interior",0.00594039526799727,0.0310140276578573,176,29,"Flux-conserved",2754
"all",0.00594039526799727,0.0310140276578573,176,29,"Flux-conserved",2754
"interior",0.0434759033401102,0.101976432805841,74,30,"Flux-conserved",2754
"all",0.0434759033401102,0.101976432805841,74,30,"Flux-conserved",2754
"interior",0.0252772799723029,0.0956591770221922,59,31,"Flux-conserved",2754
"all",0.0252772799723029,0.0956591770221922,59,31,"Flux-conserved",2754
"interior",0.00153020549058116,0.0610176490011789,58,32,"Flux-conserved",2754
"all",0.00153020549058116,0.0610176490011789,58,32,"Flux-conserved",2754
"interior",-0.0373304803067598,0.0710559229587545,65,33,"Flux-conserved",2754
"leaf-incident",-0.241796172407408,0.241796172407408,1,33,"Flux-conserved",2754
"all",-0.0404284453385878,0.0736428964352493,66,33,"Flux-conserved",2754
"interior",0.0624821834065945,0.0940844236403725,126,34,"Flux-conserved",2754
"all",0.0624821834065945,0.0940844236403725,126,34,"Flux-conserved",2754
"interior",-0.0302538158938681,0.0602172188823778,85,35,"Flux-conserved",2754
"all",-0.0302538158938681,0.0602172188823778,85,35,"Flux-conserved",2754
"interior",-0.0344175355759548,0.0828504609899361,61,36,"Flux-conserved",2754
"all",-0.0344175355759548,0.0828504609899361,61,36,"Flux-conserved",2754
"interior",0.00697474609790121,0.10467324850722,65,37,"Flux-conserved",2754
"all",0.00697474609790121,0.10467324850722,65,37,"Flux-conserved",2754
"interior",-0.0140755036491011,0.0816688164180271,61,38,"Flux-conserved",2754
"all",-0.0140755036491011,0.0816688164180271,61,38,"Flux-conserved",2754
"interior",-0.0232586250980709,0.0469255367515996,93,39,"Flux-conserved",2754
"all",-0.0232586250980709,0.0469255367515996,93,39,"Flux-conserved",2754
"interior",-0.0376976325804992,0.0624415813325397,79,40,"Flux-conserved",2754
"all",-0.0376976325804992,0.0624415813325397,79,40,"Flux-conserved",2754
"interior",-0.0395919610029209,0.0803684930181245,49,41,"Flux-conserved",2754
"all",-0.0395919610029209,0.0803684930181245,49,41,"Flux-conserved",2754
"interior",0.032414522754467,0.0941630390670071,66,42,"Flux-conserved",2754
"all",0.032414522754467,0.0941630390670071,66,42,"Flux-conserved",2754
"interior",-0.0225575628459854,0.0514029301418319,64,43,"Flux-conserved",2754
"leaf-incident",0.375392145349716,0.750784290699431,4,43,"Flux-conserved",2754
"all",0.000851243518467603,0.0925430101746318,68,43,"Flux-conserved",2754
"interior",0.0967142274418962,0.190438001881309,61,44,"Flux-conserved",2754
"all",0.0967142274418962,0.190438001881309,61,44,"Flux-conserved",2754
"interior",-0.00447420181380133,0.0752934915987575,33,45,"Flux-conserved",2754
"leaf-incident",0,0.909090909090909,10,45,"Flux-conserved",2754
"all",-0.0034336897640801,0.269199867759723,43,45,"Flux-conserved",2754
"interior",-0.0358752633011104,0.0694917080216696,72,46,"Flux-conserved",2754
"all",-0.0358752633011104,0.0694917080216696,72,46,"Flux-conserved",2754
"interior",-0.0305345905626625,0.0587939957725464,70,47,"Flux-conserved",2754
"all",-0.0305345905626625,0.0587939957725464,70,47,"Flux-conserved",2754
"interior",-0.0277448435164009,0.0657424715390491,59,48,"Flux-conserved",2754
"all",-0.0277448435164009,0.0657424715390491,59,48,"Flux-conserved",2754
"interior",0.0238955443683708,0.09455128465814,84,49,"Flux-conserved",2754
"all",0.0238955443683708,0.09455128465814,84,49,"Flux-conserved",2754
"interior",-0.0232181675125211,0.0512124805743965,81,50,"Flux-conserved",2754
"all",-0.0232181675125211,0.0512124805743965,81,50,"Flux-conserved",2754
"interior",-0.0178546402836877,0.051325499839589,71,1,"Rate-conserved",2754
"all",-0.0178546402836877,0.051325499839589,71,1,"Rate-conserved",2754
"interior",-0.0299474931641435,0.0559333807957435,52,2,"Rate-conserved",2754
"leaf-incident",0.315003652607885,0.315003652607885,1,2,"Rate-conserved",2754
"all",-0.0234389809797656,0.0608214991318216,53,2,"Rate-conserved",2754
"interior",-0.0228579917153876,0.0539399026955446,84,3,"Rate-conserved",2754
"all",-0.0228579917153876,0.0539399026955446,84,3,"Rate-conserved",2754
"interior",-0.0214456244596323,0.0404224006937119,99,4,"Rate-conserved",2754
"all",-0.0214456244596323,0.0404224006937119,99,4,"Rate-conserved",2754
"interior",-0.0274754052572808,0.0506849923419453,80,5,"Rate-conserved",2754
"all",-0.0274754052572808,0.0506849923419453,80,5,"Rate-conserved",2754
"interior",-0.0137676824898127,0.0438018530876152,91,6,"Rate-conserved",2754
"all",-0.0137676824898127,0.0438018530876152,91,6,"Rate-conserved",2754
"interior",-0.0269222498244675,0.0609256311674115,64,7,"Rate-conserved",2754
"all",-0.0269222498244675,0.0609256311674115,64,7,"Rate-conserved",2754
"interior",-0.0205559698981613,0.0480066945232527,59,8,"Rate-conserved",2754
"leaf-incident",0.729151453947655,0.729151453947655,1,8,"Rate-conserved",2754
"all",-0.00806084616739771,0.0593591071803261,60,8,"Rate-conserved",2754
"interior",-0.0311685366695776,0.0606981324538159,68,9,"Rate-conserved",2754
"all",-0.0311685366695776,0.0606981324538159,68,9,"Rate-conserved",2754
"interior",-0.0151586475222176,0.0454320866679563,69,10,"Rate-conserved",2754
"leaf-incident",0.83333347320948,0.83333347320948,6,10,"Rate-conserved",2754
"all",0.0527207221363182,0.108464197591278,75,10,"Rate-conserved",2754
"interior",-0.0232396998342055,0.0505426034409503,78,11,"Rate-conserved",2754
"all",-0.0232396998342055,0.0505426034409503,78,11,"Rate-conserved",2754
"interior",-0.0140970042660004,0.0469173536558075,85,12,"Rate-conserved",2754
"all",-0.0140970042660004,0.0469173536558075,85,12,"Rate-conserved",2754
"interior",-0.0214374867318359,0.0387944612517897,80,13,"Rate-conserved",2754
"leaf-incident",0.506011741504967,0.506011741504967,2,13,"Rate-conserved",2754
"all",-0.00857287140898701,0.0501900046725989,82,13,"Rate-conserved",2754
"interior",-0.0166243966666365,0.0474287790805929,87,14,"Rate-conserved",2754
"all",-0.0166243966666365,0.0474287790805929,87,14,"Rate-conserved",2754
"interior",0.00379369635592292,0.0413723977288696,80,15,"Rate-conserved",2754
"all",0.00379369635592292,0.0413723977288696,80,15,"Rate-conserved",2754
"interior",-0.0222043535580685,0.0451551193163187,84,16,"Rate-conserved",2754
"all",-0.0222043535580685,0.0451551193163187,84,16,"Rate-conserved",2754
"interior",-0.0040626797119932,0.0339911540547643,94,17,"Rate-conserved",2754
"all",-0.0040626797119932,0.0339911540547643,94,17,"Rate-conserved",2754
"interior",-0.0110718707417015,0.0538931363496109,88,18,"Rate-conserved",2754
"all",-0.0110718707417015,0.0538931363496109,88,18,"Rate-conserved",2754
"interior",-0.0295529592545845,0.0623264095805275,76,19,"Rate-conserved",2754
"all",-0.0295529592545845,0.0623264095805275,76,19,"Rate-conserved",2754
"interior",-0.0168810326285957,0.0597226232240711,80,20,"Rate-conserved",2754
"all",-0.0168810326285957,0.0597226232240711,80,20,"Rate-conserved",2754
"interior",-0.00674392338418056,0.0550801804381949,74,21,"Rate-conserved",2754
"all",-0.00674392338418056,0.0550801804381949,74,21,"Rate-conserved",2754
"interior",-0.0156253558368187,0.0314990468412628,110,22,"Rate-conserved",2754
"all",-0.0156253558368187,0.0314990468412628,110,22,"Rate-conserved",2754
"interior",-0.0166351221547983,0.0391004580633062,89,23,"Rate-conserved",2754
"all",-0.0166351221547983,0.0391004580633062,89,23,"Rate-conserved",2754
"interior",-0.0125431949942052,0.0434057742734701,69,24,"Rate-conserved",2754
"all",-0.0125431949942052,0.0434057742734701,69,24,"Rate-conserved",2754
"interior",-0.0193133148075439,0.049093543678938,92,25,"Rate-conserved",2754
"all",-0.0193133148075439,0.049093543678938,92,25,"Rate-conserved",2754
"interior",-0.0138086107672117,0.0479059176965484,64,26,"Rate-conserved",2754
"all",-0.0138086107672117,0.0479059176965484,64,26,"Rate-conserved",2754
"interior",-0.0112893809042273,0.0439608335132372,70,27,"Rate-conserved",2754
"all",-0.0112893809042273,0.0439608335132372,70,27,"Rate-conserved",2754
"interior",-0.01914396531705,0.0466262952223839,86,28,"Rate-conserved",2754
"all",-0.01914396531705,0.0466262952223839,86,28,"Rate-conserved",2754
"interior",-0.017859503536324,0.0367310869541942,93,29,"Rate-conserved",2754
"all",-0.017859503536324,0.0367310869541942,93,29,"Rate-conserved",2754
"interior",-0.0109247599427437,0.0493819053168091,71,30,"Rate-conserved",2754
"all",-0.0109247599427437,0.0493819053168091,71,30,"Rate-conserved",2754
"interior",-0.0152047369593605,0.0432343211526833,88,31,"Rate-conserved",2754
"all",-0.0152047369593605,0.0432343211526833,88,31,"Rate-conserved",2754
"interior",-0.0332298006111027,0.059464215263588,84,32,"Rate-conserved",2754
"leaf-incident",0.135036422922802,0.135036422922802,1,32,"Rate-conserved",2754
"all",-0.0312501979812921,0.0603533000595788,85,32,"Rate-conserved",2754
"interior",-0.0268813312589263,0.0409562501696032,92,33,"Rate-conserved",2754
"all",-0.0268813312589263,0.0409562501696032,92,33,"Rate-conserved",2754
"interior",-0.0161518879515222,0.0448189037497453,96,34,"Rate-conserved",2754
"all",-0.0161518879515222,0.0448189037497453,96,34,"Rate-conserved",2754
"interior",-0.0083954641481602,0.0222376129608084,103,35,"Rate-conserved",2754
"all",-0.0083954641481602,0.0222376129608084,103,35,"Rate-conserved",2754
"interior",-0.0193375973356426,0.043606557610472,82,36,"Rate-conserved",2754
"all",-0.0193375973356426,0.043606557610472,82,36,"Rate-conserved",2754
"interior",-0.0220684294319969,0.0501151473509196,87,37,"Rate-conserved",2754
"all",-0.0220684294319969,0.0501151473509196,87,37,"Rate-conserved",2754
"interior",-0.00492644077782459,0.0459392502493795,81,38,"Rate-conserved",2754
"all",-0.00492644077782459,0.0459392502493795,81,38,"Rate-conserved",2754
"interior",0.00281083661918955,0.054164922024631,77,39,"Rate-conserved",2754
"all",0.00281083661918955,0.054164922024631,77,39,"Rate-conserved",2754
"interior",-0.0174163352766137,0.0408288850852321,86,40,"Rate-conserved",2754
"all",-0.0174163352766137,0.0408288850852321,86,40,"Rate-conserved",2754
"interior",-0.0268622614512727,0.0468585174599771,90,41,"Rate-conserved",2754
"all",-0.0268622614512727,0.0468585174599771,90,41,"Rate-conserved",2754
"interior",-0.00556059966923837,0.0496787862598327,79,42,"Rate-conserved",2754
"all",-0.00556059966923837,0.0496787862598327,79,42,"Rate-conserved",2754
"interior",-0.0151145787030499,0.0595662735158666,72,43,"Rate-conserved",2754
"all",-0.0151145787030499,0.0595662735158666,72,43,"Rate-conserved",2754
"interior",-0.0398755553036268,0.0579786405572658,72,44,"Rate-conserved",2754
"all",-0.0398755553036268,0.0579786405572658,72,44,"Rate-conserved",2754
"interior",-0.013694492659068,0.0615233929530643,69,45,"Rate-conserved",2754
"all",-0.013694492659068,0.0615233929530643,69,45,"Rate-conserved",2754
"interior",-0.0153875309551771,0.0480443727067051,81,46,"Rate-conserved",2754
"all",-0.0153875309551771,0.0480443727067051,81,46,"Rate-conserved",2754
"interior",-0.0136246331031413,0.0353894429821172,92,47,"Rate-conserved",2754
"all",-0.0136246331031413,0.0353894429821172,92,47,"Rate-conserved",2754
"interior",-0.0203572753737153,0.0430038584968588,80,48,"Rate-conserved",2754
"all",-0.0203572753737153,0.0430038584968588,80,48,"Rate-conserved",2754
"interior",-0.0305744199620886,0.0383209578782236,107,49,"Rate-conserved",2754
"all",-0.0305744199620886,0.0383209578782236,107,49,"Rate-conserved",2754
"interior",-0.0216735183212678,0.0446054011061853,82,50,"Rate-conserved",2754
"all",-0.0216735183212678,0.0446054011061853,82,50,"Rate-conserved",2754
"interior",0.00147698315864105,0.0345011216255509,111,1,"Isotropic",2804
"all",0.00147698315864105,0.0345011216255509,111,1,"Isotropic",2804
"interior",0.0067054391025127,0.0423097399633796,83,2,"Isotropic",2804
"all",0.0067054391025127,0.0423097399633796,83,2,"Isotropic",2804
"interior",0.00829521784153446,0.0189017795062602,121,3,"Isotropic",2804
"all",0.00829521784153446,0.0189017795062602,121,3,"Isotropic",2804
"interior",-0.00366787305420067,0.0297151764986303,126,4,"Isotropic",2804
"all",-0.00366787305420067,0.0297151764986303,126,4,"Isotropic",2804
"interior",-0.0120353470511517,0.0449228286662164,72,5,"Isotropic",2804
"all",-0.0120353470511517,0.0449228286662164,72,5,"Isotropic",2804
"interior",-0.00755881210452501,0.044444649660787,87,6,"Isotropic",2804
"all",-0.00755881210452501,0.044444649660787,87,6,"Isotropic",2804
"interior",-0.00530835094629413,0.0356483238471164,78,7,"Isotropic",2804
"all",-0.00530835094629413,0.0356483238471164,78,7,"Isotropic",2804
"interior",0.00918237167128193,0.0358102009026078,88,8,"Isotropic",2804
"all",0.00918237167128193,0.0358102009026078,88,8,"Isotropic",2804
"interior",0.00422773559525982,0.0306081472405216,108,9,"Isotropic",2804
"all",0.00422773559525982,0.0306081472405216,108,9,"Isotropic",2804
"interior",-0.00944698445013015,0.0377354750703271,91,10,"Isotropic",2804
"all",-0.00944698445013015,0.0377354750703271,91,10,"Isotropic",2804
"interior",-0.0114118773045554,0.0251237712287847,101,11,"Isotropic",2804
"all",-0.0114118773045554,0.0251237712287847,101,11,"Isotropic",2804
"interior",0.00420233618941575,0.0268082169485167,105,12,"Isotropic",2804
"all",0.00420233618941575,0.0268082169485167,105,12,"Isotropic",2804
"interior",-0.00433779820656242,0.0354835034659524,76,13,"Isotropic",2804
"all",-0.00433779820656242,0.0354835034659524,76,13,"Isotropic",2804
"interior",0.00530047610409427,0.0300346987201081,99,14,"Isotropic",2804
"all",0.00530047610409427,0.0300346987201081,99,14,"Isotropic",2804
"interior",0.00456354053200034,0.0340684575339344,98,15,"Isotropic",2804
"all",0.00456354053200034,0.0340684575339344,98,15,"Isotropic",2804
"interior",-0.00343955327027527,0.0247334178947189,104,16,"Isotropic",2804
"all",-0.00343955327027527,0.0247334178947189,104,16,"Isotropic",2804
"interior",0.00272991999387534,0.0367054289322808,89,17,"Isotropic",2804
"all",0.00272991999387534,0.0367054289322808,89,17,"Isotropic",2804
"interior",0.0104438906170935,0.0344434644365165,82,18,"Isotropic",2804
"all",0.0104438906170935,0.0344434644365165,82,18,"Isotropic",2804
"interior",-0.00683742331517853,0.0418112562894183,78,19,"Isotropic",2804
"all",-0.00683742331517853,0.0418112562894183,78,19,"Isotropic",2804
"interior",-0.00118980865344712,0.0303004533710268,96,20,"Isotropic",2804
"all",-0.00118980865344712,0.0303004533710268,96,20,"Isotropic",2804
"interior",-0.00460452838004941,0.0416015379317668,88,21,"Isotropic",2804
"all",-0.00460452838004941,0.0416015379317668,88,21,"Isotropic",2804
"interior",-0.0109864101990389,0.0360100439198513,80,22,"Isotropic",2804
"all",-0.0109864101990389,0.0360100439198513,80,22,"Isotropic",2804
"interior",-0.00243465997146778,0.0325306851598041,104,23,"Isotropic",2804
"all",-0.00243465997146778,0.0325306851598041,104,23,"Isotropic",2804
"interior",0.0039542680061085,0.0290912324510373,92,24,"Isotropic",2804
"all",0.0039542680061085,0.0290912324510373,92,24,"Isotropic",2804
"interior",0.00806969352626013,0.0279009374875157,107,25,"Isotropic",2804
"all",0.00806969352626013,0.0279009374875157,107,25,"Isotropic",2804
"interior",-0.0107371460856333,0.0378443915356011,85,26,"Isotropic",2804
"all",-0.0107371460856333,0.0378443915356011,85,26,"Isotropic",2804
"interior",-0.00327645688375475,0.0382984756976618,81,27,"Isotropic",2804
"all",-0.00327645688375475,0.0382984756976618,81,27,"Isotropic",2804
"interior",0.00596052136418924,0.0277020387144367,95,28,"Isotropic",2804
"all",0.00596052136418924,0.0277020387144367,95,28,"Isotropic",2804
"interior",-0.0089781351992437,0.0269340671172681,114,29,"Isotropic",2804
"all",-0.0089781351992437,0.0269340671172681,114,29,"Isotropic",2804
"interior",0.00836615812193174,0.0452311050113192,76,30,"Isotropic",2804
"all",0.00836615812193174,0.0452311050113192,76,30,"Isotropic",2804
"interior",-0.000693337713700179,0.0383059952101015,96,31,"Isotropic",2804
"all",-0.000693337713700179,0.0383059952101015,96,31,"Isotropic",2804
"interior",0.00478081657905189,0.0423538649996614,85,32,"Isotropic",2804
"all",0.00478081657905189,0.0423538649996614,85,32,"Isotropic",2804
"interior",0.00432206534220349,0.0304381709138389,94,33,"Isotropic",2804
"all",0.00432206534220349,0.0304381709138389,94,33,"Isotropic",2804
"interior",0.00400784200119558,0.0298822072634798,104,34,"Isotropic",2804
"all",0.00400784200119558,0.0298822072634798,104,34,"Isotropic",2804
"interior",-0.0205464365534231,0.0658994838317402,64,35,"Isotropic",2804
"all",-0.0205464365534231,0.0658994838317402,64,35,"Isotropic",2804
"interior",0.0100041874794645,0.036209137964926,86,36,"Isotropic",2804
"all",0.0100041874794645,0.036209137964926,86,36,"Isotropic",2804
"interior",-0.00535417440670286,0.0346602188574539,80,37,"Isotropic",2804
"all",-0.00535417440670286,0.0346602188574539,80,37,"Isotropic",2804
"interior",0.0100875583808508,0.0502899099816288,94,38,"Isotropic",2804
"all",0.0100875583808508,0.0502899099816288,94,38,"Isotropic",2804
"interior",-0.00486674724290098,0.0266397008099438,89,39,"Isotropic",2804
"all",-0.00486674724290098,0.0266397008099438,89,39,"Isotropic",2804
"interior",0.00149086868781031,0.0286029205352068,104,40,"Isotropic",2804
"all",0.00149086868781031,0.0286029205352068,104,40,"Isotropic",2804
"interior",0.0113211944000329,0.0289284337253415,98,41,"Isotropic",2804
"all",0.0113211944000329,0.0289284337253415,98,41,"Isotropic",2804
"interior",0.00633919596039979,0.0258591780045702,94,42,"Isotropic",2804
"all",0.00633919596039979,0.0258591780045702,94,42,"Isotropic",2804
"interior",-0.00179754362187813,0.0335762458943447,99,43,"Isotropic",2804
"all",-0.00179754362187813,0.0335762458943447,99,43,"Isotropic",2804
"interior",-0.00996292530775456,0.0344491265126322,94,44,"Isotropic",2804
"all",-0.00996292530775456,0.0344491265126322,94,44,"Isotropic",2804
"interior",-0.00145577419035762,0.0290382587460134,109,45,"Isotropic",2804
"all",-0.00145577419035762,0.0290382587460134,109,45,"Isotropic",2804
"interior",-0.0165318050751245,0.0525494713593028,73,46,"Isotropic",2804
"all",-0.0165318050751245,0.0525494713593028,73,46,"Isotropic",2804
"interior",0.00314649542437495,0.0278260738941989,102,47,"Isotropic",2804
"all",0.00314649542437495,0.0278260738941989,102,47,"Isotropic",2804
"interior",0.0131691018054076,0.0292938794478077,114,48,"Isotropic",2804
"all",0.0131691018054076,0.0292938794478077,114,48,"Isotropic",2804
"interior",0.00926327686839739,0.0362446511511671,89,49,"Isotropic",2804
"all",0.00926327686839739,0.0362446511511671,89,49,"Isotropic",2804
"interior",0.00725005253811611,0.0304196180294388,113,50,"Isotropic",2804
"all",0.00725005253811611,0.0304196180294388,113,50,"Isotropic",2804
"interior",0.0338450940775769,0.0887707324773863,88,1,"Flux-conserved",2804
"all",0.0338450940775769,0.0887707324773863,88,1,"Flux-conserved",2804
"interior",0.0733027758878617,0.187726862151032,59,2,"Flux-conserved",2804
"all",0.0733027758878617,0.187726862151032,59,2,"Flux-conserved",2804
"interior",0.0380319091465275,0.075994544182806,126,3,"Flux-conserved",2804
"all",0.0380319091465275,0.075994544182806,126,3,"Flux-conserved",2804
"interior",0.021691246193831,0.0821537850807072,113,4,"Flux-conserved",2804
"all",0.021691246193831,0.0821537850807072,113,4,"Flux-conserved",2804
"interior",0.0135965392282299,0.0549874024962579,119,5,"Flux-conserved",2804
"all",0.0135965392282299,0.0549874024962579,119,5,"Flux-conserved",2804
"interior",0.0227206818201427,0.10664306376341,85,6,"Flux-conserved",2804
"all",0.0227206818201427,0.10664306376341,85,6,"Flux-conserved",2804
"interior",0.0389531251347688,0.132712074991788,68,7,"Flux-conserved",2804
"all",0.0389531251347688,0.132712074991788,68,7,"Flux-conserved",2804
"interior",0.058353084887587,0.121166284775031,94,8,"Flux-conserved",2804
"all",0.058353084887587,0.121166284775031,94,8,"Flux-conserved",2804
"interior",-0.0103716909065851,0.0870074626005902,81,9,"Flux-conserved",2804
"all",-0.0103716909065851,0.0870074626005902,81,9,"Flux-conserved",2804
"interior",0.0775263303688613,0.15550723398897,87,10,"Flux-conserved",2804
"all",0.0775263303688613,0.15550723398897,87,10,"Flux-conserved",2804
"interior",0.0124132761329285,0.0494014825234998,132,11,"Flux-conserved",2804
"all",0.0124132761329285,0.0494014825234998,132,11,"Flux-conserved",2804
"interior",0.0489448775070359,0.114763201479212,100,12,"Flux-conserved",2804
"all",0.0489448775070359,0.114763201479212,100,12,"Flux-conserved",2804
"interior",0.0170382300116805,0.0797400181667035,69,13,"Flux-conserved",2804
"all",0.0170382300116805,0.0797400181667035,69,13,"Flux-conserved",2804
"interior",-0.0142536750643914,0.0952672255058037,55,14,"Flux-conserved",2804
"all",-0.0142536750643914,0.0952672255058037,55,14,"Flux-conserved",2804
"interior",-0.0295945284566259,0.0492453808966019,68,15,"Flux-conserved",2804
"leaf-incident",0.800557127554451,0.800557127554451,5,15,"Flux-conserved",2804
"all",0.0272651740098862,0.100705089571797,73,15,"Flux-conserved",2804
"interior",-0.0134207940965496,0.0352083277347872,96,16,"Flux-conserved",2804
"all",-0.0134207940965496,0.0352083277347872,96,16,"Flux-conserved",2804
"interior",-0.0121832926461067,0.0710535676863455,53,17,"Flux-conserved",2804
"all",-0.0121832926461067,0.0710535676863455,53,17,"Flux-conserved",2804
"interior",0.0673570349554927,0.158482089219898,59,18,"Flux-conserved",2804
"all",0.0673570349554927,0.158482089219898,59,18,"Flux-conserved",2804
"interior",0.0672471222012773,0.143255349404598,70,19,"Flux-conserved",2804
"all",0.0672471222012773,0.143255349404598,70,19,"Flux-conserved",2804
"interior",-0.0436947200897608,0.0645802718767107,70,20,"Flux-conserved",2804
"leaf-incident",0.224036085407195,0.672108256221585,3,20,"Flux-conserved",2804
"all",-0.0326920842474202,0.0895471753429383,73,20,"Flux-conserved",2804
"interior",0.115421999208869,0.155348402791011,77,21,"Flux-conserved",2804
"all",0.115421999208869,0.155348402791011,77,21,"Flux-conserved",2804
"interior",0.047612772587462,0.132407435937695,64,22,"Flux-conserved",2804
"all",0.047612772587462,0.132407435937695,64,22,"Flux-conserved",2804
"interior",-0.00113124633030326,0.0969625271370236,56,23,"Flux-conserved",2804
"all",-0.00113124633030326,0.0969625271370236,56,23,"Flux-conserved",2804
"interior",0.00638048282034864,0.084611081497418,76,24,"Flux-conserved",2804
"all",0.00638048282034864,0.084611081497418,76,24,"Flux-conserved",2804
"interior",0.00856388540874172,0.0296506110394067,135,25,"Flux-conserved",2804
"all",0.00856388540874172,0.0296506110394067,135,25,"Flux-conserved",2804
"interior",-0.0359149119152967,0.0596101969045666,83,26,"Flux-conserved",2804
"all",-0.0359149119152967,0.0596101969045666,83,26,"Flux-conserved",2804
"interior",-0.0207377445822608,0.0657028258903869,52,27,"Flux-conserved",2804
"leaf-incident",0,0.552958294643745,2,27,"Flux-conserved",2804
"all",-0.019969679968103,0.0837493247331039,54,27,"Flux-conserved",2804
"interior",0.00629490808122977,0.0901281597117897,63,28,"Flux-conserved",2804
"all",0.00629490808122977,0.0901281597117897,63,28,"Flux-conserved",2804
"interior",0.0690660942139857,0.126200753443512,72,29,"Flux-conserved",2804
"all",0.0690660942139857,0.126200753443512,72,29,"Flux-conserved",2804
"interior",0.0469744049221711,0.109724373986283,68,30,"Flux-conserved",2804
"all",0.0469744049221711,0.109724373986283,68,30,"Flux-conserved",2804
"interior",0.00573783980567908,0.106998659146613,64,31,"Flux-conserved",2804
"all",0.00573783980567908,0.106998659146613,64,31,"Flux-conserved",2804
"interior",-0.0213743507911835,0.0603907225905068,71,32,"Flux-conserved",2804
"all",-0.0213743507911835,0.0603907225905068,71,32,"Flux-conserved",2804
"interior",-0.040388186172283,0.0962091647597042,51,33,"Flux-conserved",2804
"all",-0.040388186172283,0.0962091647597042,51,33,"Flux-conserved",2804
"interior",0.0797556583560899,0.119674042434867,109,34,"Flux-conserved",2804
"all",0.0797556583560899,0.119674042434867,109,34,"Flux-conserved",2804
"interior",-0.013880630563664,0.0566585385882917,78,35,"Flux-conserved",2804
"all",-0.013880630563664,0.0566585385882917,78,35,"Flux-conserved",2804
"interior",-0.0191024385179404,0.111297790836878,49,36,"Flux-conserved",2804
"all",-0.0191024385179404,0.111297790836878,49,36,"Flux-conserved",2804
"interior",0.0453230333041481,0.0971169630359388,84,37,"Flux-conserved",2804
"all",0.0453230333041481,0.0971169630359388,84,37,"Flux-conserved",2804
"interior",0.0382600172025858,0.127098886082769,62,38,"Flux-conserved",2804
"all",0.0382600172025858,0.127098886082769,62,38,"Flux-conserved",2804
"interior",-0.0191227067771203,0.0615515042306682,75,39,"Flux-conserved",2804
"all",-0.0191227067771203,0.0615515042306682,75,39,"Flux-conserved",2804
"interior",-0.0299706700052057,0.11231411815748,52,40,"Flux-conserved",2804
"all",-0.0299706700052057,0.11231411815748,52,40,"Flux-conserved",2804
"interior",-0.0339036816670602,0.0800654153643465,56,41,"Flux-conserved",2804
"leaf-incident",0.509223248784667,0.509223248784667,1,41,"Flux-conserved",2804
"all",-0.0243751390275562,0.0875945001611943,57,41,"Flux-conserved",2804
"interior",0.0320884785911772,0.152484434531791,58,42,"Flux-conserved",2804
"all",0.0320884785911772,0.152484434531791,58,42,"Flux-conserved",2804
"interior",0.020878111321058,0.0637739488109892,103,43,"Flux-conserved",2804
"all",0.020878111321058,0.0637739488109892,103,43,"Flux-conserved",2804
"interior",0.0574079142712147,0.0818210603635668,143,44,"Flux-conserved",2804
"all",0.0574079142712147,0.0818210603635668,143,44,"Flux-conserved",2804
"interior",0.0511827462314973,0.0806830973534806,128,45,"Flux-conserved",2804
"all",0.0511827462314973,0.0806830973534806,128,45,"Flux-conserved",2804
"interior",-0.00986719808466119,0.0806212402120089,74,46,"Flux-conserved",2804
"all",-0.00986719808466119,0.0806212402120089,74,46,"Flux-conserved",2804
"interior",-0.0121817379732877,0.0802594283178556,74,47,"Flux-conserved",2804
"all",-0.0121817379732877,0.0802594283178556,74,47,"Flux-conserved",2804
"interior",-0.0452394502272062,0.0752956873467093,61,48,"Flux-conserved",2804
"leaf-incident",0.287185901382503,0.287185901382503,1,48,"Flux-conserved",2804
"all",-0.0398777510076948,0.0787132714440608,62,48,"Flux-conserved",2804
"interior",0.0404385821760999,0.123669078043019,71,49,"Flux-conserved",2804
"all",0.0404385821760999,0.123669078043019,71,49,"Flux-conserved",2804
"interior",-0.0256763960900774,0.0865637351073246,58,50,"Flux-conserved",2804
"all",-0.0256763960900774,0.0865637351073246,58,50,"Flux-conserved",2804
"interior",-0.0282647240476034,0.0635654455682513,67,1,"Rate-conserved",2804
"all",-0.0282647240476034,0.0635654455682513,67,1,"Rate-conserved",2804
"interior",0.00885212276808745,0.079886187735613,71,2,"Rate-conserved",2804
"all",0.00885212276808745,0.079886187735613,71,2,"Rate-conserved",2804
"interior",0.00482660181778097,0.0738083140375194,97,3,"Rate-conserved",2804
"all",0.00482660181778097,0.0738083140375194,97,3,"Rate-conserved",2804
"interior",-0.014498645160179,0.0383992991811746,102,4,"Rate-conserved",2804
"all",-0.014498645160179,0.0383992991811746,102,4,"Rate-conserved",2804
"interior",-0.011731457086776,0.0645069441388334,81,5,"Rate-conserved",2804
"all",-0.011731457086776,0.0645069441388334,81,5,"Rate-conserved",2804
"interior",-0.012348416410045,0.0452505636526472,90,6,"Rate-conserved",2804
"all",-0.012348416410045,0.0452505636526472,90,6,"Rate-conserved",2804
"interior",-0.041766909220085,0.0620450337785729,58,7,"Rate-conserved",2804
"leaf-incident",-0.418813310116171,0.418813310116171,1,7,"Rate-conserved",2804
"all",-0.0481575261844254,0.0680919537164983,59,7,"Rate-conserved",2804
"interior",-3.1203892217163e-05,0.0592266890343996,62,8,"Rate-conserved",2804
"all",-3.1203892217163e-05,0.0592266890343996,62,8,"Rate-conserved",2804
"interior",-0.0202039549863614,0.0441674205711393,84,9,"Rate-conserved",2804
"all",-0.0202039549863614,0.0441674205711393,84,9,"Rate-conserved",2804
"interior",0.00678094994346322,0.0549028553662586,94,10,"Rate-conserved",2804
"all",0.00678094994346322,0.0549028553662586,94,10,"Rate-conserved",2804
"interior",-0.0267786211804737,0.0508016870542159,79,11,"Rate-conserved",2804
"all",-0.0267786211804737,0.0508016870542159,79,11,"Rate-conserved",2804
"interior",-0.0206845786207114,0.0416282018410898,96,12,"Rate-conserved",2804
"all",-0.0206845786207114,0.0416282018410898,96,12,"Rate-conserved",2804
"interior",-0.0129589333534174,0.0505368670568362,88,13,"Rate-conserved",2804
"all",-0.0129589333534174,0.0505368670568362,88,13,"Rate-conserved",2804
"interior",-0.0187256470119804,0.0493054477963716,80,14,"Rate-conserved",2804
"all",-0.0187256470119804,0.0493054477963716,80,14,"Rate-conserved",2804
"interior",-0.00835207215700179,0.0464792929923022,83,15,"Rate-conserved",2804
"all",-0.00835207215700179,0.0464792929923022,83,15,"Rate-conserved",2804
"interior",-0.0251043135044418,0.0498640449059868,85,16,"Rate-conserved",2804
"all",-0.0251043135044418,0.0498640449059868,85,16,"Rate-conserved",2804
"interior",-0.0106523495244974,0.0406265828265507,76,17,"Rate-conserved",2804
"all",-0.0106523495244974,0.0406265828265507,76,17,"Rate-conserved",2804
"interior",-0.0242149534413226,0.0602578759155209,66,18,"Rate-conserved",2804
"leaf-incident",0.510354749741056,0.510354749741056,2,18,"Rate-conserved",2804
"all",-0.00849231511242914,0.0734960192633307,68,18,"Rate-conserved",2804
"interior",-0.0245605935270906,0.0580413055969246,79,19,"Rate-conserved",2804
"all",-0.0245605935270906,0.0580413055969246,79,19,"Rate-conserved",2804
"interior",-0.0217827828761931,0.0644554888043994,68,20,"Rate-conserved",2804
"all",-0.0217827828761931,0.0644554888043994,68,20,"Rate-conserved",2804
"interior",-0.0226963596408236,0.0469298096073113,91,21,"Rate-conserved",2804
"all",-0.0226963596408236,0.0469298096073113,91,21,"Rate-conserved",2804
"interior",-0.018928267622243,0.0330794884261703,104,22,"Rate-conserved",2804
"all",-0.018928267622243,0.0330794884261703,104,22,"Rate-conserved",2804
"interior",-0.0335232663446293,0.0518479810691001,90,23,"Rate-conserved",2804
"all",-0.0335232663446293,0.0518479810691001,90,23,"Rate-conserved",2804
"interior",-0.00698590841767866,0.0560120954616886,67,24,"Rate-conserved",2804
"all",-0.00698590841767866,0.0560120954616886,67,24,"Rate-conserved",2804
"interior",-0.0109965581225273,0.03858790426222,91,25,"Rate-conserved",2804
"all",-0.0109965581225273,0.03858790426222,91,25,"Rate-conserved",2804
"interior",-0.0134903654203963,0.0710675371767059,62,26,"Rate-conserved",2804
"all",-0.0134903654203963,0.0710675371767059,62,26,"Rate-conserved",2804
"interior",-0.0175968810488506,0.0460277210313933,84,27,"Rate-conserved",2804
"all",-0.0175968810488506,0.0460277210313933,84,27,"Rate-conserved",2804
"interior",-0.0286501974805589,0.0442698168747245,91,28,"Rate-conserved",2804
"all",-0.0286501974805589,0.0442698168747245,91,28,"Rate-conserved",2804
"interior",-0.0189249053933367,0.0444593289605003,74,29,"Rate-conserved",2804
"all",-0.0189249053933367,0.0444593289605003,74,29,"Rate-conserved",2804
"interior",-0.0200913105246501,0.0523017161198198,71,30,"Rate-conserved",2804
"all",-0.0200913105246501,0.0523017161198198,71,30,"Rate-conserved",2804
"interior",-0.0162682277219165,0.0488925567163955,86,31,"Rate-conserved",2804
"all",-0.0162682277219165,0.0488925567163955,86,31,"Rate-conserved",2804
"interior",-0.0350340125389553,0.059288485248778,72,32,"Rate-conserved",2804
"all",-0.0350340125389553,0.059288485248778,72,32,"Rate-conserved",2804
"interior",-0.011330308578844,0.0627810093471809,76,33,"Rate-conserved",2804
"all",-0.011330308578844,0.0627810093471809,76,33,"Rate-conserved",2804
"interior",-0.0158267875430431,0.0478207297294606,86,34,"Rate-conserved",2804
"all",-0.0158267875430431,0.0478207297294606,86,34,"Rate-conserved",2804
"interior",-0.00129241592666099,0.0391708769211607,92,35,"Rate-conserved",2804
"all",-0.00129241592666099,0.0391708769211607,92,35,"Rate-conserved",2804
"interior",-0.0193640273364723,0.0379219564545702,102,36,"Rate-conserved",2804
"all",-0.0193640273364723,0.0379219564545702,102,36,"Rate-conserved",2804
"interior",-0.0151363250592616,0.043469945354804,94,37,"Rate-conserved",2804
"all",-0.0151363250592616,0.043469945354804,94,37,"Rate-conserved",2804
"interior",-0.0150587079934518,0.0565470702814608,78,38,"Rate-conserved",2804
"all",-0.0150587079934518,0.0565470702814608,78,38,"Rate-conserved",2804
"interior",-0.0114713604187901,0.0551177839987969,69,39,"Rate-conserved",2804
"all",-0.0114713604187901,0.0551177839987969,69,39,"Rate-conserved",2804
"interior",-0.0214723826982588,0.0489563861591577,72,40,"Rate-conserved",2804
"all",-0.0214723826982588,0.0489563861591577,72,40,"Rate-conserved",2804
"interior",-0.0311967305303631,0.0471655074280468,67,41,"Rate-conserved",2804
"leaf-incident",0.231475216500982,0.231475216500982,1,41,"Rate-conserved",2804
"all",-0.0273339077799021,0.0498759443261782,68,41,"Rate-conserved",2804
"interior",-0.013456369197207,0.0484127767912321,77,42,"Rate-conserved",2804
"all",-0.013456369197207,0.0484127767912321,77,42,"Rate-conserved",2804
"interior",-0.00672324516748857,0.0497382165767942,77,43,"Rate-conserved",2804
"all",-0.00672324516748857,0.0497382165767942,77,43,"Rate-conserved",2804
"interior",-0.0308209270648266,0.0642979692825521,70,44,"Rate-conserved",2804
"all",-0.0308209270648266,0.0642979692825521,70,44,"Rate-conserved",2804
"interior",-0.0196767698408017,0.0671636931891421,75,45,"Rate-conserved",2804
"all",-0.0196767698408017,0.0671636931891421,75,45,"Rate-conserved",2804
"interior",-0.0307831900066044,0.054742185627235,70,46,"Rate-conserved",2804
"leaf-incident",0.145643039126628,0.145643039126628,1,46,"Rate-conserved",2804
"all",-0.0282983135399391,0.0560224793384941,71,46,"Rate-conserved",2804
"interior",-0.0210524431597541,0.0397823188043204,94,47,"Rate-conserved",2804
"all",-0.0210524431597541,0.0397823188043204,94,47,"Rate-conserved",2804
"interior",-0.0171688839095585,0.0486819097953152,79,48,"Rate-conserved",2804
"all",-0.0171688839095585,0.0486819097953152,79,48,"Rate-conserved",2804
"interior",-0.0174288455625548,0.0464016374867129,96,49,"Rate-conserved",2804
"all",-0.0174288455625548,0.0464016374867129,96,49,"Rate-conserved",2804
"interior",-0.00909386648940676,0.0535881083490463,82,50,"Rate-conserved",2804
"all",-0.00909386648940676,0.0535881083490463,82,50,"Rate-conserved",2804
"interior",-0.00980144337878057,0.0217813114246262,123,1,"Isotropic",2854
"all",-0.00980144337878057,0.0217813114246262,123,1,"Isotropic",2854
"interior",0.00794836456368259,0.0397687170124601,84,2,"Isotropic",2854
"all",0.00794836456368259,0.0397687170124601,84,2,"Isotropic",2854
"interior",0.00193773666604741,0.0325538603118556,102,3,"Isotropic",2854
"all",0.00193773666604741,0.0325538603118556,102,3,"Isotropic",2854
"interior",-0.00363345768361719,0.032504304653822,113,4,"Isotropic",2854
"all",-0.00363345768361719,0.032504304653822,113,4,"Isotropic",2854
"interior",-0.000488454013694626,0.0374991661534385,68,5,"Isotropic",2854
"all",-0.000488454013694626,0.0374991661534385,68,5,"Isotropic",2854
"interior",-0.003806627772247,0.0426540401255225,86,6,"Isotropic",2854
"all",-0.003806627772247,0.0426540401255225,86,6,"Isotropic",2854
"interior",-0.0121531801789709,0.0629505317787811,69,7,"Isotropic",2854
"all",-0.0121531801789709,0.0629505317787811,69,7,"Isotropic",2854
"interior",0.0140349201392566,0.0429430198767441,89,8,"Isotropic",2854
"all",0.0140349201392566,0.0429430198767441,89,8,"Isotropic",2854
"interior",0.00184259912512202,0.0365406448610492,109,9,"Isotropic",2854
"all",0.00184259912512202,0.0365406448610492,109,9,"Isotropic",2854
"interior",-0.00909140722858166,0.0381771047593808,89,10,"Isotropic",2854
"all",-0.00909140722858166,0.0381771047593808,89,10,"Isotropic",2854
"interior",-0.00188257038031453,0.0237401790615654,120,11,"Isotropic",2854
"all",-0.00188257038031453,0.0237401790615654,120,11,"Isotropic",2854
"interior",-0.0043763268124772,0.0437778564437418,98,12,"Isotropic",2854
"all",-0.0043763268124772,0.0437778564437418,98,12,"Isotropic",2854
"interior",-0.00183656761794912,0.0378312914563517,86,13,"Isotropic",2854
"all",-0.00183656761794912,0.0378312914563517,86,13,"Isotropic",2854
"interior",0.00814842024463544,0.0391901436661033,99,14,"Isotropic",2854
"all",0.00814842024463544,0.0391901436661033,99,14,"Isotropic",2854
"interior",-0.00645185860731191,0.0366365929942692,92,15,"Isotropic",2854
"all",-0.00645185860731191,0.0366365929942692,92,15,"Isotropic",2854
"interior",-0.00553435955232779,0.0310817146444098,91,16,"Isotropic",2854
"all",-0.00553435955232779,0.0310817146444098,91,16,"Isotropic",2854
"interior",-0.00177372820156542,0.0370360147702774,93,17,"Isotropic",2854
"all",-0.00177372820156542,0.0370360147702774,93,17,"Isotropic",2854
"interior",0.00459835896639832,0.0337642586099326,84,18,"Isotropic",2854
"all",0.00459835896639832,0.0337642586099326,84,18,"Isotropic",2854
"interior",-0.00330036766824244,0.0425521995399542,76,19,"Isotropic",2854
"all",-0.00330036766824244,0.0425521995399542,76,19,"Isotropic",2854
"interior",0.00300540841644989,0.0310799171780403,100,20,"Isotropic",2854
"all",0.00300540841644989,0.0310799171780403,100,20,"Isotropic",2854
"interior",0.000131029649307684,0.0276043923365496,100,21,"Isotropic",2854
"all",0.000131029649307684,0.0276043923365496,100,21,"Isotropic",2854
"interior",-0.00692296866490671,0.0395064244155945,84,22,"Isotropic",2854
"all",-0.00692296866490671,0.0395064244155945,84,22,"Isotropic",2854
"interior",-0.00139806878819557,0.0278209825232542,97,23,"Isotropic",2854
"all",-0.00139806878819557,0.0278209825232542,97,23,"Isotropic",2854
"interior",-0.00208482068919861,0.0388284323295366,82,24,"Isotropic",2854
"all",-0.00208482068919861,0.0388284323295366,82,24,"Isotropic",2854
"interior",0.0146850478771231,0.0305086287293961,105,25,"Isotropic",2854
"all",0.0146850478771231,0.0305086287293961,105,25,"Isotropic",2854
"interior",-0.00469473868688974,0.0430195197523889,95,26,"Isotropic",2854
"all",-0.00469473868688974,0.0430195197523889,95,26,"Isotropic",2854
"interior",-0.0027807990495273,0.0390522917202029,83,27,"Isotropic",2854
"all",-0.0027807990495273,0.0390522917202029,83,27,"Isotropic",2854
"interior",0.00776068215538972,0.0316164701389378,92,28,"Isotropic",2854
"all",0.00776068215538972,0.0316164701389378,92,28,"Isotropic",2854
"interior",-0.0147343319959808,0.028423679960087,104,29,"Isotropic",2854
"all",-0.0147343319959808,0.028423679960087,104,29,"Isotropic",2854
"interior",-0.00568250526462208,0.0442370509795123,78,30,"Isotropic",2854
"all",-0.00568250526462208,0.0442370509795123,78,30,"Isotropic",2854
"interior",0.0100303751069695,0.0341830443255237,86,31,"Isotropic",2854
"all",0.0100303751069695,0.0341830443255237,86,31,"Isotropic",2854
"interior",0.00404089876816509,0.0286602715223967,95,32,"Isotropic",2854
"all",0.00404089876816509,0.0286602715223967,95,32,"Isotropic",2854
"interior",0.0025817027034946,0.0417194293977043,84,33,"Isotropic",2854
"all",0.0025817027034946,0.0417194293977043,84,33,"Isotropic",2854
"interior",0.00522151596323359,0.0397182798367373,100,34,"Isotropic",2854
"all",0.00522151596323359,0.0397182798367373,100,34,"Isotropic",2854
"interior",0.00665158844194394,0.0321527948818505,85,35,"Isotropic",2854
"all",0.00665158844194394,0.0321527948818505,85,35,"Isotropic",2854
"interior",0.0058212170846557,0.0306247497831752,98,36,"Isotropic",2854
"all",0.0058212170846557,0.0306247497831752,98,36,"Isotropic",2854
"interior",-0.0149098816539215,0.063591630045009,60,37,"Isotropic",2854
"all",-0.0149098816539215,0.063591630045009,60,37,"Isotropic",2854
"interior",0.00724027726255335,0.0293343350724607,97,38,"Isotropic",2854
"all",0.00724027726255335,0.0293343350724607,97,38,"Isotropic",2854
"interior",0.0121496692093199,0.0343053472062587,87,39,"Isotropic",2854
"all",0.0121496692093199,0.0343053472062587,87,39,"Isotropic",2854
"interior",0.00370693367009828,0.0314351644584056,90,40,"Isotropic",2854
"all",0.00370693367009828,0.0314351644584056,90,40,"Isotropic",2854
"interior",0.00444530687031339,0.0363692548211229,92,41,"Isotropic",2854
"all",0.00444530687031339,0.0363692548211229,92,41,"Isotropic",2854
"interior",-0.0043262448980637,0.0352210520334184,99,42,"Isotropic",2854
"all",-0.0043262448980637,0.0352210520334184,99,42,"Isotropic",2854
"interior",0.00608949302386845,0.0248712930003352,114,43,"Isotropic",2854
"all",0.00608949302386845,0.0248712930003352,114,43,"Isotropic",2854
"interior",-0.00167764738108061,0.0328035287701246,101,44,"Isotropic",2854
"all",-0.00167764738108061,0.0328035287701246,101,44,"Isotropic",2854
"interior",-0.00721930679215314,0.0308813479263306,98,45,"Isotropic",2854
"all",-0.00721930679215314,0.0308813479263306,98,45,"Isotropic",2854
"interior",-0.00284908982920001,0.0354740363020972,94,46,"Isotropic",2854
"all",-0.00284908982920001,0.0354740363020972,94,46,"Isotropic",2854
"interior",0.00484851935782543,0.035594810612746,99,47,"Isotropic",2854
"all",0.00484851935782543,0.035594810612746,99,47,"Isotropic",2854
"interior",0.0129652178736624,0.022616788189077,131,48,"Isotropic",2854
"all",0.0129652178736624,0.022616788189077,131,48,"Isotropic",2854
"interior",0.00536092023347209,0.03962880759419,77,49,"Isotropic",2854
"all",0.00536092023347209,0.03962880759419,77,49,"Isotropic",2854
"interior",0.0145826926435938,0.025283216565719,127,50,"Isotropic",2854
"all",0.0145826926435938,0.025283216565719,127,50,"Isotropic",2854
"interior",0.099609505751423,0.181345043151328,62,1,"Flux-conserved",2854
"all",0.099609505751423,0.181345043151328,62,1,"Flux-conserved",2854
"interior",0.0850729127841733,0.163583140583982,72,2,"Flux-conserved",2854
"all",0.0850729127841733,0.163583140583982,72,2,"Flux-conserved",2854
"interior",0.122629462049148,0.194103907942668,56,3,"Flux-conserved",2854
"all",0.122629462049148,0.194103907942668,56,3,"Flux-conserved",2854
"interior",0.0487719861606184,0.118269441212338,88,4,"Flux-conserved",2854
"all",0.0487719861606184,0.118269441212338,88,4,"Flux-conserved",2854
"interior",-0.0224944639577064,0.0735315282668854,50,5,"Flux-conserved",2854
"leaf-incident",0.833548453316494,0.833548453316494,6,5,"Flux-conserved",2854
"all",0.0692244200359579,0.154961913093629,56,5,"Flux-conserved",2854
"interior",0.101287780299352,0.168403846586051,58,6,"Flux-conserved",2854
"all",0.101287780299352,0.168403846586051,58,6,"Flux-conserved",2854
"interior",0.0239387980213076,0.108939469206441,75,7,"Flux-conserved",2854
"all",0.0239387980213076,0.108939469206441,75,7,"Flux-conserved",2854
"interior",-0.0203807464856034,0.115296539597519,64,8,"Flux-conserved",2854
"all",-0.0203807464856034,0.115296539597519,64,8,"Flux-conserved",2854
"interior",0.0143531068732938,0.0649609839534211,92,9,"Flux-conserved",2854
"all",0.0143531068732938,0.0649609839534211,92,9,"Flux-conserved",2854
"interior",0.0746564599468834,0.120925319360672,119,10,"Flux-conserved",2854
"all",0.0746564599468834,0.120925319360672,119,10,"Flux-conserved",2854
"interior",0.0397841393796808,0.132443750488079,62,11,"Flux-conserved",2854
"all",0.0397841393796808,0.132443750488079,62,11,"Flux-conserved",2854
"interior",0.0369447916755839,0.0976675953160334,121,12,"Flux-conserved",2854
"all",0.0369447916755839,0.0976675953160334,121,12,"Flux-conserved",2854
"interior",-0.000767680613863031,0.0906778757714375,70,13,"Flux-conserved",2854
"all",-0.000767680613863031,0.0906778757714375,70,13,"Flux-conserved",2854
"interior",-0.0175609112618631,0.110777336899411,36,14,"Flux-conserved",2854
"leaf-incident",0,0.834034521038163,6,14,"Flux-conserved",2854
"all",-0.0150522096530255,0.214099791776375,42,14,"Flux-conserved",2854
"interior",-0.0212082112514124,0.0713593305221408,56,15,"Flux-conserved",2854
"leaf-incident",0.667106370678543,0.667106370678543,3,15,"Flux-conserved",2854
"all",0.0137908352873989,0.101651552902975,59,15,"Flux-conserved",2854
"interior",0.000860529315461651,0.0450861840332401,79,16,"Flux-conserved",2854
"all",0.000860529315461651,0.0450861840332401,79,16,"Flux-conserved",2854
"interior",0.0245100787208138,0.0891364084593401,88,17,"Flux-conserved",2854
"all",0.0245100787208138,0.0891364084593401,88,17,"Flux-conserved",2854
"interior",0.0312253307474359,0.0549163329858586,168,18,"Flux-conserved",2854
"all",0.0312253307474359,0.0549163329858586,168,18,"Flux-conserved",2854
"interior",0.0230909861199009,0.0622694013507814,144,19,"Flux-conserved",2854
"all",0.0230909861199009,0.0622694013507814,144,19,"Flux-conserved",2854
"interior",-0.0044453094923409,0.06497534067843,92,20,"Flux-conserved",2854
"all",-0.0044453094923409,0.06497534067843,92,20,"Flux-conserved",2854
"interior",0.0698536839133152,0.0886682806666174,119,21,"Flux-conserved",2854
"all",0.0698536839133152,0.0886682806666174,119,21,"Flux-conserved",2854
"interior",0.0674884981136012,0.130127391676447,80,22,"Flux-conserved",2854
"all",0.0674884981136012,0.130127391676447,80,22,"Flux-conserved",2854
"interior",0.0039116310145908,0.0897840280056745,64,23,"Flux-conserved",2854
"all",0.0039116310145908,0.0897840280056745,64,23,"Flux-conserved",2854
"interior",0.0239835999892469,0.132219489989395,71,24,"Flux-conserved",2854
"all",0.0239835999892469,0.132219489989395,71,24,"Flux-conserved",2854
"interior",0.0301952971644029,0.113872235472831,71,25,"Flux-conserved",2854
"all",0.0301952971644029,0.113872235472831,71,25,"Flux-conserved",2854
"interior",-0.0156788324394934,0.0658105038524577,55,26,"Flux-conserved",2854
"all",-0.0156788324394934,0.0658105038524577,55,26,"Flux-conserved",2854
"interior",-0.0329436540487271,0.0775777166811115,52,27,"Flux-conserved",2854
"leaf-incident",0.377540668798146,0.377540668798146,1,27,"Flux-conserved",2854
"all",-0.0251986668252012,0.0832373950229423,53,27,"Flux-conserved",2854
"interior",-0.00106301429423781,0.0609878252304729,64,28,"Flux-conserved",2854
"leaf-incident",0.770266307006428,0.770266307006428,4,28,"Flux-conserved",2854
"all",0.0443092987234484,0.102710088864353,68,28,"Flux-conserved",2854
"interior",0.0549117354144532,0.128847638294563,65,29,"Flux-conserved",2854
"all",0.0549117354144532,0.128847638294563,65,29,"Flux-conserved",2854
"interior",0.0442948563409159,0.106890661330072,62,30,"Flux-conserved",2854
"all",0.0442948563409159,0.106890661330072,62,30,"Flux-conserved",2854
"interior",-0.0335010950829662,0.0720685016245179,52,31,"Flux-conserved",2854
"leaf-incident",0.802970177363006,0.802970177363006,5,31,"Flux-conserved",2854
"all",0.0398735779386103,0.136182683706841,57,31,"Flux-conserved",2854
"interior",0.00135128733289776,0.0802147665316696,64,32,"Flux-conserved",2854
"all",0.00135128733289776,0.0802147665316696,64,32,"Flux-conserved",2854
"interior",0.00820478678840591,0.0815988941574709,68,33,"Flux-conserved",2854
"all",0.00820478678840591,0.0815988941574709,68,33,"Flux-conserved",2854
"interior",0.0899316160134094,0.108748756075821,119,34,"Flux-conserved",2854
"all",0.0899316160134094,0.108748756075821,119,34,"Flux-conserved",2854
"interior",-0.0402978692799784,0.0691419832552775,68,35,"Flux-conserved",2854
"all",-0.0402978692799784,0.0691419832552775,68,35,"Flux-conserved",2854
"interior",-0.00589112212445902,0.123920491197165,42,36,"Flux-conserved",2854
"all",-0.00589112212445902,0.123920491197165,42,36,"Flux-conserved",2854
"interior",0.074855930949278,0.155810376514537,71,37,"Flux-conserved",2854
"all",0.074855930949278,0.155810376514537,71,37,"Flux-conserved",2854
"interior",0.0377516509361461,0.11809821253833,67,38,"Flux-conserved",2854
"all",0.0377516509361461,0.11809821253833,67,38,"Flux-conserved",2854
"interior",-0.00835951891250449,0.0351569274745037,81,39,"Flux-conserved",2854
"all",-0.00835951891250449,0.0351569274745037,81,39,"Flux-conserved",2854
"interior",0.0447276604387005,0.11965702085612,70,40,"Flux-conserved",2854
"all",0.0447276604387005,0.11965702085612,70,40,"Flux-conserved",2854
"interior",-0.0489482528397317,0.0921477830953718,46,41,"Flux-conserved",2854
"leaf-incident",0.386620921537474,0.386620921537474,1,41,"Flux-conserved",2854
"all",-0.0396808235976635,0.0984131690196718,47,41,"Flux-conserved",2854
"interior",0.0415190729701845,0.127487264683041,76,42,"Flux-conserved",2854
"all",0.0415190729701845,0.127487264683041,76,42,"Flux-conserved",2854
"interior",0.00803299265956665,0.102830793641501,58,43,"Flux-conserved",2854
"all",0.00803299265956665,0.102830793641501,58,43,"Flux-conserved",2854
"interior",0.111483521908026,0.153585161340282,94,44,"Flux-conserved",2854
"all",0.111483521908026,0.153585161340282,94,44,"Flux-conserved",2854
"interior",0.12616562776345,0.187487597872491,69,45,"Flux-conserved",2854
"all",0.12616562776345,0.187487597872491,69,45,"Flux-conserved",2854
"interior",0.0293505888265554,0.0725075668523624,110,46,"Flux-conserved",2854
"all",0.0293505888265554,0.0725075668523624,110,46,"Flux-conserved",2854
"interior",-0.0524610075250497,0.093649113108013,48,47,"Flux-conserved",2854
"leaf-incident",0.73103428483334,0.73103428483334,3,47,"Flux-conserved",2854
"all",-0.00637304915102682,0.13114235850362,51,47,"Flux-conserved",2854
"interior",-0.0368059332742218,0.0959568059675656,51,48,"Flux-conserved",2854
"leaf-incident",0.158869104880915,0.158869104880915,1,48,"Flux-conserved",2854
"all",-0.0330429517712384,0.0971666578697454,52,48,"Flux-conserved",2854
"interior",0.0542346981113265,0.150929551651159,60,49,"Flux-conserved",2854
"all",0.0542346981113265,0.150929551651159,60,49,"Flux-conserved",2854
"interior",-0.0440509549342233,0.0855607693419896,61,50,"Flux-conserved",2854
"all",-0.0440509549342233,0.0855607693419896,61,50,"Flux-conserved",2854
"interior",-0.0113097916861693,0.0560321814529696,77,1,"Rate-conserved",2854
"all",-0.0113097916861693,0.0560321814529696,77,1,"Rate-conserved",2854
"interior",-0.0110350116519675,0.0806415790908304,68,2,"Rate-conserved",2854
"all",-0.0110350116519675,0.0806415790908304,68,2,"Rate-conserved",2854
"interior",0.00542867943177153,0.0787813802863104,75,3,"Rate-conserved",2854
"all",0.00542867943177153,0.0787813802863104,75,3,"Rate-conserved",2854
"interior",-0.0234927798763162,0.0437747955740183,90,4,"Rate-conserved",2854
"all",-0.0234927798763162,0.0437747955740183,90,4,"Rate-conserved",2854
"interior",-0.0167754176584991,0.0531982285176653,82,5,"Rate-conserved",2854
"all",-0.0167754176584991,0.0531982285176653,82,5,"Rate-conserved",2854
"interior",-0.0191507448208774,0.0439731508986668,83,6,"Rate-conserved",2854
"all",-0.0191507448208774,0.0439731508986668,83,6,"Rate-conserved",2854
"interior",-0.0316108225996076,0.073131721516836,68,7,"Rate-conserved",2854
"all",-0.0316108225996076,0.073131721516836,68,7,"Rate-conserved",2854
"interior",-0.0133075606138108,0.0411750927264766,69,8,"Rate-conserved",2854
"leaf-incident",0.660756368765815,0.660756368765815,1,8,"Rate-conserved",2854
"all",-0.00367807590838761,0.0500262538127529,70,8,"Rate-conserved",2854
"interior",-0.0126193383556407,0.035840596642682,88,9,"Rate-conserved",2854
"all",-0.0126193383556407,0.035840596642682,88,9,"Rate-conserved",2854
"interior",-0.00166993562046653,0.0516201029217722,104,10,"Rate-conserved",2854
"all",-0.00166993562046653,0.0516201029217722,104,10,"Rate-conserved",2854
"interior",-0.0213539838686549,0.060937377731436,78,11,"Rate-conserved",2854
"all",-0.0213539838686549,0.060937377731436,78,11,"Rate-conserved",2854
"interior",-0.0228199388507261,0.035476480412248,97,12,"Rate-conserved",2854
"all",-0.0228199388507261,0.035476480412248,97,12,"Rate-conserved",2854
"interior",-0.019531395285747,0.048232911099654,95,13,"Rate-conserved",2854
"all",-0.019531395285747,0.048232911099654,95,13,"Rate-conserved",2854
"interior",-0.0295307777510672,0.0534229525021776,76,14,"Rate-conserved",2854
"all",-0.0295307777510672,0.0534229525021776,76,14,"Rate-conserved",2854
"interior",-0.0135679064873775,0.0640709845449777,65,15,"Rate-conserved",2854
"all",-0.0135679064873775,0.0640709845449777,65,15,"Rate-conserved",2854
"interior",-0.0143127400648294,0.0435410916343347,86,16,"Rate-conserved",2854
"all",-0.0143127400648294,0.0435410916343347,86,16,"Rate-conserved",2854
"interior",-0.00414125651720282,0.0544121839221182,71,17,"Rate-conserved",2854
"all",-0.00414125651720282,0.0544121839221182,71,17,"Rate-conserved",2854
"interior",-0.0259899464995023,0.0672457866142212,65,18,"Rate-conserved",2854
"leaf-incident",0.770266307006428,0.770266307006428,4,18,"Rate-conserved",2854
"all",0.0201698363124357,0.108000599390581,69,18,"Rate-conserved",2854
"interior",-0.0159669611937634,0.0680193375814982,68,19,"Rate-conserved",2854
"all",-0.0159669611937634,0.0680193375814982,68,19,"Rate-conserved",2854
"interior",-0.000934432087708362,0.0727544291859142,69,20,"Rate-conserved",2854
"all",-0.000934432087708362,0.0727544291859142,69,20,"Rate-conserved",2854
"interior",-0.0347473477378793,0.0607705609099696,63,21,"Rate-conserved",2854
"leaf-incident",0.160389939216352,0.160389939216352,1,21,"Rate-conserved",2854
"all",-0.0316983276292195,0.0623271136960068,64,21,"Rate-conserved",2854
"interior",-0.0107656966174186,0.048158282215522,76,22,"Rate-conserved",2854
"all",-0.0107656966174186,0.048158282215522,76,22,"Rate-conserved",2854
"interior",-0.0293365908193503,0.0537282004581288,77,23,"Rate-conserved",2854
"all",-0.0293365908193503,0.0537282004581288,77,23,"Rate-conserved",2854
"interior",-0.0114172426466526,0.0564258450321169,79,24,"Rate-conserved",2854
"all",-0.0114172426466526,0.0564258450321169,79,24,"Rate-conserved",2854
"interior",-0.00233611121328973,0.0325982242930801,93,25,"Rate-conserved",2854
"all",-0.00233611121328973,0.0325982242930801,93,25,"Rate-conserved",2854
"interior",-0.0171484468146609,0.0481977262237814,65,26,"Rate-conserved",2854
"all",-0.0171484468146609,0.0481977262237814,65,26,"Rate-conserved",2854
"interior",-0.0203814790405496,0.0516402676816758,69,27,"Rate-conserved",2854
"leaf-incident",0,0,1,27,"Rate-conserved",2854
"all",-0.0200903150542561,0.0509025495719375,70,27,"Rate-conserved",2854
"interior",-0.0146365049201909,0.0615538791770479,68,28,"Rate-conserved",2854
"leaf-incident",0.231475216500982,0.231475216500982,1,28,"Rate-conserved",2854
"all",-0.011069668377855,0.0640165072542064,69,28,"Rate-conserved",2854
"interior",-0.0259408620636437,0.0418955826591651,91,29,"Rate-conserved",2854
"all",-0.0259408620636437,0.0418955826591651,91,29,"Rate-conserved",2854
"interior",-0.0355476930878336,0.0591678628635362,62,30,"Rate-conserved",2854
"leaf-incident",-0.801220400306993,0.801220400306993,1,30,"Rate-conserved",2854
"all",-0.0477012281230583,0.0709464745689879,63,30,"Rate-conserved",2854
"interior",-0.0300063796064662,0.0432890437396716,94,31,"Rate-conserved",2854
"all",-0.0300063796064662,0.0432890437396716,94,31,"Rate-conserved",2854
"interior",-0.0154785571475784,0.0601507054143007,78,32,"Rate-conserved",2854
"all",-0.0154785571475784,0.0601507054143007,78,32,"Rate-conserved",2854
"interior",-0.00895755876320655,0.0542990992166837,71,33,"Rate-conserved",2854
"all",-0.00895755876320655,0.0542990992166837,71,33,"Rate-conserved",2854
"interior",-0.0132007214086486,0.0407199361047395,91,34,"Rate-conserved",2854
"all",-0.0132007214086486,0.0407199361047395,91,34,"Rate-conserved",2854
"interior",-0.00425060027789071,0.029735087577136,112,35,"Rate-conserved",2854
"all",-0.00425060027789071,0.029735087577136,112,35,"Rate-conserved",2854
"interior",-0.011720853003079,0.0393229097321958,90,36,"Rate-conserved",2854
"all",-0.011720853003079,0.0393229097321958,90,36,"Rate-conserved",2854
"interior",-0.026293832551481,0.0436316614825799,93,37,"Rate-conserved",2854
"all",-0.026293832551481,0.0436316614825799,93,37,"Rate-conserved",2854
"interior",-0.0103499093192854,0.0483415148618274,78,38,"Rate-conserved",2854
"all",-0.0103499093192854,0.0483415148618274,78,38,"Rate-conserved",2854
"interior",-0.00115268622375999,0.0432502226008458,76,39,"Rate-conserved",2854
"all",-0.00115268622375999,0.0432502226008458,76,39,"Rate-conserved",2854
"interior",-0.0232963515520549,0.0560293968211674,77,40,"Rate-conserved",2854
"all",-0.0232963515520549,0.0560293968211674,77,40,"Rate-conserved",2854
"interior",-0.0283525987170894,0.0649341577217856,72,41,"Rate-conserved",2854
"leaf-incident",0.287185901382502,0.287185901382502,1,41,"Rate-conserved",2854
"all",-0.0240301535102457,0.067978702155494,73,41,"Rate-conserved",2854
"interior",-0.0236799904535841,0.0545819699496336,75,42,"Rate-conserved",2854
"all",-0.0236799904535841,0.0545819699496336,75,42,"Rate-conserved",2854
"interior",-0.0096747109713958,0.0445302782641767,79,43,"Rate-conserved",2854
"all",-0.0096747109713958,0.0445302782641767,79,43,"Rate-conserved",2854
"interior",-0.0167169448462983,0.0556271062329962,73,44,"Rate-conserved",2854
"all",-0.0167169448462983,0.0556271062329962,73,44,"Rate-conserved",2854
"interior",-0.0162419686407624,0.0358458579931989,112,45,"Rate-conserved",2854
"all",-0.0162419686407624,0.0358458579931989,112,45,"Rate-conserved",2854
"interior",-0.0129227242339367,0.0390725290010656,95,46,"Rate-conserved",2854
"all",-0.0129227242339367,0.0390725290010656,95,46,"Rate-conserved",2854
"interior",-0.0133700027962667,0.0558149628648606,87,47,"Rate-conserved",2854
"all",-0.0133700027962667,0.0558149628648606,87,47,"Rate-conserved",2854
"interior",-0.020009025158473,0.0425394903885411,91,48,"Rate-conserved",2854
"all",-0.020009025158473,0.0425394903885411,91,48,"Rate-conserved",2854
"interior",-0.0250278956960741,0.0471665683879076,89,49,"Rate-conserved",2854
"all",-0.0250278956960741,0.0471665683879076,89,49,"Rate-conserved",2854
"interior",-0.00914226655350234,0.0352859462700784,97,50,"Rate-conserved",2854
"all",-0.00914226655350234,0.0352859462700784,97,50,"Rate-conserved",2854
"interior",7.30435161303725e-05,0.0246873821786407,106,1,"Isotropic",2904
"all",7.30435161303725e-05,0.0246873821786407,106,1,"Isotropic",2904
"interior",-0.00134160164068967,0.0364304450987798,89,2,"Isotropic",2904
"all",-0.00134160164068967,0.0364304450987798,89,2,"Isotropic",2904
"interior",-0.0022731093512198,0.0262639245325343,119,3,"Isotropic",2904
"all",-0.0022731093512198,0.0262639245325343,119,3,"Isotropic",2904
"interior",-0.0045255590830703,0.0467979698472799,93,4,"Isotropic",2904
"all",-0.0045255590830703,0.0467979698472799,93,4,"Isotropic",2904
"interior",0.00523116000306857,0.0439608807951748,66,5,"Isotropic",2904
"all",0.00523116000306857,0.0439608807951748,66,5,"Isotropic",2904
"interior",-0.00659331690825551,0.0353115148565783,92,6,"Isotropic",2904
"all",-0.00659331690825551,0.0353115148565783,92,6,"Isotropic",2904
"interior",0.000188318542029732,0.0381864647356493,77,7,"Isotropic",2904
"all",0.000188318542029732,0.0381864647356493,77,7,"Isotropic",2904
"interior",-0.00813084052516025,0.034337304786847,85,8,"Isotropic",2904
"all",-0.00813084052516025,0.034337304786847,85,8,"Isotropic",2904
"interior",-0.00271475366821232,0.0295542329120844,100,9,"Isotropic",2904
"all",-0.00271475366821232,0.0295542329120844,100,9,"Isotropic",2904
"interior",-0.0165000727037459,0.0337607295665126,107,10,"Isotropic",2904
"all",-0.0165000727037459,0.0337607295665126,107,10,"Isotropic",2904
"interior",-0.0148535341422862,0.0336468090959196,106,11,"Isotropic",2904
"all",-0.0148535341422862,0.0336468090959196,106,11,"Isotropic",2904
"interior",-0.00534275924769295,0.0341695482964925,93,12,"Isotropic",2904
"all",-0.00534275924769295,0.0341695482964925,93,12,"Isotropic",2904
"interior",-0.00706717410419104,0.0280541169072752,89,13,"Isotropic",2904
"all",-0.00706717410419104,0.0280541169072752,89,13,"Isotropic",2904
"interior",0.0144233646176236,0.0368301498212321,99,14,"Isotropic",2904
"all",0.0144233646176236,0.0368301498212321,99,14,"Isotropic",2904
"interior",-0.00555132326707728,0.0292795104388054,96,15,"Isotropic",2904
"all",-0.00555132326707728,0.0292795104388054,96,15,"Isotropic",2904
"interior",-0.00381143589907187,0.0463799035598278,91,16,"Isotropic",2904
"all",-0.00381143589907187,0.0463799035598278,91,16,"Isotropic",2904
"interior",0.00436400255268466,0.0244921599270547,112,17,"Isotropic",2904
"all",0.00436400255268466,0.0244921599270547,112,17,"Isotropic",2904
"interior",0.00192445716152293,0.0309333225474887,83,18,"Isotropic",2904
"all",0.00192445716152293,0.0309333225474887,83,18,"Isotropic",2904
"interior",-0.0140625326701762,0.033995616127944,87,19,"Isotropic",2904
"all",-0.0140625326701762,0.033995616127944,87,19,"Isotropic",2904
"interior",-0.00562872770151118,0.0280284655536363,108,20,"Isotropic",2904
"all",-0.00562872770151118,0.0280284655536363,108,20,"Isotropic",2904
"interior",-0.00348330170839139,0.0327601274775203,105,21,"Isotropic",2904
"all",-0.00348330170839139,0.0327601274775203,105,21,"Isotropic",2904
"interior",0.000476801521307261,0.0367621826568207,75,22,"Isotropic",2904
"all",0.000476801521307261,0.0367621826568207,75,22,"Isotropic",2904
"interior",0.00296095713181113,0.0341922747254177,89,23,"Isotropic",2904
"all",0.00296095713181113,0.0341922747254177,89,23,"Isotropic",2904
"interior",0.000440240038862615,0.0316445821545236,98,24,"Isotropic",2904
"all",0.000440240038862615,0.0316445821545236,98,24,"Isotropic",2904
"interior",0.010108080598552,0.0259741382126346,98,25,"Isotropic",2904
"all",0.010108080598552,0.0259741382126346,98,25,"Isotropic",2904
"interior",-0.000288951037769741,0.0285681931070931,116,26,"Isotropic",2904
"all",-0.000288951037769741,0.0285681931070931,116,26,"Isotropic",2904
"interior",-0.0095024970593064,0.033083905403603,92,27,"Isotropic",2904
"all",-0.0095024970593064,0.033083905403603,92,27,"Isotropic",2904
"interior",0.00365369203365231,0.0280755155035228,107,28,"Isotropic",2904
"all",0.00365369203365231,0.0280755155035228,107,28,"Isotropic",2904
"interior",-0.00226037198430982,0.033672519677028,95,29,"Isotropic",2904
"all",-0.00226037198430982,0.033672519677028,95,29,"Isotropic",2904
"interior",0.00832971305206928,0.0452981240689777,76,30,"Isotropic",2904
"all",0.00832971305206928,0.0452981240689777,76,30,"Isotropic",2904
"interior",0.00116303902217285,0.0358222926722548,75,31,"Isotropic",2904
"all",0.00116303902217285,0.0358222926722548,75,31,"Isotropic",2904
"interior",0.00661146145825797,0.0423210194022024,79,32,"Isotropic",2904
"all",0.00661146145825797,0.0423210194022024,79,32,"Isotropic",2904
"interior",0.00482768077462633,0.0299178779667652,104,33,"Isotropic",2904
"all",0.00482768077462633,0.0299178779667652,104,33,"Isotropic",2904
"interior",0.00715115296615982,0.0364081510880837,87,34,"Isotropic",2904
"all",0.00715115296615982,0.0364081510880837,87,34,"Isotropic",2904
"interior",0.0112665549403303,0.0480048283669691,75,35,"Isotropic",2904
"all",0.0112665549403303,0.0480048283669691,75,35,"Isotropic",2904
"interior",0.00992628868573932,0.0293979728199461,92,36,"Isotropic",2904
"all",0.00992628868573932,0.0293979728199461,92,36,"Isotropic",2904
"interior",-0.00680987624727717,0.0464385344167254,78,37,"Isotropic",2904
"all",-0.00680987624727717,0.0464385344167254,78,37,"Isotropic",2904
"interior",-0.000421840463160414,0.0249379065519545,114,38,"Isotropic",2904
"all",-0.000421840463160414,0.0249379065519545,114,38,"Isotropic",2904
"interior",0.00374582178800863,0.037764709643861,88,39,"Isotropic",2904
"all",0.00374582178800863,0.037764709643861,88,39,"Isotropic",2904
"interior",0.00679138330904086,0.0309482439958663,105,40,"Isotropic",2904
"all",0.00679138330904086,0.0309482439958663,105,40,"Isotropic",2904
"interior",-0.00387933962990453,0.0418672025632194,85,41,"Isotropic",2904
"all",-0.00387933962990453,0.0418672025632194,85,41,"Isotropic",2904
"interior",-0.000119918280467076,0.0329892833279927,83,42,"Isotropic",2904
"all",-0.000119918280467076,0.0329892833279927,83,42,"Isotropic",2904
"interior",-0.00023530815254739,0.0410445603594081,103,43,"Isotropic",2904
"all",-0.00023530815254739,0.0410445603594081,103,43,"Isotropic",2904
"interior",0.00108768732299318,0.038395136876057,82,44,"Isotropic",2904
"all",0.00108768732299318,0.038395136876057,82,44,"Isotropic",2904
"interior",-0.00648790987307485,0.0250697360120519,119,45,"Isotropic",2904
"all",-0.00648790987307485,0.0250697360120519,119,45,"Isotropic",2904
"interior",0.00621591768580342,0.0328326110243939,100,46,"Isotropic",2904
"all",0.00621591768580342,0.0328326110243939,100,46,"Isotropic",2904
"interior",0.00107836587771801,0.0325977372461315,100,47,"Isotropic",2904
"all",0.00107836587771801,0.0325977372461315,100,47,"Isotropic",2904
"interior",0.00750377826999122,0.0292220052183215,115,48,"Isotropic",2904
"all",0.00750377826999122,0.0292220052183215,115,48,"Isotropic",2904
"interior",0.00834255949123228,0.0397499504963972,85,49,"Isotropic",2904
"all",0.00834255949123228,0.0397499504963972,85,49,"Isotropic",2904
"interior",0.00822630473893007,0.0293845569652298,111,50,"Isotropic",2904
"all",0.00822630473893007,0.0293845569652298,111,50,"Isotropic",2904
"interior",0.0936373994196434,0.239424844912679,50,1,"Flux-conserved",2904
"all",0.0936373994196434,0.239424844912679,50,1,"Flux-conserved",2904
"interior",0.0380145746149067,0.0735306153014661,149,2,"Flux-conserved",2904
"all",0.0380145746149067,0.0735306153014661,149,2,"Flux-conserved",2904
"interior",0.0502778304778548,0.105591087871262,101,3,"Flux-conserved",2904
"all",0.0502778304778548,0.105591087871262,101,3,"Flux-conserved",2904
"interior",0.0401344755642295,0.0979846346934009,115,4,"Flux-conserved",2904
"all",0.0401344755642295,0.0979846346934009,115,4,"Flux-conserved",2904
"interior",-0.032217338045251,0.0603655822979674,45,5,"Flux-conserved",2904
"leaf-incident",0.875000000017471,0.875000000017471,8,5,"Flux-conserved",2904
"all",0.104721128077424,0.183329267991477,53,5,"Flux-conserved",2904
"interior",0.0269684584348172,0.081410517325466,113,6,"Flux-conserved",2904
"all",0.0269684584348172,0.081410517325466,113,6,"Flux-conserved",2904
"interior",0.0306472588528532,0.0784989288630929,125,7,"Flux-conserved",2904
"all",0.0306472588528532,0.0784989288630929,125,7,"Flux-conserved",2904
"interior",-0.00947196598883877,0.148420854972305,55,8,"Flux-conserved",2904
"all",-0.00947196598883877,0.148420854972305,55,8,"Flux-conserved",2904
"interior",0.0120745908810678,0.0422282480077706,155,9,"Flux-conserved",2904
"all",0.0120745908810678,0.0422282480077706,155,9,"Flux-conserved",2904
"interior",0.0993160592851643,0.12014005488396,124,10,"Flux-conserved",2904
"all",0.0993160592851643,0.12014005488396,124,10,"Flux-conserved",2904
"interior",0.0123148826595023,0.0851000113124595,82,11,"Flux-conserved",2904
"all",0.0123148826595023,0.0851000113124595,82,11,"Flux-conserved",2904
"interior",0.046515969092186,0.100299478048861,130,12,"Flux-conserved",2904
"all",0.046515969092186,0.100299478048861,130,12,"Flux-conserved",2904
"interior",-0.0456888647601572,0.133322235734346,29,13,"Flux-conserved",2904
"leaf-incident",0.833405335657681,0.833405335657681,6,13,"Flux-conserved",2904
"all",0.105012998168615,0.253336481435489,35,13,"Flux-conserved",2904
"interior",0.0334505354141457,0.0847998207079142,127,14,"Flux-conserved",2904
"all",0.0334505354141457,0.0847998207079142,127,14,"Flux-conserved",2904
"interior",0.0210692758702206,0.0832616055442705,65,15,"Flux-conserved",2904
"all",0.0210692758702206,0.0832616055442705,65,15,"Flux-conserved",2904
"interior",-0.0179172324754815,0.047992177502449,80,16,"Flux-conserved",2904
"all",-0.0179172324754815,0.047992177502449,80,16,"Flux-conserved",2904
"interior",0.0507006368638155,0.159827558465433,50,17,"Flux-conserved",2904
"all",0.0507006368638155,0.159827558465433,50,17,"Flux-conserved",2904
"interior",0.184688952812923,0.231072981117036,67,18,"Flux-conserved",2904
"all",0.184688952812923,0.231072981117036,67,18,"Flux-conserved",2904
"interior",0.0187015470201676,0.0934077618091508,106,19,"Flux-conserved",2904
"all",0.0187015470201676,0.0934077618091508,106,19,"Flux-conserved",2904
"interior",0.00536062564693067,0.106186126338191,60,20,"Flux-conserved",2904
"all",0.00536062564693067,0.106186126338191,60,20,"Flux-conserved",2904
"interior",0.0656147916971348,0.0943730363412571,124,21,"Flux-conserved",2904
"all",0.0656147916971348,0.0943730363412571,124,21,"Flux-conserved",2904
"interior",0.0981571148148378,0.159295127758849,58,22,"Flux-conserved",2904
"all",0.0981571148148378,0.159295127758849,58,22,"Flux-conserved",2904
"interior",-0.0238759589001856,0.094065890149017,47,23,"Flux-conserved",2904
"all",-0.0238759589001856,0.094065890149017,47,23,"Flux-conserved",2904
"interior",0.00663991857370192,0.0727537621104834,98,24,"Flux-conserved",2904
"all",0.00663991857370192,0.0727537621104834,98,24,"Flux-conserved",2904
"interior",0.05812540201113,0.104570449189124,94,25,"Flux-conserved",2904
"all",0.05812540201113,0.104570449189124,94,25,"Flux-conserved",2904
"interior",-0.0254650911204271,0.0743728120557507,60,26,"Flux-conserved",2904
"all",-0.0254650911204271,0.0743728120557507,60,26,"Flux-conserved",2904
"interior",0.103422930574594,0.209846726139746,45,27,"Flux-conserved",2904
"all",0.103422930574594,0.209846726139746,45,27,"Flux-conserved",2904
"interior",0.0439342347894456,0.118182563553047,65,28,"Flux-conserved",2904
"all",0.0439342347894456,0.118182563553047,65,28,"Flux-conserved",2904
"interior",0.0256013813073231,0.129908065962862,55,29,"Flux-conserved",2904
"all",0.0256013813073231,0.129908065962862,55,29,"Flux-conserved",2904
"interior",0.0814760375605301,0.21840779105513,35,30,"Flux-conserved",2904
"all",0.0814760375605301,0.21840779105513,35,30,"Flux-conserved",2904
"interior",0.0808409852263274,0.163109799963559,48,31,"Flux-conserved",2904
"all",0.0808409852263274,0.163109799963559,48,31,"Flux-conserved",2904
"interior",0.0154670885222888,0.099724023831944,50,32,"Flux-conserved",2904
"all",0.0154670885222888,0.099724023831944,50,32,"Flux-conserved",2904
"interior",-0.00953646263764449,0.101413215481794,51,33,"Flux-conserved",2904
"all",-0.00953646263764449,0.101413215481794,51,33,"Flux-conserved",2904
"interior",0.0482432344539535,0.06399584265512,157,34,"Flux-conserved",2904
"all",0.0482432344539535,0.06399584265512,157,34,"Flux-conserved",2904
"interior",-0.0215554821197005,0.0640594028180535,74,35,"Flux-conserved",2904
"all",-0.0215554821197005,0.0640594028180535,74,35,"Flux-conserved",2904
"interior",-0.0346574693168526,0.107423009274566,55,36,"Flux-conserved",2904
"all",-0.0346574693168526,0.107423009274566,55,36,"Flux-conserved",2904
"interior",0.0545368608802705,0.129825618606835,72,37,"Flux-conserved",2904
"all",0.0545368608802705,0.129825618606835,72,37,"Flux-conserved",2904
"interior",0.0418257943427838,0.130447567462799,63,38,"Flux-conserved",2904
"all",0.0418257943427838,0.130447567462799,63,38,"Flux-conserved",2904
"interior",-0.018006167240183,0.0481528361238256,77,39,"Flux-conserved",2904
"all",-0.018006167240183,0.0481528361238256,77,39,"Flux-conserved",2904
"interior",0.00845963831189327,0.125935302786009,50,40,"Flux-conserved",2904
"all",0.00845963831189327,0.125935302786009,50,40,"Flux-conserved",2904
"interior",-0.0697997032359621,0.132787609749254,39,41,"Flux-conserved",2904
"leaf-incident",0.53560838069109,0.53560838069109,2,41,"Flux-conserved",2904
"all",-0.040267601580984,0.152437403453734,41,41,"Flux-conserved",2904
"interior",0.0315342989793546,0.0883674407373431,97,42,"Flux-conserved",2904
"all",0.0315342989793546,0.0883674407373431,97,42,"Flux-conserved",2904
"interior",0.0781944383653319,0.147789859089208,64,43,"Flux-conserved",2904
"all",0.0781944383653319,0.147789859089208,64,43,"Flux-conserved",2904
"interior",0.107152281325437,0.148725809292036,100,44,"Flux-conserved",2904
"all",0.107152281325437,0.148725809292036,100,44,"Flux-conserved",2904
"interior",0.0693161472399109,0.0954573567901252,121,45,"Flux-conserved",2904
"all",0.0693161472399109,0.0954573567901252,121,45,"Flux-conserved",2904
"interior",-0.0451144777934424,0.0665408938057055,48,46,"Flux-conserved",2904
"leaf-incident",0.612244897959184,0.857142857142857,7,46,"Flux-conserved",2904
"all",0.0385494427568919,0.167162961866798,55,46,"Flux-conserved",2904
"interior",0.0346151598831728,0.145829515896523,52,47,"Flux-conserved",2904
"all",0.0346151598831728,0.145829515896523,52,47,"Flux-conserved",2904
"interior",-0.0411358534816329,0.0663472449892077,63,48,"Flux-conserved",2904
"leaf-incident",0.162960470702322,0.162960470702322,1,48,"Flux-conserved",2904
"all",-0.0379468484162586,0.0678568266409751,64,48,"Flux-conserved",2904
"interior",0.0364035576440001,0.117463554064466,80,49,"Flux-conserved",2904
"all",0.0364035576440001,0.117463554064466,80,49,"Flux-conserved",2904
"interior",-0.0349849430947624,0.0753441087483748,66,50,"Flux-conserved",2904
"all",-0.0349849430947624,0.0753441087483748,66,50,"Flux-conserved",2904
"interior",-0.00353549946437059,0.0540913408535319,70,1,"Rate-conserved",2904
"all",-0.00353549946437059,0.0540913408535319,70,1,"Rate-conserved",2904
"interior",-0.00844437737897669,0.0582211129213539,82,2,"Rate-conserved",2904
"all",-0.00844437737897669,0.0582211129213539,82,2,"Rate-conserved",2904
"interior",-0.0225293325676969,0.0507417807941208,66,3,"Rate-conserved",2904
"leaf-incident",0.784109749037114,0.784109749037114,3,3,"Rate-conserved",2904
"all",0.0125419318499035,0.0826273446307727,69,3,"Rate-conserved",2904
"interior",-0.0190195632623726,0.0346995983452748,99,4,"Rate-conserved",2904
"all",-0.0190195632623726,0.0346995983452748,99,4,"Rate-conserved",2904
"interior",-0.031617418745269,0.0608828066523164,73,5,"Rate-conserved",2904
"all",-0.031617418745269,0.0608828066523164,73,5,"Rate-conserved",2904
"interior",-0.00317907908347689,0.0426540127264276,83,6,"Rate-conserved",2904
"all",-0.00317907908347689,0.0426540127264276,83,6,"Rate-conserved",2904
"interior",-0.0406297668528146,0.063686619556576,66,7,"Rate-conserved",2904
"all",-0.0406297668528146,0.063686619556576,66,7,"Rate-conserved",2904
"interior",-0.00025918849074702,0.078178891717098,61,8,"Rate-conserved",2904
"all",-0.00025918849074702,0.078178891717098,61,8,"Rate-conserved",2904
"interior",-0.0145406764205848,0.0481068195583463,91,9,"Rate-conserved",2904
"all",-0.0145406764205848,0.0481068195583463,91,9,"Rate-conserved",2904
"interior",0.0385386779479656,0.0711079053370967,109,10,"Rate-conserved",2904
"all",0.0385386779479656,0.0711079053370967,109,10,"Rate-conserved",2904
"interior",-0.0203207098184739,0.0493563495721858,76,11,"Rate-conserved",2904
"all",-0.0203207098184739,0.0493563495721858,76,11,"Rate-conserved",2904
"interior",-0.0182417068836072,0.047873489964809,87,12,"Rate-conserved",2904
"all",-0.0182417068836072,0.047873489964809,87,12,"Rate-conserved",2904
"interior",-0.00595930096000325,0.0543075054265926,102,13,"Rate-conserved",2904
"all",-0.00595930096000325,0.0543075054265926,102,13,"Rate-conserved",2904
"interior",-0.021046376118316,0.0366092242822463,89,14,"Rate-conserved",2904
"all",-0.021046376118316,0.0366092242822463,89,14,"Rate-conserved",2904
"interior",-0.0149555083765283,0.053983203600001,74,15,"Rate-conserved",2904
"all",-0.0149555083765283,0.053983203600001,74,15,"Rate-conserved",2904
"interior",-0.0123364901840241,0.0438027324137182,86,16,"Rate-conserved",2904
"all",-0.0123364901840241,0.0438027324137182,86,16,"Rate-conserved",2904
"interior",-0.0101757722846431,0.0488977813466224,67,17,"Rate-conserved",2904
"leaf-incident",0.126638625763264,0.126638625763264,1,17,"Rate-conserved",2904
"all",-0.0081637958427621,0.0500410290586319,68,17,"Rate-conserved",2904
"interior",0.0381221398637731,0.11085804183143,71,18,"Rate-conserved",2904
"all",0.0381221398637731,0.11085804183143,71,18,"Rate-conserved",2904
"interior",-0.0185555407992246,0.0571073931342498,73,19,"Rate-conserved",2904
"all",-0.0185555407992246,0.0571073931342498,73,19,"Rate-conserved",2904
"interior",-0.0238572665227021,0.0618151105145141,62,20,"Rate-conserved",2904
"all",-0.0238572665227021,0.0618151105145141,62,20,"Rate-conserved",2904
"interior",-0.0244512088921314,0.0524695792357167,72,21,"Rate-conserved",2904
"all",-0.0244512088921314,0.0524695792357167,72,21,"Rate-conserved",2904
"interior",-0.0175835718636725,0.0377498554940774,96,22,"Rate-conserved",2904
"all",-0.0175835718636725,0.0377498554940774,96,22,"Rate-conserved",2904
"interior",-0.0204336983360659,0.0511675784017229,74,23,"Rate-conserved",2904
"all",-0.0204336983360659,0.0511675784017229,74,23,"Rate-conserved",2904
"interior",-0.0273909010072584,0.0571305887228021,76,24,"Rate-conserved",2904
"all",-0.0273909010072584,0.0571305887228021,76,24,"Rate-conserved",2904
"interior",-0.0171205283449171,0.0365140592451754,80,25,"Rate-conserved",2904
"all",-0.0171205283449171,0.0365140592451754,80,25,"Rate-conserved",2904
"interior",-0.0146884977771436,0.0610088610037124,68,26,"Rate-conserved",2904
"all",-0.0146884977771436,0.0610088610037124,68,26,"Rate-conserved",2904
"interior",-0.0118103764422532,0.0468797884600399,72,27,"Rate-conserved",2904
"all",-0.0118103764422532,0.0468797884600399,72,27,"Rate-conserved",2904
"interior",-0.0119924071970297,0.0616567480140534,75,28,"Rate-conserved",2904
"all",-0.0119924071970297,0.0616567480140534,75,28,"Rate-conserved",2904
"interior",-0.00964789934878016,0.0491430690838708,71,29,"Rate-conserved",2904
"all",-0.00964789934878016,0.0491430690838708,71,29,"Rate-conserved",2904
"interior",-0.0300249325041777,0.0751733822353886,59,30,"Rate-conserved",2904
"all",-0.0300249325041777,0.0751733822353886,59,30,"Rate-conserved",2904
"interior",-0.0299045331069475,0.0517797019040504,81,31,"Rate-conserved",2904
"all",-0.0299045331069475,0.0517797019040504,81,31,"Rate-conserved",2904
"interior",-0.0253343384542037,0.0533701198436177,85,32,"Rate-conserved",2904
"all",-0.0253343384542037,0.0533701198436177,85,32,"Rate-conserved",2904
"interior",-0.0189570767333134,0.0426343840411265,71,33,"Rate-conserved",2904
"leaf-incident",0.164073556741114,0.164073556741114,1,33,"Rate-conserved",2904
"all",-0.0164149846017241,0.0443210392175152,72,33,"Rate-conserved",2904
"interior",-0.0128838135689976,0.0356356650396921,103,34,"Rate-conserved",2904
"all",-0.0128838135689976,0.0356356650396921,103,34,"Rate-conserved",2904
"interior",-0.0135302381761165,0.033753418859158,111,35,"Rate-conserved",2904
"all",-0.0135302381761165,0.033753418859158,111,35,"Rate-conserved",2904
"interior",-0.00518974897261511,0.048951085518713,75,36,"Rate-conserved",2904
"all",-0.00518974897261511,0.048951085518713,75,36,"Rate-conserved",2904
"interior",-0.0221567612695559,0.0429739791272906,90,37,"Rate-conserved",2904
"all",-0.0221567612695559,0.0429739791272906,90,37,"Rate-conserved",2904
"interior",-0.0125225391235976,0.058418229335658,68,38,"Rate-conserved",2904
"all",-0.0125225391235976,0.058418229335658,68,38,"Rate-conserved",2904
"interior",-0.0131127105548238,0.0493253962341518,92,39,"Rate-conserved",2904
"all",-0.0131127105548238,0.0493253962341518,92,39,"Rate-conserved",2904
"interior",-0.0221789563826256,0.0450167806886663,79,40,"Rate-conserved",2904
"all",-0.0221789563826256,0.0450167806886663,79,40,"Rate-conserved",2904
"interior",-0.0226325533362402,0.0673760571747409,62,41,"Rate-conserved",2904
"all",-0.0226325533362402,0.0673760571747409,62,41,"Rate-conserved",2904
"interior",-0.0337148402331093,0.0493980742482042,65,42,"Rate-conserved",2904
"leaf-incident",0.567362375524251,0.567362375524251,2,42,"Rate-conserved",2904
"all",-0.0157722367776657,0.0648596951818176,67,42,"Rate-conserved",2904
"interior",-0.0265838996631761,0.0416617898028371,73,43,"Rate-conserved",2904
"leaf-incident",0.182425523806356,0.182425523806356,1,43,"Rate-conserved",2904
"all",-0.0237594479946689,0.0435640024245063,74,43,"Rate-conserved",2904
"interior",-0.0189318540303226,0.0601126938503793,84,44,"Rate-conserved",2904
"all",-0.0189318540303226,0.0601126938503793,84,44,"Rate-conserved",2904
"interior",-0.0224557693672146,0.0519894671545359,85,45,"Rate-conserved",2904
"all",-0.0224557693672146,0.0519894671545359,85,45,"Rate-conserved",2904
"interior",-0.0373741511540442,0.0566573467920028,66,46,"Rate-conserved",2904
"leaf-incident",0.698338259580855,0.698338259580855,3,46,"Rate-conserved",2904
"all",-0.00538665503513553,0.0845565169132572,69,46,"Rate-conserved",2904
"interior",-0.0241048869432864,0.048990234325369,83,47,"Rate-conserved",2904
"all",-0.0241048869432864,0.048990234325369,83,47,"Rate-conserved",2904
"interior",-0.01136048315558,0.052382686686776,81,48,"Rate-conserved",2904
"all",-0.01136048315558,0.052382686686776,81,48,"Rate-conserved",2904
"interior",-0.0197280667916668,0.0309939741358149,113,49,"Rate-conserved",2904
"all",-0.0197280667916668,0.0309939741358149,113,49,"Rate-conserved",2904
"interior",-0.0159139273971303,0.0320677633101639,116,50,"Rate-conserved",2904
"all",-0.0159139273971303,0.0320677633101639,116,50,"Rate-conserved",2904
"interior",-0.00893324049814499,0.0410389965534656,91,1,"Isotropic",2954
"all",-0.00893324049814499,0.0410389965534656,91,1,"Isotropic",2954
"interior",0.00268199634927814,0.0355551309940615,85,2,"Isotropic",2954
"all",0.00268199634927814,0.0355551309940615,85,2,"Isotropic",2954
"interior",0.000160891178051318,0.0293019725500356,115,3,"Isotropic",2954
"all",0.000160891178051318,0.0293019725500356,115,3,"Isotropic",2954
"interior",-0.00297225078519137,0.0315143532657197,117,4,"Isotropic",2954
"all",-0.00297225078519137,0.0315143532657197,117,4,"Isotropic",2954
"interior",-0.000752004661009198,0.030152098631201,91,5,"Isotropic",2954
"all",-0.000752004661009198,0.030152098631201,91,5,"Isotropic",2954
"interior",-0.00636516246018323,0.0444805563097468,76,6,"Isotropic",2954
"all",-0.00636516246018323,0.0444805563097468,76,6,"Isotropic",2954
"interior",-0.00206976785648797,0.0490383186689868,85,7,"Isotropic",2954
"all",-0.00206976785648797,0.0490383186689868,85,7,"Isotropic",2954
"interior",0.00216159384389182,0.0271792666578111,85,8,"Isotropic",2954
"all",0.00216159384389182,0.0271792666578111,85,8,"Isotropic",2954
"interior",-0.00597108110553952,0.0322471649633372,106,9,"Isotropic",2954
"all",-0.00597108110553952,0.0322471649633372,106,9,"Isotropic",2954
"interior",-0.0179334423051247,0.0281962474986963,105,10,"Isotropic",2954
"all",-0.0179334423051247,0.0281962474986963,105,10,"Isotropic",2954
"interior",0.00255622554754656,0.0154187617949855,132,11,"Isotropic",2954
"all",0.00255622554754656,0.0154187617949855,132,11,"Isotropic",2954
"interior",0.00265837510114364,0.0328862691699177,96,12,"Isotropic",2954
"all",0.00265837510114364,0.0328862691699177,96,12,"Isotropic",2954
"interior",-6.51854757381274e-05,0.029730757225214,93,13,"Isotropic",2954
"all",-6.51854757381274e-05,0.029730757225214,93,13,"Isotropic",2954
"interior",0.00580937675980098,0.0400737144657176,91,14,"Isotropic",2954
"all",0.00580937675980098,0.0400737144657176,91,14,"Isotropic",2954
"interior",-0.00602092063049771,0.0696328886164151,67,15,"Isotropic",2954
"all",-0.00602092063049771,0.0696328886164151,67,15,"Isotropic",2954
"interior",0.00269828316992564,0.0362727252498912,86,16,"Isotropic",2954
"all",0.00269828316992564,0.0362727252498912,86,16,"Isotropic",2954
"interior",-0.000102698106332653,0.0283418622477562,90,17,"Isotropic",2954
"all",-0.000102698106332653,0.0283418622477562,90,17,"Isotropic",2954
"interior",0.0069046678717743,0.0451953794615628,72,18,"Isotropic",2954
"all",0.0069046678717743,0.0451953794615628,72,18,"Isotropic",2954
"interior",-0.00655984728640106,0.0316140514611243,91,19,"Isotropic",2954
"all",-0.00655984728640106,0.0316140514611243,91,19,"Isotropic",2954
"interior",-0.00145008677180283,0.0274471163906291,103,20,"Isotropic",2954
"all",-0.00145008677180283,0.0274471163906291,103,20,"Isotropic",2954
"interior",0.00252064796392216,0.0289994948281368,105,21,"Isotropic",2954
"all",0.00252064796392216,0.0289994948281368,105,21,"Isotropic",2954
"interior",-0.00929560778208181,0.0344149763332214,86,22,"Isotropic",2954
"all",-0.00929560778208181,0.0344149763332214,86,22,"Isotropic",2954
"interior",0.000910848284551784,0.0299751112234258,99,23,"Isotropic",2954
"all",0.000910848284551784,0.0299751112234258,99,23,"Isotropic",2954
"interior",-0.00907929846278487,0.0341993892228506,84,24,"Isotropic",2954
"all",-0.00907929846278487,0.0341993892228506,84,24,"Isotropic",2954
"interior",0.00865636715654249,0.0306575464869372,103,25,"Isotropic",2954
"all",0.00865636715654249,0.0306575464869372,103,25,"Isotropic",2954
"interior",0.00354506264213057,0.0321504428579272,108,26,"Isotropic",2954
"all",0.00354506264213057,0.0321504428579272,108,26,"Isotropic",2954
"interior",-0.0022181132697405,0.0306898824178883,93,27,"Isotropic",2954
"all",-0.0022181132697405,0.0306898824178883,93,27,"Isotropic",2954
"interior",0.00587142428465979,0.0261823073977701,98,28,"Isotropic",2954
"all",0.00587142428465979,0.0261823073977701,98,28,"Isotropic",2954
"interior",-0.011827645605861,0.0379218501959476,88,29,"Isotropic",2954
"all",-0.011827645605861,0.0379218501959476,88,29,"Isotropic",2954
"interior",0.00416677159115257,0.0349084187145014,81,30,"Isotropic",2954
"all",0.00416677159115257,0.0349084187145014,81,30,"Isotropic",2954
"interior",0.015515884523081,0.036780695718363,77,31,"Isotropic",2954
"all",0.015515884523081,0.036780695718363,77,31,"Isotropic",2954
"interior",0.000743226523123221,0.0407256822301877,86,32,"Isotropic",2954
"all",0.000743226523123221,0.0407256822301877,86,32,"Isotropic",2954
"interior",0.00919753822328354,0.0242545770771845,120,33,"Isotropic",2954
"all",0.00919753822328354,0.0242545770771845,120,33,"Isotropic",2954
"interior",0.0046667964371769,0.0232574613839518,103,34,"Isotropic",2954
"all",0.0046667964371769,0.0232574613839518,103,34,"Isotropic",2954
"interior",-0.00144799760490893,0.0432101436531663,78,35,"Isotropic",2954
"all",-0.00144799760490893,0.0432101436531663,78,35,"Isotropic",2954
"interior",0.00328154977362481,0.0331552011292381,99,36,"Isotropic",2954
"all",0.00328154977362481,0.0331552011292381,99,36,"Isotropic",2954
"interior",-0.00477655979361644,0.0317911705303602,90,37,"Isotropic",2954
"all",-0.00477655979361644,0.0317911705303602,90,37,"Isotropic",2954
"interior",0.00256858986311494,0.0272528567686124,113,38,"Isotropic",2954
"all",0.00256858986311494,0.0272528567686124,113,38,"Isotropic",2954
"interior",0.000515154938770655,0.0437633490537631,77,39,"Isotropic",2954
"all",0.000515154938770655,0.0437633490537631,77,39,"Isotropic",2954
"interior",0.0177287529169808,0.0316623891798085,105,40,"Isotropic",2954
"all",0.0177287529169808,0.0316623891798085,105,40,"Isotropic",2954
"interior",0.00732725772846572,0.0352759504701059,95,41,"Isotropic",2954
"all",0.00732725772846572,0.0352759504701059,95,41,"Isotropic",2954
"interior",-0.00137085138369832,0.0345124037296923,96,42,"Isotropic",2954
"all",-0.00137085138369832,0.0345124037296923,96,42,"Isotropic",2954
"interior",0.0029252383209542,0.027558634199372,126,43,"Isotropic",2954
"all",0.0029252383209542,0.027558634199372,126,43,"Isotropic",2954
"interior",0.00156052033153103,0.0272649767911537,98,44,"Isotropic",2954
"all",0.00156052033153103,0.0272649767911537,98,44,"Isotropic",2954
"interior",-0.0128591071463427,0.043651331043865,85,45,"Isotropic",2954
"all",-0.0128591071463427,0.043651331043865,85,45,"Isotropic",2954
"interior",0.00409194489172849,0.0267488304409037,99,46,"Isotropic",2954
"all",0.00409194489172849,0.0267488304409037,99,46,"Isotropic",2954
"interior",0.00434419682337904,0.0242053878648682,108,47,"Isotropic",2954
"all",0.00434419682337904,0.0242053878648682,108,47,"Isotropic",2954
"interior",0.00634696831443227,0.0284261366870607,110,48,"Isotropic",2954
"all",0.00634696831443227,0.0284261366870607,110,48,"Isotropic",2954
"interior",0.0139822028105579,0.0471309247733757,83,49,"Isotropic",2954
"all",0.0139822028105579,0.0471309247733757,83,49,"Isotropic",2954
"interior",0.0147850407443081,0.0359452169204595,101,50,"Isotropic",2954
"all",0.0147850407443081,0.0359452169204595,101,50,"Isotropic",2954
"interior",0.0957083905803425,0.151888262740293,77,1,"Flux-conserved",2954
"all",0.0957083905803425,0.151888262740293,77,1,"Flux-conserved",2954
"interior",0.0900908825450664,0.159483098186891,94,2,"Flux-conserved",2954
"all",0.0900908825450664,0.159483098186891,94,2,"Flux-conserved",2954
"interior",0.0293608730547084,0.104743244939307,106,3,"Flux-conserved",2954
"all",0.0293608730547084,0.104743244939307,106,3,"Flux-conserved",2954
"interior",0.0742247870151326,0.0902467688778994,135,4,"Flux-conserved",2954
"all",0.0742247870151326,0.0902467688778994,135,4,"Flux-conserved",2954
"interior",0.0796497882313832,0.114462126406191,89,5,"Flux-conserved",2954
"all",0.0796497882313832,0.114462126406191,89,5,"Flux-conserved",2954
"interior",0.0514179888316995,0.109554690228957,87,6,"Flux-conserved",2954
"all",0.0514179888316995,0.109554690228957,87,6,"Flux-conserved",2954
"interior",0.0757859980870424,0.0929858499860515,129,7,"Flux-conserved",2954
"all",0.0757859980870424,0.0929858499860515,129,7,"Flux-conserved",2954
"interior",0.0255465553118302,0.0934645642374719,80,8,"Flux-conserved",2954
"all",0.0255465553118302,0.0934645642374719,80,8,"Flux-conserved",2954
"interior",0.0803594515096915,0.115447635805612,81,9,"Flux-conserved",2954
"all",0.0803594515096915,0.115447635805612,81,9,"Flux-conserved",2954
"interior",0.0692224136468859,0.0804147770996339,147,10,"Flux-conserved",2954
"all",0.0692224136468859,0.0804147770996339,147,10,"Flux-conserved",2954
"interior",0.0548722955618135,0.140382685552316,60,11,"Flux-conserved",2954
"all",0.0548722955618135,0.140382685552316,60,11,"Flux-conserved",2954
"interior",0.0818058085738369,0.11451308240149,99,12,"Flux-conserved",2954
"all",0.0818058085738369,0.11451308240149,99,12,"Flux-conserved",2954
"interior",0.0763444214540835,0.175040478761755,61,13,"Flux-conserved",2954
"all",0.0763444214540835,0.175040478761755,61,13,"Flux-conserved",2954
"interior",0.0955119042910151,0.129775411293132,93,14,"Flux-conserved",2954
"all",0.0955119042910151,0.129775411293132,93,14,"Flux-conserved",2954
"interior",-0.0196340174075958,0.0770657228318037,62,15,"Flux-conserved",2954
"leaf-incident",0.339243631234184,0.339243631234184,1,15,"Flux-conserved",2954
"all",-0.0139375467942343,0.0812272769334288,63,15,"Flux-conserved",2954
"interior",0.00364534107710797,0.0602098069359679,97,16,"Flux-conserved",2954
"all",0.00364534107710797,0.0602098069359679,97,16,"Flux-conserved",2954
"interior",0.0269956896292336,0.100604920780151,76,17,"Flux-conserved",2954
"all",0.0269956896292336,0.100604920780151,76,17,"Flux-conserved",2954
"interior",0.0932122338990544,0.114433506981946,122,18,"Flux-conserved",2954
"all",0.0932122338990544,0.114433506981946,122,18,"Flux-conserved",2954
"interior",0.0338242247415797,0.081949348610941,124,19,"Flux-conserved",2954
"all",0.0338242247415797,0.081949348610941,124,19,"Flux-conserved",2954
"interior",-0.0364037312628926,0.0830562397894174,69,20,"Flux-conserved",2954
"all",-0.0364037312628926,0.0830562397894174,69,20,"Flux-conserved",2954
"interior",0.174314830308997,0.22729222605044,68,21,"Flux-conserved",2954
"all",0.174314830308997,0.22729222605044,68,21,"Flux-conserved",2954
"interior",-0.0649308227087832,0.0888384501873398,24,22,"Flux-conserved",2954
"leaf-incident",0.781065088757396,0.923076923076923,13,22,"Flux-conserved",2954
"all",0.232310984022577,0.381949264986383,37,22,"Flux-conserved",2954
"interior",0.00266424812938408,0.0988881125969261,52,23,"Flux-conserved",2954
"all",0.00266424812938408,0.0988881125969261,52,23,"Flux-conserved",2954
"interior",0.0171548160695293,0.0463121855534723,144,24,"Flux-conserved",2954
"all",0.0171548160695293,0.0463121855534723,144,24,"Flux-conserved",2954
"interior",-0.0727258498443488,0.133723173205471,23,25,"Flux-conserved",2954
"leaf-incident",0.900000015042707,0.900000015042707,10,25,"Flux-conserved",2954
"all",0.222039563757789,0.365928276792512,33,25,"Flux-conserved",2954
"interior",-0.0210805707895757,0.0677366617578793,63,26,"Flux-conserved",2954
"all",-0.0210805707895757,0.0677366617578793,63,26,"Flux-conserved",2954
"interior",0.113204810850089,0.178622445939024,69,27,"Flux-conserved",2954
"all",0.113204810850089,0.178622445939024,69,27,"Flux-conserved",2954
"interior",0.00906280769615259,0.109185824337715,78,28,"Flux-conserved",2954
"all",0.00906280769615259,0.109185824337715,78,28,"Flux-conserved",2954
"interior",0.0409706755286362,0.101642736731785,97,29,"Flux-conserved",2954
"all",0.0409706755286362,0.101642736731785,97,29,"Flux-conserved",2954
"interior",0.075245613886449,0.202413582671219,39,30,"Flux-conserved",2954
"all",0.075245613886449,0.202413582671219,39,30,"Flux-conserved",2954
"interior",0.0301545972969233,0.143245038866046,63,31,"Flux-conserved",2954
"all",0.0301545972969233,0.143245038866046,63,31,"Flux-conserved",2954
"interior",-0.0499030770395507,0.120111563352987,40,32,"Flux-conserved",2954
"leaf-incident",0.801355218927076,0.801355218927076,3,32,"Flux-conserved",2954
"all",0.0094870366325395,0.167640190486063,43,32,"Flux-conserved",2954
"interior",-0.0571177588546652,0.135354999498051,36,33,"Flux-conserved",2954
"all",-0.0571177588546652,0.135354999498051,36,33,"Flux-conserved",2954
"interior",0.0685709821340331,0.109244252109853,126,34,"Flux-conserved",2954
"all",0.0685709821340331,0.109244252109853,126,34,"Flux-conserved",2954
"interior",-0.0540050845162528,0.0855483951213183,52,35,"Flux-conserved",2954
"leaf-incident",0.598687660112453,0.598687660112453,1,35,"Flux-conserved",2954
"all",-0.0416901270704282,0.0952302680456794,53,35,"Flux-conserved",2954
"interior",-0.0239708091852645,0.101089480903756,49,36,"Flux-conserved",2954
"all",-0.0239708091852645,0.101089480903756,49,36,"Flux-conserved",2954
"interior",0.0358725548148557,0.0989938344688972,119,37,"Flux-conserved",2954
"all",0.0358725548148557,0.0989938344688972,119,37,"Flux-conserved",2954
"interior",0.0529441726684156,0.116557261161207,78,38,"Flux-conserved",2954
"all",0.0529441726684156,0.116557261161207,78,38,"Flux-conserved",2954
"interior",-0.0134348476697805,0.0643691722054149,72,39,"Flux-conserved",2954
"all",-0.0134348476697805,0.0643691722054149,72,39,"Flux-conserved",2954
"interior",-0.0188262448253206,0.126199031656348,62,40,"Flux-conserved",2954
"all",-0.0188262448253206,0.126199031656348,62,40,"Flux-conserved",2954
"interior",-0.0334391692733363,0.0974585155540699,35,41,"Flux-conserved",2954
"leaf-incident",0.750137136113775,0.750137136113775,4,41,"Flux-conserved",2954
"all",0.0469276312791879,0.164399912534552,39,41,"Flux-conserved",2954
"interior",0.0629102672849302,0.111471824374863,85,42,"Flux-conserved",2954
"all",0.0629102672849302,0.111471824374863,85,42,"Flux-conserved",2954
"interior",0.0626894711911853,0.142027575322117,66,43,"Flux-conserved",2954
"all",0.0626894711911853,0.142027575322117,66,43,"Flux-conserved",2954
"interior",0.106899356043424,0.125237144849217,119,44,"Flux-conserved",2954
"all",0.106899356043424,0.125237144849217,119,44,"Flux-conserved",2954
"interior",0.0837762863518304,0.113322384418186,93,45,"Flux-conserved",2954
"all",0.0837762863518304,0.113322384418186,93,45,"Flux-conserved",2954
"interior",-0.0257013615467575,0.0819949494118549,36,46,"Flux-conserved",2954
"leaf-incident",0.875147735861489,0.875147735861489,8,46,"Flux-conserved",2954
"all",0.13808938343656,0.226204546948152,44,46,"Flux-conserved",2954
"interior",0.066279768392553,0.195627542690365,46,47,"Flux-conserved",2954
"all",0.066279768392553,0.195627542690365,46,47,"Flux-conserved",2954
"interior",-0.00931103946329956,0.092092206971832,54,48,"Flux-conserved",2954
"all",-0.00931103946329956,0.092092206971832,54,48,"Flux-conserved",2954
"interior",0.138335679177343,0.22615137133638,51,49,"Flux-conserved",2954
"all",0.138335679177343,0.22615137133638,51,49,"Flux-conserved",2954
"interior",0.00539886804964007,0.110310819680438,55,50,"Flux-conserved",2954
"leaf-incident",-0.200268771555921,0.200268771555921,1,50,"Flux-conserved",2954
"all",0.00172623162811218,0.111917211678215,56,50,"Flux-conserved",2954
"interior",-0.0218424025750639,0.0537128051836368,74,1,"Rate-conserved",2954
"all",-0.0218424025750639,0.0537128051836368,74,1,"Rate-conserved",2954
"interior",-0.000822775587943306,0.0713918333999487,85,2,"Rate-conserved",2954
"all",-0.000822775587943306,0.0713918333999487,85,2,"Rate-conserved",2954
"interior",-0.0288859921971353,0.0523617603384995,73,3,"Rate-conserved",2954
"leaf-incident",0.754996042895037,0.754996042895037,4,3,"Rate-conserved",2954
"all",0.0118351524829776,0.0888622425492287,77,3,"Rate-conserved",2954
"interior",-0.0252245974072288,0.0424190367756017,101,4,"Rate-conserved",2954
"all",-0.0252245974072288,0.0424190367756017,101,4,"Rate-conserved",2954
"interior",-0.019808737967725,0.0628395180772205,69,5,"Rate-conserved",2954
"all",-0.019808737967725,0.0628395180772205,69,5,"Rate-conserved",2954
"interior",-0.0178609566155271,0.0556499087286803,85,6,"Rate-conserved",2954
"all",-0.0178609566155271,0.0556499087286803,85,6,"Rate-conserved",2954
"interior",-0.0177815100010933,0.0612156544473322,77,7,"Rate-conserved",2954
"all",-0.0177815100010933,0.0612156544473322,77,7,"Rate-conserved",2954
"interior",0.0142019442050519,0.0849037797959643,61,8,"Rate-conserved",2954
"all",0.0142019442050519,0.0849037797959643,61,8,"Rate-conserved",2954
"interior",-0.0136732258291292,0.0401464057134259,102,9,"Rate-conserved",2954
"all",-0.0136732258291292,0.0401464057134259,102,9,"Rate-conserved",2954
"interior",0.069570620179241,0.120860661592505,74,10,"Rate-conserved",2954
"all",0.069570620179241,0.120860661592505,74,10,"Rate-conserved",2954
"interior",-0.00425880990636227,0.0395558438069968,115,11,"Rate-conserved",2954
"all",-0.00425880990636227,0.0395558438069968,115,11,"Rate-conserved",2954
"interior",-0.0337466661210273,0.0492354907572402,80,12,"Rate-conserved",2954
"leaf-incident",-0.40480927905033,0.40480927905033,1,12,"Rate-conserved",2954
"all",-0.0383276860337347,0.0536252906127104,81,12,"Rate-conserved",2954
"interior",-0.0113821907970477,0.0479242675588077,101,13,"Rate-conserved",2954
"all",-0.0113821907970477,0.0479242675588077,101,13,"Rate-conserved",2954
"interior",-0.0255717888637683,0.0485678265766467,90,14,"Rate-conserved",2954
"all",-0.0255717888637683,0.0485678265766467,90,14,"Rate-conserved",2954
"interior",-0.0125046943340904,0.0373850466293267,81,15,"Rate-conserved",2954
"all",-0.0125046943340904,0.0373850466293267,81,15,"Rate-conserved",2954
"interior",-0.0173734948822102,0.0453996978541873,98,16,"Rate-conserved",2954
"all",-0.0173734948822102,0.0453996978541873,98,16,"Rate-conserved",2954
"interior",-0.0119347712618743,0.037442266805966,77,17,"Rate-conserved",2954
"leaf-incident",0.202875068918684,0.202875068918684,1,17,"Rate-conserved",2954
"all",-0.00918079895186718,0.0395632001663854,78,17,"Rate-conserved",2954
"interior",0.0344563922905326,0.0910779756379965,82,18,"Rate-conserved",2954
"all",0.0344563922905326,0.0910779756379965,82,18,"Rate-conserved",2954
"interior",-0.0370933297914883,0.0563254379272607,77,19,"Rate-conserved",2954
"all",-0.0370933297914883,0.0563254379272607,77,19,"Rate-conserved",2954
"interior",-0.0379668149127505,0.0714288860525827,60,20,"Rate-conserved",2954
"all",-0.0379668149127505,0.0714288860525827,60,20,"Rate-conserved",2954
"interior",-0.0422780766837362,0.0691749766546264,77,21,"Rate-conserved",2954
"all",-0.0422780766837362,0.0691749766546264,77,21,"Rate-conserved",2954
"interior",-0.0181554185316197,0.0663982630083722,83,22,"Rate-conserved",2954
"all",-0.0181554185316197,0.0663982630083722,83,22,"Rate-conserved",2954
"interior",-0.0281476511144006,0.0488342777504099,76,23,"Rate-conserved",2954
"all",-0.0281476511144006,0.0488342777504099,76,23,"Rate-conserved",2954
"interior",-0.0303847801709919,0.0470004049819922,75,24,"Rate-conserved",2954
"all",-0.0303847801709919,0.0470004049819922,75,24,"Rate-conserved",2954
"interior",-0.0184598311081004,0.0427063319461179,82,25,"Rate-conserved",2954
"all",-0.0184598311081004,0.0427063319461179,82,25,"Rate-conserved",2954
"interior",0.00311366711904012,0.0752720836478494,57,26,"Rate-conserved",2954
"all",0.00311366711904012,0.0752720836478494,57,26,"Rate-conserved",2954
"interior",-0.0291159689003509,0.050126889383273,76,27,"Rate-conserved",2954
"all",-0.0291159689003509,0.050126889383273,76,27,"Rate-conserved",2954
"interior",-0.0299100398284216,0.0613864542605189,78,28,"Rate-conserved",2954
"all",-0.0299100398284216,0.0613864542605189,78,28,"Rate-conserved",2954
"interior",-0.0121587236739173,0.047846529529276,68,29,"Rate-conserved",2954
"all",-0.0121587236739173,0.047846529529276,68,29,"Rate-conserved",2954
"interior",6.42646085067508e-05,0.0624519453668523,66,30,"Rate-conserved",2954
"leaf-incident",0.206371295179833,0.206371295179833,1,30,"Rate-conserved",2954
"all",0.00314347402001909,0.0645999953640609,67,30,"Rate-conserved",2954
"interior",-0.0344876255403125,0.0559145947999204,75,31,"Rate-conserved",2954
"all",-0.0344876255403125,0.0559145947999204,75,31,"Rate-conserved",2954
"interior",-0.031579777189099,0.0551053442376847,73,32,"Rate-conserved",2954
"all",-0.031579777189099,0.0551053442376847,73,32,"Rate-conserved",2954
"interior",-0.0477791972475549,0.06289374618113,68,33,"Rate-conserved",2954
"all",-0.0477791972475549,0.06289374618113,68,33,"Rate-conserved",2954
"interior",-0.00866436132802676,0.0397705812297728,89,34,"Rate-conserved",2954
"all",-0.00866436132802676,0.0397705812297728,89,34,"Rate-conserved",2954
"interior",-0.010672409544908,0.0363164478818176,77,35,"Rate-conserved",2954
"all",-0.010672409544908,0.0363164478818176,77,35,"Rate-conserved",2954
"interior",-0.0201222414502594,0.0513754953048136,71,36,"Rate-conserved",2954
"all",-0.0201222414502594,0.0513754953048136,71,36,"Rate-conserved",2954
"interior",-0.0289290496006579,0.0510527280687553,92,37,"Rate-conserved",2954
"all",-0.0289290496006579,0.0510527280687553,92,37,"Rate-conserved",2954
"interior",-0.0269819772118363,0.0581131293485633,50,38,"Rate-conserved",2954
"leaf-incident",0.486998336956925,0.486998336956925,1,38,"Rate-conserved",2954
"all",-0.0169039318359782,0.066522643223237,51,38,"Rate-conserved",2954
"interior",-0.0276929414229086,0.0478261007748219,88,39,"Rate-conserved",2954
"all",-0.0276929414229086,0.0478261007748219,88,39,"Rate-conserved",2954
"interior",-0.0144230281110094,0.0530913223074645,80,40,"Rate-conserved",2954
"all",-0.0144230281110094,0.0530913223074645,80,40,"Rate-conserved",2954
"interior",-0.0289347189370895,0.0794321407647255,60,41,"Rate-conserved",2954
"all",-0.0289347189370895,0.0794321407647255,60,41,"Rate-conserved",2954
"interior",-0.0158083049821001,0.0430550274877852,64,42,"Rate-conserved",2954
"leaf-incident",0.636617480221062,0.636617480221062,2,42,"Rate-conserved",2954
"all",0.00396217335738965,0.0610417684797027,66,42,"Rate-conserved",2954
"interior",-0.0294256522188994,0.0636168216269571,65,43,"Rate-conserved",2954
"leaf-incident",0.685200976665315,0.685200976665315,1,43,"Rate-conserved",2954
"all",-0.018597976023684,0.0730347633699625,66,43,"Rate-conserved",2954
"interior",-0.0331978371442734,0.0866194535868332,63,44,"Rate-conserved",2954
"all",-0.0331978371442734,0.0866194535868332,63,44,"Rate-conserved",2954
"interior",-0.0277917908598815,0.0549995468340036,89,45,"Rate-conserved",2954
"all",-0.0277917908598815,0.0549995468340036,89,45,"Rate-conserved",2954
"interior",-0.0243949360902988,0.0605741456777625,65,46,"Rate-conserved",2954
"leaf-incident",0.720554364032025,0.720554364032025,3,46,"Rate-conserved",2954
"all",0.00847047420921544,0.0896909200169212,68,46,"Rate-conserved",2954
"interior",-0.0141972328511627,0.0398070870999635,99,47,"Rate-conserved",2954
"all",-0.0141972328511627,0.0398070870999635,99,47,"Rate-conserved",2954
"interior",-0.0250215998192024,0.064624103670769,62,48,"Rate-conserved",2954
"all",-0.0250215998192024,0.064624103670769,62,48,"Rate-conserved",2954
"interior",-0.0112716131999646,0.0371759192781521,112,49,"Rate-conserved",2954
"all",-0.0112716131999646,0.0371759192781521,112,49,"Rate-conserved",2954
"interior",-0.0240326071757922,0.042430316574026,93,50,"Rate-conserved",2954
"all",-0.0240326071757922,0.042430316574026,93,50,"Rate-conserved",2954
"interior",-0.0124518669467178,0.0326477452126856,97,1,"Isotropic",2999
"all",-0.0124518669467178,0.0326477452126856,97,1,"Isotropic",2999
"interior",0.00305427886663763,0.0388147668126124,89,2,"Isotropic",2999
"all",0.00305427886663763,0.0388147668126124,89,2,"Isotropic",2999
"interior",-0.00034384973279784,0.0295124086308617,113,3,"Isotropic",2999
"all",-0.00034384973279784,0.0295124086308617,113,3,"Isotropic",2999
"interior",-0.00346118765999575,0.0298651261359166,128,4,"Isotropic",2999
"all",-0.00346118765999575,0.0298651261359166,128,4,"Isotropic",2999
"interior",0.0084969593040458,0.0311943247362144,87,5,"Isotropic",2999
"all",0.0084969593040458,0.0311943247362144,87,5,"Isotropic",2999
"interior",-0.00904068887450571,0.0281112835559496,113,6,"Isotropic",2999
"all",-0.00904068887450571,0.0281112835559496,113,6,"Isotropic",2999
"interior",-0.000102287567064545,0.0401077124850674,86,7,"Isotropic",2999
"all",-0.000102287567064545,0.0401077124850674,86,7,"Isotropic",2999
"interior",0.00143424482585746,0.0282320106683497,88,8,"Isotropic",2999
"all",0.00143424482585746,0.0282320106683497,88,8,"Isotropic",2999
"interior",0.000478198444786656,0.0281368159462912,104,9,"Isotropic",2999
"all",0.000478198444786656,0.0281368159462912,104,9,"Isotropic",2999
"interior",-0.0148594720624418,0.031276353871484,94,10,"Isotropic",2999
"all",-0.0148594720624418,0.031276353871484,94,10,"Isotropic",2999
"interior",-0.00123362927223589,0.0198991280623294,129,11,"Isotropic",2999
"all",-0.00123362927223589,0.0198991280623294,129,11,"Isotropic",2999
"interior",-0.00420019914693323,0.0306933038922351,103,12,"Isotropic",2999
"all",-0.00420019914693323,0.0306933038922351,103,12,"Isotropic",2999
"interior",-0.00230062609673994,0.0243392949375477,87,13,"Isotropic",2999
"all",-0.00230062609673994,0.0243392949375477,87,13,"Isotropic",2999
"interior",0.00309466866299328,0.03607329244098,96,14,"Isotropic",2999
"all",0.00309466866299328,0.03607329244098,96,14,"Isotropic",2999
"interior",-0.00460704947666392,0.0413899485346121,87,15,"Isotropic",2999
"all",-0.00460704947666392,0.0413899485346121,87,15,"Isotropic",2999
"interior",-0.00133267175279539,0.0426722913820847,99,16,"Isotropic",2999
"all",-0.00133267175279539,0.0426722913820847,99,16,"Isotropic",2999
"interior",0.00531479422272116,0.0346507485736368,97,17,"Isotropic",2999
"all",0.00531479422272116,0.0346507485736368,97,17,"Isotropic",2999
"interior",-0.00174942035057479,0.0363805686367509,84,18,"Isotropic",2999
"all",-0.00174942035057479,0.0363805686367509,84,18,"Isotropic",2999
"interior",-0.00165412573718085,0.030636441556192,93,19,"Isotropic",2999
"all",-0.00165412573718085,0.030636441556192,93,19,"Isotropic",2999
"interior",-0.00915659285874644,0.0287950509967206,97,20,"Isotropic",2999
"all",-0.00915659285874644,0.0287950509967206,97,20,"Isotropic",2999
"interior",-8.18076540184325e-05,0.027450450882668,119,21,"Isotropic",2999
"all",-8.18076540184325e-05,0.027450450882668,119,21,"Isotropic",2999
"interior",0.00010030184566058,0.0293909782422093,89,22,"Isotropic",2999
"all",0.00010030184566058,0.0293909782422093,89,22,"Isotropic",2999
"interior",0.00323518667503146,0.0306648355323695,95,23,"Isotropic",2999
"all",0.00323518667503146,0.0306648355323695,95,23,"Isotropic",2999
"interior",0.00381177362728939,0.0308051870725821,92,24,"Isotropic",2999
"all",0.00381177362728939,0.0308051870725821,92,24,"Isotropic",2999
"interior",0.00738336558838058,0.0294874894729584,113,25,"Isotropic",2999
"all",0.00738336558838058,0.0294874894729584,113,25,"Isotropic",2999
"interior",0.00867046819917357,0.0283171494767021,123,26,"Isotropic",2999
"all",0.00867046819917357,0.0283171494767021,123,26,"Isotropic",2999
"interior",-0.00123128360623745,0.0335363618418355,86,27,"Isotropic",2999
"all",-0.00123128360623745,0.0335363618418355,86,27,"Isotropic",2999
"interior",0.00188299423625318,0.0324753615416484,89,28,"Isotropic",2999
"all",0.00188299423625318,0.0324753615416484,89,28,"Isotropic",2999
"interior",0.00151090206100183,0.0330132113419505,86,29,"Isotropic",2999
"all",0.00151090206100183,0.0330132113419505,86,29,"Isotropic",2999
"interior",0.0105116038344328,0.0424425117613697,88,30,"Isotropic",2999
"all",0.0105116038344328,0.0424425117613697,88,30,"Isotropic",2999
"interior",0.00239878786052597,0.0358930885811989,96,31,"Isotropic",2999
"all",0.00239878786052597,0.0358930885811989,96,31,"Isotropic",2999
"interior",0.0077076660351154,0.0349650187854155,91,32,"Isotropic",2999
"all",0.0077076660351154,0.0349650187854155,91,32,"Isotropic",2999
"interior",0.0041273374535947,0.0282988765568366,118,33,"Isotropic",2999
"all",0.0041273374535947,0.0282988765568366,118,33,"Isotropic",2999
"interior",0.00602975046413651,0.0352149988860573,88,34,"Isotropic",2999
"all",0.00602975046413651,0.0352149988860573,88,34,"Isotropic",2999
"interior",-0.0100612556432839,0.0333790649544271,91,35,"Isotropic",2999
"all",-0.0100612556432839,0.0333790649544271,91,35,"Isotropic",2999
"interior",0.0025574549496731,0.0378247761035557,93,36,"Isotropic",2999
"all",0.0025574549496731,0.0378247761035557,93,36,"Isotropic",2999
"interior",0.00136027278583966,0.0300417243996123,109,37,"Isotropic",2999
"all",0.00136027278583966,0.0300417243996123,109,37,"Isotropic",2999
"interior",0.00442816794226105,0.031361537080656,106,38,"Isotropic",2999
"all",0.00442816794226105,0.031361537080656,106,38,"Isotropic",2999
"interior",0.0134433456466309,0.0461477330600761,70,39,"Isotropic",2999
"all",0.0134433456466309,0.0461477330600761,70,39,"Isotropic",2999
"interior",0.0115030704242137,0.039773402107625,87,40,"Isotropic",2999
"all",0.0115030704242137,0.039773402107625,87,40,"Isotropic",2999
"interior",0.00135433054632784,0.0381275075404664,85,41,"Isotropic",2999
"all",0.00135433054632784,0.0381275075404664,85,41,"Isotropic",2999
"interior",0.006496679416498,0.0301094317510048,99,42,"Isotropic",2999
"all",0.006496679416498,0.0301094317510048,99,42,"Isotropic",2999
"interior",-0.00205546674668347,0.0327392485740857,109,43,"Isotropic",2999
"all",-0.00205546674668347,0.0327392485740857,109,43,"Isotropic",2999
"interior",0.00227710596819345,0.0333937659002458,103,44,"Isotropic",2999
"all",0.00227710596819345,0.0333937659002458,103,44,"Isotropic",2999
"interior",-0.00665237706241265,0.0437088376458674,77,45,"Isotropic",2999
"all",-0.00665237706241265,0.0437088376458674,77,45,"Isotropic",2999
"interior",-0.00432748931492251,0.0328902507038062,98,46,"Isotropic",2999
"all",-0.00432748931492251,0.0328902507038062,98,46,"Isotropic",2999
"interior",0.00550076582687486,0.0314957312437857,102,47,"Isotropic",2999
"all",0.00550076582687486,0.0314957312437857,102,47,"Isotropic",2999
"interior",-0.00419036035132787,0.0238744518668649,107,48,"Isotropic",2999
"all",-0.00419036035132787,0.0238744518668649,107,48,"Isotropic",2999
"interior",0.00510918633292866,0.0310500948355667,102,49,"Isotropic",2999
"all",0.00510918633292866,0.0310500948355667,102,49,"Isotropic",2999
"interior",0.00849661838887221,0.0314097885755314,104,50,"Isotropic",2999
"all",0.00849661838887221,0.0314097885755314,104,50,"Isotropic",2999
"interior",0.0749102526788594,0.0912001521484592,102,1,"Flux-conserved",2999
"all",0.0749102526788594,0.0912001521484592,102,1,"Flux-conserved",2999
"interior",0.120986947537631,0.145564445751845,104,2,"Flux-conserved",2999
"all",0.120986947537631,0.145564445751845,104,2,"Flux-conserved",2999
"interior",0.0809072474714467,0.120886458298035,100,3,"Flux-conserved",2999
"all",0.0809072474714467,0.120886458298035,100,3,"Flux-conserved",2999
"interior",0.077114674439509,0.0910218748410718,139,4,"Flux-conserved",2999
"all",0.077114674439509,0.0910218748410718,139,4,"Flux-conserved",2999
"interior",0.0861995838976329,0.135767717307746,74,5,"Flux-conserved",2999
"all",0.0861995838976329,0.135767717307746,74,5,"Flux-conserved",2999
"interior",0.0537124495643715,0.0803974537278328,120,6,"Flux-conserved",2999
"all",0.0537124495643715,0.0803974537278328,120,6,"Flux-conserved",2999
"interior",0.0790591792151998,0.0989846575779894,119,7,"Flux-conserved",2999
"all",0.0790591792151998,0.0989846575779894,119,7,"Flux-conserved",2999
"interior",0.0387123382596887,0.0812142297430007,124,8,"Flux-conserved",2999
"all",0.0387123382596887,0.0812142297430007,124,8,"Flux-conserved",2999
"interior",0.0575752434364956,0.110270871804182,78,9,"Flux-conserved",2999
"all",0.0575752434364956,0.110270871804182,78,9,"Flux-conserved",2999
"interior",0.109477130020016,0.119926079990964,115,10,"Flux-conserved",2999
"all",0.109477130020016,0.119926079990964,115,10,"Flux-conserved",2999
"interior",0.000118472104362758,0.147900181190079,56,11,"Flux-conserved",2999
"all",0.000118472104362758,0.147900181190079,56,11,"Flux-conserved",2999
"interior",0.123230987998984,0.176733015681185,81,12,"Flux-conserved",2999
"all",0.123230987998984,0.176733015681185,81,12,"Flux-conserved",2999
"interior",0.0535585843767504,0.0932206124060037,101,13,"Flux-conserved",2999
"all",0.0535585843767504,0.0932206124060037,101,13,"Flux-conserved",2999
"interior",0.0744851329372907,0.0916514154718719,140,14,"Flux-conserved",2999
"all",0.0744851329372907,0.0916514154718719,140,14,"Flux-conserved",2999
"interior",0.0127743609116624,0.102209659081481,85,15,"Flux-conserved",2999
"all",0.0127743609116624,0.102209659081481,85,15,"Flux-conserved",2999
"interior",0.0140599138680999,0.0926953430212937,71,16,"Flux-conserved",2999
"all",0.0140599138680999,0.0926953430212937,71,16,"Flux-conserved",2999
"interior",0.0493728803418992,0.116669101548708,78,17,"Flux-conserved",2999
"all",0.0493728803418992,0.116669101548708,78,17,"Flux-conserved",2999
"interior",0.0667176829669529,0.0739672441942547,157,18,"Flux-conserved",2999
"all",0.0667176829669529,0.0739672441942547,157,18,"Flux-conserved",2999
"interior",0.0449466061797678,0.0633527442854162,162,19,"Flux-conserved",2999
"all",0.0449466061797678,0.0633527442854162,162,19,"Flux-conserved",2999
"interior",0.0310345588586623,0.135403333373505,64,20,"Flux-conserved",2999
"all",0.0310345588586623,0.135403333373505,64,20,"Flux-conserved",2999
"interior",0.0974387299372806,0.140756836333039,93,21,"Flux-conserved",2999
"all",0.0974387299372806,0.140756836333039,93,21,"Flux-conserved",2999
"interior",0.0803161793014775,0.0928643567079241,131,22,"Flux-conserved",2999
"all",0.0803161793014775,0.0928643567079241,131,22,"Flux-conserved",2999
"interior",-0.0237187858291093,0.0878671049752598,43,23,"Flux-conserved",2999
"leaf-incident",0.155472597156319,0.155472597156319,1,23,"Flux-conserved",2999
"all",-0.0196462543976223,0.0894035934339202,44,23,"Flux-conserved",2999
"interior",0.0490586695320554,0.092583243974957,87,24,"Flux-conserved",2999
"all",0.0490586695320554,0.092583243974957,87,24,"Flux-conserved",2999
"interior",0.175055023468902,0.27591620863643,44,25,"Flux-conserved",2999
"all",0.175055023468902,0.27591620863643,44,25,"Flux-conserved",2999
"interior",-0.00396108191743793,0.0919948958085911,64,26,"Flux-conserved",2999
"all",-0.00396108191743793,0.0919948958085911,64,26,"Flux-conserved",2999
"interior",0.161159816551008,0.21091254478517,62,27,"Flux-conserved",2999
"all",0.161159816551008,0.21091254478517,62,27,"Flux-conserved",2999
"interior",0.0182387532361593,0.0792455467561905,110,28,"Flux-conserved",2999
"all",0.0182387532361593,0.0792455467561905,110,28,"Flux-conserved",2999
"interior",0.017369073755416,0.0643069719796924,128,29,"Flux-conserved",2999
"all",0.017369073755416,0.0643069719796924,128,29,"Flux-conserved",2999
"interior",0.0480440245706049,0.267109178321646,38,30,"Flux-conserved",2999
"all",0.0480440245706049,0.267109178321646,38,30,"Flux-conserved",2999
"interior",0.0163624803975263,0.0456959447193197,137,31,"Flux-conserved",2999
"all",0.0163624803975263,0.0456959447193197,137,31,"Flux-conserved",2999
"interior",0.00957175248753134,0.0725600568210563,92,32,"Flux-conserved",2999
"all",0.00957175248753134,0.0725600568210563,92,32,"Flux-conserved",2999
"interior",-0.0227718712985426,0.0958098798224127,37,33,"Flux-conserved",2999
"leaf-incident",0.136325112285114,0.136325112285114,1,33,"Flux-conserved",2999
"all",-0.0185851085726569,0.0968760701503785,38,33,"Flux-conserved",2999
"interior",0.15828295421177,0.203667727215818,83,34,"Flux-conserved",2999
"all",0.15828295421177,0.203667727215818,83,34,"Flux-conserved",2999
"interior",-0.0374860824535605,0.0741268640457396,68,35,"Flux-conserved",2999
"all",-0.0374860824535605,0.0741268640457396,68,35,"Flux-conserved",2999
"interior",0.00986757928321832,0.126230866144187,42,36,"Flux-conserved",2999
"all",0.00986757928321832,0.126230866144187,42,36,"Flux-conserved",2999
"interior",0.0237584481250849,0.0660640528331017,151,37,"Flux-conserved",2999
"all",0.0237584481250849,0.0660640528331017,151,37,"Flux-conserved",2999
"interior",0.05014797355522,0.142500026442212,64,38,"Flux-conserved",2999
"all",0.05014797355522,0.142500026442212,64,38,"Flux-conserved",2999
"interior",-0.0326596915186666,0.108325307601012,52,39,"Flux-conserved",2999
"all",-0.0326596915186666,0.108325307601012,52,39,"Flux-conserved",2999
"interior",0.0801615091558712,0.148446364175543,87,40,"Flux-conserved",2999
"all",0.0801615091558712,0.148446364175543,87,40,"Flux-conserved",2999
"interior",0.0455191881289712,0.128825439338505,60,41,"Flux-conserved",2999
"all",0.0455191881289712,0.128825439338505,60,41,"Flux-conserved",2999
"interior",0.118594283982254,0.254947189967305,43,42,"Flux-conserved",2999
"all",0.118594283982254,0.254947189967305,43,42,"Flux-conserved",2999
"interior",0.0740265907654884,0.153683336794671,78,43,"Flux-conserved",2999
"all",0.0740265907654884,0.153683336794671,78,43,"Flux-conserved",2999
"interior",0.179250151956471,0.193583432208208,88,44,"Flux-conserved",2999
"all",0.179250151956471,0.193583432208208,88,44,"Flux-conserved",2999
"interior",0.0955759669098365,0.111854884067355,94,45,"Flux-conserved",2999
"all",0.0955759669098365,0.111854884067355,94,45,"Flux-conserved",2999
"interior",-0.0505937193229838,0.0923269978286984,47,46,"Flux-conserved",2999
"leaf-incident",0.85752816679397,0.85752816679397,7,46,"Flux-conserved",2999
"all",0.0671257844329176,0.191519741953826,54,46,"Flux-conserved",2999
"interior",0.0534987333574743,0.094481815475279,79,47,"Flux-conserved",2999
"all",0.0534987333574743,0.094481815475279,79,47,"Flux-conserved",2999
"interior",0.004092852617224,0.0828401781427893,48,48,"Flux-conserved",2999
"leaf-incident",0.5,0.5,1,48,"Flux-conserved",2999
"all",0.0142134066454439,0.0913536438949773,49,48,"Flux-conserved",2999
"interior",0.170952669985624,0.244161884377244,53,49,"Flux-conserved",2999
"all",0.170952669985624,0.244161884377244,53,49,"Flux-conserved",2999
"interior",-0.0166417475202039,0.0951652123542228,47,50,"Flux-conserved",2999
"leaf-incident",-0.660756368765821,0.660756368765821,1,50,"Flux-conserved",2999
"all",-0.0300608021294876,0.106948361446131,48,50,"Flux-conserved",2999
"interior",-0.0027849766167435,0.0448969216344704,81,1,"Rate-conserved",2999
"all",-0.0027849766167435,0.0448969216344704,81,1,"Rate-conserved",2999
"interior",0.0526970432891365,0.10733250378773,73,2,"Rate-conserved",2999
"all",0.0526970432891365,0.10733250378773,73,2,"Rate-conserved",2999
"interior",-0.0154560564337445,0.0565104466376568,45,3,"Rate-conserved",2999
"leaf-incident",0.833333370554872,0.833333370554872,6,3,"Rate-conserved",2999
"all",0.084401523211975,0.147901378863212,51,3,"Rate-conserved",2999
"interior",-0.024858536022713,0.0429138591239373,106,4,"Rate-conserved",2999
"all",-0.024858536022713,0.0429138591239373,106,4,"Rate-conserved",2999
"interior",-0.0333483801957621,0.0800063884199713,56,5,"Rate-conserved",2999
"all",-0.0333483801957621,0.0800063884199713,56,5,"Rate-conserved",2999
"interior",-0.0226051189313804,0.0560459464272908,74,6,"Rate-conserved",2999
"all",-0.0226051189313804,0.0560459464272908,74,6,"Rate-conserved",2999
"interior",-0.00415638483504414,0.0667700220060163,74,7,"Rate-conserved",2999
"all",-0.00415638483504414,0.0667700220060163,74,7,"Rate-conserved",2999
"interior",-0.0267287595134156,0.0489364969710672,44,8,"Rate-conserved",2999
"leaf-incident",0.800025643852766,0.800025643852766,5,8,"Rate-conserved",2999
"all",0.0576339347076233,0.125578246652873,49,8,"Rate-conserved",2999
"interior",-0.0165267701258591,0.054861272451794,83,9,"Rate-conserved",2999
"all",-0.0165267701258591,0.054861272451794,83,9,"Rate-conserved",2999
"interior",-0.021259330167971,0.0436134416670358,64,10,"Rate-conserved",2999
"leaf-incident",0.875,0.875,8,10,"Rate-conserved",2999
"all",0.0783250398506925,0.135989725926254,72,10,"Rate-conserved",2999
"interior",-0.0285613551462474,0.0821306638321735,70,11,"Rate-conserved",2999
"all",-0.0285613551462474,0.0821306638321735,70,11,"Rate-conserved",2999
"interior",-0.013447688268723,0.0542157413965,84,12,"Rate-conserved",2999
"all",-0.013447688268723,0.0542157413965,84,12,"Rate-conserved",2999
"interior",-0.0370839247965494,0.0702575249910004,70,13,"Rate-conserved",2999
"all",-0.0370839247965494,0.0702575249910004,70,13,"Rate-conserved",2999
"interior",-0.0332071467006491,0.0577662375415429,77,14,"Rate-conserved",2999
"all",-0.0332071467006491,0.0577662375415429,77,14,"Rate-conserved",2999
"interior",-0.0238477117911278,0.0465162504771583,64,15,"Rate-conserved",2999
"all",-0.0238477117911278,0.0465162504771583,64,15,"Rate-conserved",2999
"interior",-0.0149039860682254,0.0347944694255715,96,16,"Rate-conserved",2999
"all",-0.0149039860682254,0.0347944694255715,96,16,"Rate-conserved",2999
"interior",0.00221262093964488,0.0393478802757769,78,17,"Rate-conserved",2999
"all",0.00221262093964488,0.0393478802757769,78,17,"Rate-conserved",2999
"interior",0.0211910502400557,0.0853503134969515,91,18,"Rate-conserved",2999
"all",0.0211910502400557,0.0853503134969515,91,18,"Rate-conserved",2999
"interior",-0.0544701682755755,0.07879670002212,60,19,"Rate-conserved",2999
"leaf-incident",0.231475216500986,0.231475216500986,1,19,"Rate-conserved",2999
"all",-0.0497825390169434,0.0812996265217735,61,19,"Rate-conserved",2999
"interior",-0.00973360627880036,0.0654359852436554,68,20,"Rate-conserved",2999
"all",-0.00973360627880036,0.0654359852436554,68,20,"Rate-conserved",2999
"interior",-0.0369362819578485,0.0654260511183823,74,21,"Rate-conserved",2999
"leaf-incident",0.416905947496491,0.416905947496491,1,21,"Rate-conserved",2999
"all",-0.0308850522317906,0.0701124497367571,75,21,"Rate-conserved",2999
"interior",-0.0220505213331181,0.0535424418927959,82,22,"Rate-conserved",2999
"all",-0.0220505213331181,0.0535424418927959,82,22,"Rate-conserved",2999
"interior",-0.0276092591193307,0.0482029709440725,82,23,"Rate-conserved",2999
"all",-0.0276092591193307,0.0482029709440725,82,23,"Rate-conserved",2999
"interior",-0.0215678885356033,0.0566953453677112,72,24,"Rate-conserved",2999
"all",-0.0215678885356033,0.0566953453677112,72,24,"Rate-conserved",2999
"interior",-0.0100490931336316,0.0614126337516421,65,25,"Rate-conserved",2999
"all",-0.0100490931336316,0.0614126337516421,65,25,"Rate-conserved",2999
"interior",0.0134308267367026,0.0800117642777129,79,26,"Rate-conserved",2999
"all",0.0134308267367026,0.0800117642777129,79,26,"Rate-conserved",2999
"interior",-0.0336219894988784,0.0507497165816476,81,27,"Rate-conserved",2999
"all",-0.0336219894988784,0.0507497165816476,81,27,"Rate-conserved",2999
"interior",-0.0324164877855228,0.0697355385073428,73,28,"Rate-conserved",2999
"leaf-incident",0.130108474362998,0.130108474362998,1,28,"Rate-conserved",2999
"all",-0.0302202045132455,0.0705513889918787,74,28,"Rate-conserved",2999
"interior",-0.0173308531553403,0.0690779231641931,63,29,"Rate-conserved",2999
"all",-0.0173308531553403,0.0690779231641931,63,29,"Rate-conserved",2999
"interior",-0.0238571018443152,0.0634386524081556,72,30,"Rate-conserved",2999
"all",-0.0238571018443152,0.0634386524081556,72,30,"Rate-conserved",2999
"interior",-0.0251876794439486,0.0440144291866982,70,31,"Rate-conserved",2999
"all",-0.0251876794439486,0.0440144291866982,70,31,"Rate-conserved",2999
"interior",-0.0149798004296684,0.0674955627063,64,32,"Rate-conserved",2999
"all",-0.0149798004296684,0.0674955627063,64,32,"Rate-conserved",2999
"interior",-0.0236909811629128,0.0643852114534287,62,33,"Rate-conserved",2999
"all",-0.0236909811629128,0.0643852114534287,62,33,"Rate-conserved",2999
"interior",-0.00756616141692544,0.0348793147996842,94,34,"Rate-conserved",2999
"all",-0.00756616141692544,0.0348793147996842,94,34,"Rate-conserved",2999
"interior",-0.00799098057580259,0.0335019377630336,95,35,"Rate-conserved",2999
"all",-0.00799098057580259,0.0335019377630336,95,35,"Rate-conserved",2999
"interior",-0.0195210493598924,0.0494243695009535,79,36,"Rate-conserved",2999
"all",-0.0195210493598924,0.0494243695009535,79,36,"Rate-conserved",2999
"interior",-0.0199827922754666,0.0436436603972759,67,37,"Rate-conserved",2999
"all",-0.0199827922754666,0.0436436603972759,67,37,"Rate-conserved",2999
"interior",-0.0130148114077401,0.0598631551378701,68,38,"Rate-conserved",2999
"all",-0.0130148114077401,0.0598631551378701,68,38,"Rate-conserved",2999
"interior",-0.0175654829528717,0.0560084853244938,82,39,"Rate-conserved",2999
"all",-0.0175654829528717,0.0560084853244938,82,39,"Rate-conserved",2999
"interior",-0.00365081629221697,0.050938994483604,78,40,"Rate-conserved",2999
"all",-0.00365081629221697,0.050938994483604,78,40,"Rate-conserved",2999
"interior",-0.0311252562391398,0.0537913808000759,82,41,"Rate-conserved",2999
"all",-0.0311252562391398,0.0537913808000759,82,41,"Rate-conserved",2999
"interior",0.0196681106181159,0.0760988011203953,71,42,"Rate-conserved",2999
"all",0.0196681106181159,0.0760988011203953,71,42,"Rate-conserved",2999
"interior",-0.0216640663706197,0.0517463092122994,73,43,"Rate-conserved",2999
"all",-0.0216640663706197,0.0517463092122994,73,43,"Rate-conserved",2999
"interior",0.000655396300937415,0.0816230316587205,66,44,"Rate-conserved",2999
"all",0.000655396300937415,0.0816230316587205,66,44,"Rate-conserved",2999
"interior",-0.0152727627333519,0.0466577255340323,110,45,"Rate-conserved",2999
"all",-0.0152727627333519,0.0466577255340323,110,45,"Rate-conserved",2999
"interior",-0.0212497235350009,0.0751323963960047,76,46,"Rate-conserved",2999
"all",-0.0212497235350009,0.0751323963960047,76,46,"Rate-conserved",2999
"interior",-0.0256997939133983,0.0472004502468605,93,47,"Rate-conserved",2999
"all",-0.0256997939133983,0.0472004502468605,93,47,"Rate-conserved",2999
"interior",-0.0255563628027107,0.0584904555717231,84,48,"Rate-conserved",2999
"all",-0.0255563628027107,0.0584904555717231,84,48,"Rate-conserved",2999
"interior",-0.0233317383837342,0.0490228230597235,94,49,"Rate-conserved",2999
"all",-0.0233317383837342,0.0490228230597235,94,49,"Rate-conserved",2999
"interior",-0.0151015585842138,0.0391256247742139,95,50,"Rate-conserved",2999
"all",-0.0151015585842138,0.0391256247742139,95,50,"Rate-conserved",2999
