"from","to","delta","A_dm","replicate","scenario"
"Pop01","Pop02",-0.107611563815958,0.167091981145504,1,"Isotropic"
"Pop01","Pop03",-0.0875187568718636,0.316196747477738,1,"Isotropic"
"Pop01","Pop04",-0.0587529014885466,0.197168620764318,1,"Isotropic"
"Pop01","Pop05",-0.0361527544198545,0.409559403202579,1,"Isotropic"
"Pop01","Pop06",0.00357879687293622,0.307198241121827,1,"Isotropic"
"Pop01","Pop07",0.0128969582399355,0.0899850623841175,1,"Isotropic"
"Pop01","Pop08",-0.00519433110352326,0.190375508095863,1,"Isotropic"
"Pop01","Pop09",-0.00802466491958166,0.0853166253618861,1,"Isotropic"
"Pop01","Pop10",0.0127427902370609,0.045452126504244,1,"Isotropic"
"Pop01","Pop12",-0.023735346286604,0.0286689225525294,1,"Isotropic"
"Pop01","Pop14",-0.0167375538872794,0.0250381210144542,1,"Isotropic"
"Pop01","Pop25",-0.0547980424108225,0.0158181277837627,1,"Isotropic"
"Pop02","Pop03",0.0128019482283521,0.344859045827092,1,"Isotropic"
"Pop02","Pop04",0.0377135572980707,-0.011508362771066,1,"Isotropic"
"Pop02","Pop05",0.0545011026189517,0.0176814414069492,1,"Isotropic"
"Pop02","Pop16",-0.0281291501484386,0.0116270058400615,1,"Isotropic"
"Pop02","Pop19",-0.00806406735996369,0.0248937622881206,1,"Isotropic"
"Pop03","Pop04",0.00482668510102791,-0.0477393796466262,1,"Isotropic"
"Pop03","Pop05",0.00861273461873988,-0.0203309813148566,1,"Isotropic"
"Pop03","Pop06",0.0100677660877804,0.0255388370100588,1,"Isotropic"
"Pop03","Pop08",-0.0375905597153733,-0.00394690700622837,1,"Isotropic"
"Pop04","Pop05",0.019138817946205,0.0526899622392443,1,"Isotropic"
"Pop04","Pop07",0.0229225085209797,-0.00360053845454312,1,"Isotropic"
"Pop04","Pop08",-0.00776214111103644,-0.00354839718172403,1,"Isotropic"
"Pop04","Pop09",-0.0137029224000242,-0.0213325146828012,1,"Isotropic"
"Pop05","Pop06",0.0292841535503919,0.0548669859376069,1,"Isotropic"
"Pop05","Pop07",0.0333073218510668,-0.0044979039225824,1,"Isotropic"
"Pop05","Pop16",-0.0547051691840137,0.0154871473180388,1,"Isotropic"
"Pop05","Pop19",-0.0302089294244928,0.022216192863832,1,"Isotropic"
"Pop06","Pop07",0.0123686103371024,-0.0643992621393253,1,"Isotropic"
"Pop06","Pop08",-0.0202394919769656,-0.0931873175126708,1,"Isotropic"
"Pop06","Pop09",-0.0200993152648646,-0.163990176779702,1,"Isotropic"
"Pop06","Pop10",-0.0181264346110675,-0.0589671555435818,1,"Isotropic"
"Pop06","Pop12",-0.0426875154049244,-0.0139817808186288,1,"Isotropic"
"Pop06","Pop18",-0.0263545246838056,0.0469255715228733,1,"Isotropic"
"Pop06","Pop19",-0.0388005704616887,0.0339851639483032,1,"Isotropic"
"Pop07","Pop08",-0.0294328704557684,-0.00225701386792365,1,"Isotropic"
"Pop07","Pop09",-0.0309303605885534,-0.128477477979438,1,"Isotropic"
"Pop07","Pop10",-0.0370912113773009,-0.0314933703417073,1,"Isotropic"
"Pop07","Pop11",-0.0482617780046573,0.0381177156928398,1,"Isotropic"
"Pop07","Pop12",-0.0439656191112302,0.0121796798005084,1,"Isotropic"
"Pop07","Pop15",-0.0431702568331201,0.0285817262205786,1,"Isotropic"
"Pop07","Pop21",-0.0227457850991012,0.0092656498078255,1,"Isotropic"
"Pop08","Pop09",0.000794534857361334,-0.0561214237154909,1,"Isotropic"
"Pop08","Pop10",-0.00351672529433045,-0.0279377863285695,1,"Isotropic"
"Pop08","Pop19",-0.0224388457164445,0.0858555557788734,1,"Isotropic"
"Pop08","Pop21",-0.0112735900555638,0.0259261747343197,1,"Isotropic"
"Pop09","Pop10",-0.00569157575678614,0.049246068995221,1,"Isotropic"
"Pop09","Pop11",-0.0237184247443104,0.177110914274897,1,"Isotropic"
"Pop09","Pop16",-0.0469075358586926,0.03289974943179,1,"Isotropic"
"Pop09","Pop24",-0.0189974093982458,0.0176105188452633,1,"Isotropic"
"Pop10","Pop11",-0.0442120120097365,0.0501498829927342,1,"Isotropic"
"Pop10","Pop12",-0.0321000433226575,0.0536350143205856,1,"Isotropic"
"Pop10","Pop13",-0.0567002293566838,0.199463694301923,1,"Isotropic"
"Pop11","Pop12",0.0500210524762199,0.0468562678434633,1,"Isotropic"
"Pop11","Pop13",-0.0237267148791397,0.304597921750758,1,"Isotropic"
"Pop11","Pop14",-0.0745658199728758,0.0848015573223568,1,"Isotropic"
"Pop12","Pop13",-0.0469676943757961,0.014789163091175,1,"Isotropic"
"Pop12","Pop14",-0.0716980220383993,0.0266476002778471,1,"Isotropic"
"Pop12","Pop15",0.0130585339184645,0.00108850237179711,1,"Isotropic"
"Pop12","Pop19",0.00687140323246622,0.0318913889700522,1,"Isotropic"
"Pop12","Pop25",-0.0363296513614239,0.00586123999410526,1,"Isotropic"
"Pop13","Pop14",-0.0632625023337792,0.00832765298489069,1,"Isotropic"
"Pop13","Pop16",-0.0152626310555883,0.00878920909715185,1,"Isotropic"
"Pop13","Pop20",0.0488440237884331,0.02030215089799,1,"Isotropic"
"Pop13","Pop25",-0.0448642085010502,-0.00615299317999814,1,"Isotropic"
"Pop14","Pop15",0.0731818206577834,-0.0494690632994882,1,"Isotropic"
"Pop15","Pop16",-0.0130100631252058,0.037429809792326,1,"Isotropic"
"Pop15","Pop17",-0.0431624706028112,-0.059017787401828,1,"Isotropic"
"Pop15","Pop18",0.0342756906181025,0.0760042755730742,1,"Isotropic"
"Pop15","Pop21",0.00525150501459394,0.019777624013867,1,"Isotropic"
"Pop16","Pop17",-0.0290220613511039,-0.0209841530656965,1,"Isotropic"
"Pop16","Pop18",0.0589082068396308,0.190485008029599,1,"Isotropic"
"Pop17","Pop18",0.0872922689742512,0.05018341033708,1,"Isotropic"
"Pop17","Pop21",0.0493403664817274,0.0102588432496869,1,"Isotropic"
"Pop17","Pop22",0.0514332711226726,0.0126748072340626,1,"Isotropic"
"Pop17","Pop25",-0.0347297821687345,-0.000378912474493358,1,"Isotropic"
"Pop18","Pop19",-0.0173552269247874,0.0325268027880092,1,"Isotropic"
"Pop18","Pop21",0.000474967538511853,-0.0133615658600766,1,"Isotropic"
"Pop18","Pop22",-0.00921419484855986,-0.028672300154769,1,"Isotropic"
"Pop18","Pop23",0.00736211677450144,-0.00470380701306866,1,"Isotropic"
"Pop18","Pop24",-0.0265407043765907,-0.011996023214458,1,"Isotropic"
"Pop18","Pop25",-0.0612728521508543,-0.0364202492346911,1,"Isotropic"
"Pop19","Pop20",-0.0777627163269624,-0.0921106117060171,1,"Isotropic"
"Pop19","Pop21",0.0170902028222457,-0.117017316401145,1,"Isotropic"
"Pop19","Pop23",-0.0051594066107033,-0.0235375310116569,1,"Isotropic"
"Pop20","Pop21",0.110812292727948,-0.0655319391200332,1,"Isotropic"
"Pop20","Pop22",0.0315933104975825,-0.0847094172764945,1,"Isotropic"
"Pop20","Pop23",-0.00212540276995452,0.00186917594482758,1,"Isotropic"
"Pop21","Pop22",-0.0763738731135792,0.0374924174592157,1,"Isotropic"
"Pop21","Pop24",-0.0558365587283871,-0.00239425471724931,1,"Isotropic"
"Pop21","Pop25",-0.0618385450783283,-0.0194043967468011,1,"Isotropic"
"Pop22","Pop23",0.00377947655496991,0.0286600123582556,1,"Isotropic"
"Pop22","Pop24",-0.0260274796003975,0.0105607777199714,1,"Isotropic"
"Pop23","Pop24",-0.00507162750217494,-0.494249317254237,1,"Isotropic"
"Pop23","Pop25",0.0143832206286273,-0.102283870539772,1,"Isotropic"
"Pop24","Pop25",0.0399680788647438,-0.0426798350403507,1,"Isotropic"
"Pop01","Pop15",0.156383778828301,NA,1,"Flux-conserved"
"Pop01","Pop20",0.0560405115922844,NA,1,"Flux-conserved"
"Pop01","Pop21",0.102855004725335,-31416245969.2402,1,"Flux-conserved"
"Pop01","Pop22",0.101506091097141,-7834377127.66767,1,"Flux-conserved"
"Pop01","Pop23",0.152709346895939,-31416245969.2402,1,"Flux-conserved"
"Pop01","Pop24",0.0302953656973537,-3473196783.56679,1,"Flux-conserved"
"Pop01","Pop25",-0.0397751881418407,-7834377127.66766,1,"Flux-conserved"
"Pop02","Pop15",0.156383778828301,NA,1,"Flux-conserved"
"Pop02","Pop20",0.0560405115922844,NA,1,"Flux-conserved"
"Pop02","Pop21",0.102855004725335,-31416245969.2402,1,"Flux-conserved"
"Pop02","Pop22",0.101506091097141,-7834377127.66767,1,"Flux-conserved"
"Pop02","Pop23",0.152709346895939,-31416245969.2402,1,"Flux-conserved"
"Pop02","Pop24",0.0302953656973537,-3473196783.56679,1,"Flux-conserved"
"Pop02","Pop25",-0.0397751881418407,-7834377127.66766,1,"Flux-conserved"
"Pop03","Pop15",0.156383778828301,NA,1,"Flux-conserved"
"Pop03","Pop20",0.0560405115922844,NA,1,"Flux-conserved"
"Pop03","Pop21",0.102855004725335,-31416245969.2402,1,"Flux-conserved"
"Pop03","Pop22",0.101506091097141,-7834377127.66767,1,"Flux-conserved"
"Pop03","Pop23",0.152709346895939,-31416245969.2402,1,"Flux-conserved"
"Pop03","Pop24",0.0302953656973537,-3473196783.56679,1,"Flux-conserved"
"Pop03","Pop25",-0.0397751881418407,-7834377127.66766,1,"Flux-conserved"
"Pop04","Pop15",0.156383778828301,NA,1,"Flux-conserved"
"Pop04","Pop20",0.0560405115922844,NA,1,"Flux-conserved"
"Pop04","Pop21",0.102855004725335,-31416245969.2402,1,"Flux-conserved"
"Pop04","Pop22",0.101506091097141,-7834377127.66767,1,"Flux-conserved"
"Pop04","Pop23",0.152709346895939,-31416245969.2402,1,"Flux-conserved"
"Pop04","Pop24",0.0302953656973537,-3473196783.56679,1,"Flux-conserved"
"Pop04","Pop25",-0.0397751881418407,-7834377127.66766,1,"Flux-conserved"
"Pop05","Pop15",0.156383778828301,NA,1,"Flux-conserved"
"Pop05","Pop20",0.0560405115922844,NA,1,"Flux-conserved"
"Pop05","Pop21",0.102855004725335,-31416245969.2402,1,"Flux-conserved"
"Pop05","Pop22",0.101506091097141,-7834377127.66767,1,"Flux-conserved"
"Pop05","Pop23",0.152709346895939,-31416245969.2402,1,"Flux-conserved"
"Pop05","Pop24",0.0302953656973537,-3473196783.56679,1,"Flux-conserved"
"Pop05","Pop25",-0.0397751881418407,-7834377127.66766,1,"Flux-conserved"
"Pop06","Pop15",0.156383778828301,NA,1,"Flux-conserved"
"Pop06","Pop20",0.0560405115922844,NA,1,"Flux-conserved"
"Pop06","Pop21",0.102855004725335,-31416245969.2402,1,"Flux-conserved"
"Pop06","Pop22",0.101506091097141,-7834377127.66767,1,"Flux-conserved"
"Pop06","Pop23",0.152709346895939,-31416245969.2402,1,"Flux-conserved"
"Pop06","Pop24",0.0302953656973537,-3473196783.56679,1,"Flux-conserved"
"Pop06","Pop25",-0.0397751881418407,-7834377127.66766,1,"Flux-conserved"
"Pop07","Pop15",0.156383778828301,NA,1,"Flux-conserved"
"Pop07","Pop20",0.0560405115922844,NA,1,"Flux-conserved"
"Pop07","Pop21",0.102855004725335,-31416245969.2402,1,"Flux-conserved"
"Pop07","Pop22",0.101506091097141,-7834377127.66767,1,"Flux-conserved"
"Pop07","Pop23",0.152709346895939,-31416245969.2402,1,"Flux-conserved"
"Pop07","Pop24",0.0302953656973537,-3473196783.56679,1,"Flux-conserved"
"Pop07","Pop25",-0.0397751881418407,-7834377127.66766,1,"Flux-conserved"
"Pop08","Pop15",0.156383778828301,NA,1,"Flux-conserved"
"Pop08","Pop20",0.0560405115922844,NA,1,"Flux-conserved"
"Pop08","Pop21",0.102855004725335,-31416245969.2402,1,"Flux-conserved"
"Pop08","Pop22",0.101506091097141,-7834377127.66767,1,"Flux-conserved"
"Pop08","Pop23",0.152709346895939,-31416245969.2402,1,"Flux-conserved"
"Pop08","Pop24",0.0302953656973537,-3473196783.56679,1,"Flux-conserved"
"Pop08","Pop25",-0.0397751881418407,-7834377127.66766,1,"Flux-conserved"
"Pop09","Pop15",0.156383778828301,NA,1,"Flux-conserved"
"Pop09","Pop20",0.0560405115922844,NA,1,"Flux-conserved"
"Pop09","Pop21",0.102855004725335,-31416245969.2402,1,"Flux-conserved"
"Pop09","Pop22",0.101506091097141,-7834377127.66767,1,"Flux-conserved"
"Pop09","Pop23",0.152709346895939,-31416245969.2402,1,"Flux-conserved"
"Pop09","Pop24",0.0302953656973537,-3473196783.56679,1,"Flux-conserved"
"Pop09","Pop25",-0.0397751881418407,-7834377127.66766,1,"Flux-conserved"
"Pop10","Pop15",0.156383778828301,NA,1,"Flux-conserved"
"Pop10","Pop20",0.0560405115922844,NA,1,"Flux-conserved"
"Pop10","Pop21",0.102855004725335,-31416245969.2402,1,"Flux-conserved"
"Pop10","Pop22",0.101506091097141,-7834377127.66767,1,"Flux-conserved"
"Pop10","Pop23",0.152709346895939,-31416245969.2402,1,"Flux-conserved"
"Pop10","Pop24",0.0302953656973537,-3473196783.56679,1,"Flux-conserved"
"Pop10","Pop25",-0.0397751881418407,-7834377127.66766,1,"Flux-conserved"
"Pop11","Pop15",0.156383778828301,NA,1,"Flux-conserved"
"Pop11","Pop20",0.0560405115922844,NA,1,"Flux-conserved"
"Pop11","Pop21",0.102855004725335,-31416245969.2402,1,"Flux-conserved"
"Pop11","Pop22",0.101506091097141,-7834377127.66767,1,"Flux-conserved"
"Pop11","Pop23",0.152709346895939,-31416245969.2402,1,"Flux-conserved"
"Pop11","Pop24",0.0302953656973537,-3473196783.56679,1,"Flux-conserved"
"Pop11","Pop25",-0.0397751881418407,-7834377127.66766,1,"Flux-conserved"
"Pop12","Pop13",0.579579499940826,-0.00377405916048306,1,"Flux-conserved"
"Pop12","Pop18",-0.0143477737037309,0.00043964020243114,1,"Flux-conserved"
"Pop13","Pop14",0.0760026193446636,-0.0662448942069479,1,"Flux-conserved"
"Pop14","Pop15",0.105003444896381,-0.0209783017147969,1,"Flux-conserved"
"Pop16","Pop17",-0.0190499110233027,2.69447123372739e-05,1,"Flux-conserved"
"Pop16","Pop18",-0.0194902949504085,-0.000358488863856532,1,"Flux-conserved"
"Pop16","Pop23",0.158078672859363,0.00872731665448601,1,"Flux-conserved"
"Pop17","Pop19",0.126143961927109,-0.000141426431365124,1,"Flux-conserved"
"Pop17","Pop23",0.134299350905291,0.000783153432769832,1,"Flux-conserved"
"Pop18","Pop23",0.143360796722567,0.00103724004160588,1,"Flux-conserved"
"Pop19","Pop21",0.213185496338498,0.00111325067930556,1,"Flux-conserved"
"Pop19","Pop23",0.255307410422275,0.000228148174935453,1,"Flux-conserved"
"Pop19","Pop25",-0.0619046520490711,0.000257046831316272,1,"Flux-conserved"
"Pop20","Pop21",0.0105091007673197,2.01976806074749e-05,1,"Flux-conserved"
"Pop20","Pop22",0.016242529092826,5.37327039342909e-05,1,"Flux-conserved"
"Pop20","Pop24",-0.00949381606223509,1.77449455081946e-05,1,"Flux-conserved"
"Pop20","Pop25",-0.0451474565037905,3.63307571930384e-05,1,"Flux-conserved"
"Pop21","Pop22",0.000108197533662938,0.000225242821840052,1,"Flux-conserved"
"Pop21","Pop23",0.0276445188409376,-6.51275522781847e-05,1,"Flux-conserved"
"Pop21","Pop24",-0.0380401174494264,2.79593241085904e-05,1,"Flux-conserved"
"Pop22","Pop23",0.0284739594016384,-0.000191678767134334,1,"Flux-conserved"
"Pop22","Pop24",-0.0281074936497311,2.80578229632739e-05,1,"Flux-conserved"
"Pop22","Pop25",-0.0636155235060272,4.23969301569886e-05,1,"Flux-conserved"
"Pop23","Pop24",-0.0639547527575079,5.02104588668285e-05,1,"Flux-conserved"
"Pop24","Pop25",-0.0301060117341087,8.58310104088705e-05,1,"Flux-conserved"
"Pop01","Pop03",0.143353422725967,0.00709615875596852,1,"Rate-conserved"
"Pop01","Pop04",0.106688845568392,0.078263206779235,1,"Rate-conserved"
"Pop01","Pop10",-0.003927863059903,5.53985964912141e-05,1,"Rate-conserved"
"Pop02","Pop03",-0.0993359723724985,-0.00112185828725643,1,"Rate-conserved"
"Pop02","Pop07",0.109738176675054,0.000209434192806668,1,"Rate-conserved"
"Pop02","Pop09",0.114949290933967,3.75347153246607e-05,1,"Rate-conserved"
"Pop02","Pop11",-0.0215790790278076,7.28720666111482e-05,1,"Rate-conserved"
"Pop02","Pop13",0.079358566388768,0.000224573402651135,1,"Rate-conserved"
"Pop02","Pop14",0.0416020309475457,0.000852426514788541,1,"Rate-conserved"
"Pop02","Pop15",-0.0783128327365654,0.00315435771615657,1,"Rate-conserved"
"Pop03","Pop04",-0.027100940164749,-0.00108263870477379,1,"Rate-conserved"
"Pop03","Pop06",-0.0409982343005988,5.16736332291085e-05,1,"Rate-conserved"
"Pop04","Pop05",-0.0186152378808875,0.000270964208005673,1,"Rate-conserved"
"Pop04","Pop06",0.0278428416661378,0.000109924575821261,1,"Rate-conserved"
"Pop05","Pop06",0.00214678180486566,-0.000267225785570979,1,"Rate-conserved"
"Pop05","Pop08",-0.0151343255009301,0.00128308126612032,1,"Rate-conserved"
"Pop05","Pop09",0.00885037143218678,0.00119384988095766,1,"Rate-conserved"
"Pop05","Pop10",0.0101945942905636,0.000121759099394517,1,"Rate-conserved"
"Pop05","Pop11",-0.0978142000134195,0.000243065487615415,1,"Rate-conserved"
"Pop05","Pop12",-0.0491673284942258,0.000349762271272131,1,"Rate-conserved"
"Pop05","Pop13",0.0244270200824119,0.00201426000516563,1,"Rate-conserved"
"Pop05","Pop14",-0.0517197214405539,0.00180940817532448,1,"Rate-conserved"
"Pop06","Pop07",0.00669070007274672,0.000520404444291892,1,"Rate-conserved"
"Pop06","Pop08",0.00417881148030368,0.000195319862558608,1,"Rate-conserved"
"Pop06","Pop09",0.00821778731289717,0.000806104121087554,1,"Rate-conserved"
"Pop06","Pop10",0.000896967176042873,0.000489017755818784,1,"Rate-conserved"
"Pop06","Pop13",0.00119785365173747,0.000245430514195014,1,"Rate-conserved"
"Pop06","Pop14",-0.0599508052349232,0.000486661182458632,1,"Rate-conserved"
"Pop07","Pop08",-0.0226272237188288,-0.000210855979938022,1,"Rate-conserved"
"Pop07","Pop09",0.00444713965208474,-0.00163155056342506,1,"Rate-conserved"
"Pop07","Pop10",0.00728984213859943,-0.000992194459751104,1,"Rate-conserved"
"Pop07","Pop11",-0.0861316035339642,-1.18301195307453e-05,1,"Rate-conserved"
"Pop07","Pop12",-0.037664266457698,-5.2114560314442e-05,1,"Rate-conserved"
"Pop07","Pop13",0.0360578722580054,0.000318277347146258,1,"Rate-conserved"
"Pop08","Pop09",0.0259229121863211,-8.24360815532289e-05,1,"Rate-conserved"
"Pop08","Pop10",-0.000142875382877564,-0.000234973972422747,1,"Rate-conserved"
"Pop08","Pop13",0.0640083384893642,0.00628229259392109,1,"Rate-conserved"
"Pop08","Pop14",-0.0693495996636534,0.000258451978019941,1,"Rate-conserved"
"Pop09","Pop10",0.00272002396279536,-0.000353658756397012,1,"Rate-conserved"
"Pop09","Pop12",-0.0601474808321119,0.000230672608212574,1,"Rate-conserved"
"Pop09","Pop13",0.0258502229478629,0.000564631811234046,1,"Rate-conserved"
"Pop10","Pop11",-0.0639994806504433,0.000517933632737506,1,"Rate-conserved"
"Pop10","Pop12",-0.028357994210907,0.000735910269192186,1,"Rate-conserved"
"Pop10","Pop13",0.0038561720039707,0.000193439914964062,1,"Rate-conserved"
"Pop11","Pop12",0.0205607203675025,0.000325994328005489,1,"Rate-conserved"
"Pop11","Pop13",0.0874931117190677,4.73034305000591e-05,1,"Rate-conserved"
"Pop11","Pop17",-0.0472555444120325,6.11517204345783e-05,1,"Rate-conserved"
"Pop11","Pop18",-0.0609820918506566,0.000118589065438686,1,"Rate-conserved"
"Pop12","Pop13",0.0500781886568303,8.00191925403788e-05,1,"Rate-conserved"
"Pop12","Pop14",0.00244868871065881,7.15863603211954e-05,1,"Rate-conserved"
"Pop12","Pop18",-0.0894452836283637,1.71080060112558e-05,1,"Rate-conserved"
"Pop13","Pop14",-0.0731065550710957,0.000108186704620726,1,"Rate-conserved"
"Pop13","Pop15",-0.149125845570185,4.59213439992073e-05,1,"Rate-conserved"
"Pop13","Pop16",-0.134880910733962,2.06554826100051e-05,1,"Rate-conserved"
"Pop14","Pop15",-0.103351575577457,5.64205128711091e-05,1,"Rate-conserved"
"Pop15","Pop16",-0.0924176029204153,-1.80887683048504e-05,1,"Rate-conserved"
"Pop15","Pop17",-0.035932837419163,-1.11548183229417e-05,1,"Rate-conserved"
"Pop15","Pop18",-0.0274526066033336,-4.57253225177156e-06,1,"Rate-conserved"
"Pop16","Pop17",0.0866679438756254,-1.1712968475591e-05,1,"Rate-conserved"
"Pop16","Pop18",0.0845569333071368,4.54911311341744e-07,1,"Rate-conserved"
"Pop17","Pop18",0.0454984006578244,6.80516668590308e-05,1,"Rate-conserved"
"Pop17","Pop19",-0.0528386889618661,2.22339276153019e-05,1,"Rate-conserved"
"Pop17","Pop20",-0.0380246590473343,1.90610050544736e-05,1,"Rate-conserved"
"Pop18","Pop19",-0.094225612700749,-6.86731999778432e-06,1,"Rate-conserved"
"Pop18","Pop23",0.00124922104884685,-4.98379813723048e-06,1,"Rate-conserved"
"Pop18","Pop25",0.0046556983864692,-7.69499704660927e-06,1,"Rate-conserved"
"Pop19","Pop20",0.003181001599183,2.2286291030224e-06,1,"Rate-conserved"
"Pop19","Pop23",0.0290333580448288,-2.93028330212395e-05,1,"Rate-conserved"
"Pop19","Pop25",0.0205603203537329,-3.13033439502903e-05,1,"Rate-conserved"
"Pop20","Pop21",0.00340432287631984,-4.17917825273658e-06,1,"Rate-conserved"
"Pop20","Pop24",0.0653226272288487,-0.000233708008929635,1,"Rate-conserved"
"Pop20","Pop25",0.0362466998510397,-5.44863827710462e-05,1,"Rate-conserved"
"Pop21","Pop22",0.0294694105325694,-1.61256813546816e-05,1,"Rate-conserved"
"Pop21","Pop24",0.0579731007816227,-5.21283079639543e-05,1,"Rate-conserved"
"Pop21","Pop25",0.0456803581074673,-4.73071079186588e-05,1,"Rate-conserved"
"Pop22","Pop23",0.0232064895950229,-6.74462537708898e-05,1,"Rate-conserved"
"Pop22","Pop24",0.00630603581939332,-6.74048909348409e-05,1,"Rate-conserved"
"Pop22","Pop25",0.0164536776663927,-6.72501438552699e-05,1,"Rate-conserved"
"Pop23","Pop24",0.0185676276455661,-0.000160034449296065,1,"Rate-conserved"
"Pop23","Pop25",0.0603122491944612,-1.84265596396005e-05,1,"Rate-conserved"
"Pop24","Pop25",0.0461210013429358,-3.80170424468132e-05,1,"Rate-conserved"
"Pop01","Pop02",-0.139026540915949,-0.060231978366229,2,"Isotropic"
"Pop01","Pop04",-0.057844901462489,-0.10651355066326,2,"Isotropic"
"Pop01","Pop06",0.0529375057270245,0.104028698870829,2,"Isotropic"
"Pop01","Pop07",-0.02910128019407,0.0829047633525807,2,"Isotropic"
"Pop01","Pop08",-0.0325736989967613,0.0373841570592229,2,"Isotropic"
"Pop02","Pop03",0.257890855142394,0.306479548437126,2,"Isotropic"
"Pop02","Pop06",-0.0212456933093905,0.0713077929575067,2,"Isotropic"
"Pop03","Pop04",-0.0811677533736703,-0.0271337206815947,2,"Isotropic"
"Pop03","Pop05",-0.0962098459838695,-0.0186555911781118,2,"Isotropic"
"Pop03","Pop06",0.0332829385296658,-0.0110407813509214,2,"Isotropic"
"Pop03","Pop07",-0.0200440952388955,0.0510296836658703,2,"Isotropic"
"Pop03","Pop08",0.0296630746003821,0.0158561451733577,2,"Isotropic"
"Pop03","Pop10",0.00768969651843684,0.0230551902238744,2,"Isotropic"
"Pop03","Pop25",0.00553264032821007,-0.0066850292971443,2,"Isotropic"
"Pop04","Pop05",0.0371525742138298,0.216545577545448,2,"Isotropic"
"Pop04","Pop09",-0.062620383481,0.0376528316047143,2,"Isotropic"
"Pop05","Pop06",0.121808057111019,0.0661298959151946,2,"Isotropic"
"Pop05","Pop10",0.0190885112995765,0.0255892087727415,2,"Isotropic"
"Pop05","Pop11",0.00959921585793163,0.00581246164646506,2,"Isotropic"
"Pop06","Pop07",-0.109435984507305,0.0409337753280565,2,"Isotropic"
"Pop06","Pop08",-0.0053223123992495,0.0240340887242962,2,"Isotropic"
"Pop06","Pop09",-0.0505031120945453,-0.00399159079218367,2,"Isotropic"
"Pop06","Pop11",-0.0388744198452057,-0.000999747995103457,2,"Isotropic"
"Pop07","Pop08",0.0507774104190959,0.0630587940078104,2,"Isotropic"
"Pop07","Pop09",-8.77737147124413e-05,-0.00158416236382179,2,"Isotropic"
"Pop08","Pop09",-0.0616363450104326,-0.126210319337505,2,"Isotropic"
"Pop08","Pop10",-0.0197772549484389,0.0651674299249629,2,"Isotropic"
"Pop08","Pop11",-0.0187901536684237,-0.00405237414177827,2,"Isotropic"
"Pop08","Pop12",-0.00907586165640552,-0.000724523816922985,2,"Isotropic"
"Pop08","Pop13",-0.0176312783452692,0.0115214952738469,2,"Isotropic"
"Pop08","Pop14",-0.0268703407516491,0.0113383155231325,2,"Isotropic"
"Pop09","Pop10",0.0224096317993835,0.0838651994813089,2,"Isotropic"
"Pop09","Pop11",0.0168788514121071,0.0038785423141478,2,"Isotropic"
"Pop09","Pop13",-0.00049249048909801,0.0133344572392578,2,"Isotropic"
"Pop10","Pop11",0.000926095284063733,-0.127341213765696,2,"Isotropic"
"Pop10","Pop12",-0.000840456473393036,-0.00735235756740413,2,"Isotropic"
"Pop10","Pop13",0.0012787870122241,-0.00189925534954504,2,"Isotropic"
"Pop10","Pop14",-0.022313187512175,-0.0249787092068942,2,"Isotropic"
"Pop10","Pop15",0.0157426683569506,0.0387661865303003,2,"Isotropic"
"Pop11","Pop12",-0.0106125162153582,-0.0282349737343694,2,"Isotropic"
"Pop11","Pop13",-0.00102474041690404,0.00894002814502906,2,"Isotropic"
"Pop11","Pop14",-0.0318808186452758,-0.000557590482827219,2,"Isotropic"
"Pop11","Pop19",0.0219759645048541,-0.00190294778089162,2,"Isotropic"
"Pop12","Pop13",0.00960240736836676,0.0297885069013409,2,"Isotropic"
"Pop12","Pop14",-0.025673040312462,0.0732270527388252,2,"Isotropic"
"Pop12","Pop15",-0.00110563527172486,0.0954021641366478,2,"Isotropic"
"Pop12","Pop16",0.0105052988567711,0.0654095238504039,2,"Isotropic"
"Pop12","Pop22",0.0297179942446733,0.00413618786073033,2,"Isotropic"
"Pop13","Pop14",-0.038231037463664,-0.0468307294627303,2,"Isotropic"
"Pop13","Pop15",0.000316974567996314,0.0500079483225608,2,"Isotropic"
"Pop13","Pop17",0.0478880130916776,-0.0389052621243843,2,"Isotropic"
"Pop13","Pop21",0.0496054444166023,-0.00183292690684764,2,"Isotropic"
"Pop14","Pop18",0.0195550035116264,-0.0451609509983753,2,"Isotropic"
"Pop14","Pop19",0.0159503588585299,0.00275390313040155,2,"Isotropic"
"Pop15","Pop16",-0.041519072020855,-0.0714034090327855,2,"Isotropic"
"Pop15","Pop17",0.0527267141770267,-0.128908008544813,2,"Isotropic"
"Pop15","Pop18",-0.00394636131369297,-0.0969002511744855,2,"Isotropic"
"Pop15","Pop21",0.0424763413018358,-0.0172040461406426,2,"Isotropic"
"Pop15","Pop22",0.050933982687406,-0.00206333961115552,2,"Isotropic"
"Pop16","Pop17",0.0961788948541839,-0.155223699476103,2,"Isotropic"
"Pop16","Pop19",0.0356775757479425,-0.0481444836153874,2,"Isotropic"
"Pop16","Pop23",0.0628244533835295,-0.0774996036547825,2,"Isotropic"
"Pop16","Pop25",0.0145361857973109,-0.0344274168706964,2,"Isotropic"
"Pop17","Pop18",-0.0709650866916068,0.0655894420207248,2,"Isotropic"
"Pop17","Pop19",-0.0389817666917063,0.0221038558146426,2,"Isotropic"
"Pop17","Pop20",-0.00919737908700458,0.0145886141788396,2,"Isotropic"
"Pop17","Pop21",-0.0130093003174859,0.0331554220048762,2,"Isotropic"
"Pop17","Pop22",-0.00236876833040665,0.0377451109012935,2,"Isotropic"
"Pop17","Pop23",-0.0151717205062381,-0.000672133844907219,2,"Isotropic"
"Pop17","Pop24",-0.0534975506858086,0.00319191089667465,2,"Isotropic"
"Pop17","Pop25",-0.0289609489108236,-0.0102168281213008,2,"Isotropic"
"Pop18","Pop21",0.0396892082176665,0.0375413243324566,2,"Isotropic"
"Pop18","Pop22",0.0540518550833212,0.0251326443142157,2,"Isotropic"
"Pop18","Pop24",-0.0127990778511828,-5.90021864695783e-05,2,"Isotropic"
"Pop18","Pop25",0.0206482525666026,-0.0256655341247073,2,"Isotropic"
"Pop19","Pop20",-0.0700270041498036,0.0159310028851753,2,"Isotropic"
"Pop19","Pop21",0.00838908125115317,0.0175110052369759,2,"Isotropic"
"Pop19","Pop22",0.029166735246576,0.0979535724227179,2,"Isotropic"
"Pop19","Pop25",0.0131207891698508,-0.0871580862778959,2,"Isotropic"
"Pop20","Pop21",0.0915741122799044,0.0587263889627971,2,"Isotropic"
"Pop20","Pop22",0.124186066392055,0.0293423962265522,2,"Isotropic"
"Pop20","Pop25",0.0184521498389731,-0.0741786500700088,2,"Isotropic"
"Pop21","Pop22",0.0217517231149945,-0.137583471448035,2,"Isotropic"
"Pop21","Pop23",-0.0170602170235719,-0.0937212750726625,2,"Isotropic"
"Pop22","Pop23",-0.0373075209481159,-0.0809387044561719,2,"Isotropic"
"Pop22","Pop25",-0.0156676466147643,-0.108538561228559,2,"Isotropic"
"Pop23","Pop24",-0.130849339755022,-0.101468273431408,2,"Isotropic"
"Pop23","Pop25",0.031766520937183,-0.0725564016013825,2,"Isotropic"
"Pop24","Pop25",0.167245917645717,-0.0169442849738906,2,"Isotropic"
"Pop01","Pop19",0.279103833448249,NA,2,"Flux-conserved"
"Pop01","Pop20",0.259489172317941,NA,2,"Flux-conserved"
"Pop01","Pop21",0.158067882154516,-3581143220.96607,2,"Flux-conserved"
"Pop01","Pop22",0.061658597183034,-32392658202.7433,2,"Flux-conserved"
"Pop01","Pop25",0.00221412642516336,-8077868398.92974,2,"Flux-conserved"
"Pop02","Pop19",0.279103833448249,NA,2,"Flux-conserved"
"Pop02","Pop20",0.259489172317941,NA,2,"Flux-conserved"
"Pop02","Pop21",0.158067882154516,-3581143220.96607,2,"Flux-conserved"
"Pop02","Pop22",0.061658597183034,-32392658202.7433,2,"Flux-conserved"
"Pop02","Pop25",0.00221412642516336,-8077868398.92974,2,"Flux-conserved"
"Pop03","Pop19",0.279103833448249,NA,2,"Flux-conserved"
"Pop03","Pop20",0.259489172317941,NA,2,"Flux-conserved"
"Pop03","Pop21",0.158067882154516,-3581143220.96607,2,"Flux-conserved"
"Pop03","Pop22",0.061658597183034,-32392658202.7433,2,"Flux-conserved"
"Pop03","Pop25",0.00221412642516336,-8077868398.92974,2,"Flux-conserved"
"Pop04","Pop19",0.279103833448249,NA,2,"Flux-conserved"
"Pop04","Pop20",0.259489172317941,NA,2,"Flux-conserved"
"Pop04","Pop21",0.158067882154516,-3581143220.96607,2,"Flux-conserved"
"Pop04","Pop22",0.061658597183034,-32392658202.7433,2,"Flux-conserved"
"Pop04","Pop25",0.00221412642516336,-8077868398.92974,2,"Flux-conserved"
"Pop05","Pop19",0.279103833448249,NA,2,"Flux-conserved"
"Pop05","Pop20",0.259489172317941,NA,2,"Flux-conserved"
"Pop05","Pop21",0.158067882154516,-3581143220.96607,2,"Flux-conserved"
"Pop05","Pop22",0.061658597183034,-32392658202.7433,2,"Flux-conserved"
"Pop05","Pop25",0.00221412642516336,-8077868398.92974,2,"Flux-conserved"
"Pop06","Pop19",0.279103833448249,NA,2,"Flux-conserved"
"Pop06","Pop20",0.259489172317941,NA,2,"Flux-conserved"
"Pop06","Pop21",0.158067882154516,-3581143220.96607,2,"Flux-conserved"
"Pop06","Pop22",0.061658597183034,-32392658202.7433,2,"Flux-conserved"
"Pop06","Pop25",0.00221412642516336,-8077868398.92974,2,"Flux-conserved"
"Pop07","Pop19",0.279103833448249,NA,2,"Flux-conserved"
"Pop07","Pop20",0.259489172317941,NA,2,"Flux-conserved"
"Pop07","Pop21",0.158067882154516,-3581143220.96607,2,"Flux-conserved"
"Pop07","Pop22",0.061658597183034,-32392658202.7433,2,"Flux-conserved"
"Pop07","Pop25",0.00221412642516336,-8077868398.92974,2,"Flux-conserved"
"Pop08","Pop19",0.279103833448249,NA,2,"Flux-conserved"
"Pop08","Pop20",0.259489172317941,NA,2,"Flux-conserved"
"Pop08","Pop21",0.158067882154516,-3581143220.96607,2,"Flux-conserved"
"Pop08","Pop22",0.061658597183034,-32392658202.7433,2,"Flux-conserved"
"Pop08","Pop25",0.00221412642516336,-8077868398.92974,2,"Flux-conserved"
"Pop09","Pop19",0.279103833448249,NA,2,"Flux-conserved"
"Pop09","Pop20",0.259489172317941,NA,2,"Flux-conserved"
"Pop09","Pop21",0.158067882154516,-3581143220.96607,2,"Flux-conserved"
"Pop09","Pop22",0.061658597183034,-32392658202.7433,2,"Flux-conserved"
"Pop09","Pop25",0.00221412642516336,-8077868398.92974,2,"Flux-conserved"
"Pop10","Pop19",0.279103833448249,NA,2,"Flux-conserved"
"Pop10","Pop20",0.259489172317941,NA,2,"Flux-conserved"
"Pop10","Pop21",0.158067882154516,-3581143220.96607,2,"Flux-conserved"
"Pop10","Pop22",0.061658597183034,-32392658202.7433,2,"Flux-conserved"
"Pop10","Pop25",0.00221412642516336,-8077868398.92974,2,"Flux-conserved"
"Pop11","Pop19",0.279103833448249,NA,2,"Flux-conserved"
"Pop11","Pop20",0.259489172317941,NA,2,"Flux-conserved"
"Pop11","Pop21",0.158067882154516,-3581143220.96607,2,"Flux-conserved"
"Pop11","Pop22",0.061658597183034,-32392658202.7433,2,"Flux-conserved"
"Pop11","Pop25",0.00221412642516336,-8077868398.92974,2,"Flux-conserved"
"Pop12","Pop19",0.279103833448249,NA,2,"Flux-conserved"
"Pop12","Pop20",0.259489172317941,NA,2,"Flux-conserved"
"Pop12","Pop21",0.158067882154516,-3581143220.96607,2,"Flux-conserved"
"Pop12","Pop22",0.061658597183034,-32392658202.7433,2,"Flux-conserved"
"Pop12","Pop25",0.00221412642516336,-8077868398.92974,2,"Flux-conserved"
"Pop13","Pop19",0.279103833448249,NA,2,"Flux-conserved"
"Pop13","Pop20",0.259489172317941,NA,2,"Flux-conserved"
"Pop13","Pop21",0.158067882154516,-3581143220.96607,2,"Flux-conserved"
"Pop13","Pop22",0.061658597183034,-32392658202.7433,2,"Flux-conserved"
"Pop13","Pop25",0.00221412642516336,-8077868398.92974,2,"Flux-conserved"
"Pop14","Pop19",0.279103833448249,NA,2,"Flux-conserved"
"Pop14","Pop20",0.259489172317941,NA,2,"Flux-conserved"
"Pop14","Pop21",0.158067882154516,-3581143220.96607,2,"Flux-conserved"
"Pop14","Pop22",0.061658597183034,-32392658202.7433,2,"Flux-conserved"
"Pop14","Pop25",0.00221412642516336,-8077868398.92974,2,"Flux-conserved"
"Pop15","Pop19",0.279103833448249,NA,2,"Flux-conserved"
"Pop15","Pop20",0.259489172317941,NA,2,"Flux-conserved"
"Pop15","Pop21",0.158067882154516,-3581143220.96607,2,"Flux-conserved"
"Pop15","Pop22",0.061658597183034,-32392658202.7433,2,"Flux-conserved"
"Pop15","Pop25",0.00221412642516336,-8077868398.92974,2,"Flux-conserved"
"Pop16","Pop19",0.279103833448249,NA,2,"Flux-conserved"
"Pop16","Pop20",0.259489172317941,NA,2,"Flux-conserved"
"Pop16","Pop21",0.158067882154516,-3581143220.96607,2,"Flux-conserved"
"Pop16","Pop22",0.061658597183034,-32392658202.7433,2,"Flux-conserved"
"Pop16","Pop25",0.00221412642516336,-8077868398.92974,2,"Flux-conserved"
"Pop17","Pop19",0.279103833448249,NA,2,"Flux-conserved"
"Pop17","Pop20",0.259489172317941,NA,2,"Flux-conserved"
"Pop17","Pop21",0.158067882154516,-3581143220.96607,2,"Flux-conserved"
"Pop17","Pop22",0.061658597183034,-32392658202.7433,2,"Flux-conserved"
"Pop17","Pop25",0.00221412642516336,-8077868398.92974,2,"Flux-conserved"
"Pop18","Pop19",0.279103833448249,NA,2,"Flux-conserved"
"Pop18","Pop20",0.259489172317941,NA,2,"Flux-conserved"
"Pop18","Pop21",0.158067882154516,-3581143220.96607,2,"Flux-conserved"
"Pop18","Pop22",0.061658597183034,-32392658202.7433,2,"Flux-conserved"
"Pop18","Pop25",0.00221412642516336,-8077868398.92974,2,"Flux-conserved"
"Pop19","Pop20",-0.034069518061829,0.99977453255667,2,"Flux-conserved"
"Pop19","Pop21",-0.0451716530764765,0.00281641484868275,2,"Flux-conserved"
"Pop19","Pop24",-0.121527524672478,0.000888369572821411,2,"Flux-conserved"
"Pop20","Pop21",-0.029924078137078,0.000503357834687105,2,"Flux-conserved"
"Pop20","Pop24",-0.133854374278946,0.000136806995745722,2,"Flux-conserved"
"Pop20","Pop25",-0.0482351930453368,0.000396936897372171,2,"Flux-conserved"
"Pop21","Pop22",-0.0159439125449991,2.75568618095814e-05,2,"Flux-conserved"
"Pop21","Pop23",-0.216429825657649,1.10579260043731e-05,2,"Flux-conserved"
"Pop21","Pop24",-0.151416003284489,5.43827283668737e-05,2,"Flux-conserved"
"Pop22","Pop23",-0.337811674242811,-0.00196973948624463,2,"Flux-conserved"
"Pop22","Pop24",-0.143646150137041,0.000141591645490766,2,"Flux-conserved"
"Pop23","Pop24",0.00243677775485954,9.39882776222409e-05,2,"Flux-conserved"
"Pop23","Pop25",0.064268807153659,0.000331526175702715,2,"Flux-conserved"
"Pop24","Pop25",0.104361858623956,-4.04167816831274e-05,2,"Flux-conserved"
"Pop01","Pop07",0.685120504619348,NA,2,"Rate-conserved"
"Pop01","Pop11",0.034053007685111,NA,2,"Rate-conserved"
"Pop02","Pop07",0.685120504619348,NA,2,"Rate-conserved"
"Pop02","Pop11",0.034053007685111,NA,2,"Rate-conserved"
"Pop03","Pop07",0.685120504619348,NA,2,"Rate-conserved"
"Pop03","Pop11",0.034053007685111,NA,2,"Rate-conserved"
"Pop04","Pop07",0.685120504619348,NA,2,"Rate-conserved"
"Pop04","Pop11",0.034053007685111,NA,2,"Rate-conserved"
"Pop05","Pop07",0.685120504619348,NA,2,"Rate-conserved"
"Pop05","Pop11",0.034053007685111,NA,2,"Rate-conserved"
"Pop06","Pop07",0.685120504619348,NA,2,"Rate-conserved"
"Pop06","Pop11",0.034053007685111,NA,2,"Rate-conserved"
"Pop07","Pop08",-0.321818354226596,0.0317652726495756,2,"Rate-conserved"
"Pop07","Pop11",-0.114262215127128,0.999639357611593,2,"Rate-conserved"
"Pop08","Pop09",-0.0532765334990185,0.00131715477864231,2,"Rate-conserved"
"Pop08","Pop10",-0.0862866947735261,0.0107995005989046,2,"Rate-conserved"
"Pop08","Pop11",0.16867678170553,0.00311543508434015,2,"Rate-conserved"
"Pop09","Pop10",-0.00150286312896097,0.00423776396114264,2,"Rate-conserved"
"Pop09","Pop11",0.224591365139423,9.67217656450062e-05,2,"Rate-conserved"
"Pop09","Pop12",0.00785234661865575,0.000229443268393607,2,"Rate-conserved"
"Pop09","Pop25",-0.0519536867241558,2.95371080695547e-06,2,"Rate-conserved"
"Pop10","Pop11",0.202666570487783,-0.00018431706752265,2,"Rate-conserved"
"Pop10","Pop12",-0.0632283675437827,0.000268835999397613,2,"Rate-conserved"
"Pop10","Pop13",-0.12266850238608,9.31560551333809e-05,2,"Rate-conserved"
"Pop11","Pop12",-0.197277732711437,0.000232210691360721,2,"Rate-conserved"
"Pop12","Pop13",-0.0046458183506784,5.31223477087443e-05,2,"Rate-conserved"
"Pop12","Pop15",0.0376936317718293,3.93500272342435e-05,2,"Rate-conserved"
"Pop12","Pop18",0.0182928430072642,-4.62390630230575e-08,2,"Rate-conserved"
"Pop12","Pop23",0.0104236864316468,-5.14081562502501e-07,2,"Rate-conserved"
"Pop13","Pop14",-0.00293133432367582,2.06704662072706e-05,2,"Rate-conserved"
"Pop13","Pop15",0.0423294429095483,-3.7676197411749e-06,2,"Rate-conserved"
"Pop13","Pop16",0.0732540447788047,2.02169328784925e-05,2,"Rate-conserved"
"Pop13","Pop18",0.032120006108669,-2.67262619942337e-06,2,"Rate-conserved"
"Pop13","Pop25",-0.0367913585971017,3.55232242191115e-07,2,"Rate-conserved"
"Pop14","Pop15",0.0656489263797657,0.000100595890420198,2,"Rate-conserved"
"Pop14","Pop16",0.0534052025800356,6.80978365194938e-05,2,"Rate-conserved"
"Pop14","Pop21",0.0605644277025662,-6.36010412886164e-06,2,"Rate-conserved"
"Pop14","Pop23",0.0224318664145835,2.70346709353007e-06,2,"Rate-conserved"
"Pop14","Pop24",-0.049546967076451,5.40379074279592e-07,2,"Rate-conserved"
"Pop15","Pop16",-0.00792541066650879,-1.55664762965877e-06,2,"Rate-conserved"
"Pop15","Pop19",0.0622870464729433,-1.34680952926846e-05,2,"Rate-conserved"
"Pop15","Pop22",0.0540856806195201,-1.50849785470856e-05,2,"Rate-conserved"
"Pop15","Pop23",-0.00220021595491572,-1.43237474011746e-06,2,"Rate-conserved"
"Pop15","Pop25",-0.0736541340440477,5.69551992225378e-07,2,"Rate-conserved"
"Pop16","Pop17",0.0164806584932387,-5.21491829398552e-06,2,"Rate-conserved"
"Pop16","Pop20",0.0174574209583232,-2.96236569274167e-05,2,"Rate-conserved"
"Pop16","Pop21",0.00789425543556409,-2.97565455053121e-06,2,"Rate-conserved"
"Pop16","Pop23",-0.0246920570496084,3.0979724068383e-06,2,"Rate-conserved"
"Pop17","Pop18",-0.0102862750298411,1.20962901502686e-05,2,"Rate-conserved"
"Pop17","Pop19",0.00860213479598235,2.79622177496236e-06,2,"Rate-conserved"
"Pop17","Pop20",0.014336904680307,-2.42332791136461e-07,2,"Rate-conserved"
"Pop17","Pop21",0.00954357104633123,-1.48237611660397e-06,2,"Rate-conserved"
"Pop17","Pop22",0.0286539098469357,-1.00652553880494e-05,2,"Rate-conserved"
"Pop17","Pop24",-0.112583404556743,8.5466573668545e-06,2,"Rate-conserved"
"Pop17","Pop25",-0.0911147166395239,8.83267079992509e-06,2,"Rate-conserved"
"Pop18","Pop19",-0.0110688636870898,-0.000138871807132721,2,"Rate-conserved"
"Pop18","Pop21",0.04028196356809,-9.70902420371551e-06,2,"Rate-conserved"
"Pop18","Pop22",0.0275191211046332,-2.37984273617551e-06,2,"Rate-conserved"
"Pop18","Pop23",0.00571186160116528,1.49326933785577e-05,2,"Rate-conserved"
"Pop18","Pop25",-0.0590800832422599,1.43966186643946e-05,2,"Rate-conserved"
"Pop19","Pop20",-0.0381565872237793,-5.51508778321392e-05,2,"Rate-conserved"
"Pop19","Pop21",0.0168397583566361,-5.0282761693696e-05,2,"Rate-conserved"
"Pop19","Pop22",0.0224392092066894,4.23305000598941e-05,2,"Rate-conserved"
"Pop20","Pop21",0.0326977729761122,-8.56060030413999e-06,2,"Rate-conserved"
"Pop20","Pop22",0.0632614481846502,0.000199244935823871,2,"Rate-conserved"
"Pop21","Pop22",-0.0230095737534066,4.77750412884806e-05,2,"Rate-conserved"
"Pop21","Pop23",-0.02962826423568,3.77858617037431e-05,2,"Rate-conserved"
"Pop21","Pop24",-0.113811265149931,1.98399653068319e-05,2,"Rate-conserved"
"Pop21","Pop25",-0.0887844156643117,8.61569672920787e-06,2,"Rate-conserved"
"Pop22","Pop23",-0.0348629413535597,6.69384366263762e-06,2,"Rate-conserved"
"Pop23","Pop24",-0.115142065490595,-1.01918946689999e-05,2,"Rate-conserved"
"Pop23","Pop25",-0.0520036059882544,-7.31681101162815e-06,2,"Rate-conserved"
"Pop24","Pop25",0.0779935350956338,1.47268260011793e-05,2,"Rate-conserved"
"Pop01","Pop02",-0.0470811857490998,0.0130435479722247,3,"Isotropic"
"Pop01","Pop05",0.0583269705955097,0.266471390306796,3,"Isotropic"
"Pop01","Pop06",0.0899050191617587,0.101597444512494,3,"Isotropic"
"Pop01","Pop07",0.0423626811542374,0.114827584902107,3,"Isotropic"
"Pop01","Pop10",0.0787770154462346,0.0908761451391153,3,"Isotropic"
"Pop01","Pop12",0.0634061975513569,0.103627223471462,3,"Isotropic"
"Pop02","Pop03",0.134457969561417,0.569458094611215,3,"Isotropic"
"Pop02","Pop06",0.129334940526723,0.140637479290388,3,"Isotropic"
"Pop02","Pop09",0.0689236109209452,0.0654485352604975,3,"Isotropic"
"Pop02","Pop17",0.0261817341329188,0.0384327071580551,3,"Isotropic"
"Pop03","Pop04",-0.0296476140294731,0.193322281546109,3,"Isotropic"
"Pop03","Pop05",-0.0350561570648477,0.226373333652059,3,"Isotropic"
"Pop03","Pop06",0.0297457601328641,0.121145635088377,3,"Isotropic"
"Pop03","Pop07",0.00370721035748033,0.0782113040370596,3,"Isotropic"
"Pop03","Pop08",0.00649161813549556,0.0928590265849294,3,"Isotropic"
"Pop03","Pop09",0.00609712671740185,0.018378318921249,3,"Isotropic"
"Pop03","Pop12",-0.00555956852460762,0.0730256895759863,3,"Isotropic"
"Pop03","Pop16",-0.0423861302958381,0.0450195673243342,3,"Isotropic"
"Pop04","Pop05",-0.0139058122914743,0.119144762278573,3,"Isotropic"
"Pop04","Pop06",0.061456870412602,0.0946638286946791,3,"Isotropic"
"Pop04","Pop07",0.0368885552380811,0.01323634080925,3,"Isotropic"
"Pop04","Pop08",0.0361684203891952,0.025001643623081,3,"Isotropic"
"Pop04","Pop10",0.0389108475898717,0.00711402852244883,3,"Isotropic"
"Pop04","Pop15",-0.0213089557972218,0.0307188458662312,3,"Isotropic"
"Pop04","Pop17",0.0156268830473231,0.0142210756836759,3,"Isotropic"
"Pop05","Pop06",0.0704755285931978,0.00101150464525782,3,"Isotropic"
"Pop05","Pop09",0.0263993266184587,-0.00325851652207766,3,"Isotropic"
"Pop05","Pop10",0.0316929253761612,-0.0221646686581734,3,"Isotropic"
"Pop05","Pop13",-0.0125722762069148,0.0481998843289337,3,"Isotropic"
"Pop06","Pop07",0.00428369452240451,0.0325470922055218,3,"Isotropic"
"Pop06","Pop08",-0.0095826733018896,0.060094984131658,3,"Isotropic"
"Pop06","Pop09",-0.0101427965285806,0.00869151203727354,3,"Isotropic"
"Pop06","Pop10",-0.00938123086632842,-0.0104709840646465,3,"Isotropic"
"Pop06","Pop11",-0.0411981446109558,-0.00385474824921288,3,"Isotropic"
"Pop06","Pop19",-0.0214342186728091,0.00634378037940524,3,"Isotropic"
"Pop07","Pop08",-0.018538238690602,-0.0306661873588974,3,"Isotropic"
"Pop07","Pop09",-0.00132336719879365,0.0236113193801102,3,"Isotropic"
"Pop07","Pop10",0.00824214256004717,-0.00115666411830983,3,"Isotropic"
"Pop07","Pop11",-0.0247919025753493,-0.0110720426289714,3,"Isotropic"
"Pop07","Pop14",-0.0413694473864068,0.0122358678272315,3,"Isotropic"
"Pop07","Pop16",-0.0305466758352249,0.00332864226934829,3,"Isotropic"
"Pop07","Pop19",0.00364358160728451,0.00743233570182719,3,"Isotropic"
"Pop07","Pop22",-0.00276214422639817,-0.00412248089889715,3,"Isotropic"
"Pop07","Pop24",-0.0152353008745064,-0.00995924267016678,3,"Isotropic"
"Pop08","Pop09",0.00748596640604346,-0.0221310676795708,3,"Isotropic"
"Pop08","Pop12",-0.00687203017875297,-0.0117355551486712,3,"Isotropic"
"Pop08","Pop14",-0.0478697849348574,0.00413181054217098,3,"Isotropic"
"Pop08","Pop17",-0.0037471261100713,0.0130884980556639,3,"Isotropic"
"Pop08","Pop18",0.00820330797238175,0.00167276428772226,3,"Isotropic"
"Pop08","Pop19",0.00197982556250027,0.0114101832772244,3,"Isotropic"
"Pop08","Pop21",0.0281422530593905,-0.00344386241250566,3,"Isotropic"
"Pop09","Pop10",0.00807392247881081,0.0268818762972395,3,"Isotropic"
"Pop09","Pop11",-0.0299159257064061,-0.074660313988535,3,"Isotropic"
"Pop09","Pop13",-0.0299790885951225,0.0470492295428304,3,"Isotropic"
"Pop09","Pop16",-0.034504846163586,0.00546022854376099,3,"Isotropic"
"Pop09","Pop18",0.00857456434314874,0.00582443320468611,3,"Isotropic"
"Pop09","Pop20",0.00972251821224907,0.00167314467141105,3,"Isotropic"
"Pop10","Pop11",-0.0488121076942572,0.11188479321644,3,"Isotropic"
"Pop10","Pop12",-0.0379852741127772,0.00531691584199527,3,"Isotropic"
"Pop10","Pop13",-0.0672254927258196,0.011098502362885,3,"Isotropic"
"Pop10","Pop16",-0.0416684012205713,0.0154140166754678,3,"Isotropic"
"Pop10","Pop20",0.00263763458104057,0.0058020399274376,3,"Isotropic"
"Pop10","Pop24",-0.0438131950408415,-0.0203968093957168,3,"Isotropic"
"Pop10","Pop25",-0.0289771164141705,-0.0143794827394806,3,"Isotropic"
"Pop11","Pop12",0.00312490260394294,-0.186759436455706,3,"Isotropic"
"Pop11","Pop15",-0.0351137297035614,0.0227792900329299,3,"Isotropic"
"Pop11","Pop17",0.0103359274429488,0.0186668196248217,3,"Isotropic"
"Pop11","Pop20",0.0224311333656867,0.0034997225022581,3,"Isotropic"
"Pop11","Pop22",-0.00292269508214275,0.000581373812137549,3,"Isotropic"
"Pop12","Pop13",-0.0737902914848412,0.0595478595815226,3,"Isotropic"
"Pop12","Pop14",-0.103992580401108,0.0681899262212143,3,"Isotropic"
"Pop12","Pop19",0.00198925328393952,0.0135656968681786,3,"Isotropic"
"Pop12","Pop20",0.00972598266980525,0.0103630758492352,3,"Isotropic"
"Pop13","Pop14",-0.0555112568174266,0.100532173489186,3,"Isotropic"
"Pop13","Pop15",0.000157612392660988,0.0251363830012603,3,"Isotropic"
"Pop14","Pop15",0.0800851663465912,0.0192886982395069,3,"Isotropic"
"Pop15","Pop16",0.0300952012589752,0.0120345665492809,3,"Isotropic"
"Pop15","Pop18",0.0577412314388838,-0.019046260798176,3,"Isotropic"
"Pop15","Pop22",0.0297791658927416,-0.00965310503424405,3,"Isotropic"
"Pop15","Pop23",0.0597832133343175,-0.053994035492135,3,"Isotropic"
"Pop16","Pop17",0.030086202575249,0.00168290392999465,3,"Isotropic"
"Pop16","Pop18",0.0427016194392128,-0.023258190830225,3,"Isotropic"
"Pop16","Pop19",0.0374125747430642,1.18694829915056e-05,3,"Isotropic"
"Pop16","Pop24",-0.00216909256976794,-0.0360878871382978,3,"Isotropic"
"Pop16","Pop25",0.000539645574678602,-0.0578823789133514,3,"Isotropic"
"Pop17","Pop18",-0.00609017123296146,-0.0390075463113223,3,"Isotropic"
"Pop17","Pop19",0.00259921399219168,-0.0412603938470124,3,"Isotropic"
"Pop17","Pop20",0.00659795029826672,-0.0991308683933668,3,"Isotropic"
"Pop17","Pop21",0.00683749303854446,-0.0662435302023919,3,"Isotropic"
"Pop17","Pop22",-0.0179907371595238,-0.0233818042034619,3,"Isotropic"
"Pop17","Pop23",0.0135190530652153,-0.0379055830810903,3,"Isotropic"
"Pop18","Pop19",0.00981051256533252,0.0314796723575977,3,"Isotropic"
"Pop18","Pop20",0.0110970390127391,-0.00116783286879299,3,"Isotropic"
"Pop18","Pop21",0.00392109642008831,0.0238904605484927,3,"Isotropic"
"Pop18","Pop22",-0.0253695826770093,-0.0342434667828093,3,"Isotropic"
"Pop18","Pop23",0.00245866536990494,-0.0772771016959803,3,"Isotropic"
"Pop19","Pop20",0.00416194927085992,-0.0286564353023331,3,"Isotropic"
"Pop19","Pop21",0.00688250137267632,-0.125874224009328,3,"Isotropic"
"Pop19","Pop23",0.00466740170413471,-0.107174685702781,3,"Isotropic"
"Pop19","Pop24",-0.0536688229299473,-0.0295877441506926,3,"Isotropic"
"Pop20","Pop21",-0.0183708320168928,-0.102012011155932,3,"Isotropic"
"Pop20","Pop22",-0.0328669499048088,-0.0769673367634698,3,"Isotropic"
"Pop20","Pop23",-0.0103172537921956,-0.0549412678440256,3,"Isotropic"
"Pop20","Pop25",-0.0580616195471381,-0.0115050704453188,3,"Isotropic"
"Pop21","Pop22",-0.0167482946271284,-0.0203772308046191,3,"Isotropic"
"Pop21","Pop23",-0.00263600973824074,-0.143060780609547,3,"Isotropic"
"Pop21","Pop24",-0.0729603631356506,-0.0325522146586891,3,"Isotropic"
"Pop21","Pop25",-0.0753991178294737,-0.011225028489457,3,"Isotropic"
"Pop22","Pop23",0.0128756907449258,-0.184444249860935,3,"Isotropic"
"Pop22","Pop25",-0.0379713572990553,-0.0127307551873055,3,"Isotropic"
"Pop23","Pop24",-0.063149806429425,0.020637625235213,3,"Isotropic"
"Pop23","Pop25",-0.066583803543909,-0.0106049804980375,3,"Isotropic"
"Pop24","Pop25",0.000279555558494016,-0.116691112094781,3,"Isotropic"
"Pop01","Pop14",0.203792524776264,NA,3,"Flux-conserved"
"Pop01","Pop17",0.209605459076356,NA,3,"Flux-conserved"
"Pop01","Pop19",0.183402334992914,NA,3,"Flux-conserved"
"Pop01","Pop20",0.0819888093237021,NA,3,"Flux-conserved"
"Pop01","Pop23",-0.0155423026755283,-46048572660.5554,3,"Flux-conserved"
"Pop01","Pop25",-0.0265322869835946,-184657090367.453,3,"Flux-conserved"
"Pop02","Pop14",0.203792524776264,NA,3,"Flux-conserved"
"Pop02","Pop17",0.209605459076356,NA,3,"Flux-conserved"
"Pop02","Pop19",0.183402334992914,NA,3,"Flux-conserved"
"Pop02","Pop20",0.0819888093237021,NA,3,"Flux-conserved"
"Pop02","Pop23",-0.0155423026755283,-46048572660.5554,3,"Flux-conserved"
"Pop02","Pop25",-0.0265322869835946,-184657090367.453,3,"Flux-conserved"
"Pop03","Pop14",0.203792524776264,NA,3,"Flux-conserved"
"Pop03","Pop17",0.209605459076356,NA,3,"Flux-conserved"
"Pop03","Pop19",0.183402334992914,NA,3,"Flux-conserved"
"Pop03","Pop20",0.0819888093237021,NA,3,"Flux-conserved"
"Pop03","Pop23",-0.0155423026755283,-46048572660.5554,3,"Flux-conserved"
"Pop03","Pop25",-0.0265322869835946,-184657090367.453,3,"Flux-conserved"
"Pop04","Pop14",0.203792524776264,NA,3,"Flux-conserved"
"Pop04","Pop17",0.209605459076356,NA,3,"Flux-conserved"
"Pop04","Pop19",0.183402334992914,NA,3,"Flux-conserved"
"Pop04","Pop20",0.0819888093237021,NA,3,"Flux-conserved"
"Pop04","Pop23",-0.0155423026755283,-46048572660.5554,3,"Flux-conserved"
"Pop04","Pop25",-0.0265322869835946,-184657090367.453,3,"Flux-conserved"
"Pop05","Pop14",0.203792524776264,NA,3,"Flux-conserved"
"Pop05","Pop17",0.209605459076356,NA,3,"Flux-conserved"
"Pop05","Pop19",0.183402334992914,NA,3,"Flux-conserved"
"Pop05","Pop20",0.0819888093237021,NA,3,"Flux-conserved"
"Pop05","Pop23",-0.0155423026755283,-46048572660.5554,3,"Flux-conserved"
"Pop05","Pop25",-0.0265322869835946,-184657090367.453,3,"Flux-conserved"
"Pop06","Pop14",0.203792524776264,NA,3,"Flux-conserved"
"Pop06","Pop17",0.209605459076356,NA,3,"Flux-conserved"
"Pop06","Pop19",0.183402334992914,NA,3,"Flux-conserved"
"Pop06","Pop20",0.0819888093237021,NA,3,"Flux-conserved"
"Pop06","Pop23",-0.0155423026755283,-46048572660.5554,3,"Flux-conserved"
"Pop06","Pop25",-0.0265322869835946,-184657090367.453,3,"Flux-conserved"
"Pop07","Pop14",0.203792524776264,NA,3,"Flux-conserved"
"Pop07","Pop17",0.209605459076356,NA,3,"Flux-conserved"
"Pop07","Pop19",0.183402334992914,NA,3,"Flux-conserved"
"Pop07","Pop20",0.0819888093237021,NA,3,"Flux-conserved"
"Pop07","Pop23",-0.0155423026755283,-46048572660.5554,3,"Flux-conserved"
"Pop07","Pop25",-0.0265322869835946,-184657090367.453,3,"Flux-conserved"
"Pop08","Pop14",0.203792524776264,NA,3,"Flux-conserved"
"Pop08","Pop17",0.209605459076356,NA,3,"Flux-conserved"
"Pop08","Pop19",0.183402334992914,NA,3,"Flux-conserved"
"Pop08","Pop20",0.0819888093237021,NA,3,"Flux-conserved"
"Pop08","Pop23",-0.0155423026755283,-46048572660.5554,3,"Flux-conserved"
"Pop08","Pop25",-0.0265322869835946,-184657090367.453,3,"Flux-conserved"
"Pop09","Pop14",0.203792524776264,NA,3,"Flux-conserved"
"Pop09","Pop17",0.209605459076356,NA,3,"Flux-conserved"
"Pop09","Pop19",0.183402334992914,NA,3,"Flux-conserved"
"Pop09","Pop20",0.0819888093237021,NA,3,"Flux-conserved"
"Pop09","Pop23",-0.0155423026755283,-46048572660.5554,3,"Flux-conserved"
"Pop09","Pop25",-0.0265322869835946,-184657090367.453,3,"Flux-conserved"
"Pop10","Pop14",0.203792524776264,NA,3,"Flux-conserved"
"Pop10","Pop17",0.209605459076356,NA,3,"Flux-conserved"
"Pop10","Pop19",0.183402334992914,NA,3,"Flux-conserved"
"Pop10","Pop20",0.0819888093237021,NA,3,"Flux-conserved"
"Pop10","Pop23",-0.0155423026755283,-46048572660.5554,3,"Flux-conserved"
"Pop10","Pop25",-0.0265322869835946,-184657090367.453,3,"Flux-conserved"
"Pop11","Pop13",-0.026497324829556,0.0637956967231946,3,"Flux-conserved"
"Pop11","Pop14",0.443719107013097,-0.355687009427387,3,"Flux-conserved"
"Pop11","Pop17",0.112446097226937,0.0232257820027442,3,"Flux-conserved"
"Pop12","Pop14",0.203792524776264,NA,3,"Flux-conserved"
"Pop12","Pop17",0.209605459076356,NA,3,"Flux-conserved"
"Pop12","Pop19",0.183402334992914,NA,3,"Flux-conserved"
"Pop12","Pop20",0.0819888093237021,NA,3,"Flux-conserved"
"Pop12","Pop23",-0.0155423026755283,-46048572660.5554,3,"Flux-conserved"
"Pop12","Pop25",-0.0265322869835946,-184657090367.453,3,"Flux-conserved"
"Pop13","Pop18",0.0498148394673054,0.00789088222530265,3,"Flux-conserved"
"Pop13","Pop19",0.241195410699098,0.382094261921883,3,"Flux-conserved"
"Pop13","Pop23",-0.0439266553476821,0.00317130182216253,3,"Flux-conserved"
"Pop14","Pop15",-0.203792524776264,NA,3,"Flux-conserved"
"Pop14","Pop16",-0.203792524776264,NA,3,"Flux-conserved"
"Pop14","Pop17",-0.0608859413045808,0.17042428908686,3,"Flux-conserved"
"Pop15","Pop17",0.209605459076356,NA,3,"Flux-conserved"
"Pop15","Pop19",0.183402334992914,NA,3,"Flux-conserved"
"Pop15","Pop20",0.0819888093237021,NA,3,"Flux-conserved"
"Pop15","Pop23",-0.0155423026755283,-46048572660.5554,3,"Flux-conserved"
"Pop15","Pop25",-0.0265322869835946,-184657090367.453,3,"Flux-conserved"
"Pop16","Pop17",0.209605459076356,NA,3,"Flux-conserved"
"Pop16","Pop19",0.183402334992914,NA,3,"Flux-conserved"
"Pop16","Pop20",0.0819888093237021,NA,3,"Flux-conserved"
"Pop16","Pop23",-0.0155423026755283,-46048572660.5554,3,"Flux-conserved"
"Pop16","Pop25",-0.0265322869835946,-184657090367.453,3,"Flux-conserved"
"Pop17","Pop18",-0.300170763638895,0.0446434636504404,3,"Flux-conserved"
"Pop18","Pop19",0.228259637707315,0.0579668919047012,3,"Flux-conserved"
"Pop18","Pop20",-0.0240635596713033,0.00266198556531376,3,"Flux-conserved"
"Pop19","Pop20",-0.0429380358040913,0.00118033632818732,3,"Flux-conserved"
"Pop20","Pop21",-0.247537461890731,0.000222358449360736,3,"Flux-conserved"
"Pop20","Pop23",-0.0269662400257863,0.00128738811731076,3,"Flux-conserved"
"Pop21","Pop22",-0.0101247430407806,0.00117308062399468,3,"Flux-conserved"
"Pop21","Pop23",0.0938649424273241,0.000653421640291319,3,"Flux-conserved"
"Pop21","Pop24",-0.0458447914332769,-3.51484665974566e-05,3,"Flux-conserved"
"Pop22","Pop23",0.141335185728711,0.000439013973252635,3,"Flux-conserved"
"Pop22","Pop24",-0.00984106583771385,-0.000129363983819879,3,"Flux-conserved"
"Pop22","Pop25",0.120704916646819,7.69156618413911e-06,3,"Flux-conserved"
"Pop23","Pop24",-0.194590652514042,-0.000134319916141501,3,"Flux-conserved"
"Pop23","Pop25",-0.0110185908698498,-0.00030567307505427,3,"Flux-conserved"
"Pop24","Pop25",0.241671534909934,-0.000125111166194124,3,"Flux-conserved"
"Pop01","Pop07",0.833333370554872,-2190617510241.62,3,"Rate-conserved"
"Pop02","Pop07",0.833333370554872,-2190617510241.62,3,"Rate-conserved"
"Pop03","Pop07",0.833333370554872,-2190617510241.62,3,"Rate-conserved"
"Pop04","Pop07",0.833333370554872,-2190617510241.62,3,"Rate-conserved"
"Pop05","Pop07",0.833333370554872,-2190617510241.62,3,"Rate-conserved"
"Pop06","Pop07",0.833333370554872,-2190617510241.62,3,"Rate-conserved"
"Pop07","Pop08",-0.221113788122788,0.0576479704642223,3,"Rate-conserved"
"Pop08","Pop09",0.147128711972038,0.0126545344569442,3,"Rate-conserved"
"Pop08","Pop10",0.154192898780383,0.0374602809285672,3,"Rate-conserved"
"Pop09","Pop10",0.006329449877991,0.0336211032240613,3,"Rate-conserved"
"Pop09","Pop12",-0.00268523909772173,0.0138335107397168,3,"Rate-conserved"
"Pop09","Pop13",-0.0427306845684113,0.0132381857031277,3,"Rate-conserved"
"Pop10","Pop12",-0.00661469954484448,0.00790754519459927,3,"Rate-conserved"
"Pop10","Pop13",-0.0885457172112119,0.00385648494175386,3,"Rate-conserved"
"Pop11","Pop12",-0.11114418900536,-0.0172398112144737,3,"Rate-conserved"
"Pop11","Pop13",0.0755302423570159,0.00130660515054937,3,"Rate-conserved"
"Pop11","Pop14",0.0321020998635894,0.00377420592928723,3,"Rate-conserved"
"Pop11","Pop22",-0.076079939237493,0.00120095972046616,3,"Rate-conserved"
"Pop13","Pop14",0.0154413506436528,0.000730538527594939,3,"Rate-conserved"
"Pop13","Pop15",-0.0319869231227979,0.00167692264825795,3,"Rate-conserved"
"Pop13","Pop19",-0.027881773606694,-0.00025244324217338,3,"Rate-conserved"
"Pop14","Pop15",-0.0246884526642516,0.00101586726710675,3,"Rate-conserved"
"Pop14","Pop18",-0.052153511537338,-0.000844682790035558,3,"Rate-conserved"
"Pop14","Pop19",-0.0116387573786903,-0.000684036115884994,3,"Rate-conserved"
"Pop14","Pop21",-0.0780050475949138,0.00283231241998907,3,"Rate-conserved"
"Pop14","Pop22",0.0289690138068333,0.00506627020236938,3,"Rate-conserved"
"Pop15","Pop16",0.00494735418537828,-0.000683158428296525,3,"Rate-conserved"
"Pop15","Pop17",0.0240080385306677,-0.000475422615185976,3,"Rate-conserved"
"Pop15","Pop21",-0.0485799375074103,0.00286142431127968,3,"Rate-conserved"
"Pop15","Pop22",0.0428239251513317,3.55874572353864e-05,3,"Rate-conserved"
"Pop16","Pop17",0.00964993903852085,0.0125927495725124,3,"Rate-conserved"
"Pop16","Pop19",0.031795960920991,0.000664001073033627,3,"Rate-conserved"
"Pop16","Pop20",0.0705655132519084,0.00248240270681833,3,"Rate-conserved"
"Pop17","Pop18",0.0266069884440747,-0.0111085136346844,3,"Rate-conserved"
"Pop17","Pop20",0.0194921088255658,0.00122606462650055,3,"Rate-conserved"
"Pop18","Pop19",0.0341057301366832,0.00813272206142664,3,"Rate-conserved"
"Pop18","Pop20",0.0348064392394359,0.00133731893903805,3,"Rate-conserved"
"Pop18","Pop22",0.030743878613017,0.000870735998390724,3,"Rate-conserved"
"Pop18","Pop24",-0.0953525495813527,0.00127637455240126,3,"Rate-conserved"
"Pop19","Pop20",-0.0149769026289399,-0.000466165641557105,3,"Rate-conserved"
"Pop19","Pop21",-0.0516650825753273,0.00951520288601764,3,"Rate-conserved"
"Pop19","Pop22",-0.00823256982875047,0.00112922855675908,3,"Rate-conserved"
"Pop20","Pop21",-0.0498053866928959,0.0047792660275525,3,"Rate-conserved"
"Pop20","Pop22",-0.0448222262521075,0.00013023930147567,3,"Rate-conserved"
"Pop21","Pop22",0.0546399233330715,-0.0017486409746392,3,"Rate-conserved"
"Pop21","Pop25",-0.129579126422334,0.000299872446926523,3,"Rate-conserved"
"Pop22","Pop23",-0.224299653583272,0.00277351329891836,3,"Rate-conserved"
"Pop22","Pop25",-0.140319522964117,0.00034809020509388,3,"Rate-conserved"
"Pop23","Pop24",-0.00647442888112265,0.000682774838408335,3,"Rate-conserved"
"Pop23","Pop25",-0.0298702094963846,0.00031241963467189,3,"Rate-conserved"
"Pop24","Pop25",0.0798442126158778,0.00107210842886721,3,"Rate-conserved"
"Pop01","Pop02",0.0564707216147728,-0.512722574891154,4,"Isotropic"
"Pop01","Pop03",0.0296021308863035,0.035501651597706,4,"Isotropic"
"Pop01","Pop04",0.0610864871130489,0.355921296153349,4,"Isotropic"
"Pop01","Pop05",0.0522199356627821,-0.0417592824175865,4,"Isotropic"
"Pop01","Pop09",0.0272235020684241,0.0109010484396476,4,"Isotropic"
"Pop01","Pop12",0.0251304720133255,0.00768423045279727,4,"Isotropic"
"Pop01","Pop20",-0.0375363182568552,0.0576264589803065,4,"Isotropic"
"Pop02","Pop03",-0.02576501839307,0.460876755272766,4,"Isotropic"
"Pop02","Pop04",0.0160903862579193,0.247524650537322,4,"Isotropic"
"Pop02","Pop05",0.0189793412316922,0.0505413722084308,4,"Isotropic"
"Pop02","Pop06",0.0304378195771921,-0.0126329759061755,4,"Isotropic"
"Pop02","Pop09",0.0288613878695238,0.0273046903621819,4,"Isotropic"
"Pop02","Pop16",-0.00427505526811676,0.0251694639807506,4,"Isotropic"
"Pop02","Pop19",0.00911797650489869,0.125140484494669,4,"Isotropic"
"Pop02","Pop20",-0.0286017575969926,0.140875399882378,4,"Isotropic"
"Pop02","Pop23",-0.0261112346624094,0.054328074818419,4,"Isotropic"
"Pop03","Pop04",0.0450782011682141,0.0902412858690638,4,"Isotropic"
"Pop03","Pop05",0.0445517792518727,-0.105550346882247,4,"Isotropic"
"Pop03","Pop06",0.0446435144655323,-0.182829550096599,4,"Isotropic"
"Pop03","Pop10",-0.0605461189443167,0.00730588769279854,4,"Isotropic"
"Pop03","Pop11",-0.0197594736491187,0.0114698822431734,4,"Isotropic"
"Pop03","Pop12",0.00560237363552108,0.00993967985714534,4,"Isotropic"
"Pop04","Pop05",0.00834567427986024,-0.174651037307472,4,"Isotropic"
"Pop04","Pop06",0.0176635329800815,-0.354644518366237,4,"Isotropic"
"Pop04","Pop11",-0.0131975464127753,0.00118875052663028,4,"Isotropic"
"Pop04","Pop12",0.0118024907305414,0.0211761636346005,4,"Isotropic"
"Pop04","Pop13",0.00370134242143338,0.0219814311039538,4,"Isotropic"
"Pop04","Pop17",-0.0250947795027969,0.0357646395378052,4,"Isotropic"
"Pop04","Pop19",-0.000706003495152402,0.0648457124282405,4,"Isotropic"
"Pop04","Pop25",-0.0365073889790802,0.000293371355496168,4,"Isotropic"
"Pop05","Pop06",0.0122540448483882,-0.555297649220428,4,"Isotropic"
"Pop05","Pop11",-0.00704106399893473,0.0346657297961532,4,"Isotropic"
"Pop05","Pop13",0.0110870048209599,0.0333848456275548,4,"Isotropic"
"Pop05","Pop15",-0.0268509356471215,0.0113218822354846,4,"Isotropic"
"Pop05","Pop19",0.00483788789784485,0.0515431875092062,4,"Isotropic"
"Pop05","Pop20",-0.034433581759781,0.0715129799348917,4,"Isotropic"
"Pop05","Pop23",-0.0286167965426397,0.0598718492103366,4,"Isotropic"
"Pop05","Pop25",-0.0281382023845539,0.00522342238474127,4,"Isotropic"
"Pop06","Pop07",-0.115642529955861,0.661693646356953,4,"Isotropic"
"Pop06","Pop08",-0.00793467881952382,0.107923710829375,4,"Isotropic"
"Pop06","Pop09",0.000481110550240443,0.14742951839291,4,"Isotropic"
"Pop06","Pop12",0.00830398632173961,0.146351830740233,4,"Isotropic"
"Pop06","Pop15",-0.0404095123192798,0.210324545419703,4,"Isotropic"
"Pop06","Pop18",-0.0433202171909951,0.0724669060013991,4,"Isotropic"
"Pop06","Pop19",-0.00730908160633449,0.0636935338656416,4,"Isotropic"
"Pop06","Pop21",-0.0195994401967813,0.0753917514012793,4,"Isotropic"
"Pop06","Pop23",-0.0366253563171657,0.065431961044038,4,"Isotropic"
"Pop07","Pop08",0.117526022491143,0.0727642409889748,4,"Isotropic"
"Pop07","Pop09",0.121801757951274,-0.0143796812727363,4,"Isotropic"
"Pop07","Pop13",0.066937442980624,0.0195798661367521,4,"Isotropic"
"Pop07","Pop20",0.00994409538435585,0.0578363726276597,4,"Isotropic"
"Pop07","Pop23",-0.00646415439944296,0.0365073751925051,4,"Isotropic"
"Pop08","Pop09",-0.00113889747909934,-0.0919761315133253,4,"Isotropic"
"Pop08","Pop10",-0.0532383763384103,-0.0037615269487019,4,"Isotropic"
"Pop08","Pop11",-0.0124499969709728,-0.0196421251850597,4,"Isotropic"
"Pop08","Pop12",0.0130704060542712,-0.054876956964043,4,"Isotropic"
"Pop08","Pop13",0.0140996514378659,-0.0073581654244969,4,"Isotropic"
"Pop08","Pop14",-0.0316466224370047,-0.0246230988833854,4,"Isotropic"
"Pop08","Pop18",-0.0430634576046289,0.121758172653352,4,"Isotropic"
"Pop08","Pop19",-0.00129359613489581,0.149831643151049,4,"Isotropic"
"Pop08","Pop21",-0.0126143184332822,0.0704146977655447,4,"Isotropic"
"Pop08","Pop22",-0.00825021436651064,0.0124228521533522,4,"Isotropic"
"Pop08","Pop23",-0.025074242880423,6.42008934102073e-05,4,"Isotropic"
"Pop08","Pop25",-0.0197586521229503,-0.0124434554020984,4,"Isotropic"
"Pop09","Pop10",-0.0760952857299768,-0.0540220891150646,4,"Isotropic"
"Pop09","Pop11",-0.0234108352084923,-0.0284064877684299,4,"Isotropic"
"Pop09","Pop12",0.0151306765598636,0.0596484734447078,4,"Isotropic"
"Pop09","Pop13",0.0106273912143532,0.0456937160939835,4,"Isotropic"
"Pop09","Pop16",-0.0340768955182806,0.210847586068346,4,"Isotropic"
"Pop09","Pop19",-0.00778267456340548,0.157052867729203,4,"Isotropic"
"Pop09","Pop21",-0.0337149865823334,0.281744234229793,4,"Isotropic"
"Pop10","Pop11",0.0526377139117463,0.0980414545040633,4,"Isotropic"
"Pop10","Pop12",0.0822604454201172,0.0371802467150944,4,"Isotropic"
"Pop10","Pop13",0.0795704117495618,0.0196095293462104,4,"Isotropic"
"Pop10","Pop15",0.0192805088071987,0.00475022773725472,4,"Isotropic"
"Pop10","Pop23",0.00565838072784985,0.0231861441560325,4,"Isotropic"
"Pop11","Pop12",0.0367336410751627,-0.020215551927232,4,"Isotropic"
"Pop11","Pop13",0.0328533369367916,0.0314107798677865,4,"Isotropic"
"Pop11","Pop17",-0.0127292143696634,0.0173806686223692,4,"Isotropic"
"Pop11","Pop19",0.0109667326771612,0.0305966395017063,4,"Isotropic"
"Pop11","Pop25",-0.0227068946451809,-0.0185474447269595,4,"Isotropic"
"Pop12","Pop13",0.0039478201196179,0.0758836316852947,4,"Isotropic"
"Pop12","Pop14",-0.0545778319410465,0.0139041183738667,4,"Isotropic"
"Pop12","Pop16",-0.0339716994559539,0.00216820968003351,4,"Isotropic"
"Pop12","Pop17",-0.0400434208988455,0.0199608692417157,4,"Isotropic"
"Pop12","Pop22",-0.0343484672348562,0.0347524781405195,4,"Isotropic"
"Pop12","Pop23",-0.0391325143883273,0.0166853105378638,4,"Isotropic"
"Pop12","Pop25",-0.0405816615694179,-0.0506864234081146,4,"Isotropic"
"Pop13","Pop14",-0.060697995529554,-0.0233167098200679,4,"Isotropic"
"Pop13","Pop15",-0.0482156493715715,-0.0403658655162168,4,"Isotropic"
"Pop13","Pop16",-0.037825224486706,-0.0354257177269257,4,"Isotropic"
"Pop13","Pop17",-0.0449991426840813,-0.0188701124149627,4,"Isotropic"
"Pop13","Pop18",-0.0628656375627356,0.0215736407674782,4,"Isotropic"
"Pop13","Pop19",-0.0163463858090054,0.0372614810767673,4,"Isotropic"
"Pop13","Pop22",-0.02604554986901,-0.0113365368595361,4,"Isotropic"
"Pop13","Pop25",-0.0302614801042059,-0.0434147095560495,4,"Isotropic"
"Pop14","Pop15",0.0191319778627553,-0.208440702698206,4,"Isotropic"
"Pop14","Pop16",0.030349832045181,0.307062732399522,4,"Isotropic"
"Pop14","Pop17",0.019537136496546,0.133143444736833,4,"Isotropic"
"Pop14","Pop18",-0.00601588156171047,0.0467169262167607,4,"Isotropic"
"Pop14","Pop20",-0.0132040282637571,0.0440698309238844,4,"Isotropic"
"Pop15","Pop16",0.020872809171344,0.16377658988608,4,"Isotropic"
"Pop15","Pop17",0.0144748558459067,0.034334450986483,4,"Isotropic"
"Pop15","Pop18",-0.00345270146616738,0.0502455698106011,4,"Isotropic"
"Pop15","Pop19",0.0323269419938967,0.062280297756687,4,"Isotropic"
"Pop16","Pop17",-0.00351816617292489,-0.00124198229784722,4,"Isotropic"
"Pop16","Pop20",-0.0248836892233539,0.000344979179075028,4,"Isotropic"
"Pop16","Pop21",-0.00111885971492888,0.00112996155943451,4,"Isotropic"
"Pop16","Pop22",-0.0030351602868417,0.0106581207598045,4,"Isotropic"
"Pop17","Pop18",-0.0288612280484184,0.0687964404786985,4,"Isotropic"
"Pop17","Pop20",-0.0174984145033136,0.0204230511198714,4,"Isotropic"
"Pop17","Pop23",-0.0150231973143142,-0.00250437791764546,4,"Isotropic"
"Pop18","Pop19",0.0669140600439701,0.0337941283951881,4,"Isotropic"
"Pop18","Pop21",0.0253011238261882,-0.0137499336313314,4,"Isotropic"
"Pop19","Pop21",-0.0262784621841511,-0.00395058246116996,4,"Isotropic"
"Pop19","Pop23",-0.0288889170201267,-0.0732674875544415,4,"Isotropic"
"Pop19","Pop24",-0.000200134912074469,-0.0879556141037249,4,"Isotropic"
"Pop20","Pop21",0.022261134524557,0.031943685729715,4,"Isotropic"
"Pop20","Pop22",0.0143404081674656,-0.119292812799925,4,"Isotropic"
"Pop21","Pop22",-0.0110765309322222,-0.0545322116681421,4,"Isotropic"
"Pop21","Pop24",-0.0410436491497425,-0.296283693466459,4,"Isotropic"
"Pop21","Pop25",-0.0126095263564658,-0.106172671385196,4,"Isotropic"
"Pop22","Pop23",0.0271544696665068,-0.0891932761530934,4,"Isotropic"
"Pop22","Pop24",-0.101785224595461,-0.23131276182841,4,"Isotropic"
"Pop22","Pop25",0.00536475205138276,-0.139421081767154,4,"Isotropic"
"Pop23","Pop24",-0.107668376026769,-0.0385203506851543,4,"Isotropic"
"Pop23","Pop25",-0.0172778666157172,-0.110217950548185,4,"Isotropic"
"Pop24","Pop25",0.125203021092161,0.0209927309452505,4,"Isotropic"
"Pop01","Pop18",0.155609192281476,NA,4,"Flux-conserved"
"Pop01","Pop19",0.106493230012791,-143135383284.265,4,"Flux-conserved"
"Pop01","Pop20",0.15792033843093,-143135383284.266,4,"Flux-conserved"
"Pop01","Pop21",0.0896140485821294,NA,4,"Flux-conserved"
"Pop01","Pop22",0.121988928693089,NA,4,"Flux-conserved"
"Pop01","Pop23",0.0426416156839228,NA,4,"Flux-conserved"
"Pop01","Pop25",-0.0041761054124171,NA,4,"Flux-conserved"
"Pop02","Pop18",0.155609192281476,NA,4,"Flux-conserved"
"Pop02","Pop19",0.106493230012791,-143135383284.265,4,"Flux-conserved"
"Pop02","Pop20",0.15792033843093,-143135383284.266,4,"Flux-conserved"
"Pop02","Pop21",0.0896140485821294,NA,4,"Flux-conserved"
"Pop02","Pop22",0.121988928693089,NA,4,"Flux-conserved"
"Pop02","Pop23",0.0426416156839228,NA,4,"Flux-conserved"
"Pop02","Pop25",-0.0041761054124171,NA,4,"Flux-conserved"
"Pop03","Pop18",0.155609192281476,NA,4,"Flux-conserved"
"Pop03","Pop19",0.106493230012791,-143135383284.265,4,"Flux-conserved"
"Pop03","Pop20",0.15792033843093,-143135383284.266,4,"Flux-conserved"
"Pop03","Pop21",0.0896140485821294,NA,4,"Flux-conserved"
"Pop03","Pop22",0.121988928693089,NA,4,"Flux-conserved"
"Pop03","Pop23",0.0426416156839228,NA,4,"Flux-conserved"
"Pop03","Pop25",-0.0041761054124171,NA,4,"Flux-conserved"
"Pop04","Pop18",0.155609192281476,NA,4,"Flux-conserved"
"Pop04","Pop19",0.106493230012791,-143135383284.265,4,"Flux-conserved"
"Pop04","Pop20",0.15792033843093,-143135383284.266,4,"Flux-conserved"
"Pop04","Pop21",0.0896140485821294,NA,4,"Flux-conserved"
"Pop04","Pop22",0.121988928693089,NA,4,"Flux-conserved"
"Pop04","Pop23",0.0426416156839228,NA,4,"Flux-conserved"
"Pop04","Pop25",-0.0041761054124171,NA,4,"Flux-conserved"
"Pop05","Pop18",0.155609192281476,NA,4,"Flux-conserved"
"Pop05","Pop19",0.106493230012791,-143135383284.265,4,"Flux-conserved"
"Pop05","Pop20",0.15792033843093,-143135383284.266,4,"Flux-conserved"
"Pop05","Pop21",0.0896140485821294,NA,4,"Flux-conserved"
"Pop05","Pop22",0.121988928693089,NA,4,"Flux-conserved"
"Pop05","Pop23",0.0426416156839228,NA,4,"Flux-conserved"
"Pop05","Pop25",-0.0041761054124171,NA,4,"Flux-conserved"
"Pop06","Pop18",0.155609192281476,NA,4,"Flux-conserved"
"Pop06","Pop19",0.106493230012791,-143135383284.265,4,"Flux-conserved"
"Pop06","Pop20",0.15792033843093,-143135383284.266,4,"Flux-conserved"
"Pop06","Pop21",0.0896140485821294,NA,4,"Flux-conserved"
"Pop06","Pop22",0.121988928693089,NA,4,"Flux-conserved"
"Pop06","Pop23",0.0426416156839228,NA,4,"Flux-conserved"
"Pop06","Pop25",-0.0041761054124171,NA,4,"Flux-conserved"
"Pop07","Pop18",0.155609192281476,NA,4,"Flux-conserved"
"Pop07","Pop19",0.106493230012791,-143135383284.265,4,"Flux-conserved"
"Pop07","Pop20",0.15792033843093,-143135383284.266,4,"Flux-conserved"
"Pop07","Pop21",0.0896140485821294,NA,4,"Flux-conserved"
"Pop07","Pop22",0.121988928693089,NA,4,"Flux-conserved"
"Pop07","Pop23",0.0426416156839228,NA,4,"Flux-conserved"
"Pop07","Pop25",-0.0041761054124171,NA,4,"Flux-conserved"
"Pop08","Pop18",0.155609192281476,NA,4,"Flux-conserved"
"Pop08","Pop19",0.106493230012791,-143135383284.265,4,"Flux-conserved"
"Pop08","Pop20",0.15792033843093,-143135383284.266,4,"Flux-conserved"
"Pop08","Pop21",0.0896140485821294,NA,4,"Flux-conserved"
"Pop08","Pop22",0.121988928693089,NA,4,"Flux-conserved"
"Pop08","Pop23",0.0426416156839228,NA,4,"Flux-conserved"
"Pop08","Pop25",-0.0041761054124171,NA,4,"Flux-conserved"
"Pop09","Pop18",0.155609192281476,NA,4,"Flux-conserved"
"Pop09","Pop19",0.106493230012791,-143135383284.265,4,"Flux-conserved"
"Pop09","Pop20",0.15792033843093,-143135383284.266,4,"Flux-conserved"
"Pop09","Pop21",0.0896140485821294,NA,4,"Flux-conserved"
"Pop09","Pop22",0.121988928693089,NA,4,"Flux-conserved"
"Pop09","Pop23",0.0426416156839228,NA,4,"Flux-conserved"
"Pop09","Pop25",-0.0041761054124171,NA,4,"Flux-conserved"
"Pop10","Pop18",0.155609192281476,NA,4,"Flux-conserved"
"Pop10","Pop19",0.106493230012791,-143135383284.265,4,"Flux-conserved"
"Pop10","Pop20",0.15792033843093,-143135383284.266,4,"Flux-conserved"
"Pop10","Pop21",0.0896140485821294,NA,4,"Flux-conserved"
"Pop10","Pop22",0.121988928693089,NA,4,"Flux-conserved"
"Pop10","Pop23",0.0426416156839228,NA,4,"Flux-conserved"
"Pop10","Pop25",-0.0041761054124171,NA,4,"Flux-conserved"
"Pop11","Pop18",0.155609192281476,NA,4,"Flux-conserved"
"Pop11","Pop19",0.106493230012791,-143135383284.265,4,"Flux-conserved"
"Pop11","Pop20",0.15792033843093,-143135383284.266,4,"Flux-conserved"
"Pop11","Pop21",0.0896140485821294,NA,4,"Flux-conserved"
"Pop11","Pop22",0.121988928693089,NA,4,"Flux-conserved"
"Pop11","Pop23",0.0426416156839228,NA,4,"Flux-conserved"
"Pop11","Pop25",-0.0041761054124171,NA,4,"Flux-conserved"
"Pop12","Pop18",0.155609192281476,NA,4,"Flux-conserved"
"Pop12","Pop19",0.106493230012791,-143135383284.265,4,"Flux-conserved"
"Pop12","Pop20",0.15792033843093,-143135383284.266,4,"Flux-conserved"
"Pop12","Pop21",0.0896140485821294,NA,4,"Flux-conserved"
"Pop12","Pop22",0.121988928693089,NA,4,"Flux-conserved"
"Pop12","Pop23",0.0426416156839228,NA,4,"Flux-conserved"
"Pop12","Pop25",-0.0041761054124171,NA,4,"Flux-conserved"
"Pop13","Pop18",0.155609192281476,NA,4,"Flux-conserved"
"Pop13","Pop19",0.106493230012791,-143135383284.265,4,"Flux-conserved"
"Pop13","Pop20",0.15792033843093,-143135383284.266,4,"Flux-conserved"
"Pop13","Pop21",0.0896140485821294,NA,4,"Flux-conserved"
"Pop13","Pop22",0.121988928693089,NA,4,"Flux-conserved"
"Pop13","Pop23",0.0426416156839228,NA,4,"Flux-conserved"
"Pop13","Pop25",-0.0041761054124171,NA,4,"Flux-conserved"
"Pop14","Pop18",0.155609192281476,NA,4,"Flux-conserved"
"Pop14","Pop19",0.106493230012791,-143135383284.265,4,"Flux-conserved"
"Pop14","Pop20",0.15792033843093,-143135383284.266,4,"Flux-conserved"
"Pop14","Pop21",0.0896140485821294,NA,4,"Flux-conserved"
"Pop14","Pop22",0.121988928693089,NA,4,"Flux-conserved"
"Pop14","Pop23",0.0426416156839228,NA,4,"Flux-conserved"
"Pop14","Pop25",-0.0041761054124171,NA,4,"Flux-conserved"
"Pop15","Pop18",0.155609192281476,NA,4,"Flux-conserved"
"Pop15","Pop19",0.106493230012791,-143135383284.265,4,"Flux-conserved"
"Pop15","Pop20",0.15792033843093,-143135383284.266,4,"Flux-conserved"
"Pop15","Pop21",0.0896140485821294,NA,4,"Flux-conserved"
"Pop15","Pop22",0.121988928693089,NA,4,"Flux-conserved"
"Pop15","Pop23",0.0426416156839228,NA,4,"Flux-conserved"
"Pop15","Pop25",-0.0041761054124171,NA,4,"Flux-conserved"
"Pop16","Pop18",0.155609192281476,NA,4,"Flux-conserved"
"Pop16","Pop19",0.106493230012791,-143135383284.265,4,"Flux-conserved"
"Pop16","Pop20",0.15792033843093,-143135383284.266,4,"Flux-conserved"
"Pop16","Pop21",0.0896140485821294,NA,4,"Flux-conserved"
"Pop16","Pop22",0.121988928693089,NA,4,"Flux-conserved"
"Pop16","Pop23",0.0426416156839228,NA,4,"Flux-conserved"
"Pop16","Pop25",-0.0041761054124171,NA,4,"Flux-conserved"
"Pop17","Pop18",0.155609192281476,NA,4,"Flux-conserved"
"Pop17","Pop19",0.106493230012791,-143135383284.265,4,"Flux-conserved"
"Pop17","Pop20",0.15792033843093,-143135383284.266,4,"Flux-conserved"
"Pop17","Pop21",0.0896140485821294,NA,4,"Flux-conserved"
"Pop17","Pop22",0.121988928693089,NA,4,"Flux-conserved"
"Pop17","Pop23",0.0426416156839228,NA,4,"Flux-conserved"
"Pop17","Pop25",-0.0041761054124171,NA,4,"Flux-conserved"
"Pop18","Pop19",-0.00693196132491702,0.00890213969984512,4,"Flux-conserved"
"Pop18","Pop20",0.000303461474117181,0.985571664932162,4,"Flux-conserved"
"Pop18","Pop21",-0.0336875004333854,0.0132447438643876,4,"Flux-conserved"
"Pop18","Pop22",-0.0232475354063347,0.00716189398103325,4,"Flux-conserved"
"Pop19","Pop20",0.0131976562101,0.00480906309632024,4,"Flux-conserved"
"Pop19","Pop21",-0.00448690426431254,0.00189081699739168,4,"Flux-conserved"
"Pop19","Pop23",-0.018437260422499,0.00219873672220919,4,"Flux-conserved"
"Pop19","Pop24",-0.102300215524868,0.00135718327403321,4,"Flux-conserved"
"Pop19","Pop25",-0.0316452650324784,0.000777709567669523,4,"Flux-conserved"
"Pop20","Pop21",-0.0354503427258358,0.0187921249585164,4,"Flux-conserved"
"Pop20","Pop22",-0.0233511048984764,0.00162773235001608,4,"Flux-conserved"
"Pop21","Pop22",0.00864015937259617,0.000372932239483428,4,"Flux-conserved"
"Pop21","Pop23",-0.0136044747808931,0.00102670201042714,4,"Flux-conserved"
"Pop21","Pop24",-0.121698422930844,0.00112101597412849,4,"Flux-conserved"
"Pop21","Pop25",-0.0278528842461165,0.000556122192762701,4,"Flux-conserved"
"Pop22","Pop23",-0.0212935177166179,0.00740803869481723,4,"Flux-conserved"
"Pop22","Pop24",-0.175799219235726,0.00299356858000705,4,"Flux-conserved"
"Pop22","Pop25",-0.0386217126062295,0.00214669173288069,4,"Flux-conserved"
"Pop23","Pop24",-0.217148314347986,0.00407358285392188,4,"Flux-conserved"
"Pop24","Pop25",0.200803885309808,0.000145385620817118,4,"Flux-conserved"
"Pop01","Pop02",-0.27468018754936,-0.032816905704885,4,"Rate-conserved"
"Pop01","Pop03",-0.0469844469636156,-0.00588965989329223,4,"Rate-conserved"
"Pop01","Pop05",-0.0345421788209772,-0.0020922749225946,4,"Rate-conserved"
"Pop01","Pop07",0.00312624323520484,0.00103918375018252,4,"Rate-conserved"
"Pop02","Pop03",-0.161720697129327,-0.00738062913037711,4,"Rate-conserved"
"Pop03","Pop04",-0.108972893013416,-0.00597754580430165,4,"Rate-conserved"
"Pop04","Pop05",0.0162993383037382,-0.00117314149175985,4,"Rate-conserved"
"Pop04","Pop06",0.0205364995350911,-0.000344706706659132,4,"Rate-conserved"
"Pop04","Pop08",0.0679222400107041,0.000741796468095994,4,"Rate-conserved"
"Pop04","Pop10",0.0398600197276492,0.000386766590461739,4,"Rate-conserved"
"Pop04","Pop14",-0.0319619661386826,0.0261789833743205,4,"Rate-conserved"
"Pop04","Pop19",0.0296384560197364,0.00703003276417112,4,"Rate-conserved"
"Pop05","Pop06",-0.055834006006871,0.128652014715254,4,"Rate-conserved"
"Pop05","Pop07",0.0903631990339744,0.0347360849182113,4,"Rate-conserved"
"Pop05","Pop08",0.0470879594087149,0.0328291062696052,4,"Rate-conserved"
"Pop05","Pop18",-0.0316007482261231,0.0153509789667991,4,"Rate-conserved"
"Pop06","Pop07",0.125920485193014,0.00983971488688624,4,"Rate-conserved"
"Pop06","Pop08",0.0624769146407678,0.00666444096380191,4,"Rate-conserved"
"Pop06","Pop10",-0.00865270443165563,0.00169540494608816,4,"Rate-conserved"
"Pop07","Pop08",-0.019379086121619,0.0010800144504967,4,"Rate-conserved"
"Pop07","Pop09",-0.0272559030727255,0.00280281008371778,4,"Rate-conserved"
"Pop07","Pop10",-0.022071765406167,0.000861916178916974,4,"Rate-conserved"
"Pop07","Pop11",-0.0318412342753655,0.00297225320560681,4,"Rate-conserved"
"Pop07","Pop12",-0.0245309648742917,0.00387617461423511,4,"Rate-conserved"
"Pop07","Pop13",-0.0129281027457139,0.0141393060718538,4,"Rate-conserved"
"Pop07","Pop15",-0.0460409257025588,0.00835957475307062,4,"Rate-conserved"
"Pop08","Pop09",0.00482015658595804,0.00209266607345394,4,"Rate-conserved"
"Pop08","Pop10",-0.00350089552858911,0.00406199997827955,4,"Rate-conserved"
"Pop08","Pop11",-0.0155196998760159,0.00669009886571142,4,"Rate-conserved"
"Pop08","Pop13",0.00698654215348199,0.00306733946773486,4,"Rate-conserved"
"Pop08","Pop19",-0.0386491525416273,0.00301856319106119,4,"Rate-conserved"
"Pop09","Pop10",-0.0304378591308252,-0.00412582066938645,4,"Rate-conserved"
"Pop09","Pop11",-0.0405898842923211,-0.00126078057089675,4,"Rate-conserved"
"Pop09","Pop12",-0.0144307959039898,0.00115860943443657,4,"Rate-conserved"
"Pop09","Pop13",-0.00309496119177514,-4.66391521021534e-05,4,"Rate-conserved"
"Pop09","Pop15",-0.00635252173975255,0.000365763679998448,4,"Rate-conserved"
"Pop09","Pop16",-0.0561288461827392,0.00106951706190477,4,"Rate-conserved"
"Pop09","Pop18",-0.0189817790875987,0.00749553872066987,4,"Rate-conserved"
"Pop09","Pop19",-0.00678344991177553,0.00098090204644413,4,"Rate-conserved"
"Pop09","Pop20",-0.0342612253694794,0.000350118221828756,4,"Rate-conserved"
"Pop09","Pop21",-0.0246394610441474,0.000279267564556395,4,"Rate-conserved"
"Pop09","Pop25",-0.107114976486777,0.000639675225833094,4,"Rate-conserved"
"Pop10","Pop11",-0.0183007387881274,0.00047746434930017,4,"Rate-conserved"
"Pop10","Pop12",0.00343724060627387,0.0181729880590344,4,"Rate-conserved"
"Pop10","Pop13",0.00647616222534342,0.0017642580531612,4,"Rate-conserved"
"Pop10","Pop15",-0.0179278171324949,0.0014144831405243,4,"Rate-conserved"
"Pop10","Pop18",-0.0233858890058326,0.00305737921205178,4,"Rate-conserved"
"Pop11","Pop12",0.0285237212494633,0.00559848965492407,4,"Rate-conserved"
"Pop11","Pop13",0.00816485540743259,0.00177839391680527,4,"Rate-conserved"
"Pop11","Pop15",-0.0333640354892275,0.000872118484327253,4,"Rate-conserved"
"Pop11","Pop18",-0.0329355289024362,0.0127850949186561,4,"Rate-conserved"
"Pop12","Pop13",0.00874141947079088,-0.000373214940518234,4,"Rate-conserved"
"Pop12","Pop16",-0.0536736033971763,0.00108023590813259,4,"Rate-conserved"
"Pop12","Pop17",-0.0322640483114752,0.00121223752532125,4,"Rate-conserved"
"Pop12","Pop19",0.00168365617775725,0.00600693739258401,4,"Rate-conserved"
"Pop12","Pop20",-0.0327397974720866,0.00116296499895732,4,"Rate-conserved"
"Pop12","Pop21",-0.0184818419966467,0.00125791414734448,4,"Rate-conserved"
"Pop12","Pop22",-0.047797838095815,0.00252491804850745,4,"Rate-conserved"
"Pop12","Pop23",-0.108574828119587,0.00206881977160885,4,"Rate-conserved"
"Pop13","Pop14",-0.0904535163690952,0.000207818317197353,4,"Rate-conserved"
"Pop13","Pop15",-0.0056112617543328,0.00233555817449237,4,"Rate-conserved"
"Pop13","Pop17",-0.0650055474644172,0.000586820362804612,4,"Rate-conserved"
"Pop13","Pop18",-0.0287618669358689,0.00328559826247318,4,"Rate-conserved"
"Pop14","Pop15",0.0785215004842683,0.0018685796818789,4,"Rate-conserved"
"Pop14","Pop16",0.00569289775843254,0.00325492454794261,4,"Rate-conserved"
"Pop14","Pop19",0.054743029374422,0.000906213074415948,4,"Rate-conserved"
"Pop14","Pop21",0.0364125885890982,-8.30215797721948e-06,4,"Rate-conserved"
"Pop14","Pop22",-0.014656687801639,0.000557848558916925,4,"Rate-conserved"
"Pop15","Pop16",-0.0465274987689596,0.00252100892973895,4,"Rate-conserved"
"Pop15","Pop17",-0.0307518716941343,0.000173861013897754,4,"Rate-conserved"
"Pop15","Pop18",-0.0080961403362632,0.000717233466999334,4,"Rate-conserved"
"Pop15","Pop19",-0.00445745106014482,0.00113016170387938,4,"Rate-conserved"
"Pop15","Pop21",-0.0209061261889341,0.000198644846435307,4,"Rate-conserved"
"Pop16","Pop17",0.019856481405832,-0.000452046558261796,4,"Rate-conserved"
"Pop16","Pop20",0.0253102544496159,-0.000166016615946697,4,"Rate-conserved"
"Pop16","Pop21",0.0321868139793682,-0.000322952993001206,4,"Rate-conserved"
"Pop16","Pop22",0.0015824706863288,0.000249574496291977,4,"Rate-conserved"
"Pop16","Pop24",-0.0580498640328062,0.00036202198791721,4,"Rate-conserved"
"Pop16","Pop25",-0.101037074987928,0.000204859698999714,4,"Rate-conserved"
"Pop17","Pop18",0.0123194213669843,0.000265089614487758,4,"Rate-conserved"
"Pop17","Pop19",0.0281064279772973,-5.69671108486837e-05,4,"Rate-conserved"
"Pop17","Pop20",-0.0108716323208973,-0.000176362736732359,4,"Rate-conserved"
"Pop17","Pop21",0.015347349643,-0.000285956557987816,4,"Rate-conserved"
"Pop17","Pop22",-0.0194622159643006,0.000237194367911173,4,"Rate-conserved"
"Pop17","Pop24",-0.0723823082668774,0.000250052358887635,4,"Rate-conserved"
"Pop17","Pop25",-0.106885956217087,0.000129503492585628,4,"Rate-conserved"
"Pop18","Pop19",0.0200461032025264,-0.000645715034374097,4,"Rate-conserved"
"Pop18","Pop20",-0.0326580835988528,-0.00069523860843634,4,"Rate-conserved"
"Pop18","Pop21",-0.0176020005460338,-0.000347434487033424,4,"Rate-conserved"
"Pop19","Pop20",-0.0463109934216849,-0.000575631720902322,4,"Rate-conserved"
"Pop19","Pop21",-0.014794672893931,-0.000464029009018049,4,"Rate-conserved"
"Pop19","Pop22",-0.0479731589837848,0.000532620817141663,4,"Rate-conserved"
"Pop19","Pop23",-0.11190842706073,0.000150225552082391,4,"Rate-conserved"
"Pop19","Pop24",-0.116062784832889,3.97591255094608e-05,4,"Rate-conserved"
"Pop20","Pop21",0.0371184182309962,-0.000726770598601973,4,"Rate-conserved"
"Pop20","Pop22",-0.00983779178938451,0.00227410537951985,4,"Rate-conserved"
"Pop20","Pop24",-0.100182020675474,0.000284965002765481,4,"Rate-conserved"
"Pop21","Pop22",-0.0422044193337232,0.00200674184647155,4,"Rate-conserved"
"Pop21","Pop23",-0.0907736314810174,0.000287655807669602,4,"Rate-conserved"
"Pop21","Pop24",-0.0847536237833658,4.75488559706468e-05,4,"Rate-conserved"
"Pop21","Pop25",-0.114700880913538,4.57868310567884e-05,4,"Rate-conserved"
"Pop22","Pop23",-0.0832595622301299,-8.97504824213104e-05,4,"Rate-conserved"
"Pop22","Pop25",-0.127910898203889,-5.90738890524846e-06,4,"Rate-conserved"
"Pop23","Pop24",0.0176232582316209,-0.00118181839269266,4,"Rate-conserved"
"Pop23","Pop25",-0.0719390535231541,-8.84400740083427e-05,4,"Rate-conserved"
"Pop24","Pop25",-0.0362186338604094,0.000216966624962202,4,"Rate-conserved"
"Pop01","Pop02",0.00798171013590621,-0.0824052623471884,5,"Isotropic"
"Pop01","Pop03",0.0230073121936504,0.259186992295259,5,"Isotropic"
"Pop01","Pop05",0.010341846203247,0.0914112586364927,5,"Isotropic"
"Pop01","Pop06",-0.0160780340085948,0.0763677561090015,5,"Isotropic"
"Pop02","Pop03",0.0108279146823252,0.0820732708745161,5,"Isotropic"
"Pop02","Pop04",0.0466557762926283,0.249392768988268,5,"Isotropic"
"Pop02","Pop06",-0.0296225479091946,0.12896441265033,5,"Isotropic"
"Pop03","Pop04",0.0539298629861684,0.0683705584939374,5,"Isotropic"
"Pop03","Pop07",-0.0538083568402707,0.0126218454283502,5,"Isotropic"
"Pop04","Pop05",-0.0173616778980887,0.0131711717450077,5,"Isotropic"
"Pop04","Pop06",0.0382211746962101,0.0863345392124035,5,"Isotropic"
"Pop04","Pop07",-0.0514382531246965,-0.00198962604722326,5,"Isotropic"
"Pop05","Pop06",0.0875366907602811,0.168541649759414,5,"Isotropic"
"Pop05","Pop07",0.0222943613599312,0.0873503817436312,5,"Isotropic"
"Pop05","Pop09",-0.0146456563671881,0.0243599248458439,5,"Isotropic"
"Pop06","Pop07",-0.00128693594560003,-0.00774529716346924,5,"Isotropic"
"Pop06","Pop12",-0.017570803213154,0.0409090745624023,5,"Isotropic"
"Pop06","Pop13",-0.0068617552527749,0.0644475443052923,5,"Isotropic"
"Pop06","Pop14",-0.0104938170624999,0.0627710208319647,5,"Isotropic"
"Pop07","Pop08",-0.0898044385995687,-0.0079974896206156,5,"Isotropic"
"Pop07","Pop12",-0.0209893670303102,0.013625788837418,5,"Isotropic"
"Pop07","Pop13",0.00634187177394992,0.0168195362801162,5,"Isotropic"
"Pop07","Pop25",-0.00291063220960788,-0.00733874681668197,5,"Isotropic"
"Pop08","Pop09",-0.157594804698562,0.0138976426328943,5,"Isotropic"
"Pop08","Pop11",0.0754717164799141,0.0755110513733052,5,"Isotropic"
"Pop08","Pop13",0.07399310044683,0.0694558873679797,5,"Isotropic"
"Pop08","Pop25",-0.00464008058141432,-0.0145407688566491,5,"Isotropic"
"Pop09","Pop10",0.108007879240638,0.0475913821070023,5,"Isotropic"
"Pop10","Pop11",0.110104280635931,0.0455500058325293,5,"Isotropic"
"Pop10","Pop12",0.0275308652720568,0.104740843611347,5,"Isotropic"
"Pop10","Pop14",-0.0121259169750102,0.0256382431008641,5,"Isotropic"
"Pop11","Pop12",-0.0597742033717196,-0.0155250005478908,5,"Isotropic"
"Pop11","Pop13",0.00328272625062265,0.0125701372374272,5,"Isotropic"
"Pop11","Pop14",-0.00886470656913851,0.0266671296672347,5,"Isotropic"
"Pop11","Pop15",-0.00595121047590605,-0.00363953508475581,5,"Isotropic"
"Pop11","Pop18",0.0315468751471808,0.00135597465366911,5,"Isotropic"
"Pop11","Pop25",-0.0114643624363787,-0.160136751305398,5,"Isotropic"
"Pop12","Pop13",0.0649599459936625,0.0150178506970286,5,"Isotropic"
"Pop12","Pop24",0.0175440174705677,-0.129277455398237,5,"Isotropic"
"Pop13","Pop14",-0.0159716194311176,0.0184217269338276,5,"Isotropic"
"Pop13","Pop16",0.0307345340826801,-0.00852148164223723,5,"Isotropic"
"Pop13","Pop19",0.0332108428896375,-0.00557248982042568,5,"Isotropic"
"Pop13","Pop21",0.0302014208841481,-0.0129921492016024,5,"Isotropic"
"Pop14","Pop15",-0.0126980391615342,-0.0141950395459446,5,"Isotropic"
"Pop14","Pop16",0.0337805007355164,-0.00862526609943748,5,"Isotropic"
"Pop14","Pop17",0.0530674201483482,-0.0088283139715598,5,"Isotropic"
"Pop14","Pop18",0.0511247917466553,-0.00143020935449696,5,"Isotropic"
"Pop15","Pop16",0.0753704330789094,0.06639620305507,5,"Isotropic"
"Pop15","Pop17",0.0786798884353871,0.0626530940013805,5,"Isotropic"
"Pop15","Pop18",0.0759694179758028,0.109500742474674,5,"Isotropic"
"Pop15","Pop22",0.0800173434061493,-0.0828964680933187,5,"Isotropic"
"Pop16","Pop17",0.00551953532711638,0.0208710801958019,5,"Isotropic"
"Pop16","Pop18",0.0256959788321411,0.0248226064195544,5,"Isotropic"
"Pop16","Pop19",-0.0039828099207833,0.0167130340274325,5,"Isotropic"
"Pop16","Pop23",0.0325703339977317,-0.075619932380469,5,"Isotropic"
"Pop16","Pop24",-0.0120010067682217,-0.0623328619884028,5,"Isotropic"
"Pop16","Pop25",-0.00075939421221187,-0.194798526144979,5,"Isotropic"
"Pop17","Pop18",0.0163545394041327,0.0170828202457209,5,"Isotropic"
"Pop17","Pop20",0.0188983041661012,-0.12289182659079,5,"Isotropic"
"Pop17","Pop21",-0.0339836442133937,-0.0398525851817047,5,"Isotropic"
"Pop17","Pop22",0.0164436539823919,-0.166309031875995,5,"Isotropic"
"Pop17","Pop23",0.0147495225157899,-0.0323015444487558,5,"Isotropic"
"Pop17","Pop25",-0.0173170684514452,-0.140384136265947,5,"Isotropic"
"Pop18","Pop19",-0.0437372513314827,-0.0994370788050505,5,"Isotropic"
"Pop18","Pop20",-0.0203252568105337,-0.182889160798713,5,"Isotropic"
"Pop18","Pop22",-0.0109849630153836,-0.227331773031589,5,"Isotropic"
"Pop18","Pop23",-0.00288025932870625,-0.132113579767918,5,"Isotropic"
"Pop18","Pop24",-0.0336563860744354,-0.0459362583299469,5,"Isotropic"
"Pop18","Pop25",-0.0284909467481792,-0.0877002183042411,5,"Isotropic"
"Pop19","Pop20",0.00491181917412828,-0.0492018308518423,5,"Isotropic"
"Pop19","Pop22",0.0272427675831684,-0.0799587356540861,5,"Isotropic"
"Pop19","Pop23",0.0336345700729427,-0.0541025382965845,5,"Isotropic"
"Pop19","Pop24",-0.00894193283441161,-0.0477526366647108,5,"Isotropic"
"Pop19","Pop25",0.000619121672123565,-0.095926798038763,5,"Isotropic"
"Pop20","Pop21",-0.0117149175804761,-0.211688886094226,5,"Isotropic"
"Pop20","Pop22",0.0131268097165614,-0.312188960124436,5,"Isotropic"
"Pop20","Pop23",0.00201479698564991,-0.0078068205287072,5,"Isotropic"
"Pop20","Pop25",-0.0435001018465735,-0.061385190697213,5,"Isotropic"
"Pop21","Pop22",0.0381221311069572,-0.0595857466920815,5,"Isotropic"
"Pop21","Pop23",0.0482085943740565,0.0132210370414371,5,"Isotropic"
"Pop21","Pop24",0.00495735113947668,-0.0226015148587129,5,"Isotropic"
"Pop21","Pop25",0.0102315226059441,-0.0469727403243994,5,"Isotropic"
"Pop22","Pop23",0.0112506831008402,0.253562387198982,5,"Isotropic"
"Pop22","Pop24",-0.0397468390287319,-0.0286849971478279,5,"Isotropic"
"Pop23","Pop24",-0.0365372444211916,-0.104567986005755,5,"Isotropic"
"Pop23","Pop25",-0.0168181545508411,-0.242127873534584,5,"Isotropic"
"Pop24","Pop25",0.0402822985891272,-0.750767976230534,5,"Isotropic"
"Pop01","Pop10",0.474431893664712,NA,5,"Flux-conserved"
"Pop01","Pop20",0.069270088265306,NA,5,"Flux-conserved"
"Pop01","Pop21",0.250748669026805,NA,5,"Flux-conserved"
"Pop02","Pop10",0.474431893664712,NA,5,"Flux-conserved"
"Pop02","Pop20",0.069270088265306,NA,5,"Flux-conserved"
"Pop02","Pop21",0.250748669026805,NA,5,"Flux-conserved"
"Pop03","Pop10",0.474431893664712,NA,5,"Flux-conserved"
"Pop03","Pop20",0.069270088265306,NA,5,"Flux-conserved"
"Pop03","Pop21",0.250748669026805,NA,5,"Flux-conserved"
"Pop04","Pop10",0.474431893664712,NA,5,"Flux-conserved"
"Pop04","Pop20",0.069270088265306,NA,5,"Flux-conserved"
"Pop04","Pop21",0.250748669026805,NA,5,"Flux-conserved"
"Pop05","Pop10",0.474431893664712,NA,5,"Flux-conserved"
"Pop05","Pop20",0.069270088265306,NA,5,"Flux-conserved"
"Pop05","Pop21",0.250748669026805,NA,5,"Flux-conserved"
"Pop06","Pop10",0.474431893664712,NA,5,"Flux-conserved"
"Pop06","Pop20",0.069270088265306,NA,5,"Flux-conserved"
"Pop06","Pop21",0.250748669026805,NA,5,"Flux-conserved"
"Pop07","Pop10",0.474431893664712,NA,5,"Flux-conserved"
"Pop07","Pop20",0.069270088265306,NA,5,"Flux-conserved"
"Pop07","Pop21",0.250748669026805,NA,5,"Flux-conserved"
"Pop08","Pop10",0.474431893664712,NA,5,"Flux-conserved"
"Pop08","Pop20",0.069270088265306,NA,5,"Flux-conserved"
"Pop08","Pop21",0.250748669026805,NA,5,"Flux-conserved"
"Pop09","Pop10",0.474431893664712,NA,5,"Flux-conserved"
"Pop09","Pop20",0.069270088265306,NA,5,"Flux-conserved"
"Pop09","Pop21",0.250748669026805,NA,5,"Flux-conserved"
"Pop10","Pop12",-0.2773433582927,0.00693032262787952,5,"Flux-conserved"
"Pop11","Pop12",-0.0112924466476586,-0.00377046404774136,5,"Flux-conserved"
"Pop11","Pop13",0.0274326426861644,0.0256176980612776,5,"Flux-conserved"
"Pop11","Pop14",-0.0228234106625856,0.00139219955497489,5,"Flux-conserved"
"Pop12","Pop13",0.0261800988448244,0.00536640114935344,5,"Flux-conserved"
"Pop13","Pop14",-0.112959233066943,-0.000629838187317908,5,"Flux-conserved"
"Pop13","Pop15",-0.119895521861488,-5.32879342246467e-07,5,"Flux-conserved"
"Pop13","Pop17",-0.0196683971654355,0.000222659904035498,5,"Flux-conserved"
"Pop13","Pop18",-0.039801710343636,0.000458067278877965,5,"Flux-conserved"
"Pop13","Pop19",-0.0408469244774042,5.97533471274463e-05,5,"Flux-conserved"
"Pop13","Pop21",0.0134483576249774,2.61762972293908e-05,5,"Flux-conserved"
"Pop14","Pop15",-0.122905622973377,-1.63884033513106e-05,5,"Flux-conserved"
"Pop14","Pop17",0.0816122430336507,0.000421570325486818,5,"Flux-conserved"
"Pop14","Pop21",0.0145191405564785,5.50649699994018e-05,5,"Flux-conserved"
"Pop15","Pop16",0.0791717123082838,0.001771022480187,5,"Flux-conserved"
"Pop15","Pop17",0.131924084047749,5.47646903289702e-05,5,"Flux-conserved"
"Pop16","Pop17",0.136745930485529,6.29623256802674e-05,5,"Flux-conserved"
"Pop16","Pop19",0.123747147510815,3.6324144254698e-05,5,"Flux-conserved"
"Pop16","Pop23",0.0944625628899706,5.89045719624138e-06,5,"Flux-conserved"
"Pop16","Pop25",0.0462786048685734,1.4153675122242e-05,5,"Flux-conserved"
"Pop17","Pop18",-0.0132411061367808,0.000331449123879696,5,"Flux-conserved"
"Pop17","Pop22",0.0469568034945275,1.71951996990972e-05,5,"Flux-conserved"
"Pop17","Pop23",0.00617696516380323,7.11878724597891e-06,5,"Flux-conserved"
"Pop17","Pop24",0.000525486256191421,3.29686796930882e-05,5,"Flux-conserved"
"Pop18","Pop19",0.018396830225451,2.90248275175928e-05,5,"Flux-conserved"
"Pop18","Pop20",-0.00220484921146663,-4.7531268763522e-05,5,"Flux-conserved"
"Pop18","Pop21",0.0700014002310804,-7.89983259765386e-05,5,"Flux-conserved"
"Pop18","Pop22",0.0341020441231935,-9.75077601840477e-06,5,"Flux-conserved"
"Pop18","Pop23",0.00328677970923798,2.79014880777954e-08,5,"Flux-conserved"
"Pop19","Pop20",0.0171528899224009,-0.000161539954466091,5,"Flux-conserved"
"Pop19","Pop21",0.0443200157077119,-0.000205101829853778,5,"Flux-conserved"
"Pop19","Pop22",0.0150708581410066,-0.000140394587916079,5,"Flux-conserved"
"Pop19","Pop23",-0.00438810662860853,-5.80413610805246e-05,5,"Flux-conserved"
"Pop19","Pop24",-0.0483087641181915,-3.25971704569588e-05,5,"Flux-conserved"
"Pop19","Pop25",-0.114575592802737,-3.57844274377217e-05,5,"Flux-conserved"
"Pop20","Pop21",0.0155925507063706,-1.93263467797523e-05,5,"Flux-conserved"
"Pop20","Pop22",-0.067307755223626,0.000328196869365372,5,"Flux-conserved"
"Pop20","Pop23",-0.0698649703717281,0.000133161661765295,5,"Flux-conserved"
"Pop20","Pop24",-0.119451783686299,0.000579777218628212,5,"Flux-conserved"
"Pop20","Pop25",-0.127856796004791,0.000881257163038486,5,"Flux-conserved"
"Pop21","Pop22",-0.0997508386914609,0.000254105116717958,5,"Flux-conserved"
"Pop21","Pop23",-0.0913454742445185,0.00021328322433266,5,"Flux-conserved"
"Pop21","Pop24",-0.0800941096315177,7.46848912288359e-05,5,"Flux-conserved"
"Pop22","Pop23",0.0156291374496356,-0.000294428507077923,5,"Flux-conserved"
"Pop22","Pop24",-0.056163980236753,5.17569404716261e-05,5,"Flux-conserved"
"Pop23","Pop25",-0.103307749022714,7.62506642870596e-05,5,"Flux-conserved"
"Pop24","Pop25",-0.0686224346717774,0.000340027109074014,5,"Flux-conserved"
"Pop01","Pop03",0.549297570066603,0.00410213917209634,5,"Rate-conserved"
"Pop01","Pop16",-0.00960554905646488,0.00271043428834391,5,"Rate-conserved"
"Pop02","Pop03",0.0488755249566365,-0.00517912880370577,5,"Rate-conserved"
"Pop02","Pop04",-0.449501591148495,0.00100636486253126,5,"Rate-conserved"
"Pop04","Pop07",0.135366256029606,0.00010380784322292,5,"Rate-conserved"
"Pop05","Pop07",-0.0936816422329243,0.000193673288911775,5,"Rate-conserved"
"Pop05","Pop08",-0.0317505604463955,-0.000184472746284823,5,"Rate-conserved"
"Pop06","Pop08",-0.0540605673720439,0.000931861307614846,5,"Rate-conserved"
"Pop06","Pop09",-0.388474932956489,-0.000175583828618218,5,"Rate-conserved"
"Pop09","Pop10",-0.270181786545208,0.000265225648979547,5,"Rate-conserved"
"Pop10","Pop11",0.026108060207566,9.29340696535554e-05,5,"Rate-conserved"
"Pop10","Pop14",-0.0158251566766864,0.000346886403040918,5,"Rate-conserved"
"Pop11","Pop12",-0.42400175789829,0.000342800915421748,5,"Rate-conserved"
"Pop11","Pop13",0.0425810134207916,0.000104861948556542,5,"Rate-conserved"
"Pop11","Pop15",0.0633708706072243,3.46682406359615e-05,5,"Rate-conserved"
"Pop11","Pop25",-0.115757396585039,9.21619690905685e-07,5,"Rate-conserved"
"Pop12","Pop13",0.0406232824396344,2.5302858313831e-05,5,"Rate-conserved"
"Pop13","Pop14",0.0327404667263432,1.58396786425318e-05,5,"Rate-conserved"
"Pop13","Pop15",0.0219636106248496,8.55355666659448e-06,5,"Rate-conserved"
"Pop13","Pop20",-0.0504629648796399,8.02392809631217e-07,5,"Rate-conserved"
"Pop14","Pop15",0.021117990360978,5.72254820690667e-06,5,"Rate-conserved"
"Pop14","Pop17",-0.00770583255694299,6.69654308511832e-06,5,"Rate-conserved"
"Pop14","Pop18",0.00393212197927896,4.24314151535326e-06,5,"Rate-conserved"
"Pop14","Pop20",-0.0235292501712533,8.22552273545917e-07,5,"Rate-conserved"
"Pop15","Pop16",-0.045609106384646,2.03274723073891e-06,5,"Rate-conserved"
"Pop15","Pop18",0.0128982734632439,3.95337071571695e-06,5,"Rate-conserved"
"Pop15","Pop19",-0.0393543806476913,9.39380795608317e-07,5,"Rate-conserved"
"Pop15","Pop21",0.00329578031805396,1.44980444352023e-06,5,"Rate-conserved"
"Pop16","Pop17",0.0287090858430446,5.42693320923797e-06,5,"Rate-conserved"
"Pop16","Pop19",0.00486589693774135,3.29146891955584e-06,5,"Rate-conserved"
"Pop16","Pop21",0.0550441060659609,3.05293489257179e-06,5,"Rate-conserved"
"Pop16","Pop22",-0.00559627822589018,1.82005246273644e-06,5,"Rate-conserved"
"Pop17","Pop18",0.0476506421979612,3.61707950655175e-06,5,"Rate-conserved"
"Pop17","Pop19",-0.0233134903401723,2.79913931451751e-06,5,"Rate-conserved"
"Pop17","Pop20",0.0275330200806936,-4.60749737157828e-06,5,"Rate-conserved"
"Pop17","Pop21",0.0106108231682503,-4.26838747055374e-06,5,"Rate-conserved"
"Pop18","Pop19",-0.025234445066633,-3.90940200696235e-07,5,"Rate-conserved"
"Pop18","Pop20",0.00889587976598566,-7.04784784083179e-06,5,"Rate-conserved"
"Pop18","Pop21",-0.00448979236071639,-1.48282964932978e-05,5,"Rate-conserved"
"Pop18","Pop22",-0.051216223076877,2.50443714591967e-07,5,"Rate-conserved"
"Pop18","Pop24",-0.0912268692021142,-2.03728505574817e-06,5,"Rate-conserved"
"Pop19","Pop20",0.0235067835399882,-2.51959400438213e-05,5,"Rate-conserved"
"Pop19","Pop21",0.0224193493757155,-9.92998677298354e-07,5,"Rate-conserved"
"Pop19","Pop22",-0.012299784035068,2.36729465534288e-07,5,"Rate-conserved"
"Pop19","Pop25",-0.169871502752811,7.65400235059263e-08,5,"Rate-conserved"
"Pop20","Pop21",-0.00472428948962569,9.97033614499753e-07,5,"Rate-conserved"
"Pop20","Pop22",-0.0377976238823662,4.99584392498632e-06,5,"Rate-conserved"
"Pop20","Pop23",-0.095666390006118,2.43116765036623e-06,5,"Rate-conserved"
"Pop20","Pop24",-0.0671272426863659,5.09381623458926e-07,5,"Rate-conserved"
"Pop21","Pop22",-0.0424423060574555,1.56744218904739e-06,5,"Rate-conserved"
"Pop21","Pop24",-0.0854499651411995,1.02842462602546e-06,5,"Rate-conserved"
"Pop22","Pop23",-0.137694332296567,1.57271656954564e-05,5,"Rate-conserved"
"Pop22","Pop24",-0.0444649524895989,-1.0629422570988e-06,5,"Rate-conserved"
"Pop23","Pop24",0.0750178221017073,-4.39334250483309e-06,5,"Rate-conserved"
"Pop23","Pop25",-0.101028142566116,-1.20287604529505e-06,5,"Rate-conserved"
"Pop24","Pop25",-0.154787416006633,1.56975524893689e-07,5,"Rate-conserved"
"Pop01","Pop02",0.0814716965520265,0.950312570093316,6,"Isotropic"
"Pop01","Pop03",0.0554469461977505,0.0657173004873651,6,"Isotropic"
"Pop01","Pop04",0.0670572496753866,0.0478784463614963,6,"Isotropic"
"Pop01","Pop05",0.0412602802897083,0.051240537210123,6,"Isotropic"
"Pop01","Pop06",0.00193198689815444,0.0146379132506202,6,"Isotropic"
"Pop02","Pop03",0.00385649386503195,-0.00142486808932205,6,"Isotropic"
"Pop02","Pop04",0.0195876856461474,0.00128873933075961,6,"Isotropic"
"Pop02","Pop05",0.0355113114102954,0.00522592607241771,6,"Isotropic"
"Pop02","Pop06",0.031158523176392,0.00263786387263964,6,"Isotropic"
"Pop02","Pop09",0.0038323073376362,-0.00133687825051123,6,"Isotropic"
"Pop02","Pop10",0.0202270274499682,-0.00609731433898688,6,"Isotropic"
"Pop03","Pop04",0.00432201123262907,0.0205804750468116,6,"Isotropic"
"Pop03","Pop05",0.03093827698043,0.00718136246831047,6,"Isotropic"
"Pop03","Pop08",0.0180761794443755,0.00131636032202512,6,"Isotropic"
"Pop03","Pop12",-0.0257238660318174,0.000739313274512769,6,"Isotropic"
"Pop03","Pop19",-0.0426983260634454,0.00605658763862188,6,"Isotropic"
"Pop04","Pop05",0.0163141422514104,0.00869042428901267,6,"Isotropic"
"Pop04","Pop06",0.0143259757670825,0.00318334215982791,6,"Isotropic"
"Pop04","Pop08",-0.005692083436709,0.00103275239036902,6,"Isotropic"
"Pop04","Pop09",-0.0256223954635376,-0.000724155373707961,6,"Isotropic"
"Pop05","Pop06",0.0534361214376648,0.0024366300647076,6,"Isotropic"
"Pop05","Pop07",0.0132338076900682,0.000116785742699944,6,"Isotropic"
"Pop05","Pop09",-0.0189419297643129,-0.00121189003115058,6,"Isotropic"
"Pop05","Pop16",-0.00995610054435767,0.0020122178267368,6,"Isotropic"
"Pop06","Pop07",-0.0487328195661162,-0.000933626363022138,6,"Isotropic"
"Pop06","Pop09",-0.0339227272216903,-0.00485529931094939,6,"Isotropic"
"Pop06","Pop10",-0.00210459356145505,-0.00819803882628142,6,"Isotropic"
"Pop06","Pop11",-0.0562855103081897,-0.00101820446421359,6,"Isotropic"
"Pop06","Pop12",-0.0334077410102435,0.000600227029474923,6,"Isotropic"
"Pop06","Pop13",-0.0244586920677335,0.00199321661238743,6,"Isotropic"
"Pop06","Pop14",-0.0195855076029502,0.00425125104584304,6,"Isotropic"
"Pop06","Pop15",-0.0301094707244411,0.000813583610296638,6,"Isotropic"
"Pop06","Pop16",-0.0153357057534629,0.00155720686858505,6,"Isotropic"
"Pop06","Pop17",-0.0306635272817994,0.00181997862449763,6,"Isotropic"
"Pop07","Pop08",-0.00851680301082272,-0.00437839211787914,6,"Isotropic"
"Pop07","Pop09",-0.0126846365002944,-0.00491900312481257,6,"Isotropic"
"Pop07","Pop10",0.0224215556672992,-0.0158820707919402,6,"Isotropic"
"Pop07","Pop13",-0.0126266137109545,0.00624487592923695,6,"Isotropic"
"Pop07","Pop14",-0.0040478554965558,0.00352482593317223,6,"Isotropic"
"Pop07","Pop16",0.0032158378660945,0.00448984668646946,6,"Isotropic"
"Pop07","Pop19",-0.0548280796923413,0.00155412057729608,6,"Isotropic"
"Pop08","Pop09",-0.00166278511006671,-0.00275706648572955,6,"Isotropic"
"Pop08","Pop10",0.0374780089397288,-0.0126704687457359,6,"Isotropic"
"Pop08","Pop13",0.00200418388266378,0.0222601113566394,6,"Isotropic"
"Pop08","Pop14",0.0118356936164418,0.00425433055261853,6,"Isotropic"
"Pop08","Pop17",-0.019231580769879,0.00108255750940952,6,"Isotropic"
"Pop08","Pop18",-0.0322797510041242,0.00151340096444158,6,"Isotropic"
"Pop09","Pop10",0.0404626999425463,-0.00556142356111367,6,"Isotropic"
"Pop09","Pop11",-0.0253704414739546,0.0108936581216297,6,"Isotropic"
"Pop09","Pop16",0.00662314119580398,0.00122900395076233,6,"Isotropic"
"Pop10","Pop11",-0.0629603269012039,0.013365578523081,6,"Isotropic"
"Pop10","Pop12",-0.0265170335430354,0.00525663896369048,6,"Isotropic"
"Pop10","Pop13",-0.0303752193180465,0.0148848214564945,6,"Isotropic"
"Pop10","Pop14",-0.0188939795670305,0.00575014568547182,6,"Isotropic"
"Pop10","Pop15",-0.0318074253939932,0.0136126304392142,6,"Isotropic"
"Pop10","Pop16",-0.0120123455623172,0.00541221681433375,6,"Isotropic"
"Pop10","Pop19",-0.050714307738779,0.0027823034512372,6,"Isotropic"
"Pop11","Pop12",0.0535824297376869,0.000451675340844473,6,"Isotropic"
"Pop11","Pop13",0.0305978222034007,0.00188248727350697,6,"Isotropic"
"Pop11","Pop15",0.0287071430802103,0.0015103608894435,6,"Isotropic"
"Pop11","Pop19",-0.017643144378433,0.00125278212371216,6,"Isotropic"
"Pop11","Pop21",-0.0460954602101083,0.000635735405893265,6,"Isotropic"
"Pop12","Pop13",-0.0221532242783439,0.00250899724448861,6,"Isotropic"
"Pop12","Pop14",0.00934880462303418,0.00198823756866199,6,"Isotropic"
"Pop12","Pop15",-0.00798969062937725,2.58793499803983e-05,6,"Isotropic"
"Pop12","Pop16",0.0174521800470169,0.00114681410272443,6,"Isotropic"
"Pop12","Pop17",0.0028087538173347,0.00123991875604412,6,"Isotropic"
"Pop12","Pop18",-0.00204365868675682,0.00262641969911125,6,"Isotropic"
"Pop12","Pop19",-0.0125102650078582,0.00311067992249718,6,"Isotropic"
"Pop12","Pop21",-0.0349260372135536,0.000881687478574887,6,"Isotropic"
"Pop12","Pop25",-0.0444794127528229,-1.96561400335946e-05,6,"Isotropic"
"Pop13","Pop14",0.0128951454889441,0.00491236374051058,6,"Isotropic"
"Pop13","Pop16",0.0163172811642591,0.000830485891704318,6,"Isotropic"
"Pop13","Pop22",-0.0404921422912205,0.00151168805719882,6,"Isotropic"
"Pop14","Pop15",-0.0101955412079018,-0.00136989753121373,6,"Isotropic"
"Pop14","Pop16",0.0127660719741584,-0.00212153013311673,6,"Isotropic"
"Pop14","Pop17",-0.00908606721791007,0.00189292911523595,6,"Isotropic"
"Pop14","Pop22",-0.0461081030158393,0.000659348539351147,6,"Isotropic"
"Pop15","Pop16",0.0244169385434817,0.000266620111061495,6,"Isotropic"
"Pop15","Pop17",0.00595134960285928,0.000273692378820588,6,"Isotropic"
"Pop15","Pop18",-0.0210874364054334,0.00258231764973333,6,"Isotropic"
"Pop15","Pop19",-0.0279384258626308,0.00119388006636017,6,"Isotropic"
"Pop15","Pop22",-0.0326118507453095,0.000716384268902885,6,"Isotropic"
"Pop16","Pop17",-0.00824413013112672,0.00403144442019486,6,"Isotropic"
"Pop16","Pop22",-0.0390802714271969,0.000109362819713603,6,"Isotropic"
"Pop16","Pop25",-0.0820342484809233,-0.000593825126490914,6,"Isotropic"
"Pop17","Pop18",-0.0199527853886577,0.00206938276823885,6,"Isotropic"
"Pop17","Pop19",-0.0182603190392586,0.00321002439182919,6,"Isotropic"
"Pop17","Pop21",-0.0547165777392475,0.000415550412445853,6,"Isotropic"
"Pop17","Pop22",-0.024364899638279,-0.000186580323331095,6,"Isotropic"
"Pop17","Pop24",-0.0384243047306923,0.000434540270773691,6,"Isotropic"
"Pop17","Pop25",-0.0810231915836434,-0.00184542329369049,6,"Isotropic"
"Pop18","Pop19",0.0067562316228636,-0.000177410561850607,6,"Isotropic"
"Pop18","Pop20",-0.052334292517986,-0.000191739881746816,6,"Isotropic"
"Pop18","Pop22",-0.00437761898282504,-0.00824790583931197,6,"Isotropic"
"Pop18","Pop23",-0.0525274544053533,-0.00162099719801075,6,"Isotropic"
"Pop18","Pop24",-0.0400058446002433,9.10059354992422e-06,6,"Isotropic"
"Pop18","Pop25",-0.0764620186945219,-0.00179872014616251,6,"Isotropic"
"Pop19","Pop20",-0.0515204128663296,-0.00122451547749327,6,"Isotropic"
"Pop19","Pop21",-0.0478287384658437,0.000199867492912237,6,"Isotropic"
"Pop19","Pop24",-0.0304361889929086,-0.000805859672894342,6,"Isotropic"
"Pop20","Pop21",0.0343797938868309,0.000159517061204344,6,"Isotropic"
"Pop20","Pop22",0.0516764636687322,-0.0015939853660224,6,"Isotropic"
"Pop20","Pop23",0.0112990441648626,-0.00173340955460528,6,"Isotropic"
"Pop20","Pop24",0.0118123114162774,-0.000897109452350444,6,"Isotropic"
"Pop21","Pop22",0.0411083929979666,-0.00104404971210039,6,"Isotropic"
"Pop21","Pop23",0.0225955399660587,-0.000781661757426744,6,"Isotropic"
"Pop21","Pop24",0.0259787584451138,-0.000480469151500983,6,"Isotropic"
"Pop22","Pop23",-0.0601397684486304,-0.000998639524186922,6,"Isotropic"
"Pop22","Pop25",-0.0669402290447752,-0.000745839670561822,6,"Isotropic"
"Pop23","Pop24",0.0210089986377522,0.00364490902211924,6,"Isotropic"
"Pop23","Pop25",-0.0277879890632774,-0.000220062550907287,6,"Isotropic"
"Pop24","Pop25",-0.0194945169798458,-0.00518068963869125,6,"Isotropic"
"Pop01","Pop12",0.158583126020472,NA,6,"Flux-conserved"
"Pop01","Pop17",0.11917799651991,NA,6,"Flux-conserved"
"Pop01","Pop20",0.145101368070309,NA,6,"Flux-conserved"
"Pop01","Pop21",0.026552922389939,NA,6,"Flux-conserved"
"Pop01","Pop22",0.0710763980320343,NA,6,"Flux-conserved"
"Pop01","Pop23",0.0834654573915762,NA,6,"Flux-conserved"
"Pop01","Pop25",0.0206101169156066,NA,6,"Flux-conserved"
"Pop02","Pop12",0.158583126020472,NA,6,"Flux-conserved"
"Pop02","Pop17",0.11917799651991,NA,6,"Flux-conserved"
"Pop02","Pop20",0.145101368070309,NA,6,"Flux-conserved"
"Pop02","Pop21",0.026552922389939,NA,6,"Flux-conserved"
"Pop02","Pop22",0.0710763980320343,NA,6,"Flux-conserved"
"Pop02","Pop23",0.0834654573915762,NA,6,"Flux-conserved"
"Pop02","Pop25",0.0206101169156066,NA,6,"Flux-conserved"
"Pop03","Pop12",0.158583126020472,NA,6,"Flux-conserved"
"Pop03","Pop17",0.11917799651991,NA,6,"Flux-conserved"
"Pop03","Pop20",0.145101368070309,NA,6,"Flux-conserved"
"Pop03","Pop21",0.026552922389939,NA,6,"Flux-conserved"
"Pop03","Pop22",0.0710763980320343,NA,6,"Flux-conserved"
"Pop03","Pop23",0.0834654573915762,NA,6,"Flux-conserved"
"Pop03","Pop25",0.0206101169156066,NA,6,"Flux-conserved"
"Pop04","Pop12",0.158583126020472,NA,6,"Flux-conserved"
"Pop04","Pop17",0.11917799651991,NA,6,"Flux-conserved"
"Pop04","Pop20",0.145101368070309,NA,6,"Flux-conserved"
"Pop04","Pop21",0.026552922389939,NA,6,"Flux-conserved"
"Pop04","Pop22",0.0710763980320343,NA,6,"Flux-conserved"
"Pop04","Pop23",0.0834654573915762,NA,6,"Flux-conserved"
"Pop04","Pop25",0.0206101169156066,NA,6,"Flux-conserved"
"Pop05","Pop12",0.158583126020472,NA,6,"Flux-conserved"
"Pop05","Pop17",0.11917799651991,NA,6,"Flux-conserved"
"Pop05","Pop20",0.145101368070309,NA,6,"Flux-conserved"
"Pop05","Pop21",0.026552922389939,NA,6,"Flux-conserved"
"Pop05","Pop22",0.0710763980320343,NA,6,"Flux-conserved"
"Pop05","Pop23",0.0834654573915762,NA,6,"Flux-conserved"
"Pop05","Pop25",0.0206101169156066,NA,6,"Flux-conserved"
"Pop06","Pop12",0.158583126020472,NA,6,"Flux-conserved"
"Pop06","Pop17",0.11917799651991,NA,6,"Flux-conserved"
"Pop06","Pop20",0.145101368070309,NA,6,"Flux-conserved"
"Pop06","Pop21",0.026552922389939,NA,6,"Flux-conserved"
"Pop06","Pop22",0.0710763980320343,NA,6,"Flux-conserved"
"Pop06","Pop23",0.0834654573915762,NA,6,"Flux-conserved"
"Pop06","Pop25",0.0206101169156066,NA,6,"Flux-conserved"
"Pop07","Pop12",0.158583126020472,NA,6,"Flux-conserved"
"Pop07","Pop17",0.11917799651991,NA,6,"Flux-conserved"
"Pop07","Pop20",0.145101368070309,NA,6,"Flux-conserved"
"Pop07","Pop21",0.026552922389939,NA,6,"Flux-conserved"
"Pop07","Pop22",0.0710763980320343,NA,6,"Flux-conserved"
"Pop07","Pop23",0.0834654573915762,NA,6,"Flux-conserved"
"Pop07","Pop25",0.0206101169156066,NA,6,"Flux-conserved"
"Pop08","Pop12",0.158583126020472,NA,6,"Flux-conserved"
"Pop08","Pop17",0.11917799651991,NA,6,"Flux-conserved"
"Pop08","Pop20",0.145101368070309,NA,6,"Flux-conserved"
"Pop08","Pop21",0.026552922389939,NA,6,"Flux-conserved"
"Pop08","Pop22",0.0710763980320343,NA,6,"Flux-conserved"
"Pop08","Pop23",0.0834654573915762,NA,6,"Flux-conserved"
"Pop08","Pop25",0.0206101169156066,NA,6,"Flux-conserved"
"Pop09","Pop12",0.158583126020472,NA,6,"Flux-conserved"
"Pop09","Pop17",0.11917799651991,NA,6,"Flux-conserved"
"Pop09","Pop20",0.145101368070309,NA,6,"Flux-conserved"
"Pop09","Pop21",0.026552922389939,NA,6,"Flux-conserved"
"Pop09","Pop22",0.0710763980320343,NA,6,"Flux-conserved"
"Pop09","Pop23",0.0834654573915762,NA,6,"Flux-conserved"
"Pop09","Pop25",0.0206101169156066,NA,6,"Flux-conserved"
"Pop10","Pop12",0.158583126020472,NA,6,"Flux-conserved"
"Pop10","Pop17",0.11917799651991,NA,6,"Flux-conserved"
"Pop10","Pop20",0.145101368070309,NA,6,"Flux-conserved"
"Pop10","Pop21",0.026552922389939,NA,6,"Flux-conserved"
"Pop10","Pop22",0.0710763980320343,NA,6,"Flux-conserved"
"Pop10","Pop23",0.0834654573915762,NA,6,"Flux-conserved"
"Pop10","Pop25",0.0206101169156066,NA,6,"Flux-conserved"
"Pop11","Pop12",0.158583126020472,NA,6,"Flux-conserved"
"Pop11","Pop17",0.11917799651991,NA,6,"Flux-conserved"
"Pop11","Pop20",0.145101368070309,NA,6,"Flux-conserved"
"Pop11","Pop21",0.026552922389939,NA,6,"Flux-conserved"
"Pop11","Pop22",0.0710763980320343,NA,6,"Flux-conserved"
"Pop11","Pop23",0.0834654573915762,NA,6,"Flux-conserved"
"Pop11","Pop25",0.0206101169156066,NA,6,"Flux-conserved"
"Pop12","Pop13",-0.319169570228059,0.468838431299319,6,"Flux-conserved"
"Pop13","Pop16",0.0285362429630526,0.0556312891193996,6,"Flux-conserved"
"Pop13","Pop19",0.0945593457894147,0.119882960713287,6,"Flux-conserved"
"Pop13","Pop20",0.0576936873776024,0.0800432626258605,6,"Flux-conserved"
"Pop14","Pop15",-0.00111115185695318,-0.00217251260602784,6,"Flux-conserved"
"Pop14","Pop17",0.183917787105527,0.0069127828894329,6,"Flux-conserved"
"Pop14","Pop18",0.101990716829565,0.017607180188239,6,"Flux-conserved"
"Pop14","Pop19",0.0678794493041392,-0.0124473425078081,6,"Flux-conserved"
"Pop15","Pop16",-0.0762445861002747,-0.020175211712908,6,"Flux-conserved"
"Pop15","Pop17",0.0534241432817388,0.00162570640832244,6,"Flux-conserved"
"Pop15","Pop18",-0.0433893554111969,0.0086173837146135,6,"Flux-conserved"
"Pop15","Pop19",0.0135925175307026,-0.0159498636206664,6,"Flux-conserved"
"Pop15","Pop20",0.0660770165721807,0.0441641841191145,6,"Flux-conserved"
"Pop15","Pop22",-0.00595813802636132,0.0362181539583512,6,"Flux-conserved"
"Pop15","Pop24",-0.0726745285793468,0.0248658447963291,6,"Flux-conserved"
"Pop15","Pop25",-0.039764462904071,0.0422891309456045,6,"Flux-conserved"
"Pop16","Pop19",0.0883720298429312,0.015486916706027,6,"Flux-conserved"
"Pop16","Pop20",0.126128716882326,0.370562701268777,6,"Flux-conserved"
"Pop16","Pop23",0.0170252925221136,0.0183563042986248,6,"Flux-conserved"
"Pop16","Pop25",-0.0414242361801599,0.0140531498518407,6,"Flux-conserved"
"Pop17","Pop18",-0.155551663672276,0.00527321342250142,6,"Flux-conserved"
"Pop17","Pop19",-0.0430290524549808,-0.0130506617671675,6,"Flux-conserved"
"Pop17","Pop21",-0.0371876052375437,0.00961667077934915,6,"Flux-conserved"
"Pop17","Pop22",-0.0166679814266505,0.0319877035256395,6,"Flux-conserved"
"Pop17","Pop23",-0.0125100948419381,0.19031604068818,6,"Flux-conserved"
"Pop18","Pop19",0.0639414594559703,-0.00821292978723629,6,"Flux-conserved"
"Pop18","Pop23",0.0393461652480681,0.0911821383448651,6,"Flux-conserved"
"Pop18","Pop25",-0.0496966443519336,0.00480266860495227,6,"Flux-conserved"
"Pop19","Pop20",0.0528518075550776,0.043333537310787,6,"Flux-conserved"
"Pop19","Pop22",-0.0260530833988069,0.00780226631050235,6,"Flux-conserved"
"Pop19","Pop25",-0.0524260669904151,0.00832923106499245,6,"Flux-conserved"
"Pop20","Pop21",-0.0497274593405145,0.00151113499479748,6,"Flux-conserved"
"Pop20","Pop22",-0.0201765419367924,0.00388507686019085,6,"Flux-conserved"
"Pop20","Pop23",-0.0246652684922176,0.0085306574476433,6,"Flux-conserved"
"Pop20","Pop24",-0.183349796789093,0.00825785698193274,6,"Flux-conserved"
"Pop21","Pop22",0.0149163368030059,0.000979554190968622,6,"Flux-conserved"
"Pop21","Pop23",0.00780109775722523,0.000272068801104101,6,"Flux-conserved"
"Pop21","Pop24",-0.093480208174338,-0.00237726267423774,6,"Flux-conserved"
"Pop21","Pop25",-0.0014481648746657,0.000616884345817494,6,"Flux-conserved"
"Pop22","Pop23",-0.00735278479702225,-0.000351691173336211,6,"Flux-conserved"
"Pop22","Pop24",-0.211622138285606,-0.0012728792494097,6,"Flux-conserved"
"Pop22","Pop25",-0.0164196654564626,0.00478902896702179,6,"Flux-conserved"
"Pop24","Pop25",0.0982991459732938,0.00674093572490155,6,"Flux-conserved"
"Pop01","Pop03",-0.247132303936163,-0.00444635735222124,6,"Rate-conserved"
"Pop01","Pop04",-0.0424814464977405,0.00861663010138053,6,"Rate-conserved"
"Pop02","Pop05",0.306026714421563,0.0431274874015897,6,"Rate-conserved"
"Pop02","Pop06",-0.0355207673075177,0.00452116917597375,6,"Rate-conserved"
"Pop03","Pop07",0.0883841294361115,0.0210299227760776,6,"Rate-conserved"
"Pop03","Pop10",0.0658025112779793,0.000172928406212186,6,"Rate-conserved"
"Pop04","Pop05",-0.162809747679782,0.00197235322233907,6,"Rate-conserved"
"Pop05","Pop06",-0.138363148604619,0.00251541536401806,6,"Rate-conserved"
"Pop06","Pop07",-0.0439657570870343,-0.00244727167340985,6,"Rate-conserved"
"Pop06","Pop10",0.051358402126082,-0.000251864398676619,6,"Rate-conserved"
"Pop06","Pop14",-0.0135408251347446,0.00188454467174348,6,"Rate-conserved"
"Pop06","Pop15",-0.0410423970617031,0.00148079295626406,6,"Rate-conserved"
"Pop07","Pop08",0.0655101223383467,-0.000909897435795586,6,"Rate-conserved"
"Pop07","Pop09",0.0444694447756449,-0.0206002448650186,6,"Rate-conserved"
"Pop08","Pop09",-0.0377420095668009,-0.0558412840825775,6,"Rate-conserved"
"Pop08","Pop10",0.0347435212950443,0.000309978956127121,6,"Rate-conserved"
"Pop08","Pop12",-0.0196023024221793,0.00157229918266215,6,"Rate-conserved"
"Pop08","Pop13",-0.00914473940570704,0.00117589206322752,6,"Rate-conserved"
"Pop08","Pop14",-0.0518456529427647,0.00338653720202325,6,"Rate-conserved"
"Pop08","Pop15",-0.0852975585246408,0.00213128496707271,6,"Rate-conserved"
"Pop09","Pop10",0.0515099562309878,0.000773586712260492,6,"Rate-conserved"
"Pop09","Pop11",-0.132273624420011,0.0037596739797965,6,"Rate-conserved"
"Pop09","Pop12",-0.00404342459297807,0.00290867828637903,6,"Rate-conserved"
"Pop09","Pop13",-0.0099908810551409,0.00517132901815919,6,"Rate-conserved"
"Pop10","Pop11",-0.108902464621404,0.00141203627633151,6,"Rate-conserved"
"Pop10","Pop12",-0.0554036523502008,0.0011470647167994,6,"Rate-conserved"
"Pop10","Pop13",-0.0324665035108961,0.000839968703960851,6,"Rate-conserved"
"Pop10","Pop15",-0.0588360292151376,0.000898398675642516,6,"Rate-conserved"
"Pop10","Pop16",-0.153140168533552,0.000969440466880824,6,"Rate-conserved"
"Pop10","Pop17",-0.113208048563729,0.000448983860067083,6,"Rate-conserved"
"Pop11","Pop12",0.0468561364443905,-0.000121769158173327,6,"Rate-conserved"
"Pop11","Pop14",0.051855254585591,8.23621913437955e-05,6,"Rate-conserved"
"Pop11","Pop15",0.0492331193844177,0.000515095647876661,6,"Rate-conserved"
"Pop11","Pop19",-0.0404005472941378,0.000130127634750049,6,"Rate-conserved"
"Pop11","Pop24",-0.0469161223544324,3.70987171709351e-05,6,"Rate-conserved"
"Pop12","Pop13",0.057886735318263,0.00539223336858782,6,"Rate-conserved"
"Pop12","Pop14",-0.0597023833953958,0.000315298664134752,6,"Rate-conserved"
"Pop13","Pop14",-0.0111768633644361,0.000238378137703274,6,"Rate-conserved"
"Pop13","Pop15",-0.0295441932398935,0.000808718110532335,6,"Rate-conserved"
"Pop13","Pop16",-0.139207477656432,0.000473000313981672,6,"Rate-conserved"
"Pop13","Pop17",-0.10885573708655,0.000516459652868174,6,"Rate-conserved"
"Pop14","Pop15",-0.00680984705116766,0.000462748705838109,6,"Rate-conserved"
"Pop14","Pop16",-0.0648524316300439,5.45578203160498e-05,6,"Rate-conserved"
"Pop14","Pop17",-0.0345873197140036,7.07099066258198e-05,6,"Rate-conserved"
"Pop14","Pop19",-0.0550477254889512,9.71556234135096e-05,6,"Rate-conserved"
"Pop14","Pop22",-0.0271965858422431,1.30307563072015e-07,6,"Rate-conserved"
"Pop14","Pop23",-0.0230314684318483,1.28561810478124e-05,6,"Rate-conserved"
"Pop15","Pop17",-0.0422143413147393,6.31739740657992e-05,6,"Rate-conserved"
"Pop15","Pop18",-0.124126708855887,8.86042168336956e-05,6,"Rate-conserved"
"Pop15","Pop19",-0.0834467659566729,6.75200826688766e-05,6,"Rate-conserved"
"Pop16","Pop17",0.0821154689884738,0.00015334477461653,6,"Rate-conserved"
"Pop16","Pop19",-0.0263707411716999,0.000103187322054004,6,"Rate-conserved"
"Pop17","Pop18",-0.145384832946864,3.51484500916685e-05,6,"Rate-conserved"
"Pop17","Pop20",-0.0280042671994527,1.87459313403119e-05,6,"Rate-conserved"
"Pop17","Pop24",-0.0596937329456803,1.21142394813597e-05,6,"Rate-conserved"
"Pop18","Pop19",0.129919421999299,-9.87443746370443e-05,6,"Rate-conserved"
"Pop18","Pop20",0.0499846281728304,2.53631163373679e-05,6,"Rate-conserved"
"Pop19","Pop20",-0.00922339938186048,8.24244403045257e-05,6,"Rate-conserved"
"Pop19","Pop24",-0.0299397440885552,2.69901249719889e-05,6,"Rate-conserved"
"Pop19","Pop25",0.00340367311925868,1.96481181374477e-05,6,"Rate-conserved"
"Pop20","Pop21",-0.0183228202693314,-2.91062010016007e-05,6,"Rate-conserved"
"Pop20","Pop22",-0.0264301546286424,-7.92312632141135e-05,6,"Rate-conserved"
"Pop20","Pop23",-0.0162692173708386,-6.31524262293195e-05,6,"Rate-conserved"
"Pop20","Pop25",-0.0176765867702594,-2.18101181589811e-05,6,"Rate-conserved"
"Pop21","Pop22",0.0251694460696752,-6.56394305070181e-05,6,"Rate-conserved"
"Pop21","Pop23",0.0198574081617063,-3.43452741015634e-05,6,"Rate-conserved"
"Pop21","Pop24",-0.00539742827189651,3.13040173232716e-05,6,"Rate-conserved"
"Pop21","Pop25",0.0016484621881947,3.74496756451304e-06,6,"Rate-conserved"
"Pop22","Pop23",0.00540439627226649,3.11873778002763e-05,6,"Rate-conserved"
"Pop22","Pop24",-0.00895113547033716,2.63689063576153e-05,6,"Rate-conserved"
"Pop22","Pop25",0.00617166474255848,3.96575858035304e-05,6,"Rate-conserved"
"Pop23","Pop24",-0.00623492358329952,3.88052730775482e-05,6,"Rate-conserved"
"Pop23","Pop25",-0.00459960925490957,4.57853956973269e-05,6,"Rate-conserved"
"Pop24","Pop25",-0.013720853205924,-2.07552360205432e-05,6,"Rate-conserved"
"Pop01","Pop02",0.0960222592601591,0.0424306206253939,7,"Isotropic"
"Pop01","Pop03",0.0448540988664544,0.000270834352008482,7,"Isotropic"
"Pop01","Pop05",0.0406558820369843,0.00320950824809765,7,"Isotropic"
"Pop01","Pop06",0.0604305307739807,0.00944256547092055,7,"Isotropic"
"Pop01","Pop07",-0.00966603994566662,0.00210334006795808,7,"Isotropic"
"Pop02","Pop03",-0.0375218519707262,-0.0131802325194118,7,"Isotropic"
"Pop02","Pop04",-0.0315978211400516,-0.0107295723246177,7,"Isotropic"
"Pop02","Pop05",-0.018981346176646,0.00498570009261375,7,"Isotropic"
"Pop02","Pop06",0.00896632943834658,0.00822973187775156,7,"Isotropic"
"Pop02","Pop08",-0.0483041949626914,0.00640690092359436,7,"Isotropic"
"Pop02","Pop11",-0.0532756029198745,0.00286909079344605,7,"Isotropic"
"Pop02","Pop13",-0.00674376847406982,-0.000384210578257979,7,"Isotropic"
"Pop03","Pop04",0.00953984917001963,0.00920116048169894,7,"Isotropic"
"Pop03","Pop06",0.0704967396757598,0.0305647406166912,7,"Isotropic"
"Pop03","Pop08",0.0114023059028403,0.00893189164711903,7,"Isotropic"
"Pop03","Pop10",-0.0128013637760244,0.00552796577990174,7,"Isotropic"
"Pop03","Pop18",0.020271245562343,-0.00165914274462237,7,"Isotropic"
"Pop04","Pop05",0.0213052996650293,0.0133859021139736,7,"Isotropic"
"Pop04","Pop06",0.0289457897513968,0.0445960767404908,7,"Isotropic"
"Pop04","Pop07",0.00688247525660063,0.0128639505242909,7,"Isotropic"
"Pop04","Pop10",-0.0702128068446689,0.00798649065442841,7,"Isotropic"
"Pop05","Pop06",0.0168940311776477,0.0382173035138748,7,"Isotropic"
"Pop05","Pop07",0.00614679516103561,0.0176673317756306,7,"Isotropic"
"Pop05","Pop09",-0.0450869950447076,0.00438543402855262,7,"Isotropic"
"Pop05","Pop11",-0.0530683315654981,0.00706213982701726,7,"Isotropic"
"Pop06","Pop07",0.0036725936105646,-0.0215436308769249,7,"Isotropic"
"Pop06","Pop08",-0.0939001888388024,0.0010602517057735,7,"Isotropic"
"Pop07","Pop08",-0.0906054758806875,0.0826087695252899,7,"Isotropic"
"Pop07","Pop09",-0.055492614573469,0.0175532640965428,7,"Isotropic"
"Pop07","Pop10",-0.0462702203948206,0.00531448348014373,7,"Isotropic"
"Pop07","Pop17",0.0162911445259123,-0.000457083060276138,7,"Isotropic"
"Pop08","Pop09",-0.0126221533922539,0.0003041865058021,7,"Isotropic"
"Pop09","Pop10",0.0522086632184813,0.0146248847408901,7,"Isotropic"
"Pop09","Pop11",0.0308892497893783,0.00822181820166281,7,"Isotropic"
"Pop10","Pop11",0.000485967423109496,0.00693456328398687,7,"Isotropic"
"Pop10","Pop12",0.0253498867301268,0.0203639347311642,7,"Isotropic"
"Pop10","Pop16",0.0757108420204211,-0.0186989460615336,7,"Isotropic"
"Pop11","Pop12",0.0266861316101526,0.0111588520856989,7,"Isotropic"
"Pop11","Pop13",0.0398353332066686,-0.00521396416876935,7,"Isotropic"
"Pop11","Pop15",0.0282512968106264,-0.00571595703155435,7,"Isotropic"
"Pop12","Pop13",0.0113040833076686,-0.0142294448403345,7,"Isotropic"
"Pop12","Pop14",0.0306343285361689,-0.0175778429522775,7,"Isotropic"
"Pop12","Pop15",0.00472022884745335,-0.00441806663672278,7,"Isotropic"
"Pop12","Pop16",0.0655667887238891,-0.0183292393886796,7,"Isotropic"
"Pop12","Pop23",0.0604509660486167,-0.00374361504168672,7,"Isotropic"
"Pop12","Pop25",0.00866019964411842,-0.0045179000675184,7,"Isotropic"
"Pop13","Pop14",-0.0288242300536019,0.0308951271386077,7,"Isotropic"
"Pop13","Pop16",0.0542423112318136,0.0154554245327778,7,"Isotropic"
"Pop13","Pop17",0.0382355757384352,0.00613889975928878,7,"Isotropic"
"Pop13","Pop18",0.0382855772987767,-0.00203555492385923,7,"Isotropic"
"Pop14","Pop15",-0.000918644482392789,-0.00539757017896724,7,"Isotropic"
"Pop14","Pop16",0.0698998056098845,-0.0139066631244202,7,"Isotropic"
"Pop14","Pop18",0.0339522749725175,-0.00229677834692855,7,"Isotropic"
"Pop14","Pop20",0.0635586995342677,-0.00385206620278193,7,"Isotropic"
"Pop15","Pop16",0.0639576633262593,0.00389963985095426,7,"Isotropic"
"Pop15","Pop17",0.0506118938474852,-0.0225435327915659,7,"Isotropic"
"Pop15","Pop20",0.0901423775102735,-0.00932792305090934,7,"Isotropic"
"Pop15","Pop25",-0.0311452498567163,-0.0118468419033651,7,"Isotropic"
"Pop16","Pop17",-0.0166592980382927,4.4924828390025e-05,7,"Isotropic"
"Pop16","Pop18",-0.013584512308037,0.00177261615572014,7,"Isotropic"
"Pop16","Pop19",0.0209075130211053,-0.0185643519227228,7,"Isotropic"
"Pop16","Pop24",0.000202399461238623,-0.014959741089628,7,"Isotropic"
"Pop17","Pop18",0.00386258305862183,-0.0176674379799805,7,"Isotropic"
"Pop17","Pop19",0.0271953444075289,-0.0773236676493405,7,"Isotropic"
"Pop17","Pop21",0.0605209888882349,-0.0175772638158646,7,"Isotropic"
"Pop17","Pop24",0.0156678361124604,-0.00862537123889766,7,"Isotropic"
"Pop18","Pop19",0.0258210384360271,-0.00416173289742216,7,"Isotropic"
"Pop18","Pop21",0.0548272955487226,-0.0177107949224135,7,"Isotropic"
"Pop18","Pop24",0.0160543115340839,-0.014693480206289,7,"Isotropic"
"Pop19","Pop20",-0.0144974386885012,-0.0269325916509184,7,"Isotropic"
"Pop19","Pop21",0.000819395869406908,-0.0370080362106929,7,"Isotropic"
"Pop19","Pop22",0.00441971790708529,-0.0219788801564192,7,"Isotropic"
"Pop19","Pop23",-0.0676977352552898,-0.0298984674616042,7,"Isotropic"
"Pop19","Pop24",-0.0518718339296441,-0.0171902044173522,7,"Isotropic"
"Pop20","Pop21",0.00913883482201802,-0.000499672839934268,7,"Isotropic"
"Pop20","Pop22",-0.0537632814504014,-0.0200142022363522,7,"Isotropic"
"Pop20","Pop23",-0.0457861998244184,-0.0412796710300293,7,"Isotropic"
"Pop20","Pop24",-0.0182942468392721,-0.0167247891400599,7,"Isotropic"
"Pop20","Pop25",-0.136917394131617,0.0983261610313979,7,"Isotropic"
"Pop21","Pop22",-0.168704181540588,-0.112074141046002,7,"Isotropic"
"Pop21","Pop23",-0.0592793246786745,-0.086752637686197,7,"Isotropic"
"Pop21","Pop24",-0.0457269130147921,-0.00505521679819131,7,"Isotropic"
"Pop21","Pop25",-0.166367118065133,0.00779524504942488,7,"Isotropic"
"Pop22","Pop23",0.025797920647967,-0.0853868860809484,7,"Isotropic"
"Pop23","Pop24",0.0285805769379534,0.175117562586918,7,"Isotropic"
"Pop24","Pop25",-0.122841624183642,0.134919826495554,7,"Isotropic"
"Pop01","Pop16",0.169397286657657,NA,7,"Flux-conserved"
"Pop01","Pop17",0.153474280509012,NA,7,"Flux-conserved"
"Pop01","Pop19",0.158153732795653,NA,7,"Flux-conserved"
"Pop01","Pop21",0.123132046014691,NA,7,"Flux-conserved"
"Pop01","Pop22",-0.0162451728770953,NA,7,"Flux-conserved"
"Pop01","Pop24",0.0168744789974107,NA,7,"Flux-conserved"
"Pop01","Pop25",0.00824372795442531,-210849990506.981,7,"Flux-conserved"
"Pop02","Pop16",0.169397286657657,NA,7,"Flux-conserved"
"Pop02","Pop17",0.153474280509012,NA,7,"Flux-conserved"
"Pop02","Pop19",0.158153732795653,NA,7,"Flux-conserved"
"Pop02","Pop21",0.123132046014691,NA,7,"Flux-conserved"
"Pop02","Pop22",-0.0162451728770953,NA,7,"Flux-conserved"
"Pop02","Pop24",0.0168744789974107,NA,7,"Flux-conserved"
"Pop02","Pop25",0.00824372795442531,-210849990506.981,7,"Flux-conserved"
"Pop03","Pop16",0.169397286657657,NA,7,"Flux-conserved"
"Pop03","Pop17",0.153474280509012,NA,7,"Flux-conserved"
"Pop03","Pop19",0.158153732795653,NA,7,"Flux-conserved"
"Pop03","Pop21",0.123132046014691,NA,7,"Flux-conserved"
"Pop03","Pop22",-0.0162451728770953,NA,7,"Flux-conserved"
"Pop03","Pop24",0.0168744789974107,NA,7,"Flux-conserved"
"Pop03","Pop25",0.00824372795442531,-210849990506.981,7,"Flux-conserved"
"Pop04","Pop16",0.169397286657657,NA,7,"Flux-conserved"
"Pop04","Pop17",0.153474280509012,NA,7,"Flux-conserved"
"Pop04","Pop19",0.158153732795653,NA,7,"Flux-conserved"
"Pop04","Pop21",0.123132046014691,NA,7,"Flux-conserved"
"Pop04","Pop22",-0.0162451728770953,NA,7,"Flux-conserved"
"Pop04","Pop24",0.0168744789974107,NA,7,"Flux-conserved"
"Pop04","Pop25",0.00824372795442531,-210849990506.981,7,"Flux-conserved"
"Pop05","Pop16",0.169397286657657,NA,7,"Flux-conserved"
"Pop05","Pop17",0.153474280509012,NA,7,"Flux-conserved"
"Pop05","Pop19",0.158153732795653,NA,7,"Flux-conserved"
"Pop05","Pop21",0.123132046014691,NA,7,"Flux-conserved"
"Pop05","Pop22",-0.0162451728770953,NA,7,"Flux-conserved"
"Pop05","Pop24",0.0168744789974107,NA,7,"Flux-conserved"
"Pop05","Pop25",0.00824372795442531,-210849990506.981,7,"Flux-conserved"
"Pop06","Pop16",0.169397286657657,NA,7,"Flux-conserved"
"Pop06","Pop17",0.153474280509012,NA,7,"Flux-conserved"
"Pop06","Pop19",0.158153732795653,NA,7,"Flux-conserved"
"Pop06","Pop21",0.123132046014691,NA,7,"Flux-conserved"
"Pop06","Pop22",-0.0162451728770953,NA,7,"Flux-conserved"
"Pop06","Pop24",0.0168744789974107,NA,7,"Flux-conserved"
"Pop06","Pop25",0.00824372795442531,-210849990506.981,7,"Flux-conserved"
"Pop07","Pop16",0.169397286657657,NA,7,"Flux-conserved"
"Pop07","Pop17",0.153474280509012,NA,7,"Flux-conserved"
"Pop07","Pop19",0.158153732795653,NA,7,"Flux-conserved"
"Pop07","Pop21",0.123132046014691,NA,7,"Flux-conserved"
"Pop07","Pop22",-0.0162451728770953,NA,7,"Flux-conserved"
"Pop07","Pop24",0.0168744789974107,NA,7,"Flux-conserved"
"Pop07","Pop25",0.00824372795442531,-210849990506.981,7,"Flux-conserved"
"Pop08","Pop16",0.169397286657657,NA,7,"Flux-conserved"
"Pop08","Pop17",0.153474280509012,NA,7,"Flux-conserved"
"Pop08","Pop19",0.158153732795653,NA,7,"Flux-conserved"
"Pop08","Pop21",0.123132046014691,NA,7,"Flux-conserved"
"Pop08","Pop22",-0.0162451728770953,NA,7,"Flux-conserved"
"Pop08","Pop24",0.0168744789974107,NA,7,"Flux-conserved"
"Pop08","Pop25",0.00824372795442531,-210849990506.981,7,"Flux-conserved"
"Pop09","Pop16",0.169397286657657,NA,7,"Flux-conserved"
"Pop09","Pop17",0.153474280509012,NA,7,"Flux-conserved"
"Pop09","Pop19",0.158153732795653,NA,7,"Flux-conserved"
"Pop09","Pop21",0.123132046014691,NA,7,"Flux-conserved"
"Pop09","Pop22",-0.0162451728770953,NA,7,"Flux-conserved"
"Pop09","Pop24",0.0168744789974107,NA,7,"Flux-conserved"
"Pop09","Pop25",0.00824372795442531,-210849990506.981,7,"Flux-conserved"
"Pop10","Pop16",0.169397286657657,NA,7,"Flux-conserved"
"Pop10","Pop17",0.153474280509012,NA,7,"Flux-conserved"
"Pop10","Pop19",0.158153732795653,NA,7,"Flux-conserved"
"Pop10","Pop21",0.123132046014691,NA,7,"Flux-conserved"
"Pop10","Pop22",-0.0162451728770953,NA,7,"Flux-conserved"
"Pop10","Pop24",0.0168744789974107,NA,7,"Flux-conserved"
"Pop10","Pop25",0.00824372795442531,-210849990506.981,7,"Flux-conserved"
"Pop11","Pop16",0.169397286657657,NA,7,"Flux-conserved"
"Pop11","Pop17",0.153474280509012,NA,7,"Flux-conserved"
"Pop11","Pop19",0.158153732795653,NA,7,"Flux-conserved"
"Pop11","Pop21",0.123132046014691,NA,7,"Flux-conserved"
"Pop11","Pop22",-0.0162451728770953,NA,7,"Flux-conserved"
"Pop11","Pop24",0.0168744789974107,NA,7,"Flux-conserved"
"Pop11","Pop25",0.00824372795442531,-210849990506.981,7,"Flux-conserved"
"Pop12","Pop16",0.169397286657657,NA,7,"Flux-conserved"
"Pop12","Pop17",0.153474280509012,NA,7,"Flux-conserved"
"Pop12","Pop19",0.158153732795653,NA,7,"Flux-conserved"
"Pop12","Pop21",0.123132046014691,NA,7,"Flux-conserved"
"Pop12","Pop22",-0.0162451728770953,NA,7,"Flux-conserved"
"Pop12","Pop24",0.0168744789974107,NA,7,"Flux-conserved"
"Pop12","Pop25",0.00824372795442531,-210849990506.981,7,"Flux-conserved"
"Pop13","Pop16",0.169397286657657,NA,7,"Flux-conserved"
"Pop13","Pop17",0.153474280509012,NA,7,"Flux-conserved"
"Pop13","Pop19",0.158153732795653,NA,7,"Flux-conserved"
"Pop13","Pop21",0.123132046014691,NA,7,"Flux-conserved"
"Pop13","Pop22",-0.0162451728770953,NA,7,"Flux-conserved"
"Pop13","Pop24",0.0168744789974107,NA,7,"Flux-conserved"
"Pop13","Pop25",0.00824372795442531,-210849990506.981,7,"Flux-conserved"
"Pop14","Pop16",0.169397286657657,NA,7,"Flux-conserved"
"Pop14","Pop17",0.153474280509012,NA,7,"Flux-conserved"
"Pop14","Pop19",0.158153732795653,NA,7,"Flux-conserved"
"Pop14","Pop21",0.123132046014691,NA,7,"Flux-conserved"
"Pop14","Pop22",-0.0162451728770953,NA,7,"Flux-conserved"
"Pop14","Pop24",0.0168744789974107,NA,7,"Flux-conserved"
"Pop14","Pop25",0.00824372795442531,-210849990506.981,7,"Flux-conserved"
"Pop15","Pop16",0.505271431771627,-0.16121447950528,7,"Flux-conserved"
"Pop15","Pop18",-0.0514127193309004,0.0758501416483857,7,"Flux-conserved"
"Pop15","Pop19",0.244610729964686,0.0220663558420517,7,"Flux-conserved"
"Pop17","Pop18",-0.204139147883634,0.00659759440764437,7,"Flux-conserved"
"Pop17","Pop19",0.0115011691925216,0.00286857688217577,7,"Flux-conserved"
"Pop17","Pop20",-0.151141194158602,0.00636980200249998,7,"Flux-conserved"
"Pop18","Pop19",0.203802347847739,-0.000847500155927863,7,"Flux-conserved"
"Pop18","Pop20",0.0150832546777234,0.00155247075595079,7,"Flux-conserved"
"Pop18","Pop22",-0.0446590980896278,0.000352901334609121,7,"Flux-conserved"
"Pop19","Pop20",-0.17676403788856,0.00190723940000035,7,"Flux-conserved"
"Pop19","Pop21",-0.0186747756428265,0.00935139045759419,7,"Flux-conserved"
"Pop19","Pop22",-0.0584056974101258,0.000232799260907322,7,"Flux-conserved"
"Pop20","Pop21",0.164888656022364,0.000422677887786444,7,"Flux-conserved"
"Pop20","Pop22",-0.017509750604016,0.00016714731715017,7,"Flux-conserved"
"Pop20","Pop24",-0.010195086730282,0.000590834947192376,7,"Flux-conserved"
"Pop21","Pop22",-0.0472532239939503,0.000129048423436294,7,"Flux-conserved"
"Pop21","Pop24",-0.0402691276207221,0.00110860432714337,7,"Flux-conserved"
"Pop22","Pop23",-0.126606294070238,0.00021035719081956,7,"Flux-conserved"
"Pop23","Pop24",0.36013387847622,-0.00028731952522683,7,"Flux-conserved"
"Pop23","Pop25",0.278459080237987,-0.000607585738318137,7,"Flux-conserved"
"Pop24","Pop25",-0.0111033888831639,-0.000568721366152504,7,"Flux-conserved"
"Pop01","Pop02",0.0143676714187373,-0.000789485832331678,7,"Rate-conserved"
"Pop01","Pop09",0.178063005541932,0.00038538966362447,7,"Rate-conserved"
"Pop01","Pop15",0.0165635877688251,0.000937995586420924,7,"Rate-conserved"
"Pop02","Pop12",-0.000999250639214272,2.67830682693859e-05,7,"Rate-conserved"
"Pop02","Pop15",0.215626609529976,0.000393873414635964,7,"Rate-conserved"
"Pop02","Pop16",-0.00224091741546842,0.00524226824528522,7,"Rate-conserved"
"Pop03","Pop07",-1.11022302462516e-16,NA,7,"Rate-conserved"
"Pop03","Pop08",-0.0237936327224549,-0.000157964765038609,7,"Rate-conserved"
"Pop03","Pop09",0.0114242954454528,-0.000151751271342067,7,"Rate-conserved"
"Pop03","Pop15",-0.0766849646646059,0.999902352834764,7,"Rate-conserved"
"Pop04","Pop06",0.209264901225988,-0.00172126723372128,7,"Rate-conserved"
"Pop04","Pop08",0.0797437815797385,0.000700994168073685,7,"Rate-conserved"
"Pop04","Pop11",0.0769455035245113,0.0239340579919639,7,"Rate-conserved"
"Pop05","Pop10",0.0317605668040546,0.0138771421499297,7,"Rate-conserved"
"Pop05","Pop11",0.0965824807205495,0.00749160747472249,7,"Rate-conserved"
"Pop05","Pop12",0.090116001318589,0.0425007812579301,7,"Rate-conserved"
"Pop05","Pop15",0.154002983911645,0.00165414735431329,7,"Rate-conserved"
"Pop05","Pop25",-0.114709149451328,0.00100952637253025,7,"Rate-conserved"
"Pop06","Pop10",0.248423699500122,0.255759753168638,7,"Rate-conserved"
"Pop07","Pop08",-0.0237936327224548,-0.000157964765038609,7,"Rate-conserved"
"Pop07","Pop09",0.0114242954454529,-0.000151751271342067,7,"Rate-conserved"
"Pop07","Pop15",-0.0766849646646059,0.999902352834764,7,"Rate-conserved"
"Pop08","Pop11",0.00191142738468802,0.000838782269837405,7,"Rate-conserved"
"Pop08","Pop15",-0.0334982173915836,0.0011575325315308,7,"Rate-conserved"
"Pop09","Pop15",-0.0704578187105636,0.00596208497991841,7,"Rate-conserved"
"Pop10","Pop11",-0.0165678675772089,0.00364950091778386,7,"Rate-conserved"
"Pop11","Pop12",-0.0271736861127485,0.000183128810668764,7,"Rate-conserved"
"Pop11","Pop15",0.0484339013649285,0.000214851803956333,7,"Rate-conserved"
"Pop11","Pop19",-0.0950336195502363,1.99936141092695e-05,7,"Rate-conserved"
"Pop12","Pop13",-0.140818262153761,5.15659407265338e-05,7,"Rate-conserved"
"Pop12","Pop15",0.0660965798774764,5.18393135279766e-05,7,"Rate-conserved"
"Pop12","Pop16",-0.0475300667259725,1.22606573992254e-05,7,"Rate-conserved"
"Pop12","Pop18",-0.0238900666039302,1.00731710671352e-05,7,"Rate-conserved"
"Pop12","Pop19",-0.0515343846099441,1.24744473621137e-05,7,"Rate-conserved"
"Pop12","Pop21",-0.0635946858065831,1.73631995848677e-05,7,"Rate-conserved"
"Pop12","Pop22",-0.0565449346732242,7.00281005469159e-06,7,"Rate-conserved"
"Pop13","Pop14",0.121341008289186,2.70493864797774e-05,7,"Rate-conserved"
"Pop13","Pop15",0.184778492571159,-4.01183692650553e-05,7,"Rate-conserved"
"Pop14","Pop18",0.100267197441606,2.48048787978919e-06,7,"Rate-conserved"
"Pop14","Pop20",0.0168216218878263,1.3404924202575e-05,7,"Rate-conserved"
"Pop14","Pop21",0.0544447471010755,4.66755174813699e-05,7,"Rate-conserved"
"Pop14","Pop22",0.0484164377639486,9.03185496779548e-06,7,"Rate-conserved"
"Pop15","Pop16",-0.146895123433117,8.79722755472633e-06,7,"Rate-conserved"
"Pop15","Pop17",-0.164427540984117,2.16857721650159e-05,7,"Rate-conserved"
"Pop15","Pop18",-0.0954880536881394,9.71561289616645e-06,7,"Rate-conserved"
"Pop16","Pop17",-0.0595527405377414,0.000168992745410095,7,"Rate-conserved"
"Pop16","Pop18",0.0361089208863345,4.44901929333213e-05,7,"Rate-conserved"
"Pop16","Pop21",-0.051618861353985,9.47100849101518e-05,7,"Rate-conserved"
"Pop17","Pop18",0.100006255634603,2.04937616057311e-05,7,"Rate-conserved"
"Pop17","Pop19",0.045548024568297,1.35586288163957e-05,7,"Rate-conserved"
"Pop17","Pop20",-0.00665164539143182,2.03845594412422e-05,7,"Rate-conserved"
"Pop18","Pop19",0.000988229111022726,-1.10913881035375e-05,7,"Rate-conserved"
"Pop18","Pop20",-0.053573166807031,3.49844473405778e-05,7,"Rate-conserved"
"Pop18","Pop22",-0.0267626270585671,1.49262410403179e-05,7,"Rate-conserved"
"Pop18","Pop24",-0.10804285697747,1.90892066575767e-05,7,"Rate-conserved"
"Pop19","Pop20",-0.0501121319026865,2.6875834543389e-05,7,"Rate-conserved"
"Pop19","Pop21",-0.0142035874599217,1.02918597651473e-05,7,"Rate-conserved"
"Pop19","Pop22",-0.00564085250257103,5.41867165127716e-06,7,"Rate-conserved"
"Pop19","Pop23",-0.068427174776504,3.80483436610348e-06,7,"Rate-conserved"
"Pop19","Pop24",-0.0772807559448986,8.62987825819326e-06,7,"Rate-conserved"
"Pop19","Pop25",-0.092096936448383,2.05700276562228e-05,7,"Rate-conserved"
"Pop20","Pop21",0.0326029562887833,2.42985992626053e-05,7,"Rate-conserved"
"Pop20","Pop22",0.0214025076312379,-6.71364004806648e-07,7,"Rate-conserved"
"Pop20","Pop23",-0.0841603152911091,7.49837295753724e-06,7,"Rate-conserved"
"Pop21","Pop22",0.00322688378822331,-8.57531541935616e-06,7,"Rate-conserved"
"Pop21","Pop23",-0.0782226079934439,5.76448988961019e-06,7,"Rate-conserved"
"Pop21","Pop24",-0.0838071455268295,2.71516355700617e-06,7,"Rate-conserved"
"Pop21","Pop25",-0.0913236852722767,9.75451687752838e-06,7,"Rate-conserved"
"Pop22","Pop23",-0.0941323916933983,5.32243442560455e-06,7,"Rate-conserved"
"Pop22","Pop24",-0.0979564571079164,1.32064997079402e-05,7,"Rate-conserved"
"Pop22","Pop25",-0.106454354032413,1.42187918084548e-05,7,"Rate-conserved"
"Pop23","Pop24",-0.00308192282318262,-5.8559415068619e-06,7,"Rate-conserved"
"Pop23","Pop25",-0.0117754100389413,2.86014224651962e-06,7,"Rate-conserved"
"Pop24","Pop25",-0.00703858587727321,4.35233493948334e-06,7,"Rate-conserved"
"Pop01","Pop02",0.0294442251055259,0.0314805242522161,8,"Isotropic"
"Pop01","Pop03",-0.00148099018894013,0.152176205710193,8,"Isotropic"
"Pop01","Pop04",-0.0135832964175014,0.0517330015460951,8,"Isotropic"
"Pop01","Pop05",0.00746922224071531,0.0718015959014058,8,"Isotropic"
"Pop01","Pop06",0.0140423520274862,0.0441054298323101,8,"Isotropic"
"Pop01","Pop07",0.0211641218777183,0.0244759546142222,8,"Isotropic"
"Pop01","Pop18",-0.00127996432724775,0.00203278607759681,8,"Isotropic"
"Pop02","Pop03",-0.0327342539501617,0.0493682398028661,8,"Isotropic"
"Pop02","Pop04",-0.0333612719123608,-0.0353121097621681,8,"Isotropic"
"Pop02","Pop05",-0.0229998785378485,0.0768299211926938,8,"Isotropic"
"Pop02","Pop07",-0.00558226974216963,0.0322918422234605,8,"Isotropic"
"Pop02","Pop09",-0.00219896579238574,0.0149955269042457,8,"Isotropic"
"Pop02","Pop10",0.0388608565309257,0.00622173120913606,8,"Isotropic"
"Pop02","Pop15",0.00568316794048884,0.00327621677860196,8,"Isotropic"
"Pop02","Pop18",0.00855001076707921,0.000950307364069546,8,"Isotropic"
"Pop03","Pop04",-0.0190059274377515,-0.115253157359126,8,"Isotropic"
"Pop03","Pop05",-0.0167849899222764,0.0313231661508037,8,"Isotropic"
"Pop03","Pop06",-0.045412296500042,0.0218211458747413,8,"Isotropic"
"Pop03","Pop07",-0.0372419185290813,0.00370635400265344,8,"Isotropic"
"Pop04","Pop05",0.00255080033562405,0.0323164250764495,8,"Isotropic"
"Pop04","Pop06",-0.00505163690582429,0.0285213502447132,8,"Isotropic"
"Pop04","Pop07",-0.000107527556940809,0.0226548019738331,8,"Isotropic"
"Pop05","Pop06",-0.0313583706983925,0.0579930512609515,8,"Isotropic"
"Pop05","Pop08",0.00721999737234774,0.00413668744720953,8,"Isotropic"
"Pop05","Pop12",0.0173607254753732,-0.00703500935967856,8,"Isotropic"
"Pop06","Pop07",0.0464351891425163,-0.0640347227232672,8,"Isotropic"
"Pop06","Pop08",0.00397006544733242,-0.00140503339840169,8,"Isotropic"
"Pop07","Pop08",-0.00710158758709578,-0.00636073280950174,8,"Isotropic"
"Pop07","Pop09",-0.0388149726707249,-0.0249351430797512,8,"Isotropic"
"Pop07","Pop12",0.0142918305745125,-0.0217186702491772,8,"Isotropic"
"Pop08","Pop09",-0.0399641383558306,-0.202745718919829,8,"Isotropic"
"Pop08","Pop10",-0.0121838753151033,-0.0554951036814452,8,"Isotropic"
"Pop08","Pop11",0.0167695196378423,-0.0341077891954843,8,"Isotropic"
"Pop08","Pop13",0.0207308647245815,-0.011506114787484,8,"Isotropic"
"Pop09","Pop10",0.0183283052334169,0.00524880046967391,8,"Isotropic"
"Pop09","Pop13",0.0600136682361484,-0.0108950013725195,8,"Isotropic"
"Pop09","Pop18",0.00943902850951746,0.00354840953972622,8,"Isotropic"
"Pop10","Pop11",0.00199379460212493,0.00217582498745311,8,"Isotropic"
"Pop10","Pop12",0.0195797363337268,-0.113094878380176,8,"Isotropic"
"Pop10","Pop14",-0.0185842086231254,0.00559335262961493,8,"Isotropic"
"Pop11","Pop12",0.0343398881458443,-0.0358935559653435,8,"Isotropic"
"Pop11","Pop13",0.0750489493745853,-0.0409666593527646,8,"Isotropic"
"Pop11","Pop14",-0.00632464112144221,0.012060199063757,8,"Isotropic"
"Pop11","Pop17",-0.0115646134559066,0.0634178649655353,8,"Isotropic"
"Pop12","Pop13",0.053752307688841,0.0504221114865955,8,"Isotropic"
"Pop12","Pop14",-0.0159631728629152,0.0713526322702268,8,"Isotropic"
"Pop12","Pop16",-0.0557591477410485,0.104048213535897,8,"Isotropic"
"Pop13","Pop14",-0.053491351342168,0.0199526483362667,8,"Isotropic"
"Pop13","Pop15",-0.0698843844226803,0.066675060671054,8,"Isotropic"
"Pop13","Pop17",0.00256012143486209,0.0637353242609199,8,"Isotropic"
"Pop13","Pop18",-0.00868106463446484,0.024879446119732,8,"Isotropic"
"Pop13","Pop19",0.0126390620470443,0.0207084378493447,8,"Isotropic"
"Pop13","Pop25",-0.0205393372309408,-0.0137083134225134,8,"Isotropic"
"Pop14","Pop15",-0.0325502204841532,0.06763906585127,8,"Isotropic"
"Pop14","Pop19",0.0256339231768522,0.00695959356091446,8,"Isotropic"
"Pop14","Pop25",-0.0103147230665735,-0.0105822889726596,8,"Isotropic"
"Pop15","Pop16",-0.0432661943515899,0.0426409656030579,8,"Isotropic"
"Pop15","Pop17",0.071584029542942,0.00941637779551484,8,"Isotropic"
"Pop15","Pop25",0.012777813449293,-0.137046340367396,8,"Isotropic"
"Pop16","Pop17",0.108307365985552,0.0437462212914276,8,"Isotropic"
"Pop16","Pop18",0.0890129059677616,0.0256902125857569,8,"Isotropic"
"Pop16","Pop25",-0.0052065620944983,-0.0453042703217373,8,"Isotropic"
"Pop17","Pop18",0.0193471916340169,-0.011891555402599,8,"Isotropic"
"Pop17","Pop19",-0.0034044802004406,-0.00902780367247061,8,"Isotropic"
"Pop17","Pop20",0.033116455535294,-0.0523991172841052,8,"Isotropic"
"Pop17","Pop21",0.0664911903907634,-0.0307419411029879,8,"Isotropic"
"Pop17","Pop23",0.0628851377004229,-0.078263249928769,8,"Isotropic"
"Pop18","Pop19",-0.0237698103971019,-0.020091262484064,8,"Isotropic"
"Pop18","Pop20",0.0352469404479004,-0.0507110113682718,8,"Isotropic"
"Pop18","Pop21",0.0510932938152686,-0.0640532225143293,8,"Isotropic"
"Pop18","Pop22",0.0249151457212331,-0.122159748566967,8,"Isotropic"
"Pop18","Pop25",-0.0365948129842039,-0.416926700368813,8,"Isotropic"
"Pop19","Pop20",0.00252071347448943,-0.0560898335108024,8,"Isotropic"
"Pop19","Pop21",0.0284427044147599,-0.311238038944324,8,"Isotropic"
"Pop19","Pop22",0.00474343694928184,-0.0819583580444133,8,"Isotropic"
"Pop19","Pop23",0.0351603023863968,-0.426196585054283,8,"Isotropic"
"Pop20","Pop21",0.0254889116736408,0.0550719954430593,8,"Isotropic"
"Pop20","Pop22",0.000140377752746834,0.00782417487113313,8,"Isotropic"
"Pop20","Pop23",0.0233543378900985,-0.294221829401859,8,"Isotropic"
"Pop20","Pop24",-0.0345882754609003,-0.244680877890459,8,"Isotropic"
"Pop21","Pop22",-0.0447907417099191,-0.0910641969501128,8,"Isotropic"
"Pop21","Pop23",-0.000368034827877672,-0.800045466479627,8,"Isotropic"
"Pop21","Pop24",-0.0842083104755541,-0.4974456371235,8,"Isotropic"
"Pop22","Pop23",0.0428152530302185,-0.204919678381321,8,"Isotropic"
"Pop22","Pop25",-0.00442334402496605,-0.0114787390281944,8,"Isotropic"
"Pop23","Pop24",-0.125436442442225,0.129535411868198,8,"Isotropic"
"Pop23","Pop25",-0.0595971277619624,0.040389063899753,8,"Isotropic"
"Pop24","Pop25",-0.0435425630053203,0.102128773479146,8,"Isotropic"
"Pop01","Pop10",0.144780217114085,NA,8,"Flux-conserved"
"Pop01","Pop13",0.144780217114085,NA,8,"Flux-conserved"
"Pop01","Pop19",0.129758166804295,NA,8,"Flux-conserved"
"Pop01","Pop20",0.0751173303604018,-27769591520.6502,8,"Flux-conserved"
"Pop01","Pop21",0.08241026713405,NA,8,"Flux-conserved"
"Pop01","Pop22",-0.00466556418771152,-27769591520.6502,8,"Flux-conserved"
"Pop01","Pop23",0.00184258297487783,NA,8,"Flux-conserved"
"Pop01","Pop25",-0.0361809830811401,-6924998386.72856,8,"Flux-conserved"
"Pop02","Pop10",0.144780217114085,NA,8,"Flux-conserved"
"Pop02","Pop13",0.144780217114085,NA,8,"Flux-conserved"
"Pop02","Pop19",0.129758166804295,NA,8,"Flux-conserved"
"Pop02","Pop20",0.0751173303604018,-27769591520.6502,8,"Flux-conserved"
"Pop02","Pop21",0.08241026713405,NA,8,"Flux-conserved"
"Pop02","Pop22",-0.00466556418771152,-27769591520.6502,8,"Flux-conserved"
"Pop02","Pop23",0.00184258297487783,NA,8,"Flux-conserved"
"Pop02","Pop25",-0.0361809830811401,-6924998386.72856,8,"Flux-conserved"
"Pop03","Pop10",0.144780217114085,NA,8,"Flux-conserved"
"Pop03","Pop13",0.144780217114085,NA,8,"Flux-conserved"
"Pop03","Pop19",0.129758166804295,NA,8,"Flux-conserved"
"Pop03","Pop20",0.0751173303604018,-27769591520.6502,8,"Flux-conserved"
"Pop03","Pop21",0.08241026713405,NA,8,"Flux-conserved"
"Pop03","Pop22",-0.00466556418771152,-27769591520.6502,8,"Flux-conserved"
"Pop03","Pop23",0.00184258297487783,NA,8,"Flux-conserved"
"Pop03","Pop25",-0.0361809830811401,-6924998386.72856,8,"Flux-conserved"
"Pop04","Pop10",0.144780217114085,NA,8,"Flux-conserved"
"Pop04","Pop13",0.144780217114085,NA,8,"Flux-conserved"
"Pop04","Pop19",0.129758166804295,NA,8,"Flux-conserved"
"Pop04","Pop20",0.0751173303604018,-27769591520.6502,8,"Flux-conserved"
"Pop04","Pop21",0.08241026713405,NA,8,"Flux-conserved"
"Pop04","Pop22",-0.00466556418771152,-27769591520.6502,8,"Flux-conserved"
"Pop04","Pop23",0.00184258297487783,NA,8,"Flux-conserved"
"Pop04","Pop25",-0.0361809830811401,-6924998386.72856,8,"Flux-conserved"
"Pop05","Pop10",0.144780217114085,NA,8,"Flux-conserved"
"Pop05","Pop13",0.144780217114085,NA,8,"Flux-conserved"
"Pop05","Pop19",0.129758166804295,NA,8,"Flux-conserved"
"Pop05","Pop20",0.0751173303604018,-27769591520.6502,8,"Flux-conserved"
"Pop05","Pop21",0.08241026713405,NA,8,"Flux-conserved"
"Pop05","Pop22",-0.00466556418771152,-27769591520.6502,8,"Flux-conserved"
"Pop05","Pop23",0.00184258297487783,NA,8,"Flux-conserved"
"Pop05","Pop25",-0.0361809830811401,-6924998386.72856,8,"Flux-conserved"
"Pop06","Pop10",0.144780217114085,NA,8,"Flux-conserved"
"Pop06","Pop13",0.144780217114085,NA,8,"Flux-conserved"
"Pop06","Pop19",0.129758166804295,NA,8,"Flux-conserved"
"Pop06","Pop20",0.0751173303604018,-27769591520.6502,8,"Flux-conserved"
"Pop06","Pop21",0.08241026713405,NA,8,"Flux-conserved"
"Pop06","Pop22",-0.00466556418771152,-27769591520.6502,8,"Flux-conserved"
"Pop06","Pop23",0.00184258297487783,NA,8,"Flux-conserved"
"Pop06","Pop25",-0.0361809830811401,-6924998386.72856,8,"Flux-conserved"
"Pop07","Pop10",0.144780217114085,NA,8,"Flux-conserved"
"Pop07","Pop13",0.144780217114085,NA,8,"Flux-conserved"
"Pop07","Pop19",0.129758166804295,NA,8,"Flux-conserved"
"Pop07","Pop20",0.0751173303604018,-27769591520.6502,8,"Flux-conserved"
"Pop07","Pop21",0.08241026713405,NA,8,"Flux-conserved"
"Pop07","Pop22",-0.00466556418771152,-27769591520.6502,8,"Flux-conserved"
"Pop07","Pop23",0.00184258297487783,NA,8,"Flux-conserved"
"Pop07","Pop25",-0.0361809830811401,-6924998386.72856,8,"Flux-conserved"
"Pop08","Pop10",0.144780217114085,NA,8,"Flux-conserved"
"Pop08","Pop13",0.144780217114085,NA,8,"Flux-conserved"
"Pop08","Pop19",0.129758166804295,NA,8,"Flux-conserved"
"Pop08","Pop20",0.0751173303604018,-27769591520.6502,8,"Flux-conserved"
"Pop08","Pop21",0.08241026713405,NA,8,"Flux-conserved"
"Pop08","Pop22",-0.00466556418771152,-27769591520.6502,8,"Flux-conserved"
"Pop08","Pop23",0.00184258297487783,NA,8,"Flux-conserved"
"Pop08","Pop25",-0.0361809830811401,-6924998386.72856,8,"Flux-conserved"
"Pop09","Pop10",0.144780217114085,NA,8,"Flux-conserved"
"Pop09","Pop13",0.144780217114085,NA,8,"Flux-conserved"
"Pop09","Pop19",0.129758166804295,NA,8,"Flux-conserved"
"Pop09","Pop20",0.0751173303604018,-27769591520.6502,8,"Flux-conserved"
"Pop09","Pop21",0.08241026713405,NA,8,"Flux-conserved"
"Pop09","Pop22",-0.00466556418771152,-27769591520.6502,8,"Flux-conserved"
"Pop09","Pop23",0.00184258297487783,NA,8,"Flux-conserved"
"Pop09","Pop25",-0.0361809830811401,-6924998386.72856,8,"Flux-conserved"
"Pop10","Pop11",-0.144780217114085,NA,8,"Flux-conserved"
"Pop10","Pop12",-0.376134602100253,0.142703078815264,8,"Flux-conserved"
"Pop10","Pop13",-2.77555756156289e-17,NA,8,"Flux-conserved"
"Pop10","Pop14",-0.144780217114085,NA,8,"Flux-conserved"
"Pop10","Pop15",-0.144780217114085,NA,8,"Flux-conserved"
"Pop11","Pop13",0.144780217114085,NA,8,"Flux-conserved"
"Pop11","Pop19",0.129758166804295,NA,8,"Flux-conserved"
"Pop11","Pop20",0.0751173303604018,-27769591520.6502,8,"Flux-conserved"
"Pop11","Pop21",0.08241026713405,NA,8,"Flux-conserved"
"Pop11","Pop22",-0.00466556418771152,-27769591520.6502,8,"Flux-conserved"
"Pop11","Pop23",0.00184258297487783,NA,8,"Flux-conserved"
"Pop11","Pop25",-0.0361809830811401,-6924998386.72856,8,"Flux-conserved"
"Pop12","Pop13",0.376134602100253,-0.142703078815264,8,"Flux-conserved"
"Pop12","Pop21",-0.0545825712918316,0.00173799915315301,8,"Flux-conserved"
"Pop13","Pop14",-0.144780217114085,NA,8,"Flux-conserved"
"Pop13","Pop15",-0.144780217114085,NA,8,"Flux-conserved"
"Pop14","Pop19",0.129758166804295,NA,8,"Flux-conserved"
"Pop14","Pop20",0.0751173303604018,-27769591520.6502,8,"Flux-conserved"
"Pop14","Pop21",0.08241026713405,NA,8,"Flux-conserved"
"Pop14","Pop22",-0.00466556418771152,-27769591520.6502,8,"Flux-conserved"
"Pop14","Pop23",0.00184258297487783,NA,8,"Flux-conserved"
"Pop14","Pop25",-0.0361809830811401,-6924998386.72856,8,"Flux-conserved"
"Pop15","Pop19",0.129758166804295,NA,8,"Flux-conserved"
"Pop15","Pop20",0.0751173303604018,-27769591520.6502,8,"Flux-conserved"
"Pop15","Pop21",0.08241026713405,NA,8,"Flux-conserved"
"Pop15","Pop22",-0.00466556418771152,-27769591520.6502,8,"Flux-conserved"
"Pop15","Pop23",0.00184258297487783,NA,8,"Flux-conserved"
"Pop15","Pop25",-0.0361809830811401,-6924998386.72856,8,"Flux-conserved"
"Pop16","Pop17",0.0349952813466499,0.00215147747851799,8,"Flux-conserved"
"Pop16","Pop18",0.0799634710180191,0.00662448406519939,8,"Flux-conserved"
"Pop16","Pop19",0.11110103527538,4.2176456178991e-05,8,"Flux-conserved"
"Pop17","Pop18",0.0647231732668564,0.000677774603791229,8,"Flux-conserved"
"Pop17","Pop20",0.149898396011393,0.000148308478191296,8,"Flux-conserved"
"Pop17","Pop25",-0.0239058883637504,0.00110096787636438,8,"Flux-conserved"
"Pop18","Pop19",0.269171736120059,-0.000627092275581442,8,"Flux-conserved"
"Pop18","Pop22",-0.0427114009565972,0.000176210654346976,8,"Flux-conserved"
"Pop19","Pop20",-0.0603901820535641,0.000169468956017582,8,"Flux-conserved"
"Pop19","Pop21",-0.0625980601888047,0.000554413683032628,8,"Flux-conserved"
"Pop20","Pop21",-0.000591653497623565,0.000225267235881303,8,"Flux-conserved"
"Pop20","Pop22",-0.0223047165247686,0.000111241777328537,8,"Flux-conserved"
"Pop20","Pop23",-0.0208625378959667,7.47440264300895e-05,8,"Flux-conserved"
"Pop20","Pop24",-0.201598851695633,3.22100408259579e-05,8,"Flux-conserved"
"Pop20","Pop25",-0.0465505378374569,3.76982626513821e-05,8,"Flux-conserved"
"Pop21","Pop22",-0.0271127465298845,3.67462891027335e-05,8,"Flux-conserved"
"Pop21","Pop23",-0.0259957766573624,2.45944423135106e-05,8,"Flux-conserved"
"Pop21","Pop25",-0.0486768661256878,2.83431184799719e-05,8,"Flux-conserved"
"Pop22","Pop23",-0.00389517236640673,-0.000177786260323018,8,"Flux-conserved"
"Pop22","Pop24",-0.157047391676086,-6.83156245541195e-06,8,"Flux-conserved"
"Pop22","Pop25",-0.0147038866635277,9.1941525242261e-06,8,"Flux-conserved"
"Pop23","Pop24",-0.218203384916773,-1.0243310517696e-05,8,"Flux-conserved"
"Pop23","Pop25",-0.0131913918267277,1.67443772751731e-05,8,"Flux-conserved"
"Pop24","Pop25",0.129095228577025,5.05268946038777e-05,8,"Flux-conserved"
"Pop01","Pop06",0.800025643852766,NA,8,"Rate-conserved"
"Pop02","Pop06",0.800025643852766,NA,8,"Rate-conserved"
"Pop03","Pop06",0.800025643852766,NA,8,"Rate-conserved"
"Pop04","Pop06",0.800025643852766,NA,8,"Rate-conserved"
"Pop05","Pop06",0.800025643852766,NA,8,"Rate-conserved"
"Pop06","Pop08",-0.23338834287852,0.125576809531491,8,"Rate-conserved"
"Pop07","Pop08",-0.043836799445712,-0.00225084050223712,8,"Rate-conserved"
"Pop07","Pop09",-0.0695556950960264,0.0132929191346622,8,"Rate-conserved"
"Pop09","Pop10",-0.0298004919090161,-0.0303837202320373,8,"Rate-conserved"
"Pop09","Pop11",-0.0474678623028455,0.0129923703742894,8,"Rate-conserved"
"Pop09","Pop12",-0.113893788798671,0.00579900219378171,8,"Rate-conserved"
"Pop10","Pop11",-0.0855972311890977,0.0728843889040016,8,"Rate-conserved"
"Pop10","Pop12",-0.00143772526749736,0.0134494959892391,8,"Rate-conserved"
"Pop10","Pop15",-0.0191464668974755,0.00134774415121308,8,"Rate-conserved"
"Pop10","Pop17",-0.0637540449525489,0.000990433541004001,8,"Rate-conserved"
"Pop11","Pop12",-0.0646370979686692,0.0070356805492401,8,"Rate-conserved"
"Pop12","Pop13",-0.112909929614162,0.0060330903740117,8,"Rate-conserved"
"Pop13","Pop14",0.0416985386472283,0.00316858538584542,8,"Rate-conserved"
"Pop13","Pop16",0.0600221291548075,0.000243229226839594,8,"Rate-conserved"
"Pop14","Pop15",0.0465640176934546,0.00744211015306928,8,"Rate-conserved"
"Pop14","Pop16",-0.00577755713266206,0.000533656943266145,8,"Rate-conserved"
"Pop15","Pop16",0.089541341213535,0.00024376470842934,8,"Rate-conserved"
"Pop15","Pop17",0.0590806279339756,-0.00221466254735981,8,"Rate-conserved"
"Pop16","Pop17",-0.0245731990569507,-0.00102210847337263,8,"Rate-conserved"
"Pop16","Pop18",-0.0536846489031171,0.000702491518678841,8,"Rate-conserved"
"Pop16","Pop19",-0.0554978136874321,0.00243730939616912,8,"Rate-conserved"
"Pop17","Pop18",-0.0105000289878807,0.00120467067843264,8,"Rate-conserved"
"Pop17","Pop19",0.0115826070157628,0.00133333769662759,8,"Rate-conserved"
"Pop17","Pop23",-0.0251109037713215,-0.000101375455722892,8,"Rate-conserved"
"Pop18","Pop19",0.0382236953611304,0.0018837063445248,8,"Rate-conserved"
"Pop18","Pop20",-0.00604936301903772,0.000672702187147161,8,"Rate-conserved"
"Pop18","Pop21",-0.00161900517905011,-0.000197058746265529,8,"Rate-conserved"
"Pop18","Pop23",-0.0161750483421602,3.90076984012888e-05,8,"Rate-conserved"
"Pop19","Pop20",-0.043448758627977,-2.65027723817694e-05,8,"Rate-conserved"
"Pop19","Pop21",-0.0139519191128163,-0.00162296739335514,8,"Rate-conserved"
"Pop19","Pop22",0.0254138913851314,6.69201642124836e-05,8,"Rate-conserved"
"Pop19","Pop24",-0.0220649584357168,5.9559937873941e-05,8,"Rate-conserved"
"Pop19","Pop25",-0.0253336886112371,1.43914532412645e-05,8,"Rate-conserved"
"Pop20","Pop21",-0.00159167954195938,-0.000545209459760754,8,"Rate-conserved"
"Pop20","Pop22",0.0254604367026148,0.000240346543831093,8,"Rate-conserved"
"Pop20","Pop23",-0.00175204178271132,0.000147577547232612,8,"Rate-conserved"
"Pop21","Pop22",0.0387100015297346,0.00035380863129693,8,"Rate-conserved"
"Pop21","Pop23",0.0247863017925813,0.000303187240129337,8,"Rate-conserved"
"Pop22","Pop23",0.0274866356383773,-0.0010725281129436,8,"Rate-conserved"
"Pop22","Pop24",-0.118894444064185,-0.000204637325938942,8,"Rate-conserved"
"Pop22","Pop25",-0.118077348947075,-0.000400174295592361,8,"Rate-conserved"
"Pop23","Pop24",-0.119670786598725,-7.10682356638368e-05,8,"Rate-conserved"
"Pop23","Pop25",-0.113899747762099,-0.000491389804799739,8,"Rate-conserved"
"Pop24","Pop25",-0.00153722477426621,-0.00143517173134479,8,"Rate-conserved"
"Pop01","Pop02",-0.181507975270165,0.624214269180374,9,"Isotropic"
"Pop01","Pop03",0.0174879026623694,0.120830196908601,9,"Isotropic"
"Pop01","Pop04",-0.00313457049465557,0.0965494195935323,9,"Isotropic"
"Pop01","Pop05",0.0086896768633053,0.238758733105538,9,"Isotropic"
"Pop01","Pop06",0.0423077299177896,0.106256176509642,9,"Isotropic"
"Pop01","Pop07",0.0171210500030669,0.0778298787194104,9,"Isotropic"
"Pop01","Pop08",0.0285683027647087,0.135465376065152,9,"Isotropic"
"Pop01","Pop09",-0.00335979350781179,0.0977306479234182,9,"Isotropic"
"Pop01","Pop10",0.025285973512297,0.0946611651902748,9,"Isotropic"
"Pop01","Pop25",-0.00199591286666705,-0.00756158927764094,9,"Isotropic"
"Pop02","Pop03",0.181917198565114,0.0603350732738815,9,"Isotropic"
"Pop02","Pop06",0.136355478133045,0.193662853406865,9,"Isotropic"
"Pop02","Pop15",0.0190163015644044,0.0427324511006347,9,"Isotropic"
"Pop03","Pop04",-0.056836995046283,0.0342307776044034,9,"Isotropic"
"Pop03","Pop05",-0.00886854008560042,0.072120576029771,9,"Isotropic"
"Pop03","Pop06",-0.0122017618076403,0.0314088892784981,9,"Isotropic"
"Pop03","Pop07",0.000250321243846413,0.0130129883152999,9,"Isotropic"
"Pop03","Pop08",0.00308132541445302,0.00514478022034483,9,"Isotropic"
"Pop03","Pop13",-0.0147867711387316,0.018336775941447,9,"Isotropic"
"Pop03","Pop15",-0.0224856269732166,0.00816378753357339,9,"Isotropic"
"Pop03","Pop16",-0.0291243563535247,0.0205750854152503,9,"Isotropic"
"Pop04","Pop05",0.0472231591547637,0.498771002466391,9,"Isotropic"
"Pop04","Pop06",0.0323759928637902,0.00955852296883875,9,"Isotropic"
"Pop04","Pop07",0.0399849952921073,0.0587014670407762,9,"Isotropic"
"Pop04","Pop08",0.019702976706072,-0.00865356135928594,9,"Isotropic"
"Pop04","Pop16",-0.0276858102835628,0.00765408125461108,9,"Isotropic"
"Pop05","Pop06",-0.011529378208749,-0.145626034126782,9,"Isotropic"
"Pop05","Pop08",0.0175858266173879,-0.0411814852421486,9,"Isotropic"
"Pop05","Pop10",0.00445191251003058,-0.00377607690166644,9,"Isotropic"
"Pop05","Pop11",-0.0222528719418711,-0.00466316101319857,9,"Isotropic"
"Pop05","Pop12",-0.00087108381290342,-0.00882546358734641,9,"Isotropic"
"Pop05","Pop13",0.00484385449081129,-0.00253576712508009,9,"Isotropic"
"Pop05","Pop20",0.00668775712925185,-0.0161688366343569,9,"Isotropic"
"Pop06","Pop07",0.0232846429684429,-0.0769246132697282,9,"Isotropic"
"Pop06","Pop08",-0.00394660121785015,-0.00361544325068323,9,"Isotropic"
"Pop06","Pop10",-0.0185165518289213,0.0115415512871414,9,"Isotropic"
"Pop07","Pop08",0.00381312665887776,-0.0222661631005353,9,"Isotropic"
"Pop07","Pop09",-0.0599625191007492,-0.0684274226797125,9,"Isotropic"
"Pop07","Pop12",-0.010402092819405,0.0172950919312918,9,"Isotropic"
"Pop07","Pop13",-0.00722105190645628,0.0147413478485199,9,"Isotropic"
"Pop07","Pop14",-0.00930618624836177,0.0167613981874221,9,"Isotropic"
"Pop07","Pop15",-0.00808776497425204,-0.0121957703896824,9,"Isotropic"
"Pop07","Pop22",0.00322250768336324,-0.0173840237621593,9,"Isotropic"
"Pop08","Pop09",-0.0726645828458726,0.0690376840149468,9,"Isotropic"
"Pop08","Pop10",-0.0181959214080406,0.0148846321260756,9,"Isotropic"
"Pop08","Pop11",-0.0397657018321418,0.0183101871850921,9,"Isotropic"
"Pop08","Pop12",-0.0193189807807886,0.00765038482474609,9,"Isotropic"
"Pop08","Pop14",-0.0235063416407399,0.0192197550873473,9,"Isotropic"
"Pop09","Pop10",0.0450790424080746,-0.030314444628758,9,"Isotropic"
"Pop09","Pop11",0.016457680569356,0.0668166716417437,9,"Isotropic"
"Pop09","Pop13",0.0231788492300215,0.00877031240332701,9,"Isotropic"
"Pop09","Pop15",7.55533351511628e-05,-0.0162844176684315,9,"Isotropic"
"Pop10","Pop11",-0.0106158170254387,0.105683344126483,9,"Isotropic"
"Pop10","Pop12",0.00611102667259983,-0.108393313628653,9,"Isotropic"
"Pop10","Pop14",-0.0195061792158528,0.0030748089623392,9,"Isotropic"
"Pop10","Pop15",-0.0168267035479754,-0.0241139700806872,9,"Isotropic"
"Pop11","Pop12",0.0196208578472016,-0.0256886688156281,9,"Isotropic"
"Pop11","Pop13",0.0198134265392717,-0.0159302283636513,9,"Isotropic"
"Pop11","Pop16",0.00783770920983418,-0.0114535342180642,9,"Isotropic"
"Pop11","Pop18",0.0184761147968683,-0.0775018566770024,9,"Isotropic"
"Pop11","Pop19",0.0160305447247728,-0.038101319608525,9,"Isotropic"
"Pop12","Pop13",-0.0116333946644961,-0.0483482839961635,9,"Isotropic"
"Pop12","Pop14",-0.0240167938939964,0.106115545054582,9,"Isotropic"
"Pop12","Pop16",-0.0105141008534939,-0.021641704949966,9,"Isotropic"
"Pop12","Pop17",0.00444521836564728,-0.0518207023680361,9,"Isotropic"
"Pop12","Pop19",0.00143492969067175,-0.0270422449464305,9,"Isotropic"
"Pop13","Pop14",-0.0207576260305948,0.166567551181399,9,"Isotropic"
"Pop13","Pop15",0.0061858190609855,-0.011992640893919,9,"Isotropic"
"Pop13","Pop16",-0.00802351264953866,0.0117951343073081,9,"Isotropic"
"Pop14","Pop15",0.029912100195271,-0.0833914304999355,9,"Isotropic"
"Pop14","Pop16",0.0147663509189691,-0.00700971379875029,9,"Isotropic"
"Pop14","Pop21",0.0421664735604382,-0.158923520232022,9,"Isotropic"
"Pop15","Pop16",-0.0026864011452421,0.0240683934316378,9,"Isotropic"
"Pop15","Pop17",-0.0201826265373257,-0.117604313949694,9,"Isotropic"
"Pop15","Pop18",-0.0159381322826638,-0.0718664275115897,9,"Isotropic"
"Pop16","Pop17",-0.0369503514254859,-0.247309083977296,9,"Isotropic"
"Pop16","Pop20",0.00907912985617637,-0.106163144323598,9,"Isotropic"
"Pop16","Pop25",-0.0294555099568629,-0.104871474884298,9,"Isotropic"
"Pop17","Pop18",0.00143881703828241,-0.286346005834474,9,"Isotropic"
"Pop17","Pop20",0.0210255287465793,-0.035885656521256,9,"Isotropic"
"Pop17","Pop21",0.0638035016585917,-0.0877114289334425,9,"Isotropic"
"Pop17","Pop25",-0.0277613264256153,-0.131093556745958,9,"Isotropic"
"Pop18","Pop19",0.0309101631447374,0.0932077576108148,9,"Isotropic"
"Pop18","Pop20",0.0263947032965878,0.0180000469760019,9,"Isotropic"
"Pop18","Pop21",0.0630548825979142,0.0416269343468377,9,"Isotropic"
"Pop18","Pop23",0.0684523471824496,0.0019792669025062,9,"Isotropic"
"Pop19","Pop20",-0.0096235642320204,-0.223343622447319,9,"Isotropic"
"Pop19","Pop21",0.0229980419263687,-0.139569485813872,9,"Isotropic"
"Pop19","Pop22",-0.0818636920867877,-0.0759249578975855,9,"Isotropic"
"Pop19","Pop23",0.019266526727939,-0.0830821292964624,9,"Isotropic"
"Pop19","Pop24",0.0193045593838734,-0.103502481591109,9,"Isotropic"
"Pop19","Pop25",-0.0413240429772007,-0.0838294481398432,9,"Isotropic"
"Pop20","Pop21",0.0255425537212897,-0.274606206423734,9,"Isotropic"
"Pop20","Pop23",0.0198798805590532,-0.0816953608304725,9,"Isotropic"
"Pop20","Pop24",0.0043405642439564,-0.114042996165749,9,"Isotropic"
"Pop21","Pop22",-0.11419787828888,-0.00993154767631205,9,"Isotropic"
"Pop21","Pop23",-0.0255623470751234,-0.0241521508844827,9,"Isotropic"
"Pop21","Pop24",-0.0495784913302032,-0.311766447419998,9,"Isotropic"
"Pop21","Pop25",-0.0870090025553619,-0.0455616300979708,9,"Isotropic"
"Pop22","Pop23",0.0770591445671428,0.272120412987762,9,"Isotropic"
"Pop22","Pop24",0.049876977649956,-0.77445922970397,9,"Isotropic"
"Pop23","Pop24",-0.0412872256978663,-0.265832374361996,9,"Isotropic"
"Pop23","Pop25",-0.0453976457852507,-0.171046075619188,9,"Isotropic"
"Pop24","Pop25",0.0107037161907191,-0.00927387088191639,9,"Isotropic"
"Pop01","Pop08",0.376214382681201,NA,9,"Flux-conserved"
"Pop01","Pop09",0.376214382681201,NA,9,"Flux-conserved"
"Pop01","Pop25",-0.0413678095774751,NA,9,"Flux-conserved"
"Pop02","Pop08",0.376214382681201,NA,9,"Flux-conserved"
"Pop02","Pop09",0.376214382681201,NA,9,"Flux-conserved"
"Pop02","Pop25",-0.0413678095774751,NA,9,"Flux-conserved"
"Pop03","Pop08",0.376214382681201,NA,9,"Flux-conserved"
"Pop03","Pop09",0.376214382681201,NA,9,"Flux-conserved"
"Pop03","Pop25",-0.0413678095774751,NA,9,"Flux-conserved"
"Pop04","Pop08",0.376214382681201,NA,9,"Flux-conserved"
"Pop04","Pop09",0.376214382681201,NA,9,"Flux-conserved"
"Pop04","Pop25",-0.0413678095774751,NA,9,"Flux-conserved"
"Pop05","Pop08",0.376214382681201,NA,9,"Flux-conserved"
"Pop05","Pop09",0.376214382681201,NA,9,"Flux-conserved"
"Pop05","Pop25",-0.0413678095774751,NA,9,"Flux-conserved"
"Pop06","Pop08",0.376214382681201,NA,9,"Flux-conserved"
"Pop06","Pop09",0.376214382681201,NA,9,"Flux-conserved"
"Pop06","Pop25",-0.0413678095774751,NA,9,"Flux-conserved"
"Pop07","Pop08",0.376214382681201,NA,9,"Flux-conserved"
"Pop07","Pop09",0.376214382681201,NA,9,"Flux-conserved"
"Pop07","Pop25",-0.0413678095774751,NA,9,"Flux-conserved"
"Pop08","Pop09",-2.77555756156289e-17,NA,9,"Flux-conserved"
"Pop08","Pop10",-0.25852659956314,0.0145166624328984,9,"Flux-conserved"
"Pop09","Pop10",-0.25852659956314,0.0145166624328984,9,"Flux-conserved"
"Pop10","Pop11",-0.0305765394474158,0.003290584921042,9,"Flux-conserved"
"Pop10","Pop13",-0.0374716576761353,0.00138915016728564,9,"Flux-conserved"
"Pop10","Pop15",-0.111456567648011,0.000808302809540603,9,"Flux-conserved"
"Pop11","Pop12",0.0193534942161168,0.00253932048101777,9,"Flux-conserved"
"Pop11","Pop13",0.0114029843215558,0.00125915095868652,9,"Flux-conserved"
"Pop11","Pop15",0.0247767810040642,0.000443551198607638,9,"Flux-conserved"
"Pop11","Pop19",-0.0633878149640975,0.000345940820859354,9,"Flux-conserved"
"Pop12","Pop13",-0.109764749660856,-0.00153661490361725,9,"Flux-conserved"
"Pop12","Pop14",0.0263434312253531,0.00060160931764502,9,"Flux-conserved"
"Pop12","Pop15",-0.0784581915286524,0.000345889902480797,9,"Flux-conserved"
"Pop14","Pop16",0.0647264348985038,0.00048103767486359,9,"Flux-conserved"
"Pop14","Pop17",0.0529970409372687,6.01119802695929e-05,9,"Flux-conserved"
"Pop14","Pop18",0.066550144269408,7.08536765185837e-05,9,"Flux-conserved"
"Pop14","Pop19",0.0384603050484965,5.81422842676327e-05,9,"Flux-conserved"
"Pop14","Pop24",0.0407884322070624,1.26095649653681e-05,9,"Flux-conserved"
"Pop15","Pop16",-0.00638438085622584,0.000150401467596892,9,"Flux-conserved"
"Pop15","Pop17",-0.0322743285636319,5.0889520156457e-05,9,"Flux-conserved"
"Pop15","Pop18",0.00982739985675843,3.51025380166452e-05,9,"Flux-conserved"
"Pop15","Pop22",-0.05236857613289,1.6261108334992e-05,9,"Flux-conserved"
"Pop15","Pop24",-0.010574907869056,2.68641970388419e-05,9,"Flux-conserved"
"Pop16","Pop17",-0.0199298390470081,-8.04516930289958e-06,9,"Flux-conserved"
"Pop16","Pop18",0.0157389768859095,-4.40394200280208e-05,9,"Flux-conserved"
"Pop16","Pop19",0.00933529992911941,6.87288039439926e-05,9,"Flux-conserved"
"Pop16","Pop22",-0.0124710279115879,4.2450556037821e-06,9,"Flux-conserved"
"Pop16","Pop23",-0.0585613991883156,5.80318633192557e-06,9,"Flux-conserved"
"Pop16","Pop24",0.022830935428471,7.94131620278638e-06,9,"Flux-conserved"
"Pop16","Pop25",0.0129077144342566,4.66150110088038e-07,9,"Flux-conserved"
"Pop17","Pop18",0.0450673531041356,-9.37227524423418e-05,9,"Flux-conserved"
"Pop17","Pop19",0.00276962786632237,6.22503319341528e-05,9,"Flux-conserved"
"Pop17","Pop24",0.0393410221824043,7.39891748266588e-05,9,"Flux-conserved"
"Pop17","Pop25",0.0252937775275552,-3.53566346586452e-06,9,"Flux-conserved"
"Pop18","Pop19",-0.00374090407083284,5.8063260549863e-05,9,"Flux-conserved"
"Pop18","Pop20",-0.132793802041287,0.00013488040333344,9,"Flux-conserved"
"Pop18","Pop21",-0.041872866470706,5.54610902510228e-05,9,"Flux-conserved"
"Pop18","Pop22",-0.028474685398802,7.2203724654853e-06,9,"Flux-conserved"
"Pop18","Pop24",0.00758978166181994,2.4539195116216e-05,9,"Flux-conserved"
"Pop18","Pop25",-0.00524100908682283,1.34404031091126e-05,9,"Flux-conserved"
"Pop19","Pop20",-0.17865779814601,-1.21994255358539e-05,9,"Flux-conserved"
"Pop19","Pop21",-0.0561756501693752,-1.50852883374232e-05,9,"Flux-conserved"
"Pop19","Pop22",-0.0300903613098042,-6.65794556731708e-05,9,"Flux-conserved"
"Pop19","Pop24",0.0104862627937665,-0.000156318404241372,9,"Flux-conserved"
"Pop19","Pop25",0.012027525525078,-4.41483655852719e-05,9,"Flux-conserved"
"Pop20","Pop21",0.170974030366147,0.00017397901434788,9,"Flux-conserved"
"Pop20","Pop25",0.0674927300280262,-4.69580636534967e-06,9,"Flux-conserved"
"Pop21","Pop22",0.0265068342547142,-1.64083645907263e-05,9,"Flux-conserved"
"Pop21","Pop23",-0.0457614468169111,-6.66535180032137e-06,9,"Flux-conserved"
"Pop21","Pop24",0.0599919723727992,-0.000110365453191611,9,"Flux-conserved"
"Pop21","Pop25",0.0249080647075319,-2.24116388287504e-05,9,"Flux-conserved"
"Pop22","Pop23",-0.102013136166723,9.22913861613082e-05,9,"Flux-conserved"
"Pop22","Pop24",0.0427422881862609,-9.58197844897238e-05,9,"Flux-conserved"
"Pop22","Pop25",0.0424589968981963,-1.35405093242974e-05,9,"Flux-conserved"
"Pop23","Pop24",0.14449144637851,-3.81247548978752e-05,9,"Flux-conserved"
"Pop23","Pop25",0.117767569873297,-3.11578020217985e-05,9,"Flux-conserved"
"Pop24","Pop25",0.0230484784606948,-2.78684004128335e-05,9,"Flux-conserved"
"Pop01","Pop02",0.0308655443339714,0.465053072310723,9,"Rate-conserved"
"Pop01","Pop03",-0.0185770771019814,0.0321069483447778,9,"Rate-conserved"
"Pop01","Pop06",0.061677314612529,0.0300072626252331,9,"Rate-conserved"
"Pop01","Pop07",0.0784879180152162,0.0131334369591742,9,"Rate-conserved"
"Pop01","Pop09",0.0833273001416121,0.016094686534697,9,"Rate-conserved"
"Pop01","Pop11",0.0379719397281563,0.251850195026077,9,"Rate-conserved"
"Pop01","Pop15",0.0601278440111287,0.0190770186081087,9,"Rate-conserved"
"Pop01","Pop21",-0.0245366442765003,0.00113881801704538,9,"Rate-conserved"
"Pop01","Pop25",-0.116745002193137,0.000538347410813489,9,"Rate-conserved"
"Pop02","Pop03",0.0364435459419629,-0.0852861710618309,9,"Rate-conserved"
"Pop02","Pop04",0.00435612736773716,-0.00587692944970753,9,"Rate-conserved"
"Pop02","Pop05",0.0217223244608694,0.0489293144727093,9,"Rate-conserved"
"Pop02","Pop06",-0.0195565455963228,0.0166751902608009,9,"Rate-conserved"
"Pop03","Pop06",0.0584428371342756,0.0110056631044528,9,"Rate-conserved"
"Pop03","Pop07",0.0702728505353662,-0.00133144963134167,9,"Rate-conserved"
"Pop03","Pop11",-0.0189887380382195,0.0185848116505452,9,"Rate-conserved"
"Pop03","Pop15",0.0344511992150065,0.00948589426924226,9,"Rate-conserved"
"Pop03","Pop16",-0.0449005290438931,0.00414953348139701,9,"Rate-conserved"
"Pop04","Pop05",0.0713688798410751,0.20533893517645,9,"Rate-conserved"
"Pop04","Pop07",0.194281566533648,-0.226473106029336,9,"Rate-conserved"
"Pop04","Pop09",-0.0655354153124638,0.0222964393515859,9,"Rate-conserved"
"Pop05","Pop06",0.0105626953895973,-0.00743213353002609,9,"Rate-conserved"
"Pop05","Pop07",0.0560902823490288,-0.0725123392975684,9,"Rate-conserved"
"Pop05","Pop15",-0.0713842308259262,0.00367829082920063,9,"Rate-conserved"
"Pop06","Pop07",0.0741354664635026,-0.10298730175032,9,"Rate-conserved"
"Pop06","Pop08",-0.0574542019752164,-0.0551274900723523,9,"Rate-conserved"
"Pop07","Pop08",-0.0802653874841893,-0.0035268063239573,9,"Rate-conserved"
"Pop07","Pop09",-0.0421266700617813,0.019074806618732,9,"Rate-conserved"
"Pop07","Pop10",-0.0606247051359567,0.023254036672139,9,"Rate-conserved"
"Pop07","Pop15",-0.0381620229129764,0.00332457253816442,9,"Rate-conserved"
"Pop08","Pop09",0.0437608002148369,0.0909076486703527,9,"Rate-conserved"
"Pop08","Pop11",-0.0322095433234293,0.00889807825251439,9,"Rate-conserved"
"Pop08","Pop14",-0.0498363984840127,0.0244376453072368,9,"Rate-conserved"
"Pop08","Pop15",0.0528222829855668,0.0126355256110369,9,"Rate-conserved"
"Pop09","Pop10",0.000866974929758346,0.0180358485689806,9,"Rate-conserved"
"Pop09","Pop14",-0.0784951799381265,0.008370974053114,9,"Rate-conserved"
"Pop09","Pop15",0.0276170234860665,0.0117438917305879,9,"Rate-conserved"
"Pop10","Pop11",-0.0486698812822444,0.00312875930984343,9,"Rate-conserved"
"Pop10","Pop12",-0.106580231546991,0.00673798908362704,9,"Rate-conserved"
"Pop10","Pop13",-0.0373764375253351,0.00391249465353913,9,"Rate-conserved"
"Pop10","Pop15",0.0396462884039479,0.00257150056454197,9,"Rate-conserved"
"Pop10","Pop17",-0.0703768176385164,0.000661775190736908,9,"Rate-conserved"
"Pop10","Pop18",-0.0468680305217731,0.00149134275119735,9,"Rate-conserved"
"Pop11","Pop12",-0.0533391939572024,0.0150605287098439,9,"Rate-conserved"
"Pop11","Pop13",0.0170723062613009,0.00984452747720215,9,"Rate-conserved"
"Pop12","Pop13",0.0740290677527247,-0.00868926617633352,9,"Rate-conserved"
"Pop12","Pop16",0.0382101571350208,-0.000578071508407436,9,"Rate-conserved"
"Pop12","Pop23",-0.0753066193089558,-9.342599767814e-05,9,"Rate-conserved"
"Pop13","Pop14",-0.0323489131325867,0.00400626040899953,9,"Rate-conserved"
"Pop13","Pop15",0.055559050858325,0.00155124903240112,9,"Rate-conserved"
"Pop13","Pop20",-0.0550406139897103,0.000519337441125599,9,"Rate-conserved"
"Pop14","Pop15",0.108799717282961,0.0023628063750205,9,"Rate-conserved"
"Pop14","Pop17",-0.0334230634203198,0.0010682166498498,9,"Rate-conserved"
"Pop14","Pop18",-0.0143713410018818,0.000573866077390874,9,"Rate-conserved"
"Pop15","Pop16",-0.0650899122057005,-0.00435093768743448,9,"Rate-conserved"
"Pop15","Pop20",-0.0535284704401229,0.000970995348715048,9,"Rate-conserved"
"Pop15","Pop22",-0.0730205898799539,0.00112687852740041,9,"Rate-conserved"
"Pop16","Pop17",-0.0222704429510339,0.00961802293222688,9,"Rate-conserved"
"Pop16","Pop18",0.00727446193895739,0.00602979739213747,9,"Rate-conserved"
"Pop16","Pop19",-0.0568832593694518,0.00497815421983223,9,"Rate-conserved"
"Pop16","Pop20",-0.00164046940950241,0.00425657508543241,9,"Rate-conserved"
"Pop16","Pop22",-0.0471878949850514,0.000506693106550073,9,"Rate-conserved"
"Pop17","Pop18",0.036855676590994,0.000427911190028299,9,"Rate-conserved"
"Pop17","Pop19",-0.0338452464468867,0.00985955006302909,9,"Rate-conserved"
"Pop17","Pop20",0.0280998647974827,0.00229761939272085,9,"Rate-conserved"
"Pop17","Pop25",-0.152117671989737,0.000836117242113498,9,"Rate-conserved"
"Pop18","Pop19",-0.0725114978684192,0.00504633130957531,9,"Rate-conserved"
"Pop18","Pop20",-0.00674764328844751,0.00188275453681592,9,"Rate-conserved"
"Pop18","Pop21",-0.055647108683297,5.45576657923726e-05,9,"Rate-conserved"
"Pop18","Pop22",-0.0490716874527872,0.0013859770972124,9,"Rate-conserved"
"Pop18","Pop24",-0.133868462906219,0.00145986952067825,9,"Rate-conserved"
"Pop19","Pop20",0.0568825981498048,-0.000104393782771686,9,"Rate-conserved"
"Pop19","Pop21",-0.0138896737211413,-0.00048330097194756,9,"Rate-conserved"
"Pop19","Pop25",-0.158210860387293,0.000504839180311586,9,"Rate-conserved"
"Pop20","Pop21",-0.0507535155233231,-0.0012803988952845,9,"Rate-conserved"
"Pop20","Pop22",-0.062751723794162,-3.99594760922325e-05,9,"Rate-conserved"
"Pop21","Pop22",-0.0172092053739647,0.00614173190539843,9,"Rate-conserved"
"Pop21","Pop23",-0.0672699123488393,-0.00094220097659949,9,"Rate-conserved"
"Pop21","Pop24",-0.106187890228001,0.001695349851134,9,"Rate-conserved"
"Pop22","Pop23",-0.057869121578671,-0.0062070653217329,9,"Rate-conserved"
"Pop23","Pop24",-0.0873570098622014,0.00169072416188315,9,"Rate-conserved"
"Pop23","Pop25",-0.124575061248748,0.00174988974200321,9,"Rate-conserved"
"Pop24","Pop25",0.0187999396638691,0.00506369793812768,9,"Rate-conserved"
"Pop01","Pop02",0.0476724148821181,0.114877877159205,10,"Isotropic"
"Pop01","Pop03",0.0115175730964574,0.0250864900701723,10,"Isotropic"
"Pop01","Pop04",0.00494930388960721,0.0362304671497253,10,"Isotropic"
"Pop01","Pop06",0.017317530996572,0.0384906410493673,10,"Isotropic"
"Pop01","Pop08",0.00706505510049027,0.0836610890820138,10,"Isotropic"
"Pop01","Pop09",-0.0417422740417345,0.0111690601465986,10,"Isotropic"
"Pop02","Pop03",-0.0406463799964248,0.013221815182744,10,"Isotropic"
"Pop02","Pop04",-0.0697481096698704,0.106136522707287,10,"Isotropic"
"Pop02","Pop06",-0.0354162945439889,0.0280219023629498,10,"Isotropic"
"Pop02","Pop07",-0.0302443787331527,0.982697198308043,10,"Isotropic"
"Pop02","Pop08",-0.0432517502131883,0.152930504636106,10,"Isotropic"
"Pop02","Pop09",-0.0680752701367128,0.0176232676758072,10,"Isotropic"
"Pop03","Pop04",-0.0215907035806896,0.0110598831810991,10,"Isotropic"
"Pop03","Pop06",-0.0344504909312914,0.00893873429438099,10,"Isotropic"
"Pop03","Pop07",0.0116875833048633,0.136365874116736,10,"Isotropic"
"Pop03","Pop09",-0.04670093529142,0.0301080491696931,10,"Isotropic"
"Pop04","Pop05",0.0287723320417774,0.159189613235251,10,"Isotropic"
"Pop04","Pop10",-0.0797916775871494,0.0177243389410001,10,"Isotropic"
"Pop05","Pop06",0.0411941655877351,0.00331760901870864,10,"Isotropic"
"Pop05","Pop07",0.0469637489384482,0.0793719444512202,10,"Isotropic"
"Pop05","Pop08",0.0468102221383231,0.0377680559681165,10,"Isotropic"
"Pop05","Pop10",-0.00619060243029657,0.0110414219529348,10,"Isotropic"
"Pop05","Pop17",-0.0416323981656819,0.0116320016936794,10,"Isotropic"
"Pop06","Pop07",0.00308614233153573,0.00964541602830524,10,"Isotropic"
"Pop06","Pop08",0.0124510036695696,0.015207887989605,10,"Isotropic"
"Pop06","Pop13",-0.0185144235543804,0.00315783829077819,10,"Isotropic"
"Pop06","Pop16",-0.055428146706641,0.00555494053715608,10,"Isotropic"
"Pop07","Pop08",0.00271685032504376,0.0018577394061161,10,"Isotropic"
"Pop07","Pop09",-0.0374338288763341,0.00563991747109481,10,"Isotropic"
"Pop08","Pop09",0.00526769750120644,0.00795544603314017,10,"Isotropic"
"Pop08","Pop10",-0.00511971660206156,0.0089825531599639,10,"Isotropic"
"Pop09","Pop10",-0.00607221623104001,-0.00204238176549736,10,"Isotropic"
"Pop09","Pop11",-0.0902292418660156,-0.00156643147765018,10,"Isotropic"
"Pop09","Pop13",-0.0199085150467394,0.00293243386189601,10,"Isotropic"
"Pop09","Pop14",-0.0348214324072243,0.0050126378387556,10,"Isotropic"
"Pop09","Pop17",-0.0242485120710816,0.00119215881623481,10,"Isotropic"
"Pop09","Pop21",-0.0306625538538729,0.00199727882923372,10,"Isotropic"
"Pop10","Pop11",-0.0778014409911049,0.00571143964262678,10,"Isotropic"
"Pop10","Pop12",-0.0702951606237086,-0.00326258338067132,10,"Isotropic"
"Pop10","Pop13",-0.008922541225519,0.00252092535614745,10,"Isotropic"
"Pop10","Pop17",-0.00606528656868936,0.000976459049090717,10,"Isotropic"
"Pop10","Pop19",-0.00516414778081928,0.00155301681388738,10,"Isotropic"
"Pop10","Pop20",-0.00731935180370054,0.000763683941050362,10,"Isotropic"
"Pop10","Pop21",-0.0161403215103026,0.00159533480087993,10,"Isotropic"
"Pop11","Pop12",0.00720557726872262,-0.00901699141708852,10,"Isotropic"
"Pop11","Pop13",0.062539861796175,0.00386403698692249,10,"Isotropic"
"Pop11","Pop14",0.0315258616220951,0.00521520032007248,10,"Isotropic"
"Pop11","Pop21",-0.0168394624390895,0.0025577908335535,10,"Isotropic"
"Pop12","Pop13",0.0703993297142069,0.0177501595683148,10,"Isotropic"
"Pop12","Pop14",0.0201085840183712,0.00824034297105984,10,"Isotropic"
"Pop12","Pop15",0.0262412572302912,0.00759959656912264,10,"Isotropic"
"Pop12","Pop24",-0.038935513350016,0.00148305754985284,10,"Isotropic"
"Pop13","Pop14",-0.045957643944788,0.00469868510231383,10,"Isotropic"
"Pop13","Pop15",-0.034933838208258,0.00398094692459297,10,"Isotropic"
"Pop13","Pop17",-0.0157178081661081,0.000507846892271506,10,"Isotropic"
"Pop13","Pop21",-0.0320603766998048,0.000421041474493596,10,"Isotropic"
"Pop14","Pop15",0.00280641924000219,-0.00483121381187632,10,"Isotropic"
"Pop14","Pop19",0.00451592473995484,0.00236638532038837,10,"Isotropic"
"Pop14","Pop20",-0.0156479326122606,0.000127439795135409,10,"Isotropic"
"Pop15","Pop16",-0.0138778594704609,0.000157296993135215,10,"Isotropic"
"Pop15","Pop17",0.0166379692817047,-0.000933323482214815,10,"Isotropic"
"Pop15","Pop18",-0.0386398721599621,0.00155253902846281,10,"Isotropic"
"Pop15","Pop19",-0.000655942185608507,0.00206650175108735,10,"Isotropic"
"Pop16","Pop17",0.0369524733676327,-0.000668161114918651,10,"Isotropic"
"Pop16","Pop18",-0.000394274009545059,-5.74411753256517e-05,10,"Isotropic"
"Pop16","Pop19",0.0317348105161342,0.00130168907522612,10,"Isotropic"
"Pop16","Pop20",0.0161992521739348,0.00379063769297281,10,"Isotropic"
"Pop16","Pop22",-0.0165438867940789,7.23041264982312e-05,10,"Isotropic"
"Pop16","Pop23",0.0177539245005127,0.000335376210664022,10,"Isotropic"
"Pop17","Pop18",-0.0346671430875947,0.00334602803655365,10,"Isotropic"
"Pop17","Pop19",-0.000618917601158842,0.00433261498282477,10,"Isotropic"
"Pop17","Pop20",-0.0108455629219921,0.000148247757079702,10,"Isotropic"
"Pop17","Pop21",-0.00819906352811466,0.000679207258474604,10,"Isotropic"
"Pop18","Pop19",0.0327035664401677,0.00512790005303521,10,"Isotropic"
"Pop18","Pop20",0.0173090549192295,-0.00230893614600623,10,"Isotropic"
"Pop18","Pop21",0.0205660572722732,-0.00135068766944348,10,"Isotropic"
"Pop18","Pop24",-0.0144514053010003,-0.000804621946282,10,"Isotropic"
"Pop18","Pop25",-0.0361037704759162,-0.00150129321281335,10,"Isotropic"
"Pop19","Pop20",-0.0142054305849106,-0.00142366516562111,10,"Isotropic"
"Pop19","Pop22",-0.0456026835629546,-0.00257783146905803,10,"Isotropic"
"Pop19","Pop24",-0.0420651451959707,-0.000801127666499751,10,"Isotropic"
"Pop19","Pop25",-0.0741839236255747,-0.00107291070752687,10,"Isotropic"
"Pop20","Pop21",0.0181580115273937,-0.00111721508667879,10,"Isotropic"
"Pop20","Pop22",-0.0599577771481188,-0.00289803934995931,10,"Isotropic"
"Pop20","Pop23",-0.0320219415247522,-0.000899235449672347,10,"Isotropic"
"Pop21","Pop22",-0.0939223064804902,-0.00972197502503044,10,"Isotropic"
"Pop21","Pop23",-0.061966292552324,-0.00156460904202688,10,"Isotropic"
"Pop21","Pop24",-0.0489430152137614,-0.000671491263573947,10,"Isotropic"
"Pop21","Pop25",-0.101531854682783,-0.00169321366798587,10,"Isotropic"
"Pop22","Pop23",0.0211224826249538,0.00268226138068678,10,"Isotropic"
"Pop22","Pop24",0.0188506842205788,0.00316957510562552,10,"Isotropic"
"Pop23","Pop24",0.010790718746904,-2.58469099307518e-05,10,"Isotropic"
"Pop23","Pop25",-0.0681717131918546,-0.000490836220695256,10,"Isotropic"
"Pop24","Pop25",-0.0770933591344253,-0.00136360850810673,10,"Isotropic"
"Pop01","Pop19",0.165512564341706,-1297781864376.46,10,"Flux-conserved"
"Pop01","Pop20",0.222204538410932,NA,10,"Flux-conserved"
"Pop01","Pop21",0.217883011409193,NA,10,"Flux-conserved"
"Pop01","Pop23",0.0960346458030102,-1297781864376.46,10,"Flux-conserved"
"Pop01","Pop24",-0.00243215037488331,-1297781864376.46,10,"Flux-conserved"
"Pop01","Pop25",0.0100215191409582,-323632319562.551,10,"Flux-conserved"
"Pop02","Pop19",0.165512564341706,-1297781864376.46,10,"Flux-conserved"
"Pop02","Pop20",0.222204538410932,NA,10,"Flux-conserved"
"Pop02","Pop21",0.217883011409193,NA,10,"Flux-conserved"
"Pop02","Pop23",0.0960346458030102,-1297781864376.46,10,"Flux-conserved"
"Pop02","Pop24",-0.00243215037488331,-1297781864376.46,10,"Flux-conserved"
"Pop02","Pop25",0.0100215191409582,-323632319562.551,10,"Flux-conserved"
"Pop03","Pop19",0.165512564341706,-1297781864376.46,10,"Flux-conserved"
"Pop03","Pop20",0.222204538410932,NA,10,"Flux-conserved"
"Pop03","Pop21",0.217883011409193,NA,10,"Flux-conserved"
"Pop03","Pop23",0.0960346458030102,-1297781864376.46,10,"Flux-conserved"
"Pop03","Pop24",-0.00243215037488331,-1297781864376.46,10,"Flux-conserved"
"Pop03","Pop25",0.0100215191409582,-323632319562.551,10,"Flux-conserved"
"Pop04","Pop19",0.165512564341706,-1297781864376.46,10,"Flux-conserved"
"Pop04","Pop20",0.222204538410932,NA,10,"Flux-conserved"
"Pop04","Pop21",0.217883011409193,NA,10,"Flux-conserved"
"Pop04","Pop23",0.0960346458030102,-1297781864376.46,10,"Flux-conserved"
"Pop04","Pop24",-0.00243215037488331,-1297781864376.46,10,"Flux-conserved"
"Pop04","Pop25",0.0100215191409582,-323632319562.551,10,"Flux-conserved"
"Pop05","Pop19",0.165512564341706,-1297781864376.46,10,"Flux-conserved"
"Pop05","Pop20",0.222204538410932,NA,10,"Flux-conserved"
"Pop05","Pop21",0.217883011409193,NA,10,"Flux-conserved"
"Pop05","Pop23",0.0960346458030102,-1297781864376.46,10,"Flux-conserved"
"Pop05","Pop24",-0.00243215037488331,-1297781864376.46,10,"Flux-conserved"
"Pop05","Pop25",0.0100215191409582,-323632319562.551,10,"Flux-conserved"
"Pop06","Pop19",0.165512564341706,-1297781864376.46,10,"Flux-conserved"
"Pop06","Pop20",0.222204538410932,NA,10,"Flux-conserved"
"Pop06","Pop21",0.217883011409193,NA,10,"Flux-conserved"
"Pop06","Pop23",0.0960346458030102,-1297781864376.46,10,"Flux-conserved"
"Pop06","Pop24",-0.00243215037488331,-1297781864376.46,10,"Flux-conserved"
"Pop06","Pop25",0.0100215191409582,-323632319562.551,10,"Flux-conserved"
"Pop07","Pop19",0.165512564341706,-1297781864376.46,10,"Flux-conserved"
"Pop07","Pop20",0.222204538410932,NA,10,"Flux-conserved"
"Pop07","Pop21",0.217883011409193,NA,10,"Flux-conserved"
"Pop07","Pop23",0.0960346458030102,-1297781864376.46,10,"Flux-conserved"
"Pop07","Pop24",-0.00243215037488331,-1297781864376.46,10,"Flux-conserved"
"Pop07","Pop25",0.0100215191409582,-323632319562.551,10,"Flux-conserved"
"Pop08","Pop19",0.165512564341706,-1297781864376.46,10,"Flux-conserved"
"Pop08","Pop20",0.222204538410932,NA,10,"Flux-conserved"
"Pop08","Pop21",0.217883011409193,NA,10,"Flux-conserved"
"Pop08","Pop23",0.0960346458030102,-1297781864376.46,10,"Flux-conserved"
"Pop08","Pop24",-0.00243215037488331,-1297781864376.46,10,"Flux-conserved"
"Pop08","Pop25",0.0100215191409582,-323632319562.551,10,"Flux-conserved"
"Pop09","Pop19",0.165512564341706,-1297781864376.46,10,"Flux-conserved"
"Pop09","Pop20",0.222204538410932,NA,10,"Flux-conserved"
"Pop09","Pop21",0.217883011409193,NA,10,"Flux-conserved"
"Pop09","Pop23",0.0960346458030102,-1297781864376.46,10,"Flux-conserved"
"Pop09","Pop24",-0.00243215037488331,-1297781864376.46,10,"Flux-conserved"
"Pop09","Pop25",0.0100215191409582,-323632319562.551,10,"Flux-conserved"
"Pop10","Pop19",0.165512564341706,-1297781864376.46,10,"Flux-conserved"
"Pop10","Pop20",0.222204538410932,NA,10,"Flux-conserved"
"Pop10","Pop21",0.217883011409193,NA,10,"Flux-conserved"
"Pop10","Pop23",0.0960346458030102,-1297781864376.46,10,"Flux-conserved"
"Pop10","Pop24",-0.00243215037488331,-1297781864376.46,10,"Flux-conserved"
"Pop10","Pop25",0.0100215191409582,-323632319562.551,10,"Flux-conserved"
"Pop11","Pop19",0.165512564341706,-1297781864376.46,10,"Flux-conserved"
"Pop11","Pop20",0.222204538410932,NA,10,"Flux-conserved"
"Pop11","Pop21",0.217883011409193,NA,10,"Flux-conserved"
"Pop11","Pop23",0.0960346458030102,-1297781864376.46,10,"Flux-conserved"
"Pop11","Pop24",-0.00243215037488331,-1297781864376.46,10,"Flux-conserved"
"Pop11","Pop25",0.0100215191409582,-323632319562.551,10,"Flux-conserved"
"Pop12","Pop19",0.165512564341706,-1297781864376.46,10,"Flux-conserved"
"Pop12","Pop20",0.222204538410932,NA,10,"Flux-conserved"
"Pop12","Pop21",0.217883011409193,NA,10,"Flux-conserved"
"Pop12","Pop23",0.0960346458030102,-1297781864376.46,10,"Flux-conserved"
"Pop12","Pop24",-0.00243215037488331,-1297781864376.46,10,"Flux-conserved"
"Pop12","Pop25",0.0100215191409582,-323632319562.551,10,"Flux-conserved"
"Pop13","Pop19",0.165512564341706,-1297781864376.46,10,"Flux-conserved"
"Pop13","Pop20",0.222204538410932,NA,10,"Flux-conserved"
"Pop13","Pop21",0.217883011409193,NA,10,"Flux-conserved"
"Pop13","Pop23",0.0960346458030102,-1297781864376.46,10,"Flux-conserved"
"Pop13","Pop24",-0.00243215037488331,-1297781864376.46,10,"Flux-conserved"
"Pop13","Pop25",0.0100215191409582,-323632319562.551,10,"Flux-conserved"
"Pop14","Pop19",0.165512564341706,-1297781864376.46,10,"Flux-conserved"
"Pop14","Pop20",0.222204538410932,NA,10,"Flux-conserved"
"Pop14","Pop21",0.217883011409193,NA,10,"Flux-conserved"
"Pop14","Pop23",0.0960346458030102,-1297781864376.46,10,"Flux-conserved"
"Pop14","Pop24",-0.00243215037488331,-1297781864376.46,10,"Flux-conserved"
"Pop14","Pop25",0.0100215191409582,-323632319562.551,10,"Flux-conserved"
"Pop15","Pop19",0.165512564341706,-1297781864376.46,10,"Flux-conserved"
"Pop15","Pop20",0.222204538410932,NA,10,"Flux-conserved"
"Pop15","Pop21",0.217883011409193,NA,10,"Flux-conserved"
"Pop15","Pop23",0.0960346458030102,-1297781864376.46,10,"Flux-conserved"
"Pop15","Pop24",-0.00243215037488331,-1297781864376.46,10,"Flux-conserved"
"Pop15","Pop25",0.0100215191409582,-323632319562.551,10,"Flux-conserved"
"Pop16","Pop19",0.165512564341706,-1297781864376.46,10,"Flux-conserved"
"Pop16","Pop20",0.222204538410932,NA,10,"Flux-conserved"
"Pop16","Pop21",0.217883011409193,NA,10,"Flux-conserved"
"Pop16","Pop23",0.0960346458030102,-1297781864376.46,10,"Flux-conserved"
"Pop16","Pop24",-0.00243215037488331,-1297781864376.46,10,"Flux-conserved"
"Pop16","Pop25",0.0100215191409582,-323632319562.551,10,"Flux-conserved"
"Pop17","Pop19",0.165512564341706,-1297781864376.46,10,"Flux-conserved"
"Pop17","Pop20",0.222204538410932,NA,10,"Flux-conserved"
"Pop17","Pop21",0.217883011409193,NA,10,"Flux-conserved"
"Pop17","Pop23",0.0960346458030102,-1297781864376.46,10,"Flux-conserved"
"Pop17","Pop24",-0.00243215037488331,-1297781864376.46,10,"Flux-conserved"
"Pop17","Pop25",0.0100215191409582,-323632319562.551,10,"Flux-conserved"
"Pop18","Pop19",0.165512564341706,-1297781864376.46,10,"Flux-conserved"
"Pop18","Pop20",0.222204538410932,NA,10,"Flux-conserved"
"Pop18","Pop21",0.217883011409193,NA,10,"Flux-conserved"
"Pop18","Pop23",0.0960346458030102,-1297781864376.46,10,"Flux-conserved"
"Pop18","Pop24",-0.00243215037488331,-1297781864376.46,10,"Flux-conserved"
"Pop18","Pop25",0.0100215191409582,-323632319562.551,10,"Flux-conserved"
"Pop19","Pop21",0.0480962138919848,-0.0274460902110475,10,"Flux-conserved"
"Pop19","Pop22",-0.511894839408723,0.0212829512079505,10,"Flux-conserved"
"Pop20","Pop21",-0.00292851169225943,0.347538433125208,10,"Flux-conserved"
"Pop22","Pop23",0.3319950034924,0.0718744496128866,10,"Flux-conserved"
"Pop23","Pop24",-0.0226125770408508,0.0178889366456567,10,"Flux-conserved"
"Pop23","Pop25",-0.0195999884397806,0.0388912499949506,10,"Flux-conserved"
"Pop24","Pop25",0.000780334342595196,0.0323407478763813,10,"Flux-conserved"
"Pop01","Pop09",0.875,NA,10,"Rate-conserved"
"Pop02","Pop09",0.875,NA,10,"Rate-conserved"
"Pop03","Pop09",0.875,NA,10,"Rate-conserved"
"Pop04","Pop09",0.875,NA,10,"Rate-conserved"
"Pop05","Pop09",0.875,NA,10,"Rate-conserved"
"Pop06","Pop09",0.875,NA,10,"Rate-conserved"
"Pop07","Pop09",0.875,NA,10,"Rate-conserved"
"Pop08","Pop09",0.875,NA,10,"Rate-conserved"
"Pop10","Pop11",0.160619568520785,-0.00216757066337104,10,"Rate-conserved"
"Pop10","Pop12",0.185191542484824,-4.61129703572833e-06,10,"Rate-conserved"
"Pop10","Pop13",0.0557892319534362,0.0429762942608354,10,"Rate-conserved"
"Pop10","Pop18",-0.0244128206562993,0.00119886934335027,10,"Rate-conserved"
"Pop11","Pop12",0.0538427587883312,0.000494095008783524,10,"Rate-conserved"
"Pop11","Pop13",-0.0375616761981933,0.011648948509317,10,"Rate-conserved"
"Pop11","Pop14",-0.0791132194715178,0.0357970408550594,10,"Rate-conserved"
"Pop11","Pop16",0.00039127345270458,0.03042534386499,10,"Rate-conserved"
"Pop11","Pop17",0.0212738598309795,0.00115540709423933,10,"Rate-conserved"
"Pop11","Pop20",-0.0472104176207762,0.00191390887927159,10,"Rate-conserved"
"Pop12","Pop13",-0.0602938292721433,0.00383299444327566,10,"Rate-conserved"
"Pop12","Pop14",-0.094822734817966,0.0036775228841288,10,"Rate-conserved"
"Pop12","Pop15",-0.00768118910829504,0.00256991983341647,10,"Rate-conserved"
"Pop12","Pop17",0.00786810332918451,0.000109800558158238,10,"Rate-conserved"
"Pop12","Pop18",-0.0012878844459274,0.00224637023130256,10,"Rate-conserved"
"Pop12","Pop19",-0.0146561059329757,0.00260018478538547,10,"Rate-conserved"
"Pop12","Pop20",-0.0130994212619024,0.000285588611392718,10,"Rate-conserved"
"Pop12","Pop21",-0.023807383176935,0.000548270526024451,10,"Rate-conserved"
"Pop12","Pop24",-0.0937362727060935,0.00107794103160926,10,"Rate-conserved"
"Pop13","Pop14",-0.148061851190017,0.00271029107929812,10,"Rate-conserved"
"Pop13","Pop16",0.0424514181121163,0.000156127224962299,10,"Rate-conserved"
"Pop13","Pop21",-0.00998761971109537,0.00096402506245378,10,"Rate-conserved"
"Pop13","Pop24",-0.0826882477742259,0.000821668824825411,10,"Rate-conserved"
"Pop14","Pop15",0.0408055714004103,0.00106500434485222,10,"Rate-conserved"
"Pop15","Pop16",-0.00893195922493883,-0.00276367760633692,10,"Rate-conserved"
"Pop15","Pop17",0.0197373347461818,-0.000522900664328149,10,"Rate-conserved"
"Pop15","Pop18",0.00617181974031832,0.000164199020875925,10,"Rate-conserved"
"Pop15","Pop19",-0.0111778617968383,9.84152213652722e-05,10,"Rate-conserved"
"Pop15","Pop20",-0.0142147631161216,-0.000107163303051543,10,"Rate-conserved"
"Pop15","Pop21",-0.0215337738574815,-0.000104037130438419,10,"Rate-conserved"
"Pop15","Pop23",-0.0570003283363144,0.000422302627650364,10,"Rate-conserved"
"Pop15","Pop25",-0.0550584117110557,0.000843588316275918,10,"Rate-conserved"
"Pop16","Pop17",0.0226242073508578,8.09052339936241e-05,10,"Rate-conserved"
"Pop16","Pop18",0.00611555280628694,0.000895948460722253,10,"Rate-conserved"
"Pop16","Pop19",-0.0195105967524541,-1.13341795195138e-05,10,"Rate-conserved"
"Pop16","Pop20",-0.0255409605789422,0.000294071903934609,10,"Rate-conserved"
"Pop16","Pop21",-0.0374503352458408,3.16314574057703e-05,10,"Rate-conserved"
"Pop16","Pop25",-0.0731087565399162,0.0177442740019268,10,"Rate-conserved"
"Pop17","Pop18",-0.00880366446920235,0.000146514898314665,10,"Rate-conserved"
"Pop17","Pop19",-0.0362907083515025,0.000224201277383039,10,"Rate-conserved"
"Pop17","Pop20",-0.0329008569758088,0.00104502328940408,10,"Rate-conserved"
"Pop17","Pop21",-0.0316652837266972,0.000352137025579255,10,"Rate-conserved"
"Pop17","Pop22",-0.0804474792318449,0.00692141180049842,10,"Rate-conserved"
"Pop17","Pop23",-0.0676330696293078,0.00107556848983258,10,"Rate-conserved"
"Pop17","Pop24",-0.106339717049083,0.00216085696944502,10,"Rate-conserved"
"Pop17","Pop25",-0.0733462524701012,0.00263317033786708,10,"Rate-conserved"
"Pop18","Pop19",-0.0320814731129584,-0.000754867595873697,10,"Rate-conserved"
"Pop18","Pop20",-0.0243443364582584,6.77139415890936e-05,10,"Rate-conserved"
"Pop18","Pop21",-0.022596587861763,1.12113355267877e-05,10,"Rate-conserved"
"Pop18","Pop22",-0.0674617613009389,0.000239577853934658,10,"Rate-conserved"
"Pop18","Pop23",-0.0620710596977024,0.000251840136406858,10,"Rate-conserved"
"Pop18","Pop25",-0.0646454249587739,0.000513904131345234,10,"Rate-conserved"
"Pop19","Pop20",-0.00125272803437196,0.000162854185473862,10,"Rate-conserved"
"Pop19","Pop21",-0.00610047931755854,0.00035638593867515,10,"Rate-conserved"
"Pop19","Pop23",-0.0665172029062833,0.000485953470633254,10,"Rate-conserved"
"Pop20","Pop21",0.010607267147254,-3.18745440088344e-05,10,"Rate-conserved"
"Pop20","Pop23",-0.0478397735826489,0.000247462880422833,10,"Rate-conserved"
"Pop21","Pop22",-0.04034072280182,0.000207515520393279,10,"Rate-conserved"
"Pop21","Pop23",-0.0384150495896215,0.00015951128986107,10,"Rate-conserved"
"Pop22","Pop23",0.0339905525213318,0.000129251314961821,10,"Rate-conserved"
"Pop22","Pop24",-0.057206770064407,0.000915911567508242,10,"Rate-conserved"
"Pop22","Pop25",0.00645881580617874,0.00024935424084091,10,"Rate-conserved"
"Pop23","Pop24",-0.0456798766252981,0.000151785341240116,10,"Rate-conserved"
"Pop24","Pop25",0.041392689978893,-0.000285986023975994,10,"Rate-conserved"
"Pop01","Pop02",0.00465526926503942,0.433051022945804,11,"Isotropic"
"Pop01","Pop03",0.000254561659223718,0.22511480896274,11,"Isotropic"
"Pop01","Pop04",-0.0187187436541652,0.149844333649065,11,"Isotropic"
"Pop01","Pop05",-0.00172460024116833,0.462088335035228,11,"Isotropic"
"Pop01","Pop07",0.014351664685199,0.27321520283031,11,"Isotropic"
"Pop01","Pop08",-0.0156137132484417,0.333399748426984,11,"Isotropic"
"Pop01","Pop09",-0.022593606278585,0.981307498158687,11,"Isotropic"
"Pop01","Pop10",0.000713043314720302,0.328789869475285,11,"Isotropic"
"Pop01","Pop13",-0.0205563557438412,0.33190648079949,11,"Isotropic"
"Pop01","Pop24",0.002642427985525,0.777858021306892,11,"Isotropic"
"Pop02","Pop03",0.00617389533896284,0.0534494944103436,11,"Isotropic"
"Pop02","Pop04",-0.0106008611894718,-0.104646803714744,11,"Isotropic"
"Pop02","Pop05",0.0253313639133158,-0.0462476630322042,11,"Isotropic"
"Pop02","Pop08",0.0137143149528384,0.24408291182857,11,"Isotropic"
"Pop02","Pop11",0.0220796253570932,0.124696100614646,11,"Isotropic"
"Pop02","Pop12",0.0158775936232231,0.207929846936861,11,"Isotropic"
"Pop02","Pop14",0.0265124074603657,0.0603542281414869,11,"Isotropic"
"Pop02","Pop15",0.0306193421458208,0.0712006396703957,11,"Isotropic"
"Pop02","Pop17",0.00923000627489423,0.0897113662373927,11,"Isotropic"
"Pop02","Pop18",0.0257023270293752,0.060669954857568,11,"Isotropic"
"Pop03","Pop04",-0.0328915175655011,-0.109290400788046,11,"Isotropic"
"Pop03","Pop05",-0.0454004575242138,-0.0819054267667598,11,"Isotropic"
"Pop03","Pop06",-0.0539586111160414,0.142424300046001,11,"Isotropic"
"Pop03","Pop08",-0.0117425717135125,0.247657348170207,11,"Isotropic"
"Pop03","Pop09",-0.0217840710248397,0.172445274586455,11,"Isotropic"
"Pop03","Pop10",-0.000760490454727591,0.049652505847714,11,"Isotropic"
"Pop03","Pop11",-0.00629807153870109,0.0778143752261804,11,"Isotropic"
"Pop03","Pop17",-0.0208636712887346,0.0376783552480194,11,"Isotropic"
"Pop04","Pop05",-0.0102789380390285,0.185650319023468,11,"Isotropic"
"Pop04","Pop06",-0.0341455674027896,0.157630214709965,11,"Isotropic"
"Pop04","Pop09",-0.0447883236040329,0.155004788049073,11,"Isotropic"
"Pop04","Pop10",-0.0214361758247497,0.0581077190915478,11,"Isotropic"
"Pop04","Pop11",-0.0264978418018991,0.0455731713561622,11,"Isotropic"
"Pop05","Pop06",-0.0200687162738646,0.439761825725613,11,"Isotropic"
"Pop05","Pop07",0.0147008172410739,0.0764112214012164,11,"Isotropic"
"Pop05","Pop08",-0.0615860577530124,0.0683280744336639,11,"Isotropic"
"Pop06","Pop07",0.0649681860697417,0.131783031288918,11,"Isotropic"
"Pop06","Pop08",0.00600760287472579,0.0397348313078081,11,"Isotropic"
"Pop06","Pop11",-0.00565565103870394,0.0333550000270109,11,"Isotropic"
"Pop06","Pop25",-0.0183446520996556,0.0501775171706292,11,"Isotropic"
"Pop07","Pop08",-0.0105647408997772,0.122272966687186,11,"Isotropic"
"Pop07","Pop09",-0.0311562333599814,0.0504110552507883,11,"Isotropic"
"Pop07","Pop10",-0.00797702023853858,0.064079922065411,11,"Isotropic"
"Pop07","Pop11",-0.00666888608075479,0.00112351181613696,11,"Isotropic"
"Pop07","Pop12",-0.014413981414446,0.0140395867073946,11,"Isotropic"
"Pop07","Pop13",-0.0287010898062736,0.0264676915868978,11,"Isotropic"
"Pop07","Pop22",0.0118737953421726,0.0123377429582223,11,"Isotropic"
"Pop07","Pop23",-0.0228069684525826,0.0195181693887001,11,"Isotropic"
"Pop07","Pop25",-0.0176689963599373,0.0457392502719471,11,"Isotropic"
"Pop08","Pop09",-0.0472759564536622,-0.0437422724396488,11,"Isotropic"
"Pop08","Pop12",0.00198720571684402,0.00533088445436466,11,"Isotropic"
"Pop08","Pop16",0.0295200110405692,0.00925396678818573,11,"Isotropic"
"Pop08","Pop17",0.00269329851645065,0.0134381336025413,11,"Isotropic"
"Pop08","Pop20",0.0218802883303306,-0.00538418330588833,11,"Isotropic"
"Pop08","Pop24",0.0182446723798773,0.0048260135926985,11,"Isotropic"
"Pop08","Pop25",0.0040308577639492,0.00456256591915407,11,"Isotropic"
"Pop09","Pop10",0.0313163480584795,-0.0505773431916559,11,"Isotropic"
"Pop09","Pop11",0.0275267400409873,0.00137715780186996,11,"Isotropic"
"Pop09","Pop22",0.0280084580974531,0.00208557837739542,11,"Isotropic"
"Pop09","Pop24",0.0235924894929689,0.015855245054437,11,"Isotropic"
"Pop10","Pop11",0.0044630772071081,0.00717868977352056,11,"Isotropic"
"Pop10","Pop13",-0.0293443083753723,0.0291143098287579,11,"Isotropic"
"Pop10","Pop14",-0.000812242673623884,0.0429613035493594,11,"Isotropic"
"Pop10","Pop22",0.0162637912996143,0.0146867588774126,11,"Isotropic"
"Pop10","Pop24",0.00582913374824652,0.0405222132819108,11,"Isotropic"
"Pop10","Pop25",-0.0146987914757871,0.0151284266927221,11,"Isotropic"
"Pop11","Pop12",-0.00281109251862857,0.00805835267792369,11,"Isotropic"
"Pop11","Pop13",-0.0334018127942888,0.0248655282735617,11,"Isotropic"
"Pop11","Pop15",0.00473891818080813,0.0036129282752866,11,"Isotropic"
"Pop11","Pop17",-0.00809855383805561,0.0765850962604374,11,"Isotropic"
"Pop11","Pop21",0.0107095850634952,-0.00213461553799493,11,"Isotropic"
"Pop12","Pop13",-0.0357916857400565,0.0458454694728709,11,"Isotropic"
"Pop12","Pop14",0.000445116856346364,0.179029836040008,11,"Isotropic"
"Pop12","Pop16",0.0073656179311555,0.173344014269899,11,"Isotropic"
"Pop12","Pop17",-0.00105923564284584,0.0270040542916094,11,"Isotropic"
"Pop12","Pop18",0.0164855291478357,0.0130898123274611,11,"Isotropic"
"Pop12","Pop21",0.0133529917730435,0.00418675398154349,11,"Isotropic"
"Pop12","Pop22",0.0271791575633733,0.0101724756329735,11,"Isotropic"
"Pop12","Pop23",-0.00645071167695215,0.0119658608107069,11,"Isotropic"
"Pop13","Pop14",0.0304244258590922,-0.0158389075831116,11,"Isotropic"
"Pop13","Pop18",0.0229986823662839,-0.00912600203250644,11,"Isotropic"
"Pop13","Pop24",0.0279249060269796,0.002921744910259,11,"Isotropic"
"Pop13","Pop25",0.00735916812848099,0.00698910441513578,11,"Isotropic"
"Pop14","Pop15",-0.0227488880114397,-0.0329225860905921,11,"Isotropic"
"Pop14","Pop16",-0.0141489213973075,-0.00727854558027284,11,"Isotropic"
"Pop14","Pop17",-0.00110982571534776,0.00652232694432484,11,"Isotropic"
"Pop14","Pop18",0.00925316673518022,-0.00349904002416163,11,"Isotropic"
"Pop14","Pop22",0.022459996147808,-0.0247783993236494,11,"Isotropic"
"Pop14","Pop23",-0.0286397332012487,0.000766298862744475,11,"Isotropic"
"Pop14","Pop25",-0.0132765866744902,0.000799595800618311,11,"Isotropic"
"Pop15","Pop16",0.00170848568538931,0.0321324497505498,11,"Isotropic"
"Pop15","Pop18",0.0258457999900303,-0.0125888987744271,11,"Isotropic"
"Pop15","Pop19",-0.0310007816008873,-0.0576378458830799,11,"Isotropic"
"Pop15","Pop20",0.00458578187803839,0.00751176910756791,11,"Isotropic"
"Pop15","Pop21",-0.000819757744965982,-0.0190442535035248,11,"Isotropic"
"Pop15","Pop22",0.036456480376779,0.0106716067156801,11,"Isotropic"
"Pop16","Pop17",0.0368066426026186,0.0120601174303096,11,"Isotropic"
"Pop16","Pop18",0.030689563197302,-0.0449243078571168,11,"Isotropic"
"Pop16","Pop19",-0.0370925068043629,-0.0741807777066456,11,"Isotropic"
"Pop16","Pop20",-0.00476295372552023,-0.0043935938256064,11,"Isotropic"
"Pop16","Pop24",0.00784840854447223,0.011199263907189,11,"Isotropic"
"Pop17","Pop18",0.00724732913497293,-0.0377318327343724,11,"Isotropic"
"Pop17","Pop20",0.00615719089558744,-0.0102990016275459,11,"Isotropic"
"Pop17","Pop21",-0.00249987564526236,-0.00368896823235344,11,"Isotropic"
"Pop17","Pop22",0.0266150652205759,-0.00441494723757125,11,"Isotropic"
"Pop17","Pop24",0.0135930710457236,-0.00993506072681704,11,"Isotropic"
"Pop17","Pop25",0.000685944707836311,-0.00492147944122673,11,"Isotropic"
"Pop18","Pop19",-0.0777068546596732,-0.0581702469500972,11,"Isotropic"
"Pop18","Pop20",-0.0177720657535366,-0.0106343866514109,11,"Isotropic"
"Pop18","Pop21",-0.0313227850369602,-0.0107119016292025,11,"Isotropic"
"Pop18","Pop22",0.0105087545255253,0.000948660130482552,11,"Isotropic"
"Pop18","Pop23",-0.0361912548439909,0.00647675076259848,11,"Isotropic"
"Pop18","Pop24",-0.00269900512139028,4.88539932097451e-05,11,"Isotropic"
"Pop19","Pop20",0.0151233046077446,0.0319245296195481,11,"Isotropic"
"Pop19","Pop21",0.0245383070907531,0.066121154438366,11,"Isotropic"
"Pop19","Pop22",0.0365166821609622,0.0258436815305111,11,"Isotropic"
"Pop19","Pop24",0.00221635997807804,0.0182102482718881,11,"Isotropic"
"Pop20","Pop21",-0.0143095303299231,-0.00964785168513571,11,"Isotropic"
"Pop20","Pop22",0.0382806249073789,0.0796345208190311,11,"Isotropic"
"Pop20","Pop23",-0.0386579114134803,0.0567404636164486,11,"Isotropic"
"Pop20","Pop24",0.0113913972714494,0.0539676951305875,11,"Isotropic"
"Pop21","Pop22",0.0511731861564753,0.0588474637681743,11,"Isotropic"
"Pop21","Pop25",0.00100813832252622,0.012667282227025,11,"Isotropic"
"Pop22","Pop23",-0.0737485028911139,-0.00253403965588497,11,"Isotropic"
"Pop22","Pop24",-0.0124538021909684,0.0256440489545475,11,"Isotropic"
"Pop22","Pop25",-0.0336685067394523,0.0248246520946877,11,"Isotropic"
"Pop23","Pop24",0.0607505508321209,-0.00604533610672917,11,"Isotropic"
"Pop23","Pop25",0.0427157248226207,0.026031774614863,11,"Isotropic"
"Pop24","Pop25",-0.022421224356895,0.0593547300649089,11,"Isotropic"
"Pop01","Pop06",0.342863677207562,NA,11,"Flux-conserved"
"Pop01","Pop07",0.342863677207562,NA,11,"Flux-conserved"
"Pop02","Pop06",0.342863677207562,NA,11,"Flux-conserved"
"Pop02","Pop07",0.342863677207562,NA,11,"Flux-conserved"
"Pop03","Pop06",0.342863677207562,NA,11,"Flux-conserved"
"Pop03","Pop07",0.342863677207562,NA,11,"Flux-conserved"
"Pop04","Pop06",0.342863677207562,NA,11,"Flux-conserved"
"Pop04","Pop07",0.342863677207562,NA,11,"Flux-conserved"
"Pop05","Pop06",0.342863677207562,NA,11,"Flux-conserved"
"Pop05","Pop07",0.342863677207562,NA,11,"Flux-conserved"
"Pop06","Pop07",0,NA,11,"Flux-conserved"
"Pop06","Pop08",-0.455444134083822,0.21043607014345,11,"Flux-conserved"
"Pop07","Pop08",-0.455444134083822,0.21043607014345,11,"Flux-conserved"
"Pop08","Pop09",-0.422714857845254,0.0119558231192976,11,"Flux-conserved"
"Pop09","Pop10",0.0823037559066965,0.00099667864143007,11,"Flux-conserved"
"Pop09","Pop20",0.0227938359675003,0.00150371464595973,11,"Flux-conserved"
"Pop10","Pop11",0.0521249617721366,0.000187188990725385,11,"Flux-conserved"
"Pop10","Pop12",0.15198645701736,0.923023116111736,11,"Flux-conserved"
"Pop11","Pop12",-0.010809204672967,-0.000171988444370044,11,"Flux-conserved"
"Pop11","Pop13",-0.0897908165122409,0.00801662884389556,11,"Flux-conserved"
"Pop11","Pop14",-0.0947093686865251,0.000327201882790499,11,"Flux-conserved"
"Pop11","Pop15",-0.151190315225287,0.000204143351963896,11,"Flux-conserved"
"Pop11","Pop18",0.00770742265020179,0.000273281406814796,11,"Flux-conserved"
"Pop11","Pop19",-0.0377830466678932,0.00066967783272753,11,"Flux-conserved"
"Pop11","Pop20",-0.0314745291595172,0.000323207325364969,11,"Flux-conserved"
"Pop11","Pop22",-0.0993425736623951,0.000717523049308233,11,"Flux-conserved"
"Pop11","Pop23",-0.0975725660914524,0.00024145256186209,11,"Flux-conserved"
"Pop12","Pop19",0.0101581228920891,0.00284850063304799,11,"Flux-conserved"
"Pop12","Pop20",0.0134235060464751,0.0235832199462397,11,"Flux-conserved"
"Pop13","Pop14",-0.072438399934155,-8.27983950719947e-06,11,"Flux-conserved"
"Pop13","Pop15",-0.0957567087564652,-0.000166602775668903,11,"Flux-conserved"
"Pop13","Pop16",-0.16567943723916,-1.09623170991926e-05,11,"Flux-conserved"
"Pop13","Pop19",0.0555322885451144,-0.00010268718337789,11,"Flux-conserved"
"Pop14","Pop16",-0.0384510215680709,-9.80959122461281e-06,11,"Flux-conserved"
"Pop14","Pop18",-0.115076602600926,-0.00121299863133339,11,"Flux-conserved"
"Pop14","Pop21",-0.0686590536591426,0.000436803488992519,11,"Flux-conserved"
"Pop14","Pop24",-0.0866194915828025,4.60182136854618e-05,11,"Flux-conserved"
"Pop15","Pop17",0.0810846824342061,0.000167919400147795,11,"Flux-conserved"
"Pop15","Pop22",-0.0865063125698279,0.000721643229172527,11,"Flux-conserved"
"Pop16","Pop17",-0.303493541596872,-0.00171097631397271,11,"Flux-conserved"
"Pop16","Pop24",-0.0892344598039883,0.00184578134376908,11,"Flux-conserved"
"Pop18","Pop19",0.105197801482664,-0.000101973543655397,11,"Flux-conserved"
"Pop18","Pop20",0.0515306914716305,0.000372611220688475,11,"Flux-conserved"
"Pop19","Pop20",0.0262926244443107,0.00199440396553145,11,"Flux-conserved"
"Pop19","Pop21",-0.198572950055589,0.00179530737522564,11,"Flux-conserved"
"Pop20","Pop21",-0.142496722963582,0.000531703734604277,11,"Flux-conserved"
"Pop20","Pop22",-0.097092025310807,8.81442391267643e-05,11,"Flux-conserved"
"Pop20","Pop24",-0.112207095085467,3.27492545971486e-05,11,"Flux-conserved"
"Pop21","Pop22",0.0311969729326676,9.21096984081628e-05,11,"Flux-conserved"
"Pop21","Pop23",-0.043713543788548,2.72966910721189e-05,11,"Flux-conserved"
"Pop22","Pop23",-0.0687559348350829,0.000131976090230043,11,"Flux-conserved"
"Pop22","Pop24",-0.0405469604028247,1.65193904778334e-05,11,"Flux-conserved"
"Pop22","Pop25",-0.111561323280796,4.2373978886075e-05,11,"Flux-conserved"
"Pop23","Pop24",0.0245523966057043,2.86708780013456e-05,11,"Flux-conserved"
"Pop23","Pop25",-0.14615444196889,8.0219893593388e-05,11,"Flux-conserved"
"Pop24","Pop25",-0.108596280705894,7.36898263459876e-05,11,"Flux-conserved"
"Pop01","Pop03",0.315128308422288,NA,11,"Rate-conserved"
"Pop01","Pop04",0.229435381147411,-143462649500.196,11,"Rate-conserved"
"Pop02","Pop03",0.315128308422288,NA,11,"Rate-conserved"
"Pop02","Pop04",0.229435381147411,-143462649500.196,11,"Rate-conserved"
"Pop03","Pop04",-0.0437130621391849,0.892305852710576,11,"Rate-conserved"
"Pop03","Pop05",-0.27067738406908,0.0449931534712717,11,"Rate-conserved"
"Pop03","Pop06",-0.121646784688583,0.044392505826238,11,"Rate-conserved"
"Pop03","Pop07",-0.16814049591072,0.00542852826222219,11,"Rate-conserved"
"Pop03","Pop08",-0.146340955775574,0.00378574564825743,11,"Rate-conserved"
"Pop04","Pop06",-0.0793174959985045,0.0369229148050467,11,"Rate-conserved"
"Pop04","Pop07",-0.158678184687753,0.00502012159995899,11,"Rate-conserved"
"Pop04","Pop08",-0.136589431775709,0.00446322220798172,11,"Rate-conserved"
"Pop05","Pop06",0.132529636358656,0.583777750516319,11,"Rate-conserved"
"Pop05","Pop08",-0.14453108996657,0.0022721445658844,11,"Rate-conserved"
"Pop06","Pop07",-0.172886884124565,0.0018312073117628,11,"Rate-conserved"
"Pop07","Pop08",-0.0305330193713881,-0.0105180285411994,11,"Rate-conserved"
"Pop07","Pop09",-0.00393932941598132,-6.76182799142952e-05,11,"Rate-conserved"
"Pop07","Pop16",-0.0386832093393705,7.81505165218353e-05,11,"Rate-conserved"
"Pop07","Pop22",-0.094481957045533,2.71680118600343e-05,11,"Rate-conserved"
"Pop08","Pop09",-0.0181642859032533,9.18287534558736e-05,11,"Rate-conserved"
"Pop08","Pop11",0.0212668488925963,4.01445919324623e-05,11,"Rate-conserved"
"Pop09","Pop10",-0.106020226354559,0.000497083295157275,11,"Rate-conserved"
"Pop09","Pop12",0.028823153150949,-5.11131666787677e-05,11,"Rate-conserved"
"Pop09","Pop13",0.0367083578260711,-2.99465368405547e-05,11,"Rate-conserved"
"Pop09","Pop15",-0.0215848023608782,0.000102491926546344,11,"Rate-conserved"
"Pop10","Pop11",0.10216746272529,-4.74662400983464e-05,11,"Rate-conserved"
"Pop10","Pop13",0.060743204897388,-0.000157937494259527,11,"Rate-conserved"
"Pop10","Pop14",0.0712497191549081,-0.000267285931112694,11,"Rate-conserved"
"Pop11","Pop12",0.00756165332681266,-0.00329654039869285,11,"Rate-conserved"
"Pop11","Pop13",0.0244466811440534,0.00032310111961687,11,"Rate-conserved"
"Pop11","Pop14",0.00939776316272126,-0.00121584541046007,11,"Rate-conserved"
"Pop11","Pop16",-0.0786002204364253,0.00367683664603858,11,"Rate-conserved"
"Pop12","Pop13",0.0248053908148339,0.00292384968470502,11,"Rate-conserved"
"Pop12","Pop14",-0.0128086901677705,0.000654878261787401,11,"Rate-conserved"
"Pop12","Pop15",0.00703851251963147,0.00334306790287349,11,"Rate-conserved"
"Pop12","Pop20",-0.098962416886514,4.08829864520351e-05,11,"Rate-conserved"
"Pop13","Pop14",-0.0395523509406293,-0.00611335089890247,11,"Rate-conserved"
"Pop13","Pop15",-0.00909664581978975,5.76226190524779e-06,11,"Rate-conserved"
"Pop13","Pop20",-0.105933667538943,1.24626755397924e-06,11,"Rate-conserved"
"Pop14","Pop15",-0.0140906912785919,0.000300388990007333,11,"Rate-conserved"
"Pop14","Pop16",-0.0926965630583719,0.00264545720237921,11,"Rate-conserved"
"Pop15","Pop16",-0.00804214058810926,0.000789366318888633,11,"Rate-conserved"
"Pop15","Pop18",-0.0651280172856253,0.000115220213598453,11,"Rate-conserved"
"Pop15","Pop20",-0.0419033329905894,-8.54311607889163e-06,11,"Rate-conserved"
"Pop15","Pop22",-0.0957449104056661,7.32730180176241e-05,11,"Rate-conserved"
"Pop15","Pop23",-0.0888063904851747,0.00032965288898596,11,"Rate-conserved"
"Pop16","Pop18",-0.063043451929867,4.5667647479303e-05,11,"Rate-conserved"
"Pop16","Pop19",-0.0851933080889814,3.66900459777109e-06,11,"Rate-conserved"
"Pop16","Pop21",-0.0477352297920121,1.5745400330772e-05,11,"Rate-conserved"
"Pop16","Pop22",-0.0965344324925396,2.39811987951953e-05,11,"Rate-conserved"
"Pop16","Pop24",-0.125117068663891,1.86082872867364e-05,11,"Rate-conserved"
"Pop17","Pop18",0.0450057671494531,0.000169593839971076,11,"Rate-conserved"
"Pop17","Pop19",-0.0066368433559521,3.0436672722522e-06,11,"Rate-conserved"
"Pop17","Pop20",0.0613724342392106,-8.5755117552892e-05,11,"Rate-conserved"
"Pop17","Pop21",0.0383493742806033,2.14817729771118e-05,11,"Rate-conserved"
"Pop17","Pop24",-0.0879679980785245,1.5762653932411e-05,11,"Rate-conserved"
"Pop18","Pop19",-0.0494696813978904,-5.15329228352244e-05,11,"Rate-conserved"
"Pop18","Pop20",0.0195639927207065,-0.000147355728197626,11,"Rate-conserved"
"Pop18","Pop24",-0.0977391067954891,1.21333867208479e-05,11,"Rate-conserved"
"Pop19","Pop20",0.0780916418253608,-0.00035951636447453,11,"Rate-conserved"
"Pop19","Pop25",-0.111872117362128,-7.3861680788096e-06,11,"Rate-conserved"
"Pop20","Pop21",-0.0931495830827511,0.000555753069425076,11,"Rate-conserved"
"Pop20","Pop23",-0.0473794261741487,0.000155715746439072,11,"Rate-conserved"
"Pop20","Pop25",-0.115028912304339,2.2523995459571e-05,11,"Rate-conserved"
"Pop21","Pop22",-0.0134010083077188,0.000126346358148787,11,"Rate-conserved"
"Pop21","Pop23",-0.0555420167406272,7.1494090371156e-05,11,"Rate-conserved"
"Pop22","Pop23",0.0166768306787706,2.60924244449644e-05,11,"Rate-conserved"
"Pop23","Pop24",-0.0607328428759998,-5.03058514061277e-06,11,"Rate-conserved"
"Pop23","Pop25",-0.128893244629443,-4.97524148275551e-05,11,"Rate-conserved"
"Pop24","Pop25",-0.0814897553630233,-0.000198152815367489,11,"Rate-conserved"
"Pop01","Pop02",0.0132727030139103,0.223255932037154,12,"Isotropic"
"Pop01","Pop03",0.026157428259301,0.0450275942172709,12,"Isotropic"
"Pop01","Pop05",0.0285297019916239,-0.00189040524976608,12,"Isotropic"
"Pop01","Pop07",0.0297195491253954,0.00642153997224906,12,"Isotropic"
"Pop01","Pop09",-0.00519136546284084,0.0135342410503563,12,"Isotropic"
"Pop01","Pop10",-0.00382039699123957,0.0125947300130016,12,"Isotropic"
"Pop01","Pop11",0.00877782250899446,0.0181945315714222,12,"Isotropic"
"Pop01","Pop14",-0.00677320341079149,0.0205355899067651,12,"Isotropic"
"Pop02","Pop03",-0.0035667884698436,0.133412741812601,12,"Isotropic"
"Pop02","Pop04",0.0330348418928799,0.0250574316604508,12,"Isotropic"
"Pop02","Pop05",0.0288312907070108,-0.0144820217655815,12,"Isotropic"
"Pop02","Pop06",0.013102633875536,0.0311706309622848,12,"Isotropic"
"Pop02","Pop07",-0.00068761043105188,0.00477752351558147,12,"Isotropic"
"Pop02","Pop08",-0.0378576174590019,0.0244277134584277,12,"Isotropic"
"Pop02","Pop09",-0.0329726214972589,0.00841693705070616,12,"Isotropic"
"Pop03","Pop04",-0.106068226047241,-0.188056597974311,12,"Isotropic"
"Pop03","Pop05",-0.00745093302558458,-0.181324360623598,12,"Isotropic"
"Pop03","Pop06",-0.00773491191929088,0.0617925997270691,12,"Isotropic"
"Pop03","Pop07",-0.0455744686543252,0.00706249171440351,12,"Isotropic"
"Pop03","Pop08",-0.0908816326370046,0.0281477779102895,12,"Isotropic"
"Pop04","Pop05",0.119168529541948,-0.236568428868911,12,"Isotropic"
"Pop04","Pop06",0.0547416634246758,0.248479904814284,12,"Isotropic"
"Pop05","Pop06",0.0193424892002658,0.148964797485027,12,"Isotropic"
"Pop05","Pop07",-0.0133527439241006,0.0153441293877872,12,"Isotropic"
"Pop05","Pop09",-0.0759664557995484,0.0834352564350625,12,"Isotropic"
"Pop06","Pop07",0.000705966416686798,-0.00171353596636811,12,"Isotropic"
"Pop06","Pop08",-0.0645071777483036,0.0478903943174162,12,"Isotropic"
"Pop06","Pop10",-0.0488152293679486,0.0460850885209731,12,"Isotropic"
"Pop06","Pop14",-0.0418162425599966,0.0122540510902321,12,"Isotropic"
"Pop07","Pop08",-0.0779617072820392,0.0305070527894268,12,"Isotropic"
"Pop07","Pop09",-0.0489572241490204,0.0399728587829794,12,"Isotropic"
"Pop07","Pop10",-0.0443670869371422,0.00439602760124751,12,"Isotropic"
"Pop07","Pop15",0.00127962059042948,0.00680053568465018,12,"Isotropic"
"Pop08","Pop09",0.0137723781906709,0.0021118816297969,12,"Isotropic"
"Pop08","Pop13",0.0251458907364357,0.00245833636607106,12,"Isotropic"
"Pop09","Pop10",0.000698817203268226,-0.0221603855142864,12,"Isotropic"
"Pop09","Pop13",0.0526573138011762,0.0082050118229701,12,"Isotropic"
"Pop10","Pop11",0.017389870114387,0.0239541403674502,12,"Isotropic"
"Pop10","Pop13",0.0543880918206842,0.00850622205321063,12,"Isotropic"
"Pop10","Pop14",-0.00369316378704491,0.00447684160196406,12,"Isotropic"
"Pop11","Pop12",-0.0262102614767356,-0.00379609604315317,12,"Isotropic"
"Pop11","Pop13",0.0561503991502731,-0.00984132076490528,12,"Isotropic"
"Pop11","Pop14",-0.0121310642789306,-0.00177301840931139,12,"Isotropic"
"Pop11","Pop15",0.0395366088235018,0.000123952543699402,12,"Isotropic"
"Pop11","Pop18",0.060129595059635,-0.0435618359339004,12,"Isotropic"
"Pop11","Pop20",0.0495379160872479,-0.0459021988240515,12,"Isotropic"
"Pop12","Pop13",0.0798476316670394,-0.000526244540473765,12,"Isotropic"
"Pop12","Pop14",0.00463409080790783,0.00404072179321812,12,"Isotropic"
"Pop12","Pop15",0.0506902044870197,0.00652221197452174,12,"Isotropic"
"Pop12","Pop23",0.0303694297046303,-0.0122945681133152,12,"Isotropic"
"Pop12","Pop24",-0.00965688238757628,-0.0327363183989414,12,"Isotropic"
"Pop12","Pop25",0.00173491050694406,-0.0291607603254053,12,"Isotropic"
"Pop13","Pop14",-0.0643641147625772,0.0365802018179801,12,"Isotropic"
"Pop13","Pop15",-0.000149686063125071,0.000416184695134159,12,"Isotropic"
"Pop13","Pop16",0.0135869010311067,-0.022666513922713,12,"Isotropic"
"Pop13","Pop17",0.00698818764189912,-0.0175303489374614,12,"Isotropic"
"Pop13","Pop18",0.0153730919531665,-0.0296376833885861,12,"Isotropic"
"Pop13","Pop21",0.000547686702237524,-0.0496528274518535,12,"Isotropic"
"Pop13","Pop22",0.0238997691803795,-0.0368850514492172,12,"Isotropic"
"Pop14","Pop15",0.061259041546141,0.00128486474329452,12,"Isotropic"
"Pop14","Pop16",0.0656988471255348,-0.0905313423747131,12,"Isotropic"
"Pop15","Pop16",-0.00011601505538604,-0.0889446842008949,12,"Isotropic"
"Pop15","Pop17",-0.016475111825732,-0.045749235060347,12,"Isotropic"
"Pop15","Pop18",0.0132762165703545,-0.0387857361601679,12,"Isotropic"
"Pop15","Pop19",0.00924968294966162,-0.0269854929982708,12,"Isotropic"
"Pop15","Pop20",0.0116741011320251,-0.0591785650027014,12,"Isotropic"
"Pop15","Pop21",-0.00110864452149143,-0.065791133113215,12,"Isotropic"
"Pop15","Pop24",-0.0629509395741864,-0.0654236042973434,12,"Isotropic"
"Pop16","Pop17",-0.0324262874928481,-0.038757892959645,12,"Isotropic"
"Pop16","Pop18",0.0125263923373414,-0.0127381309102355,12,"Isotropic"
"Pop16","Pop19",-0.0110832877659749,-0.0249726031899309,12,"Isotropic"
"Pop16","Pop20",-0.0093622570688298,-0.0767522902287886,12,"Isotropic"
"Pop16","Pop22",-0.00442287080860043,-0.0429320288508303,12,"Isotropic"
"Pop16","Pop23",-0.0265043108694482,-0.0302320010747933,12,"Isotropic"
"Pop16","Pop25",-0.0529810041321093,-0.024703505193826,12,"Isotropic"
"Pop17","Pop18",0.0399347102029535,0.022430823841339,12,"Isotropic"
"Pop17","Pop19",0.0146518493274154,-0.0810393465733374,12,"Isotropic"
"Pop17","Pop21",0.000912852724349641,-0.0190776234896273,12,"Isotropic"
"Pop17","Pop22",0.0237942899980321,-0.053522384631867,12,"Isotropic"
"Pop17","Pop23",-0.015874346060389,-0.000625806151597626,12,"Isotropic"
"Pop18","Pop19",-0.024326263013739,-0.0861185145275734,12,"Isotropic"
"Pop18","Pop20",-0.0260156995424289,-0.087621733500616,12,"Isotropic"
"Pop18","Pop21",-0.0288407530546377,-0.0516095284163203,12,"Isotropic"
"Pop18","Pop22",-0.0140421863187156,-0.0281486022832078,12,"Isotropic"
"Pop18","Pop24",-0.105377606911925,-0.00875839333398216,12,"Isotropic"
"Pop18","Pop25",-0.0588815457646185,-0.0129522800638051,12,"Isotropic"
"Pop19","Pop20",0.00276064925477326,0.120445459894953,12,"Isotropic"
"Pop19","Pop21",-0.00521065281785654,0.024498775714324,12,"Isotropic"
"Pop19","Pop22",0.0080870210536837,0.103275235391826,12,"Isotropic"
"Pop19","Pop23",-0.0187635078496968,0.0147977960423592,12,"Isotropic"
"Pop19","Pop25",-0.0474525764327923,-0.00698906182896019,12,"Isotropic"
"Pop20","Pop21",-0.00827755868449628,-0.0361791529106867,12,"Isotropic"
"Pop20","Pop22",0.00339134565770877,-0.0547019631174968,12,"Isotropic"
"Pop20","Pop23",-0.0218455962988264,-0.0140582681789948,12,"Isotropic"
"Pop20","Pop25",-0.053900337442969,-0.0340543370550835,12,"Isotropic"
"Pop21","Pop22",0.0102398078845698,0.0610386422932793,12,"Isotropic"
"Pop21","Pop23",-0.00932633700040948,0.0175357888053713,12,"Isotropic"
"Pop21","Pop25",-0.0398438100095887,-0.0471377647404353,12,"Isotropic"
"Pop22","Pop23",-0.0286387853895372,0.0369378945738087,12,"Isotropic"
"Pop22","Pop25",-0.0616175514831812,-0.0317475629863127,12,"Isotropic"
"Pop23","Pop24",-0.114914808158276,-0.0284410457420931,12,"Isotropic"
"Pop23","Pop25",-0.0159059386389167,-0.0676206395476334,12,"Isotropic"
"Pop24","Pop25",0.113195061400236,-0.0844550121768865,12,"Isotropic"
"Pop01","Pop16",0.319157913431181,NA,12,"Flux-conserved"
"Pop01","Pop19",0.277830995368096,NA,12,"Flux-conserved"
"Pop01","Pop22",0.199924567893208,NA,12,"Flux-conserved"
"Pop01","Pop25",-0.036724254024968,-8077712884.48832,12,"Flux-conserved"
"Pop02","Pop16",0.319157913431181,NA,12,"Flux-conserved"
"Pop02","Pop19",0.277830995368096,NA,12,"Flux-conserved"
"Pop02","Pop22",0.199924567893208,NA,12,"Flux-conserved"
"Pop02","Pop25",-0.036724254024968,-8077712884.48832,12,"Flux-conserved"
"Pop03","Pop16",0.319157913431181,NA,12,"Flux-conserved"
"Pop03","Pop19",0.277830995368096,NA,12,"Flux-conserved"
"Pop03","Pop22",0.199924567893208,NA,12,"Flux-conserved"
"Pop03","Pop25",-0.036724254024968,-8077712884.48832,12,"Flux-conserved"
"Pop04","Pop16",0.319157913431181,NA,12,"Flux-conserved"
"Pop04","Pop19",0.277830995368096,NA,12,"Flux-conserved"
"Pop04","Pop22",0.199924567893208,NA,12,"Flux-conserved"
"Pop04","Pop25",-0.036724254024968,-8077712884.48832,12,"Flux-conserved"
"Pop05","Pop16",0.319157913431181,NA,12,"Flux-conserved"
"Pop05","Pop19",0.277830995368096,NA,12,"Flux-conserved"
"Pop05","Pop22",0.199924567893208,NA,12,"Flux-conserved"
"Pop05","Pop25",-0.036724254024968,-8077712884.48832,12,"Flux-conserved"
"Pop06","Pop16",0.319157913431181,NA,12,"Flux-conserved"
"Pop06","Pop19",0.277830995368096,NA,12,"Flux-conserved"
"Pop06","Pop22",0.199924567893208,NA,12,"Flux-conserved"
"Pop06","Pop25",-0.036724254024968,-8077712884.48832,12,"Flux-conserved"
"Pop07","Pop16",0.319157913431181,NA,12,"Flux-conserved"
"Pop07","Pop19",0.277830995368096,NA,12,"Flux-conserved"
"Pop07","Pop22",0.199924567893208,NA,12,"Flux-conserved"
"Pop07","Pop25",-0.036724254024968,-8077712884.48832,12,"Flux-conserved"
"Pop08","Pop16",0.319157913431181,NA,12,"Flux-conserved"
"Pop08","Pop19",0.277830995368096,NA,12,"Flux-conserved"
"Pop08","Pop22",0.199924567893208,NA,12,"Flux-conserved"
"Pop08","Pop25",-0.036724254024968,-8077712884.48832,12,"Flux-conserved"
"Pop09","Pop16",0.319157913431181,NA,12,"Flux-conserved"
"Pop09","Pop19",0.277830995368096,NA,12,"Flux-conserved"
"Pop09","Pop22",0.199924567893208,NA,12,"Flux-conserved"
"Pop09","Pop25",-0.036724254024968,-8077712884.48832,12,"Flux-conserved"
"Pop10","Pop16",0.319157913431181,NA,12,"Flux-conserved"
"Pop10","Pop19",0.277830995368096,NA,12,"Flux-conserved"
"Pop10","Pop22",0.199924567893208,NA,12,"Flux-conserved"
"Pop10","Pop25",-0.036724254024968,-8077712884.48832,12,"Flux-conserved"
"Pop11","Pop16",0.319157913431181,NA,12,"Flux-conserved"
"Pop11","Pop19",0.277830995368096,NA,12,"Flux-conserved"
"Pop11","Pop22",0.199924567893208,NA,12,"Flux-conserved"
"Pop11","Pop25",-0.036724254024968,-8077712884.48832,12,"Flux-conserved"
"Pop12","Pop16",0.319157913431181,NA,12,"Flux-conserved"
"Pop12","Pop19",0.277830995368096,NA,12,"Flux-conserved"
"Pop12","Pop22",0.199924567893208,NA,12,"Flux-conserved"
"Pop12","Pop25",-0.036724254024968,-8077712884.48832,12,"Flux-conserved"
"Pop13","Pop16",0.319157913431181,NA,12,"Flux-conserved"
"Pop13","Pop19",0.277830995368096,NA,12,"Flux-conserved"
"Pop13","Pop22",0.199924567893208,NA,12,"Flux-conserved"
"Pop13","Pop25",-0.036724254024968,-8077712884.48832,12,"Flux-conserved"
"Pop14","Pop16",0.319157913431181,NA,12,"Flux-conserved"
"Pop14","Pop19",0.277830995368096,NA,12,"Flux-conserved"
"Pop14","Pop22",0.199924567893208,NA,12,"Flux-conserved"
"Pop14","Pop25",-0.036724254024968,-8077712884.48832,12,"Flux-conserved"
"Pop15","Pop16",0.287603576628792,-0.0874244314627381,12,"Flux-conserved"
"Pop15","Pop18",-0.0373814075998123,0.0185779253229086,12,"Flux-conserved"
"Pop15","Pop19",0.051639299692645,0.0053245387624646,12,"Flux-conserved"
"Pop15","Pop20",-0.00212919209637535,0.297002265529242,12,"Flux-conserved"
"Pop15","Pop21",-0.176600783107797,0.0931696675866853,12,"Flux-conserved"
"Pop17","Pop18",-0.018838933570953,-0.0166231806929531,12,"Flux-conserved"
"Pop17","Pop20",0.050404350419629,0.00875305826209397,12,"Flux-conserved"
"Pop17","Pop22",0.202144789486577,0.0225492077685004,12,"Flux-conserved"
"Pop17","Pop24",-0.114772942948292,0.115482243870019,12,"Flux-conserved"
"Pop17","Pop25",-0.0056339350505823,0.00338131541917353,12,"Flux-conserved"
"Pop18","Pop20",0.0277089063467499,0.0494941453292247,12,"Flux-conserved"
"Pop18","Pop21",-0.186212017740701,0.00775651883754919,12,"Flux-conserved"
"Pop19","Pop22",-0.0157496573351789,0.00376006882195299,12,"Flux-conserved"
"Pop19","Pop23",-0.178352648215867,0.000372099752913006,12,"Flux-conserved"
"Pop19","Pop24",-0.165822131267813,0.00150616953515263,12,"Flux-conserved"
"Pop19","Pop25",-0.0565836553978395,0.00102939432549012,12,"Flux-conserved"
"Pop20","Pop21",-0.0794135251248695,0.0017440099195762,12,"Flux-conserved"
"Pop20","Pop23",-0.145119138656655,0.00662022411407872,12,"Flux-conserved"
"Pop21","Pop22",0.144838849402583,2.96965038748282e-05,12,"Flux-conserved"
"Pop21","Pop23",-0.0477802665487801,0.000244587874209083,12,"Flux-conserved"
"Pop21","Pop24",-0.14853872101606,0.000162059584179859,12,"Flux-conserved"
"Pop22","Pop23",-0.176499237180514,0.000313054009911301,12,"Flux-conserved"
"Pop23","Pop24",-0.0972643719215199,5.19169856499261e-05,12,"Flux-conserved"
"Pop23","Pop25",0.0494957675865114,9.09311691409962e-05,12,"Flux-conserved"
"Pop24","Pop25",0.177917935788573,-6.85151153881099e-05,12,"Flux-conserved"
"Pop01","Pop02",0.0900982322059084,0.0110863809807041,12,"Rate-conserved"
"Pop01","Pop12",0.212878078175467,0.011950108413983,12,"Rate-conserved"
"Pop01","Pop13",0.193842749406698,0.00311109218648619,12,"Rate-conserved"
"Pop01","Pop25",-0.066280548697265,1.40574766995087e-05,12,"Rate-conserved"
"Pop02","Pop05",0.492285680929298,0.00609196615702547,12,"Rate-conserved"
"Pop03","Pop04",0.116045169589764,-0.00353153723757731,12,"Rate-conserved"
"Pop03","Pop06",-0.0844179103406844,0.0268019260665179,12,"Rate-conserved"
"Pop03","Pop07",0.0928989233670797,0.0449675777417256,12,"Rate-conserved"
"Pop03","Pop08",-0.185537222235745,0.000622934386424816,12,"Rate-conserved"
"Pop04","Pop05",-0.0293787690230001,-0.0232753324560736,12,"Rate-conserved"
"Pop06","Pop07",-0.339399962893558,0.550117322825939,12,"Rate-conserved"
"Pop06","Pop08",-0.0657062220741285,0.000925822837298286,12,"Rate-conserved"
"Pop06","Pop10",-0.137959788988807,0.0016718258693617,12,"Rate-conserved"
"Pop08","Pop09",-0.0145725930116598,0.00218275215244207,12,"Rate-conserved"
"Pop08","Pop12",0.0509250295297674,0.000286517570234285,12,"Rate-conserved"
"Pop08","Pop16",0.02902701904041,0.00209500596791178,12,"Rate-conserved"
"Pop08","Pop20",-0.00518523804766878,0.00106061916238697,12,"Rate-conserved"
"Pop08","Pop21",0.0131194684492079,0.00115747637802836,12,"Rate-conserved"
"Pop08","Pop22",0.000830984441371183,0.000293204787979038,12,"Rate-conserved"
"Pop09","Pop10",0.00301012358761596,0.000472850597227058,12,"Rate-conserved"
"Pop09","Pop11",-0.0233409079832884,0.00177542717684385,12,"Rate-conserved"
"Pop09","Pop12",0.0436829514365328,0.000253826098866887,12,"Rate-conserved"
"Pop09","Pop13",0.0209869251290966,0.000167489089543816,12,"Rate-conserved"
"Pop09","Pop17",-0.00948438953081242,0.000561731526511764,12,"Rate-conserved"
"Pop09","Pop19",-0.0178528469448741,0.000489846111696965,12,"Rate-conserved"
"Pop10","Pop11",-0.0248120214331193,0.000477616431384874,12,"Rate-conserved"
"Pop10","Pop13",0.0254807330381983,0.000177800196280943,12,"Rate-conserved"
"Pop10","Pop14",-0.0108352698949093,0.000761124465994052,12,"Rate-conserved"
"Pop10","Pop16",-0.010569620679013,4.10690100822217e-05,12,"Rate-conserved"
"Pop10","Pop20",-0.0494878183310006,8.22644594233826e-05,12,"Rate-conserved"
"Pop11","Pop12",0.0712204675165154,0.000333207589141462,12,"Rate-conserved"
"Pop11","Pop14",0.000138733691601806,0.000567185893199346,12,"Rate-conserved"
"Pop11","Pop16",-0.00925970748299376,4.52700489230607e-05,12,"Rate-conserved"
"Pop11","Pop19",-0.0325800979119271,0.000242442358227457,12,"Rate-conserved"
"Pop12","Pop13",0.0130090320787552,4.32551833640463e-05,12,"Rate-conserved"
"Pop12","Pop14",-0.0601186754798427,0.00014915241542143,12,"Rate-conserved"
"Pop12","Pop15",-0.00714310429798384,9.26449928297493e-05,12,"Rate-conserved"
"Pop12","Pop16",-0.0234627075849298,3.80682896484416e-05,12,"Rate-conserved"
"Pop12","Pop18",-0.0449076213620572,5.4816111849806e-05,12,"Rate-conserved"
"Pop12","Pop19",-0.021649839993442,0.000159796346687686,12,"Rate-conserved"
"Pop12","Pop22",-0.0372500847379202,0.000101724836138231,12,"Rate-conserved"
"Pop13","Pop14",-0.0830239468924159,6.90159259557402e-05,12,"Rate-conserved"
"Pop13","Pop15",-0.019690107079944,-3.31509479006303e-05,12,"Rate-conserved"
"Pop13","Pop16",-0.0324908312921475,1.90683646293472e-05,12,"Rate-conserved"
"Pop13","Pop17",-0.0243918535026021,0.00010016493828001,12,"Rate-conserved"
"Pop13","Pop18",-0.0307284913844329,1.83160892502254e-05,12,"Rate-conserved"
"Pop13","Pop19",-0.0110214499294545,1.94870158858237e-05,12,"Rate-conserved"
"Pop13","Pop21",-0.0113064873159334,9.5419953213129e-05,12,"Rate-conserved"
"Pop13","Pop22",-0.0234227163318072,5.04866350265452e-05,12,"Rate-conserved"
"Pop13","Pop23",-0.0154844759526936,1.32955325648136e-05,12,"Rate-conserved"
"Pop13","Pop25",-0.134639787017102,2.05146214883181e-05,12,"Rate-conserved"
"Pop14","Pop15",0.0559811527196577,-4.12325029818082e-05,12,"Rate-conserved"
"Pop14","Pop19",-0.0243127929752875,1.58378683926139e-05,12,"Rate-conserved"
"Pop15","Pop16",-0.0190053591312834,2.36756897536021e-05,12,"Rate-conserved"
"Pop15","Pop17",-0.0296435390492763,0.00013920663623023,12,"Rate-conserved"
"Pop15","Pop19",-0.0159648004500467,2.88626322262546e-05,12,"Rate-conserved"
"Pop15","Pop20",-0.0655041639305505,6.88187608212402e-05,12,"Rate-conserved"
"Pop15","Pop21",-0.0195143141107088,0.000153490772786745,12,"Rate-conserved"
"Pop15","Pop22",-0.0376358993863411,3.00775150722426e-05,12,"Rate-conserved"
"Pop15","Pop23",-0.0307957597403548,5.6739961727548e-05,12,"Rate-conserved"
"Pop16","Pop17",-0.0155469125064957,0.000251100798012581,12,"Rate-conserved"
"Pop16","Pop18",-0.0315196366308226,9.69997285733661e-05,12,"Rate-conserved"
"Pop16","Pop24",-0.068013146389024,2.28161794293057e-05,12,"Rate-conserved"
"Pop17","Pop18",-0.0157067596858935,4.13376813508126e-05,12,"Rate-conserved"
"Pop17","Pop21",0.0145534931448185,9.61547440297949e-05,12,"Rate-conserved"
"Pop17","Pop22",-0.0107509788628353,-7.06820474683599e-08,12,"Rate-conserved"
"Pop17","Pop23",-0.0135399289483897,1.66493755454714e-06,12,"Rate-conserved"
"Pop18","Pop19",0.0374684875813111,-1.21710213542665e-05,12,"Rate-conserved"
"Pop18","Pop21",0.0336485751199846,2.06437730911782e-05,12,"Rate-conserved"
"Pop18","Pop23",0.0147582121387815,2.04013423098646e-05,12,"Rate-conserved"
"Pop18","Pop25",-0.149927083132925,1.04052695220949e-05,12,"Rate-conserved"
"Pop19","Pop20",-0.056850060586125,1.72201325349254e-05,12,"Rate-conserved"
"Pop19","Pop21",0.00134163050735057,2.48051116612477e-05,12,"Rate-conserved"
"Pop19","Pop22",-0.0175147473317997,5.03292889310941e-05,12,"Rate-conserved"
"Pop20","Pop21",0.0589649750775976,2.79795780455075e-05,12,"Rate-conserved"
"Pop20","Pop23",0.0260614034638432,4.30870404636335e-06,12,"Rate-conserved"
"Pop20","Pop24",-0.0531364497990306,2.70241981485798e-05,12,"Rate-conserved"
"Pop21","Pop22",-0.0196691433418036,-7.50821452261087e-06,12,"Rate-conserved"
"Pop21","Pop23",-0.0306822292999057,-4.37019659226636e-05,12,"Rate-conserved"
"Pop21","Pop25",-0.177643169601103,-3.09356362161221e-05,12,"Rate-conserved"
"Pop22","Pop23",-0.010151146441268,-5.1850424069712e-05,12,"Rate-conserved"
"Pop22","Pop24",-0.0845956679916353,9.2001206261947e-05,12,"Rate-conserved"
"Pop23","Pop24",-0.09677831343069,4.91687345804118e-05,12,"Rate-conserved"
"Pop24","Pop25",-0.0500689275266086,-8.12675515126922e-06,12,"Rate-conserved"
"Pop01","Pop02",-0.00785368833193439,0.0976138110433183,13,"Isotropic"
"Pop01","Pop03",-0.0047646172156586,-0.00972130721394482,13,"Isotropic"
"Pop01","Pop04",-0.0195347116682847,0.139049489223646,13,"Isotropic"
"Pop01","Pop05",0.00603354604876999,0.14515275355031,13,"Isotropic"
"Pop01","Pop06",0.0127510572225321,0.0848558556104723,13,"Isotropic"
"Pop01","Pop10",-0.0251727545031795,0.0100892026314136,13,"Isotropic"
"Pop02","Pop03",0.0172896927219013,0.0232437270682706,13,"Isotropic"
"Pop02","Pop05",0.0200099468026003,0.109363530423433,13,"Isotropic"
"Pop02","Pop06",0.0288697317250096,0.084378120342214,13,"Isotropic"
"Pop02","Pop09",0.0026288852118441,0.0220698690284244,13,"Isotropic"
"Pop02","Pop10",-0.00796377063160858,0.0123911283093418,13,"Isotropic"
"Pop03","Pop04",-0.0201160076157165,0.106215116249625,13,"Isotropic"
"Pop03","Pop08",0.0319641676419716,0.0388353955568378,13,"Isotropic"
"Pop03","Pop09",0.0321707228493645,0.033606748505081,13,"Isotropic"
"Pop03","Pop14",0.0272591416156297,0.0232980902080485,13,"Isotropic"
"Pop03","Pop16",0.0304158535327399,-0.00317552202022945,13,"Isotropic"
"Pop04","Pop05",0.0342428688976608,0.0937023610391791,13,"Isotropic"
"Pop04","Pop06",0.0425275380139249,0.042889994540149,13,"Isotropic"
"Pop04","Pop11",0.0230870809127787,-0.00136067718945542,13,"Isotropic"
"Pop04","Pop12",-0.0159945448013479,0.00706571513628628,13,"Isotropic"
"Pop05","Pop06",0.00832767598891976,0.212803930650462,13,"Isotropic"
"Pop05","Pop07",-0.0250786377673017,0.00648533432530554,13,"Isotropic"
"Pop05","Pop12",-0.0316787207075419,-0.00164880237454065,13,"Isotropic"
"Pop05","Pop14",-0.0029954010821211,-0.00772783960483663,13,"Isotropic"
"Pop06","Pop07",-0.0415459080888628,-0.0506144886100945,13,"Isotropic"
"Pop06","Pop08",-0.0125463773637762,-0.0358598205004658,13,"Isotropic"
"Pop06","Pop18",-0.00999216936820731,-0.0158623761183926,13,"Isotropic"
"Pop07","Pop08",0.0343240401957882,-0.123811766474172,13,"Isotropic"
"Pop07","Pop10",0.0272921857921659,-0.155963272661986,13,"Isotropic"
"Pop07","Pop14",0.0142788932361765,-0.0166732971683908,13,"Isotropic"
"Pop07","Pop15",0.00199575748481111,-0.0113615600975386,13,"Isotropic"
"Pop08","Pop09",0.0257721586791683,-0.0652905700808156,13,"Isotropic"
"Pop08","Pop11",0.0228088616901258,-0.0219986342455225,13,"Isotropic"
"Pop08","Pop13",0.0320569347292304,-0.0302340669898176,13,"Isotropic"
"Pop08","Pop15",-0.00112522505279258,-0.011382502206227,13,"Isotropic"
"Pop09","Pop10",-0.0176692266927287,0.00122388536325785,13,"Isotropic"
"Pop09","Pop11",0.00656353119673417,0.113003725011292,13,"Isotropic"
"Pop09","Pop12",-0.0339077335968381,0.114582628966013,13,"Isotropic"
"Pop09","Pop14",0.0244023729861214,-0.00685587719955766,13,"Isotropic"
"Pop09","Pop15",0.00149130646753458,0.00609140748666705,13,"Isotropic"
"Pop09","Pop17",-0.0179948795700078,0.0281343627025704,13,"Isotropic"
"Pop10","Pop11",0.0152208408803652,0.0484016578285774,13,"Isotropic"
"Pop10","Pop12",-0.0282936735289088,0.0940105084868899,13,"Isotropic"
"Pop10","Pop13",0.0343935149382691,0.0154508348734926,13,"Isotropic"
"Pop10","Pop14",0.0266671600179724,-0.0069700533005767,13,"Isotropic"
"Pop11","Pop12",-0.0435169377107156,0.00538730506592694,13,"Isotropic"
"Pop11","Pop13",0.00878658124641216,-0.00332635257544207,13,"Isotropic"
"Pop11","Pop14",0.0343860792927684,-0.0165143561321313,13,"Isotropic"
"Pop11","Pop16",-0.014870717806227,0.0171025040413239,13,"Isotropic"
"Pop12","Pop13",0.0454875153841302,0.0129991529947762,13,"Isotropic"
"Pop12","Pop19",0.0225199034400544,-0.00536317597250185,13,"Isotropic"
"Pop13","Pop14",0.0504701063227514,-0.261088686010202,13,"Isotropic"
"Pop13","Pop15",-0.00717449645819451,-0.000640181349359364,13,"Isotropic"
"Pop13","Pop16",-0.0259206263465124,0.0172396844054605,13,"Isotropic"
"Pop13","Pop17",-0.0603106166203492,0.0625959008097877,13,"Isotropic"
"Pop14","Pop15",-0.0455003245594459,0.242326248619148,13,"Isotropic"
"Pop14","Pop16",-0.0652179215805141,0.233031943411079,13,"Isotropic"
"Pop14","Pop18",-0.042021895105876,0.042769913406244,13,"Isotropic"
"Pop14","Pop19",-0.0254515284614677,0.0391942702399459,13,"Isotropic"
"Pop14","Pop20",-0.0211205986296526,0.018558699589289,13,"Isotropic"
"Pop14","Pop21",0.00720254202217417,0.053997149496244,13,"Isotropic"
"Pop15","Pop16",-0.0291775342841839,0.0229701584625573,13,"Isotropic"
"Pop15","Pop17",-0.0367587220177106,0.03585414868174,13,"Isotropic"
"Pop15","Pop18",-0.0162186490343811,0.0210370807736443,13,"Isotropic"
"Pop15","Pop22",0.0161077761595398,0.0116026958863351,13,"Isotropic"
"Pop16","Pop17",-0.0280623514484291,-0.00591609732470892,13,"Isotropic"
"Pop16","Pop18",-0.00984336023138269,0.00276375277394678,13,"Isotropic"
"Pop17","Pop18",0.0113064342042783,-0.00176010943985724,13,"Isotropic"
"Pop17","Pop19",0.010597721055661,-0.035667834127027,13,"Isotropic"
"Pop17","Pop23",0.0217619710531561,-0.0352798272885692,13,"Isotropic"
"Pop18","Pop19",-0.00749970705387795,-0.137059798461154,13,"Isotropic"
"Pop18","Pop20",-0.0138129865901685,0.00598190604079689,13,"Isotropic"
"Pop19","Pop20",-0.00205749546700829,-0.154691720897097,13,"Isotropic"
"Pop19","Pop21",-0.00577403728829187,0.0391622459086551,13,"Isotropic"
"Pop19","Pop22",0.0151304233617374,0.0025034121643405,13,"Isotropic"
"Pop20","Pop21",-0.00280393474600618,0.070303930872631,13,"Isotropic"
"Pop20","Pop23",-0.00987051569783515,-0.120228931116271,13,"Isotropic"
"Pop20","Pop24",0.0763364212333734,-0.161193256891114,13,"Isotropic"
"Pop20","Pop25",0.0451226000143603,-0.0659245472568546,13,"Isotropic"
"Pop21","Pop22",0.00862055230463216,-0.285303432442251,13,"Isotropic"
"Pop21","Pop23",-0.039598940052115,-0.52799193134683,13,"Isotropic"
"Pop21","Pop25",-0.0383724708592181,-0.139922909668221,13,"Isotropic"
"Pop22","Pop23",-0.0543269095505499,-0.217145982172393,13,"Isotropic"
"Pop22","Pop24",-0.0533119270487983,-0.508215087674803,13,"Isotropic"
"Pop22","Pop25",-0.0828776700362845,-0.288362203975893,13,"Isotropic"
"Pop23","Pop24",-0.0304756634505229,0.022388882720114,13,"Isotropic"
"Pop24","Pop25",-0.0226599792689779,0.0412771389385403,13,"Isotropic"
"Pop01","Pop17",0.151167030408943,NA,13,"Flux-conserved"
"Pop01","Pop18",0.142294958557722,NA,13,"Flux-conserved"
"Pop01","Pop21",0.111104102542024,-174009005884.982,13,"Flux-conserved"
"Pop01","Pop22",0.0912628742945282,NA,13,"Flux-conserved"
"Pop01","Pop23",0.0904751464299863,-174009005884.982,13,"Flux-conserved"
"Pop01","Pop24",-0.0221767713923178,NA,13,"Flux-conserved"
"Pop01","Pop25",-0.0122131845926714,-43393223272.0693,13,"Flux-conserved"
"Pop02","Pop17",0.151167030408943,NA,13,"Flux-conserved"
"Pop02","Pop18",0.142294958557722,NA,13,"Flux-conserved"
"Pop02","Pop21",0.111104102542024,-174009005884.982,13,"Flux-conserved"
"Pop02","Pop22",0.0912628742945282,NA,13,"Flux-conserved"
"Pop02","Pop23",0.0904751464299863,-174009005884.982,13,"Flux-conserved"
"Pop02","Pop24",-0.0221767713923178,NA,13,"Flux-conserved"
"Pop02","Pop25",-0.0122131845926714,-43393223272.0693,13,"Flux-conserved"
"Pop03","Pop17",0.151167030408943,NA,13,"Flux-conserved"
"Pop03","Pop18",0.142294958557722,NA,13,"Flux-conserved"
"Pop03","Pop21",0.111104102542024,-174009005884.982,13,"Flux-conserved"
"Pop03","Pop22",0.0912628742945282,NA,13,"Flux-conserved"
"Pop03","Pop23",0.0904751464299863,-174009005884.982,13,"Flux-conserved"
"Pop03","Pop24",-0.0221767713923178,NA,13,"Flux-conserved"
"Pop03","Pop25",-0.0122131845926714,-43393223272.0693,13,"Flux-conserved"
"Pop04","Pop17",0.151167030408943,NA,13,"Flux-conserved"
"Pop04","Pop18",0.142294958557722,NA,13,"Flux-conserved"
"Pop04","Pop21",0.111104102542024,-174009005884.982,13,"Flux-conserved"
"Pop04","Pop22",0.0912628742945282,NA,13,"Flux-conserved"
"Pop04","Pop23",0.0904751464299863,-174009005884.982,13,"Flux-conserved"
"Pop04","Pop24",-0.0221767713923178,NA,13,"Flux-conserved"
"Pop04","Pop25",-0.0122131845926714,-43393223272.0693,13,"Flux-conserved"
"Pop05","Pop17",0.151167030408943,NA,13,"Flux-conserved"
"Pop05","Pop18",0.142294958557722,NA,13,"Flux-conserved"
"Pop05","Pop21",0.111104102542024,-174009005884.982,13,"Flux-conserved"
"Pop05","Pop22",0.0912628742945282,NA,13,"Flux-conserved"
"Pop05","Pop23",0.0904751464299863,-174009005884.982,13,"Flux-conserved"
"Pop05","Pop24",-0.0221767713923178,NA,13,"Flux-conserved"
"Pop05","Pop25",-0.0122131845926714,-43393223272.0693,13,"Flux-conserved"
"Pop06","Pop17",0.151167030408943,NA,13,"Flux-conserved"
"Pop06","Pop18",0.142294958557722,NA,13,"Flux-conserved"
"Pop06","Pop21",0.111104102542024,-174009005884.982,13,"Flux-conserved"
"Pop06","Pop22",0.0912628742945282,NA,13,"Flux-conserved"
"Pop06","Pop23",0.0904751464299863,-174009005884.982,13,"Flux-conserved"
"Pop06","Pop24",-0.0221767713923178,NA,13,"Flux-conserved"
"Pop06","Pop25",-0.0122131845926714,-43393223272.0693,13,"Flux-conserved"
"Pop07","Pop17",0.151167030408943,NA,13,"Flux-conserved"
"Pop07","Pop18",0.142294958557722,NA,13,"Flux-conserved"
"Pop07","Pop21",0.111104102542024,-174009005884.982,13,"Flux-conserved"
"Pop07","Pop22",0.0912628742945282,NA,13,"Flux-conserved"
"Pop07","Pop23",0.0904751464299863,-174009005884.982,13,"Flux-conserved"
"Pop07","Pop24",-0.0221767713923178,NA,13,"Flux-conserved"
"Pop07","Pop25",-0.0122131845926714,-43393223272.0693,13,"Flux-conserved"
"Pop08","Pop17",0.151167030408943,NA,13,"Flux-conserved"
"Pop08","Pop18",0.142294958557722,NA,13,"Flux-conserved"
"Pop08","Pop21",0.111104102542024,-174009005884.982,13,"Flux-conserved"
"Pop08","Pop22",0.0912628742945282,NA,13,"Flux-conserved"
"Pop08","Pop23",0.0904751464299863,-174009005884.982,13,"Flux-conserved"
"Pop08","Pop24",-0.0221767713923178,NA,13,"Flux-conserved"
"Pop08","Pop25",-0.0122131845926714,-43393223272.0693,13,"Flux-conserved"
"Pop09","Pop17",0.151167030408943,NA,13,"Flux-conserved"
"Pop09","Pop18",0.142294958557722,NA,13,"Flux-conserved"
"Pop09","Pop21",0.111104102542024,-174009005884.982,13,"Flux-conserved"
"Pop09","Pop22",0.0912628742945282,NA,13,"Flux-conserved"
"Pop09","Pop23",0.0904751464299863,-174009005884.982,13,"Flux-conserved"
"Pop09","Pop24",-0.0221767713923178,NA,13,"Flux-conserved"
"Pop09","Pop25",-0.0122131845926714,-43393223272.0693,13,"Flux-conserved"
"Pop10","Pop17",0.151167030408943,NA,13,"Flux-conserved"
"Pop10","Pop18",0.142294958557722,NA,13,"Flux-conserved"
"Pop10","Pop21",0.111104102542024,-174009005884.982,13,"Flux-conserved"
"Pop10","Pop22",0.0912628742945282,NA,13,"Flux-conserved"
"Pop10","Pop23",0.0904751464299863,-174009005884.982,13,"Flux-conserved"
"Pop10","Pop24",-0.0221767713923178,NA,13,"Flux-conserved"
"Pop10","Pop25",-0.0122131845926714,-43393223272.0693,13,"Flux-conserved"
"Pop11","Pop17",0.151167030408943,NA,13,"Flux-conserved"
"Pop11","Pop18",0.142294958557722,NA,13,"Flux-conserved"
"Pop11","Pop21",0.111104102542024,-174009005884.982,13,"Flux-conserved"
"Pop11","Pop22",0.0912628742945282,NA,13,"Flux-conserved"
"Pop11","Pop23",0.0904751464299863,-174009005884.982,13,"Flux-conserved"
"Pop11","Pop24",-0.0221767713923178,NA,13,"Flux-conserved"
"Pop11","Pop25",-0.0122131845926714,-43393223272.0693,13,"Flux-conserved"
"Pop12","Pop14",-0.189974481127613,0.0160983802858166,13,"Flux-conserved"
"Pop12","Pop17",0.550465092312989,-0.0462079094342438,13,"Flux-conserved"
"Pop13","Pop14",-0.252336198860928,-0.0122214794469576,13,"Flux-conserved"
"Pop13","Pop16",-0.0288730556924206,0.0360351984139256,13,"Flux-conserved"
"Pop15","Pop18",0.256553975455789,NA,13,"Flux-conserved"
"Pop15","Pop19",0.0339145652949958,-0.00126241173669998,13,"Flux-conserved"
"Pop15","Pop20",-0.0483614089186783,0.0013496960712176,13,"Flux-conserved"
"Pop15","Pop23",-0.0569732216145837,0.00696495733980428,13,"Flux-conserved"
"Pop16","Pop19",-0.2922427953539,0.00658684401166826,13,"Flux-conserved"
"Pop18","Pop19",-0.124878979385563,-0.00323923296801853,13,"Flux-conserved"
"Pop18","Pop20",-0.258260631007316,-0.00187056253758417,13,"Flux-conserved"
"Pop18","Pop22",-0.0271919483011385,0.00214817785657571,13,"Flux-conserved"
"Pop18","Pop23",-0.028177239649504,0.00242149315694407,13,"Flux-conserved"
"Pop18","Pop24",-0.0751392607330662,0.000345874804654016,13,"Flux-conserved"
"Pop18","Pop25",-0.0630051651873588,0.000627609296915254,13,"Flux-conserved"
"Pop20","Pop21",0.0684244086203402,0.00324302055282982,13,"Flux-conserved"
"Pop20","Pop22",0.0389421859251931,0.0034051057165454,13,"Flux-conserved"
"Pop21","Pop22",0.00284559715491418,0.000147301265658639,13,"Flux-conserved"
"Pop21","Pop25",-0.0530316813625812,0.00024946742358297,13,"Flux-conserved"
"Pop22","Pop23",-0.00074371130432084,0.000368265793379167,13,"Flux-conserved"
"Pop22","Pop25",-0.0387137503694572,0.000369897834219683,13,"Flux-conserved"
"Pop23","Pop24",-0.0495474649184247,0.000410610474092212,13,"Flux-conserved"
"Pop23","Pop25",-0.0371919058555559,0.000483515329030649,13,"Flux-conserved"
"Pop24","Pop25",0.0118583781996117,6.51648850529307e-05,13,"Flux-conserved"
"Pop01","Pop02",0.058386372678061,-960619894591.903,13,"Rate-conserved"
"Pop01","Pop04",0.0583863726780612,-960619894591.903,13,"Rate-conserved"
"Pop02","Pop03",-0.372988751220496,0.246335434950514,13,"Rate-conserved"
"Pop02","Pop04",0,NA,13,"Rate-conserved"
"Pop03","Pop04",0.372988751220496,-0.246335434950514,13,"Rate-conserved"
"Pop03","Pop05",-0.134132199478688,0.0298403238901887,13,"Rate-conserved"
"Pop05","Pop06",-0.103791607251426,0.0201725240257201,13,"Rate-conserved"
"Pop05","Pop07",-0.137070538253894,0.021645217308447,13,"Rate-conserved"
"Pop06","Pop07",-0.00192318311856587,0.013201841413517,13,"Rate-conserved"
"Pop06","Pop12",-0.10583728367902,0.000883955505430579,13,"Rate-conserved"
"Pop07","Pop09",-0.126074348949725,0.000327754989315332,13,"Rate-conserved"
"Pop08","Pop09",-0.0175080777756107,0.00857839068070436,13,"Rate-conserved"
"Pop08","Pop10",-0.0800342444837326,0.0059383497568435,13,"Rate-conserved"
"Pop08","Pop11",-0.0155943303351026,0.00198719788667632,13,"Rate-conserved"
"Pop08","Pop12",0.0252122685361884,0.00302875814847595,13,"Rate-conserved"
"Pop08","Pop14",-0.047435044301184,0.0183654474296215,13,"Rate-conserved"
"Pop09","Pop10",-0.0442367285690908,0.00278542196364383,13,"Rate-conserved"
"Pop09","Pop14",0.0386641523920398,0.00213404884183954,13,"Rate-conserved"
"Pop09","Pop15",-0.106166264118697,0.00184506510588154,13,"Rate-conserved"
"Pop10","Pop11",0.0919963954753955,0.0136841883196888,13,"Rate-conserved"
"Pop10","Pop19",-0.0779822660362635,0.00910080343023557,13,"Rate-conserved"
"Pop11","Pop12",0.0512848135170268,0.00091009676853405,13,"Rate-conserved"
"Pop11","Pop14",0.0392453382448978,0.00110867041871517,13,"Rate-conserved"
"Pop11","Pop16",-0.0205180222504009,0.00178287230342332,13,"Rate-conserved"
"Pop11","Pop17",-0.0643290378644427,0.000290096103037416,13,"Rate-conserved"
"Pop12","Pop13",-0.06917902579607,0.000307363080351352,13,"Rate-conserved"
"Pop12","Pop14",0.00925868111460026,1.42277354409056e-05,13,"Rate-conserved"
"Pop12","Pop16",-0.0109310353487022,0.000383390359768077,13,"Rate-conserved"
"Pop12","Pop17",-0.0258400321817103,0.000399168072624603,13,"Rate-conserved"
"Pop12","Pop18",-0.0614666426057105,0.000181252351151942,13,"Rate-conserved"
"Pop12","Pop19",-0.0724507036795924,0.000372793161016671,13,"Rate-conserved"
"Pop13","Pop14",0.0830692128315295,-0.000355450349767079,13,"Rate-conserved"
"Pop13","Pop16",0.0588347011791897,-3.70873765689671e-05,13,"Rate-conserved"
"Pop13","Pop18",0.0252463301081674,-8.72431782281133e-05,13,"Rate-conserved"
"Pop13","Pop20",0.0151984117039347,0.000102247645259018,13,"Rate-conserved"
"Pop13","Pop21",-0.0386137296748327,6.79835468813202e-05,13,"Rate-conserved"
"Pop13","Pop23",-0.0760532188012383,0.000619171501064765,13,"Rate-conserved"
"Pop13","Pop25",-0.155604072313647,0.000162360834472144,13,"Rate-conserved"
"Pop14","Pop15",-0.134224795834329,0.000275980366515439,13,"Rate-conserved"
"Pop14","Pop16",-0.014503184868324,0.000949256052871863,13,"Rate-conserved"
"Pop14","Pop17",-0.047852974042378,0.000248563473030747,13,"Rate-conserved"
"Pop14","Pop18",-0.0854792692517284,0.000183958999190416,13,"Rate-conserved"
"Pop15","Pop16",0.125293828556881,0.00123069723112947,13,"Rate-conserved"
"Pop15","Pop17",0.0582361213060696,0.000617979517134235,13,"Rate-conserved"
"Pop15","Pop23",-0.119489668101464,0.000768770958572974,13,"Rate-conserved"
"Pop16","Pop17",-0.0095458443755842,0.000295764573973972,13,"Rate-conserved"
"Pop16","Pop18",-0.0383557619627866,0.000175791595743992,13,"Rate-conserved"
"Pop16","Pop19",-0.0591231640098858,0.000608684697248057,13,"Rate-conserved"
"Pop16","Pop24",-0.0955188327515878,0.000333452133667845,13,"Rate-conserved"
"Pop17","Pop18",-0.0254187344739851,5.94566362813639e-05,13,"Rate-conserved"
"Pop17","Pop19",-0.0369814992934467,0.000224473419416215,13,"Rate-conserved"
"Pop17","Pop20",-0.0542198156833062,0.000720837220522527,13,"Rate-conserved"
"Pop17","Pop21",-0.114816392669187,0.000523529800843818,13,"Rate-conserved"
"Pop18","Pop19",-0.000656841878172387,0.000745916575410745,13,"Rate-conserved"
"Pop18","Pop20",-0.0232802735815332,0.00020524245650431,13,"Rate-conserved"
"Pop18","Pop25",-0.190539559000019,0.000254488856947456,13,"Rate-conserved"
"Pop19","Pop20",-0.0407878303896039,-0.00010441449154021,13,"Rate-conserved"
"Pop19","Pop22",-0.0144926238621378,1.35533554842946e-05,13,"Rate-conserved"
"Pop19","Pop23",-0.065167280021985,-1.16215236435896e-05,13,"Rate-conserved"
"Pop19","Pop24",-0.03857922430716,1.91832593946082e-05,13,"Rate-conserved"
"Pop19","Pop25",-0.151245508360264,-1.81238004695948e-05,13,"Rate-conserved"
"Pop20","Pop21",-0.0927134340996426,-0.000414416842324648,13,"Rate-conserved"
"Pop20","Pop22",-0.052512017956732,0.000242436596857035,13,"Rate-conserved"
"Pop20","Pop24",-0.0563596987111796,1.68709378334046e-05,13,"Rate-conserved"
"Pop21","Pop22",0.023152188523493,0.00145035067300599,13,"Rate-conserved"
"Pop21","Pop24",0.0128068131393047,0.000239419318825607,13,"Rate-conserved"
"Pop22","Pop23",-0.0307632485021893,5.7884918713117e-07,13,"Rate-conserved"
"Pop22","Pop24",-0.0263670276476058,5.47746798880765e-05,13,"Rate-conserved"
"Pop23","Pop24",0.0138152536004449,4.42499639499704e-05,13,"Rate-conserved"
"Pop24","Pop25",-0.172195848840182,-0.000164947967455599,13,"Rate-conserved"
"Pop01","Pop02",0.045874021988283,0.0739060700922538,14,"Isotropic"
"Pop01","Pop03",0.0867350607083148,0.0649448752085513,14,"Isotropic"
"Pop01","Pop05",0.0893336009741541,0.0562347097966766,14,"Isotropic"
"Pop01","Pop06",0.0838140215202975,-0.000198308482247,14,"Isotropic"
"Pop01","Pop12",0.0114423712092817,0.00970250935788716,14,"Isotropic"
"Pop01","Pop13",0.0285295995344194,0.0260077651299277,14,"Isotropic"
"Pop02","Pop03",0.0356602309189011,-0.0131734125450372,14,"Isotropic"
"Pop02","Pop04",0.0198436690005496,-0.0488199206917276,14,"Isotropic"
"Pop02","Pop06",0.0375615767447938,0.0217284505636194,14,"Isotropic"
"Pop02","Pop07",-0.000690017256347653,0.0258890491909957,14,"Isotropic"
"Pop02","Pop08",0.0100182304340895,0.00691920398825438,14,"Isotropic"
"Pop02","Pop11",-0.0148508559737734,0.00416163433047097,14,"Isotropic"
"Pop03","Pop04",-0.00674992340926239,0.0139239725034721,14,"Isotropic"
"Pop03","Pop05",-0.00384843549034955,0.122929606496208,14,"Isotropic"
"Pop03","Pop06",0.0130643349271932,0.0520737499108011,14,"Isotropic"
"Pop03","Pop08",-0.0203546605315156,0.03141608820947,14,"Isotropic"
"Pop03","Pop09",0.0118686458952277,0.0867643220196932,14,"Isotropic"
"Pop03","Pop13",-0.0254094903714952,0.0169422477284338,14,"Isotropic"
"Pop04","Pop05",0.00287029673952544,0.0977019272776924,14,"Isotropic"
"Pop04","Pop06",0.0329805641462706,0.0610386410159772,14,"Isotropic"
"Pop04","Pop07",-0.0156154242854266,0.0236551585376128,14,"Isotropic"
"Pop04","Pop09",0.0367883157772259,0.0378610675825757,14,"Isotropic"
"Pop04","Pop12",-0.0366379810253604,0.00503694223351308,14,"Isotropic"
"Pop04","Pop25",0.000603598890929377,-0.029665594866748,14,"Isotropic"
"Pop05","Pop06",0.0204296408195564,-0.00923613290839147,14,"Isotropic"
"Pop05","Pop08",-0.0215724322857466,-0.0329422303678735,14,"Isotropic"
"Pop05","Pop09",0.0213313351771319,0.0166902213306708,14,"Isotropic"
"Pop05","Pop10",-0.0248378929155112,-0.0336521563137602,14,"Isotropic"
"Pop05","Pop11",-0.0319919755462945,-0.00733178092190153,14,"Isotropic"
"Pop06","Pop07",-0.0612293723075205,0.208169326236843,14,"Isotropic"
"Pop06","Pop09",0.00989288856439197,0.0300061869029851,14,"Isotropic"
"Pop06","Pop10",-0.0600473710347661,0.00103120065244443,14,"Isotropic"
"Pop06","Pop11",-0.0329120047438459,-0.00956588363367607,14,"Isotropic"
"Pop06","Pop14",0.00758381202402716,-0.0205799865494044,14,"Isotropic"
"Pop07","Pop08",0.00311559610637302,-0.0390955368462939,14,"Isotropic"
"Pop07","Pop09",0.0664385634185341,-0.0122629092667456,14,"Isotropic"
"Pop07","Pop12",-0.0416704639710993,-0.00808071372359489,14,"Isotropic"
"Pop07","Pop16",0.00155816427152487,-0.0115139579023953,14,"Isotropic"
"Pop08","Pop09",0.0702929714806678,-0.00391656127704385,14,"Isotropic"
"Pop08","Pop10",-0.029881726818739,-0.0435761682228087,14,"Isotropic"
"Pop08","Pop13",-0.0186720946610277,0.015682459716668,14,"Isotropic"
"Pop09","Pop10",-0.0910942862904477,-0.017641457481591,14,"Isotropic"
"Pop09","Pop11",-0.0358421519391277,0.00732730760535226,14,"Isotropic"
"Pop09","Pop13",-0.0169292413861119,0.00455264567786093,14,"Isotropic"
"Pop09","Pop18",0.00713384947552856,-0.147021097042434,14,"Isotropic"
"Pop09","Pop25",-0.00403085928300846,-0.261730966340655,14,"Isotropic"
"Pop10","Pop11",0.0479214611936421,0.0216253566164178,14,"Isotropic"
"Pop10","Pop13",-0.0194196797561,0.0219237032147911,14,"Isotropic"
"Pop11","Pop12",-0.0455445762096807,0.00894268561123612,14,"Isotropic"
"Pop11","Pop13",0.0172875017452494,0.00366174916120836,14,"Isotropic"
"Pop11","Pop14",0.0431451186762268,-0.00540768556865738,14,"Isotropic"
"Pop11","Pop19",0.0378593095760013,-0.0322925098898874,14,"Isotropic"
"Pop12","Pop13",0.0834730230565309,0.157462808750267,14,"Isotropic"
"Pop12","Pop14",0.0832698357862306,-0.0213690836721783,14,"Isotropic"
"Pop12","Pop25",0.0550692408499978,-0.052965224190383,14,"Isotropic"
"Pop13","Pop14",-0.00296315800481865,-0.0106006000824733,14,"Isotropic"
"Pop13","Pop15",-0.0417903773519085,-0.0512257996062423,14,"Isotropic"
"Pop13","Pop16",-0.0400086280029383,-0.0136489862478963,14,"Isotropic"
"Pop13","Pop17",-0.00845658965403,-0.0408131842327244,14,"Isotropic"
"Pop13","Pop20",0.040896419580169,-0.0411323841390919,14,"Isotropic"
"Pop14","Pop15",-0.0596768162167096,0.0199222133336699,14,"Isotropic"
"Pop14","Pop17",-0.0528252093494467,-0.0692204045652885,14,"Isotropic"
"Pop14","Pop18",-0.0473830356552412,-0.0670609813405053,14,"Isotropic"
"Pop14","Pop19",-0.0110647182071059,-0.0914486558062661,14,"Isotropic"
"Pop14","Pop21",0.01839593893743,-0.0306393165367235,14,"Isotropic"
"Pop14","Pop25",-0.000180660056806753,-0.281945430677694,14,"Isotropic"
"Pop15","Pop16",0.00144325567020326,-0.0220755097224081,14,"Isotropic"
"Pop15","Pop17",-0.00785195525596069,-0.0474082454645421,14,"Isotropic"
"Pop15","Pop18",-0.0230398522408992,-0.0464164067219518,14,"Isotropic"
"Pop15","Pop19",-0.00410278532671973,-0.0195223396209197,14,"Isotropic"
"Pop16","Pop19",0.0445908279186008,-0.0381987823728515,14,"Isotropic"
"Pop16","Pop20",0.0527117404704194,-0.0535198250837329,14,"Isotropic"
"Pop16","Pop21",0.060899420473846,-0.210159099919327,14,"Isotropic"
"Pop16","Pop25",0.0512333353132513,-0.297124956132296,14,"Isotropic"
"Pop17","Pop18",0.0342635237458555,-0.153133603340408,14,"Isotropic"
"Pop17","Pop20",0.0323316477350372,-0.0318349189822808,14,"Isotropic"
"Pop17","Pop25",-0.00173537591464769,-0.140970367732959,14,"Isotropic"
"Pop18","Pop19",0.0395483644419478,-0.0438832459038548,14,"Isotropic"
"Pop18","Pop20",0.0370125145710849,-0.0251490925618637,14,"Isotropic"
"Pop18","Pop23",0.00953112712014492,-0.000103617393258773,14,"Isotropic"
"Pop19","Pop20",-0.00614444060772243,0.00421544027520904,14,"Isotropic"
"Pop19","Pop22",-0.030058960480247,0.019717672847007,14,"Isotropic"
"Pop19","Pop24",-0.0449981085031718,-0.0692228417672273,14,"Isotropic"
"Pop19","Pop25",0.0246293832822929,-0.419171122856193,14,"Isotropic"
"Pop20","Pop21",-0.0185282248813161,0.0426888795001261,14,"Isotropic"
"Pop20","Pop23",-0.0477144457003057,-0.0631323477110417,14,"Isotropic"
"Pop20","Pop25",0.0338313274906632,-0.267353719917337,14,"Isotropic"
"Pop21","Pop22",-0.169054961968823,-0.0394796974776574,14,"Isotropic"
"Pop21","Pop23",-0.0486959562679419,-0.120108659456857,14,"Isotropic"
"Pop21","Pop24",-0.142668685722919,-0.0876768682534002,14,"Isotropic"
"Pop21","Pop25",0.00211519963983499,-0.237563008932612,14,"Isotropic"
"Pop22","Pop23",0.0942445462189838,-0.118544303400275,14,"Isotropic"
"Pop22","Pop25",0.0612932179691095,-0.180818161762872,14,"Isotropic"
"Pop23","Pop24",-0.114198078481126,-0.160115203220142,14,"Isotropic"
"Pop23","Pop25",0.0154636377299756,-0.17753068172937,14,"Isotropic"
"Pop24","Pop25",0.102836253050797,-0.492138999915882,14,"Isotropic"
"Pop01","Pop18",0.174528801040871,NA,14,"Flux-conserved"
"Pop01","Pop19",0.0831380658852846,-28349539843.2572,14,"Flux-conserved"
"Pop01","Pop20",0.0323637179604872,-28349539843.2571,14,"Flux-conserved"
"Pop01","Pop21",0.175694621399358,-28349539843.2603,14,"Flux-conserved"
"Pop01","Pop22",0.12063776677128,NA,14,"Flux-conserved"
"Pop01","Pop23",0.0894620423131289,-28349539843.2574,14,"Flux-conserved"
"Pop01","Pop25",-0.00800519373514469,NA,14,"Flux-conserved"
"Pop02","Pop18",0.174528801040871,NA,14,"Flux-conserved"
"Pop02","Pop19",0.0831380658852846,-28349539843.2572,14,"Flux-conserved"
"Pop02","Pop20",0.0323637179604872,-28349539843.2571,14,"Flux-conserved"
"Pop02","Pop21",0.175694621399358,-28349539843.2603,14,"Flux-conserved"
"Pop02","Pop22",0.12063776677128,NA,14,"Flux-conserved"
"Pop02","Pop23",0.0894620423131289,-28349539843.2574,14,"Flux-conserved"
"Pop02","Pop25",-0.00800519373514469,NA,14,"Flux-conserved"
"Pop03","Pop18",0.174528801040871,NA,14,"Flux-conserved"
"Pop03","Pop19",0.0831380658852846,-28349539843.2572,14,"Flux-conserved"
"Pop03","Pop20",0.0323637179604872,-28349539843.2571,14,"Flux-conserved"
"Pop03","Pop21",0.175694621399358,-28349539843.2603,14,"Flux-conserved"
"Pop03","Pop22",0.12063776677128,NA,14,"Flux-conserved"
"Pop03","Pop23",0.0894620423131289,-28349539843.2574,14,"Flux-conserved"
"Pop03","Pop25",-0.00800519373514469,NA,14,"Flux-conserved"
"Pop04","Pop18",0.174528801040871,NA,14,"Flux-conserved"
"Pop04","Pop19",0.0831380658852846,-28349539843.2572,14,"Flux-conserved"
"Pop04","Pop20",0.0323637179604872,-28349539843.2571,14,"Flux-conserved"
"Pop04","Pop21",0.175694621399358,-28349539843.2603,14,"Flux-conserved"
"Pop04","Pop22",0.12063776677128,NA,14,"Flux-conserved"
"Pop04","Pop23",0.0894620423131289,-28349539843.2574,14,"Flux-conserved"
"Pop04","Pop25",-0.00800519373514469,NA,14,"Flux-conserved"
"Pop05","Pop18",0.174528801040871,NA,14,"Flux-conserved"
"Pop05","Pop19",0.0831380658852846,-28349539843.2572,14,"Flux-conserved"
"Pop05","Pop20",0.0323637179604872,-28349539843.2571,14,"Flux-conserved"
"Pop05","Pop21",0.175694621399358,-28349539843.2603,14,"Flux-conserved"
"Pop05","Pop22",0.12063776677128,NA,14,"Flux-conserved"
"Pop05","Pop23",0.0894620423131289,-28349539843.2574,14,"Flux-conserved"
"Pop05","Pop25",-0.00800519373514469,NA,14,"Flux-conserved"
"Pop06","Pop18",0.174528801040871,NA,14,"Flux-conserved"
"Pop06","Pop19",0.0831380658852846,-28349539843.2572,14,"Flux-conserved"
"Pop06","Pop20",0.0323637179604872,-28349539843.2571,14,"Flux-conserved"
"Pop06","Pop21",0.175694621399358,-28349539843.2603,14,"Flux-conserved"
"Pop06","Pop22",0.12063776677128,NA,14,"Flux-conserved"
"Pop06","Pop23",0.0894620423131289,-28349539843.2574,14,"Flux-conserved"
"Pop06","Pop25",-0.00800519373514469,NA,14,"Flux-conserved"
"Pop07","Pop18",0.174528801040871,NA,14,"Flux-conserved"
"Pop07","Pop19",0.0831380658852846,-28349539843.2572,14,"Flux-conserved"
"Pop07","Pop20",0.0323637179604872,-28349539843.2571,14,"Flux-conserved"
"Pop07","Pop21",0.175694621399358,-28349539843.2603,14,"Flux-conserved"
"Pop07","Pop22",0.12063776677128,NA,14,"Flux-conserved"
"Pop07","Pop23",0.0894620423131289,-28349539843.2574,14,"Flux-conserved"
"Pop07","Pop25",-0.00800519373514469,NA,14,"Flux-conserved"
"Pop08","Pop18",0.174528801040871,NA,14,"Flux-conserved"
"Pop08","Pop19",0.0831380658852846,-28349539843.2572,14,"Flux-conserved"
"Pop08","Pop20",0.0323637179604872,-28349539843.2571,14,"Flux-conserved"
"Pop08","Pop21",0.175694621399358,-28349539843.2603,14,"Flux-conserved"
"Pop08","Pop22",0.12063776677128,NA,14,"Flux-conserved"
"Pop08","Pop23",0.0894620423131289,-28349539843.2574,14,"Flux-conserved"
"Pop08","Pop25",-0.00800519373514469,NA,14,"Flux-conserved"
"Pop09","Pop18",0.174528801040871,NA,14,"Flux-conserved"
"Pop09","Pop19",0.0831380658852846,-28349539843.2572,14,"Flux-conserved"
"Pop09","Pop20",0.0323637179604872,-28349539843.2571,14,"Flux-conserved"
"Pop09","Pop21",0.175694621399358,-28349539843.2603,14,"Flux-conserved"
"Pop09","Pop22",0.12063776677128,NA,14,"Flux-conserved"
"Pop09","Pop23",0.0894620423131289,-28349539843.2574,14,"Flux-conserved"
"Pop09","Pop25",-0.00800519373514469,NA,14,"Flux-conserved"
"Pop10","Pop18",0.174528801040871,NA,14,"Flux-conserved"
"Pop10","Pop19",0.0831380658852846,-28349539843.2572,14,"Flux-conserved"
"Pop10","Pop20",0.0323637179604872,-28349539843.2571,14,"Flux-conserved"
"Pop10","Pop21",0.175694621399358,-28349539843.2603,14,"Flux-conserved"
"Pop10","Pop22",0.12063776677128,NA,14,"Flux-conserved"
"Pop10","Pop23",0.0894620423131289,-28349539843.2574,14,"Flux-conserved"
"Pop10","Pop25",-0.00800519373514469,NA,14,"Flux-conserved"
"Pop11","Pop18",0.174528801040871,NA,14,"Flux-conserved"
"Pop11","Pop19",0.0831380658852846,-28349539843.2572,14,"Flux-conserved"
"Pop11","Pop20",0.0323637179604872,-28349539843.2571,14,"Flux-conserved"
"Pop11","Pop21",0.175694621399358,-28349539843.2603,14,"Flux-conserved"
"Pop11","Pop22",0.12063776677128,NA,14,"Flux-conserved"
"Pop11","Pop23",0.0894620423131289,-28349539843.2574,14,"Flux-conserved"
"Pop11","Pop25",-0.00800519373514469,NA,14,"Flux-conserved"
"Pop12","Pop18",0.174528801040871,NA,14,"Flux-conserved"
"Pop12","Pop19",0.0831380658852846,-28349539843.2572,14,"Flux-conserved"
"Pop12","Pop20",0.0323637179604872,-28349539843.2571,14,"Flux-conserved"
"Pop12","Pop21",0.175694621399358,-28349539843.2603,14,"Flux-conserved"
"Pop12","Pop22",0.12063776677128,NA,14,"Flux-conserved"
"Pop12","Pop23",0.0894620423131289,-28349539843.2574,14,"Flux-conserved"
"Pop12","Pop25",-0.00800519373514469,NA,14,"Flux-conserved"
"Pop13","Pop18",0.174528801040871,NA,14,"Flux-conserved"
"Pop13","Pop19",0.0831380658852846,-28349539843.2572,14,"Flux-conserved"
"Pop13","Pop20",0.0323637179604872,-28349539843.2571,14,"Flux-conserved"
"Pop13","Pop21",0.175694621399358,-28349539843.2603,14,"Flux-conserved"
"Pop13","Pop22",0.12063776677128,NA,14,"Flux-conserved"
"Pop13","Pop23",0.0894620423131289,-28349539843.2574,14,"Flux-conserved"
"Pop13","Pop25",-0.00800519373514469,NA,14,"Flux-conserved"
"Pop14","Pop18",0.174528801040871,NA,14,"Flux-conserved"
"Pop14","Pop19",0.0831380658852846,-28349539843.2572,14,"Flux-conserved"
"Pop14","Pop20",0.0323637179604872,-28349539843.2571,14,"Flux-conserved"
"Pop14","Pop21",0.175694621399358,-28349539843.2603,14,"Flux-conserved"
"Pop14","Pop22",0.12063776677128,NA,14,"Flux-conserved"
"Pop14","Pop23",0.0894620423131289,-28349539843.2574,14,"Flux-conserved"
"Pop14","Pop25",-0.00800519373514469,NA,14,"Flux-conserved"
"Pop15","Pop18",0.174528801040871,NA,14,"Flux-conserved"
"Pop15","Pop19",0.0831380658852846,-28349539843.2572,14,"Flux-conserved"
"Pop15","Pop20",0.0323637179604872,-28349539843.2571,14,"Flux-conserved"
"Pop15","Pop21",0.175694621399358,-28349539843.2603,14,"Flux-conserved"
"Pop15","Pop22",0.12063776677128,NA,14,"Flux-conserved"
"Pop15","Pop23",0.0894620423131289,-28349539843.2574,14,"Flux-conserved"
"Pop15","Pop25",-0.00800519373514469,NA,14,"Flux-conserved"
"Pop16","Pop18",0.174528801040871,NA,14,"Flux-conserved"
"Pop16","Pop19",0.0831380658852846,-28349539843.2572,14,"Flux-conserved"
"Pop16","Pop20",0.0323637179604872,-28349539843.2571,14,"Flux-conserved"
"Pop16","Pop21",0.175694621399358,-28349539843.2603,14,"Flux-conserved"
"Pop16","Pop22",0.12063776677128,NA,14,"Flux-conserved"
"Pop16","Pop23",0.0894620423131289,-28349539843.2574,14,"Flux-conserved"
"Pop16","Pop25",-0.00800519373514469,NA,14,"Flux-conserved"
"Pop17","Pop18",0.174528801040871,NA,14,"Flux-conserved"
"Pop17","Pop19",0.0831380658852846,-28349539843.2572,14,"Flux-conserved"
"Pop17","Pop20",0.0323637179604872,-28349539843.2571,14,"Flux-conserved"
"Pop17","Pop21",0.175694621399358,-28349539843.2603,14,"Flux-conserved"
"Pop17","Pop22",0.12063776677128,NA,14,"Flux-conserved"
"Pop17","Pop23",0.0894620423131289,-28349539843.2574,14,"Flux-conserved"
"Pop17","Pop25",-0.00800519373514469,NA,14,"Flux-conserved"
"Pop18","Pop20",-0.0524729336142406,0.00308703809367388,14,"Flux-conserved"
"Pop18","Pop21",-0.00373940767699773,0.188684294359595,14,"Flux-conserved"
"Pop18","Pop22",-0.0337404539577165,0.999390185691696,14,"Flux-conserved"
"Pop18","Pop23",-0.0380580048725103,0.999591420067623,14,"Flux-conserved"
"Pop18","Pop24",-0.162147613177045,0.00474204011445238,14,"Flux-conserved"
"Pop18","Pop25",-0.0416992976443363,0.0049243899451758,14,"Flux-conserved"
"Pop19","Pop20",-0.00743128986054918,0.000921838634192579,14,"Flux-conserved"
"Pop19","Pop21",0.0519538710595003,-0.001582134717477,14,"Flux-conserved"
"Pop19","Pop23",0.0031443816591379,0.000247588675229834,14,"Flux-conserved"
"Pop19","Pop24",-0.124690141862567,-0.000742672064590184,14,"Flux-conserved"
"Pop19","Pop25",-0.0229451424491069,0.000107322412569434,14,"Flux-conserved"
"Pop20","Pop23",0.0190044516251258,2.52637023806983e-05,14,"Flux-conserved"
"Pop20","Pop25",-0.0100525879904903,2.38911462499165e-05,14,"Flux-conserved"
"Pop21","Pop23",-0.0437005754423401,0.134009744526337,14,"Flux-conserved"
"Pop21","Pop24",-0.179362298644849,0.00155292800091907,14,"Flux-conserved"
"Pop22","Pop23",0.0056161792155095,0.00454980849859514,14,"Flux-conserved"
"Pop22","Pop24",-0.144480141314241,-0.000256088273760765,14,"Flux-conserved"
"Pop22","Pop25",-0.0372636449985033,0.000337201715397172,14,"Flux-conserved"
"Pop23","Pop24",-0.136578955604837,-0.00023174145792738,14,"Flux-conserved"
"Pop23","Pop25",-0.0271889948128954,0.000293323289208696,14,"Flux-conserved"
"Pop24","Pop25",0.0608142437851334,0.000124583282915918,14,"Flux-conserved"
"Pop01","Pop02",0.0493990763145752,0.615827655473781,14,"Rate-conserved"
"Pop01","Pop03",0.0542661867230109,0.0750324201566616,14,"Rate-conserved"
"Pop01","Pop05",0.101206101956187,0.310411840279931,14,"Rate-conserved"
"Pop01","Pop06",0.0364370538220437,0.302121568536232,14,"Rate-conserved"
"Pop01","Pop07",-0.0035355016253597,0.997154790147992,14,"Rate-conserved"
"Pop02","Pop03",0.0643512669263706,0.0255598099417413,14,"Rate-conserved"
"Pop02","Pop04",0.0212826517103828,0.00256566538007555,14,"Rate-conserved"
"Pop02","Pop05",0.0459354433862884,0.0172548810675714,14,"Rate-conserved"
"Pop02","Pop07",-0.00114145640210617,0.0162808954947997,14,"Rate-conserved"
"Pop02","Pop10",-0.0278949090599077,0.00300086091061037,14,"Rate-conserved"
"Pop03","Pop04",-0.0929343520741216,-0.00285246865728413,14,"Rate-conserved"
"Pop03","Pop05",-0.0460296745131408,-0.00239393976130518,14,"Rate-conserved"
"Pop03","Pop06",-0.0533751022695551,-0.164844299295343,14,"Rate-conserved"
"Pop03","Pop07",-0.0536454901963275,-0.00157942641812024,14,"Rate-conserved"
"Pop03","Pop08",-0.0489885124932947,0.000578711789637726,14,"Rate-conserved"
"Pop03","Pop09",-0.0461485341538789,0.000228536679300793,14,"Rate-conserved"
"Pop03","Pop10",-0.0558220237240228,0.00794176595905688,14,"Rate-conserved"
"Pop03","Pop11",-0.00474909784592338,0.00798404499459176,14,"Rate-conserved"
"Pop03","Pop12",-0.0340429777628877,0.00282056663475205,14,"Rate-conserved"
"Pop03","Pop19",-0.142312827291833,0.00255715868001057,14,"Rate-conserved"
"Pop04","Pop05",0.0156033454540345,0.0101769713065323,14,"Rate-conserved"
"Pop04","Pop06",-0.0385834152527857,-0.0461258946551062,14,"Rate-conserved"
"Pop04","Pop08",-0.049208201837556,0.000671502346214543,14,"Rate-conserved"
"Pop04","Pop10",-0.0254607674748776,0.00826669819750619,14,"Rate-conserved"
"Pop05","Pop06",-0.0593829854632471,-0.0705643931149173,14,"Rate-conserved"
"Pop05","Pop07",-0.0223054320844317,0.0248468389296426,14,"Rate-conserved"
"Pop06","Pop07",0.00930632501730322,0.0191274728023938,14,"Rate-conserved"
"Pop06","Pop08",-0.016470085345845,0.00673845183625805,14,"Rate-conserved"
"Pop07","Pop08",-0.00652498901669885,0.00232038659537648,14,"Rate-conserved"
"Pop07","Pop11",-0.00477591696351023,0.00725819974647294,14,"Rate-conserved"
"Pop08","Pop09",0.0415711575492555,0.0393810706839001,14,"Rate-conserved"
"Pop08","Pop10",0.00428993049402224,0.0684854977088257,14,"Rate-conserved"
"Pop08","Pop11",0.012591891598242,0.171545421563286,14,"Rate-conserved"
"Pop09","Pop10",-0.0277106322728936,0.00758962972109242,14,"Rate-conserved"
"Pop09","Pop11",0.0376252559961488,0.0102084113022628,14,"Rate-conserved"
"Pop09","Pop12",-0.00251395892694302,0.0154398707235104,14,"Rate-conserved"
"Pop09","Pop13",0.057660274625672,0.00499993918521074,14,"Rate-conserved"
"Pop09","Pop15",0.00500219020353051,-0.001735768311436,14,"Rate-conserved"
"Pop09","Pop16",0.0281637865300569,0.00268772525088873,14,"Rate-conserved"
"Pop09","Pop18",-0.119354763224819,0.00400402136575988,14,"Rate-conserved"
"Pop10","Pop11",0.0178583748782719,0.007029581839443,14,"Rate-conserved"
"Pop10","Pop17",-0.0344340758757592,0.00547444751734535,14,"Rate-conserved"
"Pop11","Pop12",-0.0344645022649183,0.00192813767297037,14,"Rate-conserved"
"Pop11","Pop13",-0.0360263996908061,-0.00987371821726553,14,"Rate-conserved"
"Pop11","Pop14",-0.068266710495909,-0.0028077487308167,14,"Rate-conserved"
"Pop11","Pop15",-0.0659753887270918,-0.00554516004323157,14,"Rate-conserved"
"Pop11","Pop16",-0.0474906065428821,-0.00402816429252249,14,"Rate-conserved"
"Pop11","Pop17",-0.06780684453119,0.00630275388137562,14,"Rate-conserved"
"Pop12","Pop13",-0.0117994827763137,0.000318716727421019,14,"Rate-conserved"
"Pop12","Pop14",-0.0393996960887882,-0.00307850426953374,14,"Rate-conserved"
"Pop12","Pop15",-0.0426931829729167,-0.00488138209428655,14,"Rate-conserved"
"Pop12","Pop17",-0.0249640180032511,0.00984187856748754,14,"Rate-conserved"
"Pop12","Pop18",-0.10815937685428,0.00261533620189648,14,"Rate-conserved"
"Pop12","Pop19",-0.12379124257722,0.000780098400601671,14,"Rate-conserved"
"Pop13","Pop14",-0.0813984171468161,-0.00675400563556554,14,"Rate-conserved"
"Pop13","Pop15",-0.0831708026180684,-0.0511185012592418,14,"Rate-conserved"
"Pop13","Pop16",-0.00629114438372838,-0.0159868945562558,14,"Rate-conserved"
"Pop13","Pop17",-0.0218625690180275,0.0233777017308009,14,"Rate-conserved"
"Pop14","Pop15",-0.00119291975236524,-0.00292136159405454,14,"Rate-conserved"
"Pop14","Pop16",0.0463560727852859,0.0202731297153025,14,"Rate-conserved"
"Pop14","Pop19",-0.128587613030232,0.00424666208866082,14,"Rate-conserved"
"Pop15","Pop16",0.0467967927144997,0.0194905331385572,14,"Rate-conserved"
"Pop16","Pop17",-0.01024041723728,0.172669210513532,14,"Rate-conserved"
"Pop16","Pop18",-0.139402159012747,0.00996359870098811,14,"Rate-conserved"
"Pop17","Pop18",-0.139536729319217,0.00273524524238193,14,"Rate-conserved"
"Pop17","Pop19",-0.15184053987722,0.000460534271996036,14,"Rate-conserved"
"Pop18","Pop19",0.0384425266511394,-0.0136359301992465,14,"Rate-conserved"
"Pop19","Pop20",-0.0979397708548744,0.000800533555381483,14,"Rate-conserved"
"Pop20","Pop21",0.108821627756588,0.000256958738313134,14,"Rate-conserved"
"Pop20","Pop22",0.0827621116669952,0.00022970200431189,14,"Rate-conserved"
"Pop21","Pop22",0.0197955526145075,0.0024076771902474,14,"Rate-conserved"
"Pop21","Pop23",-0.035294587990904,-0.000388729373773935,14,"Rate-conserved"
"Pop21","Pop25",-0.261193776406258,6.88160123817701e-06,14,"Rate-conserved"
"Pop22","Pop23",-0.110909167734811,1.6552900011701e-05,14,"Rate-conserved"
"Pop22","Pop24",-0.14390298413033,0.000445413520142273,14,"Rate-conserved"
"Pop23","Pop24",-0.0827482841234447,0.00013221681620784,14,"Rate-conserved"
"Pop24","Pop25",-0.318780276010775,-0.000259778169835972,14,"Rate-conserved"
"Pop01","Pop02",0.0902151765772023,0.20133907205452,15,"Isotropic"
"Pop01","Pop03",0.0549810470843866,0.102863638317292,15,"Isotropic"
"Pop01","Pop05",0.115707533470037,0.069164768196073,15,"Isotropic"
"Pop01","Pop07",0.101991154333466,0.094403826309539,15,"Isotropic"
"Pop01","Pop08",0.0384991608882075,0.047535296533461,15,"Isotropic"
"Pop02","Pop03",-0.0347098702427372,0.381348036368306,15,"Isotropic"
"Pop02","Pop04",0.0152959371473525,0.141463283383574,15,"Isotropic"
"Pop02","Pop05",0.036605590355791,0.0282203898609599,15,"Isotropic"
"Pop02","Pop06",0.0223847040097883,0.00275717439979941,15,"Isotropic"
"Pop02","Pop09",0.0394270193674352,0.013513554781879,15,"Isotropic"
"Pop02","Pop12",-0.00939874487382215,-0.019554510405459,15,"Isotropic"
"Pop03","Pop04",0.0475374745242329,0.0240251437934091,15,"Isotropic"
"Pop03","Pop05",0.0680537872104739,0.0248911903475738,15,"Isotropic"
"Pop03","Pop10",0.0347319918937739,-0.0210970128677975,15,"Isotropic"
"Pop03","Pop12",0.00434972166271633,-0.0143621261298881,15,"Isotropic"
"Pop04","Pop05",0.0220302426495375,-0.00404332446140293,15,"Isotropic"
"Pop04","Pop06",0.00635045932880607,-0.0403957256986855,15,"Isotropic"
"Pop04","Pop07",0.00356439890896083,-0.000686300450891617,15,"Isotropic"
"Pop04","Pop09",0.0222926806902853,-0.000506373342327622,15,"Isotropic"
"Pop04","Pop10",-0.00676284968100772,-0.0288614303011279,15,"Isotropic"
"Pop05","Pop06",-0.00289358037841397,-0.0409996314687427,15,"Isotropic"
"Pop05","Pop07",-0.0164302052137628,-0.0167894175594232,15,"Isotropic"
"Pop05","Pop09",0.0122598714630568,-0.00320366295298383,15,"Isotropic"
"Pop05","Pop12",-0.0320558781250648,-0.0215959149780984,15,"Isotropic"
"Pop06","Pop07",-0.01670947285938,-0.00310561483893076,15,"Isotropic"
"Pop06","Pop08",-0.0189007275618912,0.00798625439729399,15,"Isotropic"
"Pop06","Pop09",0.0274435029105611,0.0135947799664894,15,"Isotropic"
"Pop06","Pop11",-0.0156057217338213,-0.0269991624481602,15,"Isotropic"
"Pop06","Pop17",-0.00493969603831554,-0.106042422665671,15,"Isotropic"
"Pop07","Pop08",0.00656604008727349,-0.0481605354932277,15,"Isotropic"
"Pop07","Pop09",0.0388129556899537,0.0117555787090499,15,"Isotropic"
"Pop07","Pop11",-0.0325654018411223,-0.156232960657774,15,"Isotropic"
"Pop08","Pop09",0.0453286797150952,0.206736729941131,15,"Isotropic"
"Pop08","Pop10",0.0190870410375187,-0.320630229948879,15,"Isotropic"
"Pop08","Pop11",-0.0217286240626902,-0.17997915992108,15,"Isotropic"
"Pop08","Pop20",0.00671258492595803,-0.0115654542758338,15,"Isotropic"
"Pop08","Pop22",-0.0388149900268628,-0.0050539119905858,15,"Isotropic"
"Pop09","Pop10",-0.034796176339105,-0.174903728990355,15,"Isotropic"
"Pop09","Pop12",-0.0208274787513307,-0.0698844627734831,15,"Isotropic"
"Pop09","Pop13",-0.0776589531528056,-0.0712368645302085,15,"Isotropic"
"Pop09","Pop18",0.00500686692029158,-0.0614040596635852,15,"Isotropic"
"Pop10","Pop11",-0.107512501280185,-0.0922201531586396,15,"Isotropic"
"Pop10","Pop12",0.0215789048740687,0.0145306350091784,15,"Isotropic"
"Pop10","Pop13",-0.0822432912226038,0.0476358449128196,15,"Isotropic"
"Pop10","Pop17",-0.00432290032907943,-0.053642823007028,15,"Isotropic"
"Pop11","Pop12",0.111238984402678,0.117555302964457,15,"Isotropic"
"Pop12","Pop13",-0.156451863501452,0.324999609425113,15,"Isotropic"
"Pop12","Pop14",-0.0006473186082704,-0.0248622958573815,15,"Isotropic"
"Pop12","Pop16",0.0308550023328755,-0.0139464208005309,15,"Isotropic"
"Pop12","Pop22",-0.045612780981329,-0.0110074700080049,15,"Isotropic"
"Pop13","Pop14",0.0910956929959451,0.0531700652752028,15,"Isotropic"
"Pop14","Pop15",-0.000232617709462785,0.0134598313935901,15,"Isotropic"
"Pop14","Pop16",0.0540273482830948,-0.0320543894262072,15,"Isotropic"
"Pop14","Pop17",0.0165304118480739,-0.148162823922788,15,"Isotropic"
"Pop14","Pop18",0.0356422414129581,0.00452562928882642,15,"Isotropic"
"Pop15","Pop16",0.086167738483747,-0.093224255890805,15,"Isotropic"
"Pop15","Pop17",0.0420426106619308,-0.796355240573146,15,"Isotropic"
"Pop15","Pop18",0.0623574929316132,0.167159643894338,15,"Isotropic"
"Pop15","Pop21",-0.00891685621710145,0.00491345814666733,15,"Isotropic"
"Pop15","Pop23",-0.0240111194119898,0.0166048466125827,15,"Isotropic"
"Pop16","Pop17",-0.0361404774727886,-0.252284998574576,15,"Isotropic"
"Pop16","Pop18",-0.009557007284697,0.554811337956966,15,"Isotropic"
"Pop16","Pop19",-0.0325702661410239,0.210020533375134,15,"Isotropic"
"Pop16","Pop20",-0.0959911553839942,0.0378056410146087,15,"Isotropic"
"Pop16","Pop21",-0.0210258487521585,0.0124907044854113,15,"Isotropic"
"Pop16","Pop22",-0.109195612691264,-0.00155198928919204,15,"Isotropic"
"Pop16","Pop25",-0.0605010721278484,-0.0437820129207189,15,"Isotropic"
"Pop17","Pop18",0.0261171029212609,0.258613400462198,15,"Isotropic"
"Pop17","Pop19",-0.00254393337867703,0.385147908738392,15,"Isotropic"
"Pop17","Pop25",-0.0308646346888113,0.0182808908384495,15,"Isotropic"
"Pop18","Pop19",-0.0412064316356243,-0.037266701593329,15,"Isotropic"
"Pop18","Pop20",-0.119097772985961,-0.267036314820372,15,"Isotropic"
"Pop18","Pop22",-0.119271798366177,-0.0783840477756375,15,"Isotropic"
"Pop18","Pop24",-0.0745849966069256,-0.0582196421362592,15,"Isotropic"
"Pop19","Pop20",-0.0855916804836963,0.0739808350024881,15,"Isotropic"
"Pop19","Pop21",-0.00660200739094145,0.00361606246277321,15,"Isotropic"
"Pop19","Pop24",-0.0413541164053656,-0.019954311491804,15,"Isotropic"
"Pop19","Pop25",-0.0433110349233185,-0.0149716308262306,15,"Isotropic"
"Pop20","Pop21",0.0815539642377847,-0.0061491507484055,15,"Isotropic"
"Pop21","Pop22",-0.0822746669216336,-0.0309782857477552,15,"Isotropic"
"Pop21","Pop23",-0.0710992429639671,-0.123439572633996,15,"Isotropic"
"Pop21","Pop24",-0.0541388848845706,-0.0878231938401745,15,"Isotropic"
"Pop21","Pop25",-0.0317048932213383,-0.0474811238500242,15,"Isotropic"
"Pop22","Pop23",-0.0161756991276963,0.240796212359194,15,"Isotropic"
"Pop23","Pop24",-0.00131655950842191,0.0178161469472856,15,"Isotropic"
"Pop23","Pop25",0.0134884862686477,-0.0579239697420314,15,"Isotropic"
"Pop24","Pop25",0.0421245045139056,-0.033750104720494,15,"Isotropic"
"Pop01","Pop04",0.143609769528911,NA,15,"Flux-conserved"
"Pop01","Pop14",0.167338455126446,NA,15,"Flux-conserved"
"Pop01","Pop15",0.152350875650641,NA,15,"Flux-conserved"
"Pop01","Pop16",0.101872542439352,NA,15,"Flux-conserved"
"Pop01","Pop21",-0.0146643431713291,NA,15,"Flux-conserved"
"Pop01","Pop25",-0.053804538069307,NA,15,"Flux-conserved"
"Pop02","Pop04",0.143609769528911,NA,15,"Flux-conserved"
"Pop02","Pop14",0.167338455126446,NA,15,"Flux-conserved"
"Pop02","Pop15",0.152350875650641,NA,15,"Flux-conserved"
"Pop02","Pop16",0.101872542439352,NA,15,"Flux-conserved"
"Pop02","Pop21",-0.0146643431713291,NA,15,"Flux-conserved"
"Pop02","Pop25",-0.053804538069307,NA,15,"Flux-conserved"
"Pop03","Pop04",0.143609769528911,NA,15,"Flux-conserved"
"Pop03","Pop14",0.167338455126446,NA,15,"Flux-conserved"
"Pop03","Pop15",0.152350875650641,NA,15,"Flux-conserved"
"Pop03","Pop16",0.101872542439352,NA,15,"Flux-conserved"
"Pop03","Pop21",-0.0146643431713291,NA,15,"Flux-conserved"
"Pop03","Pop25",-0.053804538069307,NA,15,"Flux-conserved"
"Pop04","Pop05",-0.143609769528911,NA,15,"Flux-conserved"
"Pop04","Pop06",-0.143609769528911,NA,15,"Flux-conserved"
"Pop04","Pop07",-0.143609769528911,NA,15,"Flux-conserved"
"Pop04","Pop08",-0.143609769528911,NA,15,"Flux-conserved"
"Pop04","Pop09",-0.381664983659711,0.0307608248247759,15,"Flux-conserved"
"Pop04","Pop14",-0.0898177946754801,0.0921717486971528,15,"Flux-conserved"
"Pop05","Pop14",0.167338455126446,NA,15,"Flux-conserved"
"Pop05","Pop15",0.152350875650641,NA,15,"Flux-conserved"
"Pop05","Pop16",0.101872542439352,NA,15,"Flux-conserved"
"Pop05","Pop21",-0.0146643431713291,NA,15,"Flux-conserved"
"Pop05","Pop25",-0.053804538069307,NA,15,"Flux-conserved"
"Pop06","Pop14",0.167338455126446,NA,15,"Flux-conserved"
"Pop06","Pop15",0.152350875650641,NA,15,"Flux-conserved"
"Pop06","Pop16",0.101872542439352,NA,15,"Flux-conserved"
"Pop06","Pop21",-0.0146643431713291,NA,15,"Flux-conserved"
"Pop06","Pop25",-0.053804538069307,NA,15,"Flux-conserved"
"Pop07","Pop14",0.167338455126446,NA,15,"Flux-conserved"
"Pop07","Pop15",0.152350875650641,NA,15,"Flux-conserved"
"Pop07","Pop16",0.101872542439352,NA,15,"Flux-conserved"
"Pop07","Pop21",-0.0146643431713291,NA,15,"Flux-conserved"
"Pop07","Pop25",-0.053804538069307,NA,15,"Flux-conserved"
"Pop08","Pop14",0.167338455126446,NA,15,"Flux-conserved"
"Pop08","Pop15",0.152350875650641,NA,15,"Flux-conserved"
"Pop08","Pop16",0.101872542439352,NA,15,"Flux-conserved"
"Pop08","Pop21",-0.0146643431713291,NA,15,"Flux-conserved"
"Pop08","Pop25",-0.053804538069307,NA,15,"Flux-conserved"
"Pop09","Pop10",0.213504516563133,0.00414614454900276,15,"Flux-conserved"
"Pop09","Pop14",0.0380567991690934,NA,15,"Flux-conserved"
"Pop10","Pop11",-0.0292637170008277,0.00651674525580016,15,"Flux-conserved"
"Pop10","Pop13",0.100884038601434,0.0547951009387853,15,"Flux-conserved"
"Pop11","Pop12",-0.217981116095748,0.000404958799504677,15,"Flux-conserved"
"Pop11","Pop13",0.155213906592352,0.92435230603255,15,"Flux-conserved"
"Pop12","Pop13",0.146021568423742,-0.000354558094603668,15,"Flux-conserved"
"Pop12","Pop14",0.189497347047027,1.24134063175642e-05,15,"Flux-conserved"
"Pop12","Pop15",0.138439828625361,0.000575047616021715,15,"Flux-conserved"
"Pop12","Pop19",-0.048959251643125,0.00353568367010601,15,"Flux-conserved"
"Pop12","Pop23",-0.132221007476151,0.000759842273104841,15,"Flux-conserved"
"Pop13","Pop14",0.0852214365016957,0.0011271209371459,15,"Flux-conserved"
"Pop13","Pop15",-0.0366255176075738,0.00214944568390399,15,"Flux-conserved"
"Pop14","Pop15",-0.0400677349992917,0.000501451454653174,15,"Flux-conserved"
"Pop14","Pop17",-0.209131101436912,0.000132192770312813,15,"Flux-conserved"
"Pop15","Pop16",-0.018375838703186,0.00028862221383662,15,"Flux-conserved"
"Pop15","Pop17",-0.176039580548639,0.000207172224202427,15,"Flux-conserved"
"Pop15","Pop20",-0.0835051136768877,0.000120823162853744,15,"Flux-conserved"
"Pop16","Pop17",-0.151527408477899,0.000127188264481558,15,"Flux-conserved"
"Pop16","Pop19",-0.0700095374692523,2.97262908320858e-05,15,"Flux-conserved"
"Pop16","Pop20",-0.0426307649820924,3.64866789137e-05,15,"Flux-conserved"
"Pop16","Pop23",-0.140312859122536,1.91933429072308e-05,15,"Flux-conserved"
"Pop16","Pop24",-0.138494844699465,3.34466833858192e-05,15,"Flux-conserved"
"Pop16","Pop25",-0.0642693904778548,1.33486258168383e-05,15,"Flux-conserved"
"Pop17","Pop18",0.0162284181265077,7.71634451244053e-05,15,"Flux-conserved"
"Pop17","Pop25",-0.0656821764498384,1.46514420191277e-05,15,"Flux-conserved"
"Pop18","Pop19",-0.00920483455179863,-3.41572910924007e-06,15,"Flux-conserved"
"Pop18","Pop20",0.00479236737261429,1.7920870533547e-06,15,"Flux-conserved"
"Pop18","Pop21",0.0341821585856339,-6.50048389890511e-06,15,"Flux-conserved"
"Pop18","Pop22",-0.08057773182921,1.35761763962966e-05,15,"Flux-conserved"
"Pop18","Pop25",-0.0450889803717895,1.63066463045234e-05,15,"Flux-conserved"
"Pop19","Pop20",0.0137205526087937,5.63535917057157e-05,15,"Flux-conserved"
"Pop19","Pop21",0.0900754436664988,1.27995646410414e-05,15,"Flux-conserved"
"Pop19","Pop25",-0.0329960878473925,1.23841056012195e-05,15,"Flux-conserved"
"Pop20","Pop21",0.0586787364875624,-7.15613778716446e-06,15,"Flux-conserved"
"Pop20","Pop22",-0.101571291689594,2.10448063996835e-05,15,"Flux-conserved"
"Pop21","Pop22",-0.140113269310922,4.78383673888873e-05,15,"Flux-conserved"
"Pop22","Pop23",-0.0751684321618702,6.01577528573906e-06,15,"Flux-conserved"
"Pop22","Pop25",0.0278261992085194,2.16673916524007e-06,15,"Flux-conserved"
"Pop23","Pop24",-0.125978558452143,3.37632944219045e-05,15,"Flux-conserved"
"Pop24","Pop25",0.192715111026816,-1.95499114827547e-05,15,"Flux-conserved"
"Pop01","Pop02",0.0353033758150084,-0.0365206314366884,15,"Rate-conserved"
"Pop01","Pop03",-0.1973521052906,0.0859708368092665,15,"Rate-conserved"
"Pop02","Pop03",-0.162948082357541,0.965943339112785,15,"Rate-conserved"
"Pop03","Pop05",-0.194543339230968,0.000361416407989567,15,"Rate-conserved"
"Pop04","Pop05",0.0199111802508103,-0.00051260559517302,15,"Rate-conserved"
"Pop04","Pop06",-0.0640132155729627,8.81097732260479e-05,15,"Rate-conserved"
"Pop04","Pop07",-0.0420997524942011,5.0803745105318e-05,15,"Rate-conserved"
"Pop05","Pop06",-0.0147495975448299,0.000157330567070157,15,"Rate-conserved"
"Pop05","Pop07",0.0122212784685484,6.55516554180822e-05,15,"Rate-conserved"
"Pop06","Pop07",0.0414343919024212,1.41005069377711e-05,15,"Rate-conserved"
"Pop07","Pop08",0.0096978365784175,-2.8601292500814e-05,15,"Rate-conserved"
"Pop08","Pop09",0.00757513219693706,-0.000269789719232282,15,"Rate-conserved"
"Pop08","Pop10",-0.00203927090944805,-0.000105865141951374,15,"Rate-conserved"
"Pop08","Pop12",0.0237172008778517,-6.67052896574052e-06,15,"Rate-conserved"
"Pop09","Pop10",0.0417544252415381,6.27308346755638e-05,15,"Rate-conserved"
"Pop09","Pop11",-0.0593797745254243,-4.49117045645733e-06,15,"Rate-conserved"
"Pop09","Pop12",0.0145300479128547,2.8925394195538e-06,15,"Rate-conserved"
"Pop10","Pop11",0.0224837678276533,-3.2030671791431e-06,15,"Rate-conserved"
"Pop10","Pop17",0.00764722908151708,2.57348406373664e-05,15,"Rate-conserved"
"Pop10","Pop25",-0.0900812162323598,1.37544178552011e-06,15,"Rate-conserved"
"Pop11","Pop12",0.0243690352172759,-0.00105875340375238,15,"Rate-conserved"
"Pop11","Pop13",0.0188576808800342,-2.30214802139834e-05,15,"Rate-conserved"
"Pop11","Pop25",-0.102104831860519,2.56507530727185e-06,15,"Rate-conserved"
"Pop12","Pop13",-0.0763835360325699,2.20655909681961e-05,15,"Rate-conserved"
"Pop12","Pop14",-0.0703076782407422,1.60576564546084e-05,15,"Rate-conserved"
"Pop12","Pop16",-0.0225609330339511,0.000339139366587563,15,"Rate-conserved"
"Pop13","Pop14",0.0552354004917168,9.95245757346277e-05,15,"Rate-conserved"
"Pop13","Pop16",-0.0206687075637991,0.000604743601572148,15,"Rate-conserved"
"Pop14","Pop15",-0.0090004522727499,2.03395216788064e-05,15,"Rate-conserved"
"Pop14","Pop16",0.0541227110698153,3.05249830767943e-05,15,"Rate-conserved"
"Pop14","Pop19",-0.0254556671051093,5.79168973006797e-06,15,"Rate-conserved"
"Pop14","Pop20",-0.019160251613979,7.2601117418122e-06,15,"Rate-conserved"
"Pop15","Pop16",0.0518531316324797,-1.76202619283008e-05,15,"Rate-conserved"
"Pop15","Pop17",0.015090980241614,5.90637497630562e-06,15,"Rate-conserved"
"Pop15","Pop18",0.041302533004393,4.173062674322e-05,15,"Rate-conserved"
"Pop15","Pop20",0.00370396854783343,4.19224260301714e-06,15,"Rate-conserved"
"Pop15","Pop25",-0.0962329673797981,9.03532057219006e-07,15,"Rate-conserved"
"Pop16","Pop17",-0.0331866690019099,3.27586764468568e-05,15,"Rate-conserved"
"Pop16","Pop18",-0.0313492386228262,3.26576429893885e-05,15,"Rate-conserved"
"Pop16","Pop21",-0.0513015609551423,1.35640274910997e-05,15,"Rate-conserved"
"Pop17","Pop18",0.0181055300125836,9.81660468103742e-06,15,"Rate-conserved"
"Pop17","Pop19",0.0111503262870605,9.64901184562756e-06,15,"Rate-conserved"
"Pop17","Pop20",0.0213842741048879,4.47049571056371e-06,15,"Rate-conserved"
"Pop17","Pop23",-0.00331793978032392,5.07049366492418e-07,15,"Rate-conserved"
"Pop17","Pop24",-0.054789536815144,-2.96845555575629e-07,15,"Rate-conserved"
"Pop18","Pop19",-0.0319117661201509,2.35240008563594e-06,15,"Rate-conserved"
"Pop18","Pop20",-0.0169412666915281,-2.05741527968751e-06,15,"Rate-conserved"
"Pop18","Pop21",-0.0115466435141992,2.66954638352807e-07,15,"Rate-conserved"
"Pop18","Pop22",-0.0467609283919355,2.04464842735446e-06,15,"Rate-conserved"
"Pop19","Pop20",0.0248492129941421,-4.76587232044984e-05,15,"Rate-conserved"
"Pop19","Pop21",0.0280811621579026,-1.1363080214666e-06,15,"Rate-conserved"
"Pop19","Pop22",-0.0328355656728238,-1.57492243942391e-06,15,"Rate-conserved"
"Pop19","Pop25",-0.0824763971542185,-1.91966424496545e-06,15,"Rate-conserved"
"Pop20","Pop21",0.00523164403736473,5.58744597227724e-06,15,"Rate-conserved"
"Pop20","Pop22",-0.0173491242671532,2.55648417568091e-06,15,"Rate-conserved"
"Pop20","Pop23",-0.0470617697129487,3.59226630050176e-07,15,"Rate-conserved"
"Pop21","Pop22",-0.056672767091677,-5.23146970174391e-07,15,"Rate-conserved"
"Pop21","Pop23",-0.0614760240947398,-7.16407526160478e-07,15,"Rate-conserved"
"Pop21","Pop24",-0.155403023173858,-3.43960052428376e-06,15,"Rate-conserved"
"Pop21","Pop25",-0.0956511796544477,-9.9815884112415e-07,15,"Rate-conserved"
"Pop22","Pop23",0.016198950125456,-1.27192685520615e-05,15,"Rate-conserved"
"Pop23","Pop24",-0.114065779804271,-3.49606457052412e-06,15,"Rate-conserved"
"Pop23","Pop25",-0.038468232804304,-3.87151183367953e-07,15,"Rate-conserved"
"Pop24","Pop25",0.0995808309948606,-7.8557231866702e-07,15,"Rate-conserved"
"Pop01","Pop02",0.0463193256567222,-0.15535141957726,16,"Isotropic"
"Pop01","Pop11",0.137689019047693,0.0166694750763163,16,"Isotropic"
"Pop01","Pop20",0.124105112454332,0.0321785271058375,16,"Isotropic"
"Pop01","Pop22",0.12462274971756,0.0160087649853549,16,"Isotropic"
"Pop01","Pop23",0.0656729542888078,0.00311980587394376,16,"Isotropic"
"Pop01","Pop24",0.0858478647286688,0.00421554237090248,16,"Isotropic"
"Pop02","Pop03",0.0710049769402486,-0.170316800866358,16,"Isotropic"
"Pop02","Pop04",0.110352642174602,0.128039383208178,16,"Isotropic"
"Pop02","Pop05",0.132329702697857,0.109901554687782,16,"Isotropic"
"Pop02","Pop10",0.0751034270344837,0.0302105662892808,16,"Isotropic"
"Pop03","Pop04",-0.0376775297821061,0.269814505999583,16,"Isotropic"
"Pop03","Pop07",0.0681847047425536,0.0973303745477992,16,"Isotropic"
"Pop03","Pop08",0.0641007873764429,0.1708746670172,16,"Isotropic"
"Pop03","Pop09",0.0618378876248894,0.137435750388433,16,"Isotropic"
"Pop03","Pop10",0.0457231003215278,0.0510933200130949,16,"Isotropic"
"Pop03","Pop16",0.00285238719105961,0.0386770008105556,16,"Isotropic"
"Pop04","Pop05",0.124067752795877,-0.0362751554707709,16,"Isotropic"
"Pop04","Pop06",-0.0114230761361061,0.216205743124408,16,"Isotropic"
"Pop04","Pop09",0.00367831191126983,0.101193857633137,16,"Isotropic"
"Pop05","Pop06",-0.150943552547019,0.0839309988066285,16,"Isotropic"
"Pop05","Pop07",-0.00671234329460699,-0.0113894030331465,16,"Isotropic"
"Pop05","Pop08",-0.0221097024967189,0.248055394417613,16,"Isotropic"
"Pop05","Pop09",0.00388815636957229,0.0561363027472892,16,"Isotropic"
"Pop05","Pop10",-0.00482584157166457,0.115076262863962,16,"Isotropic"
"Pop05","Pop12",-0.00502643829166254,-0.0399888262242837,16,"Isotropic"
"Pop05","Pop13",-0.021960687702449,-0.0303557567060463,16,"Isotropic"
"Pop05","Pop14",-0.00358968903301084,-0.0257118766354166,16,"Isotropic"
"Pop05","Pop17",-0.018091183456013,0.264945149123641,16,"Isotropic"
"Pop06","Pop07",0.116816206067711,-0.0914962278152131,16,"Isotropic"
"Pop06","Pop11",-0.0203626005642395,-0.0141424649194776,16,"Isotropic"
"Pop06","Pop13",0.00850761357644216,-0.0480681527538276,16,"Isotropic"
"Pop07","Pop08",-0.0246821769879886,0.104735325117102,16,"Isotropic"
"Pop07","Pop09",0.0084180342765697,0.0567840427614396,16,"Isotropic"
"Pop07","Pop10",0.000618841520973287,0.0431832389009034,16,"Isotropic"
"Pop07","Pop11",-0.0569105030451449,-0.0083389627907654,16,"Isotropic"
"Pop07","Pop13",-0.021772878803109,-0.0617005099737477,16,"Isotropic"
"Pop07","Pop14",-0.0100888135479127,-0.150712254464749,16,"Isotropic"
"Pop07","Pop22",-0.0286940176080541,0.00820722489036123,16,"Isotropic"
"Pop08","Pop09",0.0429538582847603,-0.0263613237389826,16,"Isotropic"
"Pop08","Pop10",0.0304031212369547,-0.0320021000871528,16,"Isotropic"
"Pop08","Pop11",-0.0539808872100922,-0.0664619655729145,16,"Isotropic"
"Pop08","Pop13",-0.0137160379635382,-0.272474591830656,16,"Isotropic"
"Pop08","Pop16",-0.0495688395890944,0.0257574946851442,16,"Isotropic"
"Pop09","Pop10",-0.00284441713887654,-0.0163641633045532,16,"Isotropic"
"Pop09","Pop11",-0.0721658737097267,-0.101948440329321,16,"Isotropic"
"Pop09","Pop12",-0.0487821197151335,-0.146117339330413,16,"Isotropic"
"Pop09","Pop14",-0.0176678620942893,-0.0542171478501095,16,"Isotropic"
"Pop09","Pop15",-0.0372640741289435,-0.0253093423822572,16,"Isotropic"
"Pop09","Pop17",-0.0224007556251455,0.00297598664160829,16,"Isotropic"
"Pop10","Pop11",-0.0691348526257973,0.00763108933400736,16,"Isotropic"
"Pop10","Pop12",-0.0488167608185779,-0.191486751391484,16,"Isotropic"
"Pop10","Pop14",-0.0154510478812447,-0.0458100283442067,16,"Isotropic"
"Pop10","Pop16",-0.037734237981112,0.0158168879838566,16,"Isotropic"
"Pop10","Pop17",-0.0128161172248665,0.0314830833887771,16,"Isotropic"
"Pop11","Pop12",0.0177855977495599,-0.185358118953419,16,"Isotropic"
"Pop12","Pop13",0.0376379523717402,-0.254476147828226,16,"Isotropic"
"Pop12","Pop14",0.0194907877703063,-0.00909087060183467,16,"Isotropic"
"Pop12","Pop17",-0.0201740054164834,0.0400813082079087,16,"Isotropic"
"Pop13","Pop14",-0.0135959102404694,0.084116658319651,16,"Isotropic"
"Pop13","Pop15",-0.00580957160282444,0.224091026021521,16,"Isotropic"
"Pop13","Pop16",-0.0192588706301396,0.0717920446424188,16,"Isotropic"
"Pop13","Pop23",-0.102335742449182,0.00886202763137366,16,"Isotropic"
"Pop14","Pop15",0.00426343690471184,0.226017061314142,16,"Isotropic"
"Pop14","Pop17",-0.0113181122948547,0.0449520348202954,16,"Isotropic"
"Pop15","Pop16",-0.00651312962479161,0.148516096211965,16,"Isotropic"
"Pop15","Pop17",0.0272660830758159,0.0233855852468856,16,"Isotropic"
"Pop15","Pop18",-0.0011440986414739,-0.0144732703712369,16,"Isotropic"
"Pop15","Pop20",-0.0161454820374001,-0.0271633167251129,16,"Isotropic"
"Pop15","Pop21",0.0156662130271063,-0.00728325906372445,16,"Isotropic"
"Pop15","Pop24",-0.0677753792831505,-0.0084719354041893,16,"Isotropic"
"Pop16","Pop17",0.041583745254237,-0.0384485234953519,16,"Isotropic"
"Pop16","Pop21",0.0204950970236715,-0.0308900611251638,16,"Isotropic"
"Pop16","Pop22",0.00215713520965789,-0.0268383500079801,16,"Isotropic"
"Pop16","Pop24",-0.060574539278623,-0.0171688362853376,16,"Isotropic"
"Pop17","Pop18",-0.0444586630059082,-0.0886405293516871,16,"Isotropic"
"Pop17","Pop20",-0.0301140763215596,-0.0902002823041904,16,"Isotropic"
"Pop17","Pop21",-0.0275265317439903,-0.0397147351023781,16,"Isotropic"
"Pop17","Pop22",-0.0228992414677245,-0.0816696339659192,16,"Isotropic"
"Pop17","Pop24",-0.0848622817871953,-0.0300425725895885,16,"Isotropic"
"Pop18","Pop19",-0.0882944285289352,-0.114956240797169,16,"Isotropic"
"Pop18","Pop20",0.00159013984294493,-0.142612444432119,16,"Isotropic"
"Pop18","Pop21",0.00751961629341782,-0.0820996632249749,16,"Isotropic"
"Pop18","Pop22",-0.00287784305939916,-0.0446446197393414,16,"Isotropic"
"Pop18","Pop24",-0.0809464529136495,-0.0133147485128599,16,"Isotropic"
"Pop18","Pop25",-0.0422755235069146,-0.0221251755653525,16,"Isotropic"
"Pop19","Pop20",0.103859528172821,-0.13449274161669,16,"Isotropic"
"Pop19","Pop21",0.0787601080103241,0.0381111498293101,16,"Isotropic"
"Pop19","Pop22",0.0109083615613775,0.0317115095962954,16,"Isotropic"
"Pop19","Pop25",-0.0426390454266701,0.0172417028276657,16,"Isotropic"
"Pop20","Pop21",0.00301787059274822,0.0790640666400023,16,"Isotropic"
"Pop20","Pop22",0.00970410471745956,0.0361585699310172,16,"Isotropic"
"Pop20","Pop23",-0.113064828580218,-0.0715058740644525,16,"Isotropic"
"Pop20","Pop25",-0.0248628365653141,0.0234932148340361,16,"Isotropic"
"Pop21","Pop22",0.00754302727911829,-0.148988311687268,16,"Isotropic"
"Pop21","Pop25",-0.0602348647038407,-0.00330305340750689,16,"Isotropic"
"Pop22","Pop23",-0.154454109972968,-0.245706512147569,16,"Isotropic"
"Pop22","Pop25",-0.07978545252924,0.00390808681987997,16,"Isotropic"
"Pop23","Pop24",0.0819638287552238,-0.00263991536438912,16,"Isotropic"
"Pop24","Pop25",-0.00708973498940069,0.0514401046850183,16,"Isotropic"
"Pop01","Pop05",0.626592032216773,NA,16,"Flux-conserved"
"Pop01","Pop18",0.0656202822589164,-25115622378.5173,16,"Flux-conserved"
"Pop02","Pop05",0.626592032216773,NA,16,"Flux-conserved"
"Pop02","Pop18",0.0656202822589164,-25115622378.5173,16,"Flux-conserved"
"Pop03","Pop05",0.626592032216773,NA,16,"Flux-conserved"
"Pop03","Pop18",0.0656202822589164,-25115622378.5173,16,"Flux-conserved"
"Pop04","Pop05",0.626592032216773,NA,16,"Flux-conserved"
"Pop04","Pop18",0.0656202822589164,-25115622378.5173,16,"Flux-conserved"
"Pop05","Pop07",-0.324622826163919,0.035834339206824,16,"Flux-conserved"
"Pop06","Pop07",0.0683889173207415,0.0275259166802396,16,"Flux-conserved"
"Pop06","Pop08",-0.402002970315659,0.0179836051051405,16,"Flux-conserved"
"Pop08","Pop09",-0.0213078915954648,0.000305491755421961,16,"Flux-conserved"
"Pop09","Pop10",0.0155437710307671,0.000333468676371978,16,"Flux-conserved"
"Pop09","Pop11",0.105342582342811,0.000559041514574999,16,"Flux-conserved"
"Pop09","Pop14",-0.0381463236188392,0.000110805995504733,16,"Flux-conserved"
"Pop09","Pop18",0.110594839739036,5.20142129793892e-05,16,"Flux-conserved"
"Pop10","Pop11",0.119100120960416,4.80200788632189e-06,16,"Flux-conserved"
"Pop10","Pop14",0.0216165241347579,-1.36362911811732e-05,16,"Flux-conserved"
"Pop10","Pop15",0.165493910731825,-6.24221641455637e-06,16,"Flux-conserved"
"Pop10","Pop16",0.150736917660058,-1.35065145857964e-06,16,"Flux-conserved"
"Pop10","Pop20",-0.0283348170021159,2.65472544069707e-05,16,"Flux-conserved"
"Pop11","Pop12",0.0180118974721317,-0.000193969537325353,16,"Flux-conserved"
"Pop11","Pop14",-0.0509433521651125,-5.54986075617756e-05,16,"Flux-conserved"
"Pop11","Pop15",0.0294970743668806,-7.02569054257762e-05,16,"Flux-conserved"
"Pop11","Pop16",0.0123181259987621,-7.17720698295099e-06,16,"Flux-conserved"
"Pop11","Pop17",0.0146616244819024,-3.63790465798768e-05,16,"Flux-conserved"
"Pop12","Pop13",-0.0310715570713415,4.14437375296855e-05,16,"Flux-conserved"
"Pop12","Pop15",0.0164235606829641,0.000106593276517345,16,"Flux-conserved"
"Pop12","Pop16",-0.00624639623133103,5.26096457673277e-05,16,"Flux-conserved"
"Pop12","Pop17",-0.0126032386304699,1.37271165120694e-05,16,"Flux-conserved"
"Pop12","Pop18",-0.00994863404926928,4.38278189365155e-05,16,"Flux-conserved"
"Pop12","Pop19",-0.121405901776369,0.00033140998729891,16,"Flux-conserved"
"Pop13","Pop14",-0.00848342215955344,-0.000116244792246733,16,"Flux-conserved"
"Pop13","Pop15",0.0407582943927091,9.42692163388875e-05,16,"Flux-conserved"
"Pop13","Pop16",0.00776608415050559,5.50314254997665e-05,16,"Flux-conserved"
"Pop13","Pop17",0.0044529135313574,4.44384842120292e-05,16,"Flux-conserved"
"Pop13","Pop18",-0.0297619753020298,2.99148295801458e-05,16,"Flux-conserved"
"Pop14","Pop15",0.0625170480608326,4.0312429069536e-05,16,"Flux-conserved"
"Pop14","Pop17",0.00734911264172344,3.21303171629063e-05,16,"Flux-conserved"
"Pop14","Pop18",0.050389041970536,1.30777603159086e-05,16,"Flux-conserved"
"Pop14","Pop19",-0.0436701133494538,4.27575777117111e-05,16,"Flux-conserved"
"Pop14","Pop20",-0.0255366734332943,2.03059053172752e-05,16,"Flux-conserved"
"Pop14","Pop24",-0.0599049164082293,2.39503522382749e-05,16,"Flux-conserved"
"Pop14","Pop25",-0.0794284879885014,2.83576108447308e-05,16,"Flux-conserved"
"Pop15","Pop16",-0.0108060145171894,5.9363917262563e-05,16,"Flux-conserved"
"Pop15","Pop17",-0.0214475013763835,-2.1301501489264e-05,16,"Flux-conserved"
"Pop16","Pop17",-0.00408232899869293,-0.000218270627937713,16,"Flux-conserved"
"Pop16","Pop18",-0.0128866639348769,1.68940188943528e-05,16,"Flux-conserved"
"Pop17","Pop18",-0.0181456609353716,1.92555282183982e-06,16,"Flux-conserved"
"Pop18","Pop19",-0.120133995078744,2.2137913960555e-05,16,"Flux-conserved"
"Pop18","Pop20",-0.0946377134116765,1.34810929983347e-05,16,"Flux-conserved"
"Pop18","Pop21",-0.122594314380847,1.77186520830246e-05,16,"Flux-conserved"
"Pop18","Pop22",-0.087517241973267,1.5486272643704e-05,16,"Flux-conserved"
"Pop18","Pop23",-0.101676029410585,1.73910933518728e-05,16,"Flux-conserved"
"Pop18","Pop25",-0.134608822785425,4.47380359048123e-05,16,"Flux-conserved"
"Pop19","Pop20",-0.00321417247253128,1.38187984670311e-05,16,"Flux-conserved"
"Pop19","Pop21",-0.0199725385067591,1.17300931740059e-05,16,"Flux-conserved"
"Pop19","Pop22",-0.0384554588582543,6.5287114048636e-06,16,"Flux-conserved"
"Pop19","Pop24",-0.0866898256088308,8.57629418720203e-06,16,"Flux-conserved"
"Pop20","Pop21",-0.0363206999942317,1.73913681154132e-05,16,"Flux-conserved"
"Pop20","Pop22",-0.0443825801534886,3.49615222218699e-05,16,"Flux-conserved"
"Pop20","Pop23",-0.02983066543855,2.3165417707622e-06,16,"Flux-conserved"
"Pop20","Pop24",-0.0761134334457627,1.23462736651639e-05,16,"Flux-conserved"
"Pop21","Pop22",-0.0368982553087428,5.55056185058137e-06,16,"Flux-conserved"
"Pop21","Pop23",-0.0424053591025801,9.89854445703751e-06,16,"Flux-conserved"
"Pop21","Pop25",-0.131597542222013,1.50742800210265e-05,16,"Flux-conserved"
"Pop22","Pop23",-0.00243051667557367,-3.36428995882616e-06,16,"Flux-conserved"
"Pop22","Pop24",-0.0499643356100055,-2.90073488643287e-06,16,"Flux-conserved"
"Pop23","Pop24",-0.0452432430742643,3.69299691808219e-06,16,"Flux-conserved"
"Pop23","Pop25",-0.0789458159408996,1.30563470265796e-05,16,"Flux-conserved"
"Pop24","Pop25",-0.0471375084618786,8.68816771641467e-06,16,"Flux-conserved"
"Pop01","Pop02",0.00626975928470647,0.118360143312716,16,"Rate-conserved"
"Pop01","Pop04",-0.0498195720469,0.00776937673966978,16,"Rate-conserved"
"Pop01","Pop05",0.000697735527816934,0.30194873708784,16,"Rate-conserved"
"Pop01","Pop06",-0.0810781417987292,0.00831354903067219,16,"Rate-conserved"
"Pop02","Pop04",-0.0556754800110372,0.00608911616708973,16,"Rate-conserved"
"Pop02","Pop05",0.0027738234662707,-0.199829101639778,16,"Rate-conserved"
"Pop02","Pop06",-0.106886437748094,0.00812319090382835,16,"Rate-conserved"
"Pop03","Pop04",0.0358738628015295,-0.00124178996462925,16,"Rate-conserved"
"Pop03","Pop05",0.0950632483858767,-0.00547866511387601,16,"Rate-conserved"
"Pop03","Pop06",0.0240472989476815,-0.000554211442019517,16,"Rate-conserved"
"Pop03","Pop07",-0.00906385906322797,0.000410326494718147,16,"Rate-conserved"
"Pop03","Pop08",-0.114906563442963,0.00957388683950156,16,"Rate-conserved"
"Pop03","Pop09",-0.0115367404210498,0.00117464698009621,16,"Rate-conserved"
"Pop03","Pop10",-0.0796667565173916,0.000560427339038743,16,"Rate-conserved"
"Pop04","Pop06",-0.0138155700454312,-0.00204346486100415,16,"Rate-conserved"
"Pop04","Pop07",-0.064643472284552,0.00189092670604812,16,"Rate-conserved"
"Pop04","Pop08",-0.0516422398771628,0.00234799688678709,16,"Rate-conserved"
"Pop04","Pop09",-0.0738450952216153,0.00104277641391388,16,"Rate-conserved"
"Pop05","Pop06",-0.0181492452934052,0.0093104160858041,16,"Rate-conserved"
"Pop06","Pop07",-0.0409662659635699,0.0024086026546291,16,"Rate-conserved"
"Pop06","Pop10",-0.096026706261678,0.000513214794459013,16,"Rate-conserved"
"Pop07","Pop08",0.0391857700015197,0.000183537608256219,16,"Rate-conserved"
"Pop07","Pop09",-0.00734669287854928,0.000151658961842318,16,"Rate-conserved"
"Pop07","Pop10",-0.0224368527965061,0.00094925442840773,16,"Rate-conserved"
"Pop08","Pop09",0.116726764687979,0.00151204297662014,16,"Rate-conserved"
"Pop09","Pop10",-0.0421255682387836,0.000142069280361614,16,"Rate-conserved"
"Pop09","Pop11",-0.0906190960386783,0.00069980380419395,16,"Rate-conserved"
"Pop09","Pop12",-0.0851461524691915,0.000688232840021232,16,"Rate-conserved"
"Pop10","Pop11",-0.0411763288760929,0.000588799410116882,16,"Rate-conserved"
"Pop10","Pop12",-0.0310455869787283,0.000450409599929937,16,"Rate-conserved"
"Pop10","Pop13",-0.0466713476275246,0.000547807613676881,16,"Rate-conserved"
"Pop10","Pop25",-0.0776747390417288,0.000208847997997044,16,"Rate-conserved"
"Pop11","Pop12",0.0211046779154082,0.00099903821356947,16,"Rate-conserved"
"Pop11","Pop13",-0.00214547068657023,0.00323384683291726,16,"Rate-conserved"
"Pop11","Pop17",0.00289129818757991,0.0012977216587461,16,"Rate-conserved"
"Pop11","Pop18",-0.0185244095445296,0.000382648914301651,16,"Rate-conserved"
"Pop11","Pop21",-0.0570118532083375,0.000124881683727475,16,"Rate-conserved"
"Pop12","Pop13",-0.02521051066161,0.00223576763331769,16,"Rate-conserved"
"Pop12","Pop14",0.00104084466426099,0.0002510302134082,16,"Rate-conserved"
"Pop12","Pop15",-0.0491584342848257,9.76666728552724e-05,16,"Rate-conserved"
"Pop12","Pop16",-0.0401296215467732,0.000127985431883497,16,"Rate-conserved"
"Pop12","Pop18",-0.0176435527926665,0.000196168112610737,16,"Rate-conserved"
"Pop13","Pop14",0.0179346279532713,0.000108838795550614,16,"Rate-conserved"
"Pop13","Pop17",0.0272021745820824,0.000553255280006337,16,"Rate-conserved"
"Pop13","Pop18",-0.00828181108581234,0.000130884743541055,16,"Rate-conserved"
"Pop13","Pop19",-0.041235516435359,0.000122296041490507,16,"Rate-conserved"
"Pop14","Pop15",-0.0486090808560134,0.000310609115419184,16,"Rate-conserved"
"Pop14","Pop16",-0.0263055756508097,0.00021326739014875,16,"Rate-conserved"
"Pop14","Pop17",-0.0001464142817591,0.000357662922779332,16,"Rate-conserved"
"Pop14","Pop18",0.0124069434725624,5.93493724104641e-05,16,"Rate-conserved"
"Pop14","Pop20",-0.00982708918935273,2.88486438859526e-05,16,"Rate-conserved"
"Pop14","Pop21",-0.0252527971801119,5.00217914842814e-05,16,"Rate-conserved"
"Pop14","Pop22",-0.0575697186033593,2.12398402246645e-05,16,"Rate-conserved"
"Pop14","Pop23",-0.00675671688466413,3.11242871875378e-05,16,"Rate-conserved"
"Pop14","Pop24",-0.00345453239033527,3.1534503457623e-05,16,"Rate-conserved"
"Pop15","Pop16",0.0180538076227508,2.77036451986539e-05,16,"Rate-conserved"
"Pop15","Pop17",0.0455981954726775,6.22385560894891e-05,16,"Rate-conserved"
"Pop15","Pop18",0.0402462047033815,3.32222528636483e-05,16,"Rate-conserved"
"Pop15","Pop19",0.00968266977721045,8.55980377321886e-06,16,"Rate-conserved"
"Pop15","Pop24",0.0137291943146634,-1.74721410585772e-05,16,"Rate-conserved"
"Pop15","Pop25",-0.00616999375264386,-3.40877103638365e-05,16,"Rate-conserved"
"Pop16","Pop17",0.0265249283113838,4.0501157257368e-05,16,"Rate-conserved"
"Pop16","Pop18",0.0359404487521028,2.2652842557398e-05,16,"Rate-conserved"
"Pop16","Pop19",0.00109647309991251,5.56811951266211e-07,16,"Rate-conserved"
"Pop16","Pop23",0.000831481446379873,1.38999201981897e-05,16,"Rate-conserved"
"Pop16","Pop24",0.00775910859672801,-4.1352015701401e-05,16,"Rate-conserved"
"Pop16","Pop25",-0.0148228891712286,-1.79797791505266e-05,16,"Rate-conserved"
"Pop17","Pop18",0.0170330114484599,1.06955134718872e-05,16,"Rate-conserved"
"Pop17","Pop19",-0.0285337929534415,-1.23191580521999e-05,16,"Rate-conserved"
"Pop17","Pop21",-0.0469017148792315,-2.09502263249322e-05,16,"Rate-conserved"
"Pop17","Pop22",-0.0856617459643543,1.64765598671505e-05,16,"Rate-conserved"
"Pop17","Pop23",-0.027122620932538,5.73478173767334e-06,16,"Rate-conserved"
"Pop18","Pop19",-0.0392462899294417,7.98954416837747e-06,16,"Rate-conserved"
"Pop18","Pop20",-0.0524996059106145,-8.46331755674704e-06,16,"Rate-conserved"
"Pop18","Pop21",-0.0414773637910569,-7.46094983332842e-06,16,"Rate-conserved"
"Pop18","Pop22",-0.0707719001995944,1.86419565755796e-05,16,"Rate-conserved"
"Pop18","Pop23",-0.0239949292760583,3.77157162423281e-05,16,"Rate-conserved"
"Pop18","Pop24",-0.0157845247111735,-7.17966157065027e-06,16,"Rate-conserved"
"Pop18","Pop25",-0.0427842774786958,-7.26096243413876e-05,16,"Rate-conserved"
"Pop19","Pop20",-0.0347295878185897,1.55938809212008e-05,16,"Rate-conserved"
"Pop19","Pop23",0.00408416297891148,1.98537425365213e-05,16,"Rate-conserved"
"Pop19","Pop24",0.0104709324520433,-5.54516405474067e-05,16,"Rate-conserved"
"Pop19","Pop25",-0.0127849125894426,-1.64251297977196e-05,16,"Rate-conserved"
"Pop20","Pop21",0.0178865044080416,-3.37817766799891e-05,16,"Rate-conserved"
"Pop20","Pop23",0.0273048066878432,3.7923155706634e-05,16,"Rate-conserved"
"Pop20","Pop24",0.0337959054008444,1.14873725967097e-06,16,"Rate-conserved"
"Pop20","Pop25",-0.00386089967720037,-1.78270995136601e-05,16,"Rate-conserved"
"Pop21","Pop22",-0.0494418905963444,6.25955519953053e-05,16,"Rate-conserved"
"Pop21","Pop23",0.0209654220059812,4.253416871918e-05,16,"Rate-conserved"
"Pop21","Pop24",0.0284077311480418,7.41972137947246e-05,16,"Rate-conserved"
"Pop22","Pop23",0.0691895781502146,-2.0368251473609e-05,16,"Rate-conserved"
"Pop22","Pop24",0.0727334350750866,-0.000141888936970113,16,"Rate-conserved"
"Pop22","Pop25",0.0481732569685538,-0.000136754004195818,16,"Rate-conserved"
"Pop23","Pop24",0.00201711245285108,-9.37388209189658e-05,16,"Rate-conserved"
"Pop23","Pop25",-0.0182076609518416,-9.81925311809589e-05,16,"Rate-conserved"
"Pop24","Pop25",-0.0215016468932802,-6.76188499798568e-05,16,"Rate-conserved"
"Pop01","Pop02",0.236523955880219,0.785774360012637,17,"Isotropic"
"Pop01","Pop03",0.154417892936818,0.578411869314777,17,"Isotropic"
"Pop02","Pop03",0.0685760300151549,0.163024199491355,17,"Isotropic"
"Pop02","Pop04",-0.0906640793458338,0.0154322271673517,17,"Isotropic"
"Pop02","Pop05",-0.0353768461899043,0.0232829863840878,17,"Isotropic"
"Pop03","Pop04",-0.0563813622686809,6.34610721560736e-05,17,"Isotropic"
"Pop03","Pop05",0.0196676585194928,0.013284464727396,17,"Isotropic"
"Pop03","Pop07",0.0138301550970036,0.0208069562387224,17,"Isotropic"
"Pop03","Pop08",0.00663141702017752,0.0196638989097115,17,"Isotropic"
"Pop04","Pop05",0.172260074586728,0.103640113728815,17,"Isotropic"
"Pop04","Pop06",0.0171352769522129,0.00773809191474041,17,"Isotropic"
"Pop05","Pop06",0.044551204881095,0.014106929444452,17,"Isotropic"
"Pop05","Pop07",0.0389006187303082,0.0206463946581418,17,"Isotropic"
"Pop05","Pop08",0.033341072428283,0.00984015083024392,17,"Isotropic"
"Pop05","Pop09",0.0585426380280252,0.00540446788097024,17,"Isotropic"
"Pop05","Pop12",0.0499549213153171,-0.00298037338232271,17,"Isotropic"
"Pop06","Pop07",-0.0130679798429707,-0.00680479485455228,17,"Isotropic"
"Pop06","Pop08",-0.0128504540717051,0.00740081793144486,17,"Isotropic"
"Pop06","Pop09",0.0304467138472222,0.00579296215361464,17,"Isotropic"
"Pop06","Pop11",0.023590202515043,-0.0227451715175804,17,"Isotropic"
"Pop06","Pop12",0.024979587897792,-0.0236022008116438,17,"Isotropic"
"Pop06","Pop13",0.0303930738792311,-0.03308536992241,17,"Isotropic"
"Pop06","Pop14",0.00680833840214584,-0.00837505928498499,17,"Isotropic"
"Pop06","Pop24",-0.0183880868347789,-0.0104517477919234,17,"Isotropic"
"Pop07","Pop08",-0.00167084814956972,0.0261817664793291,17,"Isotropic"
"Pop07","Pop09",0.0435695993669819,-9.71815402353651e-05,17,"Isotropic"
"Pop07","Pop11",0.0318104474340433,-0.00984070335758356,17,"Isotropic"
"Pop07","Pop13",0.0372807902519867,-0.049219458079109,17,"Isotropic"
"Pop07","Pop14",0.0103138501482232,-0.037441901242176,17,"Isotropic"
"Pop07","Pop25",-0.0143483122171491,-0.0199438864871935,17,"Isotropic"
"Pop08","Pop09",0.0453794959830386,-0.0406540748436252,17,"Isotropic"
"Pop08","Pop10",0.0183218315894177,-0.00825873455098991,17,"Isotropic"
"Pop08","Pop11",0.0320468217931782,-0.0409760497973228,17,"Isotropic"
"Pop08","Pop16",0.0309397502713749,-0.00450302589723822,17,"Isotropic"
"Pop08","Pop19",0.0461447781534818,-0.0101441678251255,17,"Isotropic"
"Pop09","Pop10",-0.0517513281547712,0.000439979146132932,17,"Isotropic"
"Pop09","Pop11",-0.0163568719968019,-0.0156163425307722,17,"Isotropic"
"Pop09","Pop12",-0.0138366155703639,-0.0143619995278259,17,"Isotropic"
"Pop09","Pop13",-0.00579337501362863,-0.00980132078942625,17,"Isotropic"
"Pop09","Pop17",-0.00177531175625394,-0.00505383010802085,17,"Isotropic"
"Pop09","Pop18",0.00906520351498754,-0.0178474821352469,17,"Isotropic"
"Pop09","Pop19",0.0104962160497889,-0.00491341144687583,17,"Isotropic"
"Pop09","Pop22",-0.00619426120970168,-0.00482947590296201,17,"Isotropic"
"Pop10","Pop11",0.0476839665929021,-0.111326779001964,17,"Isotropic"
"Pop10","Pop12",0.0404685000752692,-0.046815179746411,17,"Isotropic"
"Pop10","Pop13",0.0217100600872904,-0.00283835285138559,17,"Isotropic"
"Pop10","Pop14",-0.00451256083494436,-0.00264612845785637,17,"Isotropic"
"Pop10","Pop19",-0.0137943096815626,-0.00923108570375983,17,"Isotropic"
"Pop11","Pop12",0.00181584363585133,-0.00220111298341268,17,"Isotropic"
"Pop11","Pop13",0.0024845579823385,0.0068775012865499,17,"Isotropic"
"Pop11","Pop15",-0.0163843517949254,0.00787714129443023,17,"Isotropic"
"Pop11","Pop16",-0.00370476976810807,0.00368171529061458,17,"Isotropic"
"Pop11","Pop25",-0.0310415535418326,-0.0141626884995623,17,"Isotropic"
"Pop12","Pop13",-0.00183759016741361,-0.0366608950607678,17,"Isotropic"
"Pop12","Pop14",-0.0228519386081816,-0.0037259385471257,17,"Isotropic"
"Pop12","Pop15",-0.0194716650394047,0.000822743571289013,17,"Isotropic"
"Pop12","Pop17",-0.00122253064034046,-0.00756556121183345,17,"Isotropic"
"Pop12","Pop18",0.00947222889149801,-0.0155535634216924,17,"Isotropic"
"Pop13","Pop14",-0.0222269394141102,0.0447290969908366,17,"Isotropic"
"Pop13","Pop15",-0.02282174119023,0.0194745877075259,17,"Isotropic"
"Pop13","Pop16",-0.0116369455911488,0.000840719405455857,17,"Isotropic"
"Pop13","Pop17",-0.00224669932132202,-0.00287342146251111,17,"Isotropic"
"Pop14","Pop15",0.00230172487447464,-0.00235275525994788,17,"Isotropic"
"Pop14","Pop19",0.0348808977471619,-0.00284353171757005,17,"Isotropic"
"Pop14","Pop23",0.0275738167634548,-0.00800166062591171,17,"Isotropic"
"Pop14","Pop24",-0.0396319740903458,-0.00711188429877555,17,"Isotropic"
"Pop15","Pop16",0.0153652549987617,-0.0296106937195096,17,"Isotropic"
"Pop15","Pop17",-1.80469216635726e-05,-0.0102541378477475,17,"Isotropic"
"Pop15","Pop19",0.0316300768642977,-0.0117311952032118,17,"Isotropic"
"Pop15","Pop24",-0.0559438944986345,-0.0107736175813873,17,"Isotropic"
"Pop15","Pop25",-0.0398130575289836,-0.0102386417331617,17,"Isotropic"
"Pop16","Pop17",-0.0244212996143009,-0.0134894951932129,17,"Isotropic"
"Pop16","Pop18",-0.00985224113203087,-0.0179111873383418,17,"Isotropic"
"Pop16","Pop19",0.0180209851776277,-0.0467441724200338,17,"Isotropic"
"Pop16","Pop20",-0.0424194267632964,-0.0503771127090233,17,"Isotropic"
"Pop16","Pop21",0.0337140037779616,-0.00633447299252328,17,"Isotropic"
"Pop16","Pop22",-0.0130115771520764,-0.0101229699442011,17,"Isotropic"
"Pop17","Pop18",0.00324707266209029,-0.285505545984566,17,"Isotropic"
"Pop17","Pop19",0.0451977121788218,-0.0283267098513409,17,"Isotropic"
"Pop17","Pop21",0.0266631123344936,-0.0110487753253413,17,"Isotropic"
"Pop18","Pop19",0.0407020737086776,0.0221758331377041,17,"Isotropic"
"Pop18","Pop20",-0.074428478284183,-0.066578450118407,17,"Isotropic"
"Pop18","Pop21",0.0178527491653829,0.0057172890118471,17,"Isotropic"
"Pop18","Pop22",-0.0321674969701911,-0.00885574968338619,17,"Isotropic"
"Pop19","Pop20",-0.146590918867294,-0.0522837566696872,17,"Isotropic"
"Pop19","Pop21",-0.0228005215509684,-0.0157311467644279,17,"Isotropic"
"Pop19","Pop22",-0.0473223640825496,-0.017346068586941,17,"Isotropic"
"Pop20","Pop21",0.0868360384893144,0.015446603518675,17,"Isotropic"
"Pop20","Pop25",-0.0674638552851005,-0.0284650069243834,17,"Isotropic"
"Pop21","Pop22",-0.043452054316096,-0.0120474531973953,17,"Isotropic"
"Pop21","Pop23",-0.0730706429336563,-0.0653540468193939,17,"Isotropic"
"Pop21","Pop24",-0.115118359035194,-0.0333916164075626,17,"Isotropic"
"Pop22","Pop23",-0.0419551827222737,-0.0626112863261756,17,"Isotropic"
"Pop22","Pop25",-0.0211030660549312,-0.131243250296143,17,"Isotropic"
"Pop23","Pop24",0.00324350125324846,0.164875897456341,17,"Isotropic"
"Pop23","Pop25",0.0434115564438285,-0.111941454467823,17,"Isotropic"
"Pop24","Pop25",0.0381334744298416,-0.167953085969384,17,"Isotropic"
"Pop01","Pop12",0.189673854742902,NA,17,"Flux-conserved"
"Pop01","Pop20",0.180833307553748,-100341935615.272,17,"Flux-conserved"
"Pop01","Pop21",0.121013799081631,NA,17,"Flux-conserved"
"Pop01","Pop22",0.171242061021088,-100341935615.272,17,"Flux-conserved"
"Pop01","Pop25",-0.0714153699422221,NA,17,"Flux-conserved"
"Pop02","Pop12",0.189673854742902,NA,17,"Flux-conserved"
"Pop02","Pop20",0.180833307553748,-100341935615.272,17,"Flux-conserved"
"Pop02","Pop21",0.121013799081631,NA,17,"Flux-conserved"
"Pop02","Pop22",0.171242061021088,-100341935615.272,17,"Flux-conserved"
"Pop02","Pop25",-0.0714153699422221,NA,17,"Flux-conserved"
"Pop03","Pop12",0.189673854742902,NA,17,"Flux-conserved"
"Pop03","Pop20",0.180833307553748,-100341935615.272,17,"Flux-conserved"
"Pop03","Pop21",0.121013799081631,NA,17,"Flux-conserved"
"Pop03","Pop22",0.171242061021088,-100341935615.272,17,"Flux-conserved"
"Pop03","Pop25",-0.0714153699422221,NA,17,"Flux-conserved"
"Pop04","Pop12",0.189673854742902,NA,17,"Flux-conserved"
"Pop04","Pop20",0.180833307553748,-100341935615.272,17,"Flux-conserved"
"Pop04","Pop21",0.121013799081631,NA,17,"Flux-conserved"
"Pop04","Pop22",0.171242061021088,-100341935615.272,17,"Flux-conserved"
"Pop04","Pop25",-0.0714153699422221,NA,17,"Flux-conserved"
"Pop05","Pop12",0.189673854742902,NA,17,"Flux-conserved"
"Pop05","Pop20",0.180833307553748,-100341935615.272,17,"Flux-conserved"
"Pop05","Pop21",0.121013799081631,NA,17,"Flux-conserved"
"Pop05","Pop22",0.171242061021088,-100341935615.272,17,"Flux-conserved"
"Pop05","Pop25",-0.0714153699422221,NA,17,"Flux-conserved"
"Pop06","Pop12",0.189673854742902,NA,17,"Flux-conserved"
"Pop06","Pop20",0.180833307553748,-100341935615.272,17,"Flux-conserved"
"Pop06","Pop21",0.121013799081631,NA,17,"Flux-conserved"
"Pop06","Pop22",0.171242061021088,-100341935615.272,17,"Flux-conserved"
"Pop06","Pop25",-0.0714153699422221,NA,17,"Flux-conserved"
"Pop07","Pop09",-0.0382970375639623,0.0772237504817679,17,"Flux-conserved"
"Pop07","Pop13",0.0796040386770748,-0.0718488906131405,17,"Flux-conserved"
"Pop08","Pop14",-0.0218502210632894,-0.00108284879480805,17,"Flux-conserved"
"Pop08","Pop15",-0.0329261319802668,0.0023185805814871,17,"Flux-conserved"
"Pop08","Pop16",-0.115064250032965,0.195906088186455,17,"Flux-conserved"
"Pop08","Pop17",0.0696628089729888,0.0201613131951467,17,"Flux-conserved"
"Pop08","Pop19",-0.0594043175300655,0.000703376812234267,17,"Flux-conserved"
"Pop09","Pop14",0.0060648428486193,0.0278866601185241,17,"Flux-conserved"
"Pop10","Pop12",0.189673854742902,NA,17,"Flux-conserved"
"Pop10","Pop20",0.180833307553748,-100341935615.272,17,"Flux-conserved"
"Pop10","Pop21",0.121013799081631,NA,17,"Flux-conserved"
"Pop10","Pop22",0.171242061021088,-100341935615.272,17,"Flux-conserved"
"Pop10","Pop25",-0.0714153699422221,NA,17,"Flux-conserved"
"Pop11","Pop12",0.189673854742902,NA,17,"Flux-conserved"
"Pop11","Pop20",0.180833307553748,-100341935615.272,17,"Flux-conserved"
"Pop11","Pop21",0.121013799081631,NA,17,"Flux-conserved"
"Pop11","Pop22",0.171242061021088,-100341935615.272,17,"Flux-conserved"
"Pop11","Pop25",-0.0714153699422221,NA,17,"Flux-conserved"
"Pop12","Pop13",-0.533703870230602,0.285476606624836,17,"Flux-conserved"
"Pop14","Pop18",0.0167786565176659,0.059892938915315,17,"Flux-conserved"
"Pop14","Pop19",0.0139433946142323,0.0233536202711439,17,"Flux-conserved"
"Pop14","Pop22",0.0383458111887722,0.00635571438592391,17,"Flux-conserved"
"Pop15","Pop16",-0.0314856101849983,0.0155518535817289,17,"Flux-conserved"
"Pop15","Pop17",0.142627624928286,0.00248518472295432,17,"Flux-conserved"
"Pop15","Pop25",-0.0675397853353521,7.81477621759027e-05,17,"Flux-conserved"
"Pop16","Pop17",-0.0105178991744016,0.00206824430790497,17,"Flux-conserved"
"Pop17","Pop18",-0.0339604607780087,-0.00134333728356181,17,"Flux-conserved"
"Pop17","Pop19",-0.0284463553924633,0.000238347463535479,17,"Flux-conserved"
"Pop17","Pop20",0.0565645332245464,-0.000609504130700422,17,"Flux-conserved"
"Pop17","Pop22",-0.02253214521074,-0.000350500548197762,17,"Flux-conserved"
"Pop18","Pop19",0.0529577671438964,0.00529481952576758,17,"Flux-conserved"
"Pop18","Pop20",0.183950545867196,0.0122339514198525,17,"Flux-conserved"
"Pop18","Pop21",-0.0411628158775756,0.00111793395742813,17,"Flux-conserved"
"Pop19","Pop20",0.079005233458954,0.00240648040877061,17,"Flux-conserved"
"Pop19","Pop21",0.0159845864341441,0.00134492675564814,17,"Flux-conserved"
"Pop19","Pop22",0.0701362932582232,-0.00117120248107023,17,"Flux-conserved"
"Pop19","Pop23",-0.172683523553153,0.000265083168743565,17,"Flux-conserved"
"Pop20","Pop21",-0.0339076611146421,0.000401758655971125,17,"Flux-conserved"
"Pop20","Pop22",-0.00513427049077396,-0.000584826485104205,17,"Flux-conserved"
"Pop20","Pop24",-0.157090465626158,0.000167096858176961,17,"Flux-conserved"
"Pop21","Pop22",0.0189235632181252,-0.0135878471115218,17,"Flux-conserved"
"Pop21","Pop23",-0.156413329514846,0.000505678922484654,17,"Flux-conserved"
"Pop21","Pop25",-0.0786415045322605,0.000250589514391727,17,"Flux-conserved"
"Pop22","Pop23",-0.18313775718392,0.000740904625755976,17,"Flux-conserved"
"Pop22","Pop24",-0.185659940457125,0.000349298151212183,17,"Flux-conserved"
"Pop23","Pop24",-0.043670314700205,-0.000353992572950023,17,"Flux-conserved"
"Pop23","Pop25",0.100759798215785,3.26828702459064e-05,17,"Flux-conserved"
"Pop24","Pop25",0.22822361597023,0.000527381196606762,17,"Flux-conserved"
"Pop01","Pop02",0.1317405213209,NA,17,"Rate-conserved"
"Pop01","Pop07",0.0341864651750547,-978540255375.199,17,"Rate-conserved"
"Pop02","Pop03",-0.329906423159406,0.764388152567153,17,"Rate-conserved"
"Pop03","Pop04",0.126938859723114,0.0934331303395845,17,"Rate-conserved"
"Pop04","Pop05",0.305254766607814,0.103725906741407,17,"Rate-conserved"
"Pop05","Pop06",-0.010310122885642,0.0120886384886911,17,"Rate-conserved"
"Pop05","Pop07",0.000575142501919285,0.00264988995277326,17,"Rate-conserved"
"Pop05","Pop08",0.0116645311601336,0.0357964226187045,17,"Rate-conserved"
"Pop06","Pop07",-0.0157938531256103,0.176374800126458,17,"Rate-conserved"
"Pop06","Pop08",0.0331868767895445,0.0671403836360452,17,"Rate-conserved"
"Pop06","Pop09",0.00456095884098026,0.0246213680983399,17,"Rate-conserved"
"Pop06","Pop10",-0.103758080456739,0.00545343687717645,17,"Rate-conserved"
"Pop07","Pop08",0.0223719318534704,0.0204909808488391,17,"Rate-conserved"
"Pop07","Pop09",-0.0249458475908849,0.0159005811957508,17,"Rate-conserved"
"Pop08","Pop09",0.0205402236691689,0.0138835434918692,17,"Rate-conserved"
"Pop08","Pop10",-0.0900136057118939,0.00315339701999983,17,"Rate-conserved"
"Pop08","Pop11",-0.0799482560601988,0.00541120030423431,17,"Rate-conserved"
"Pop09","Pop10",-0.0112229855144565,0.00108513361599584,17,"Rate-conserved"
"Pop09","Pop11",0.000172175241714756,0.00117647524259618,17,"Rate-conserved"
"Pop09","Pop14",0.00691013626703001,0.00275396189828408,17,"Rate-conserved"
"Pop09","Pop15",0.0214023209680977,0.0018537010702855,17,"Rate-conserved"
"Pop09","Pop22",0.00582437099433806,-1.5233433737025e-05,17,"Rate-conserved"
"Pop10","Pop11",0.0207354613428919,0.0026651659319099,17,"Rate-conserved"
"Pop10","Pop13",-0.0015863490097936,0.000680628956202097,17,"Rate-conserved"
"Pop10","Pop14",0.0170890229629256,0.0019862340356442,17,"Rate-conserved"
"Pop10","Pop16",0.0109431727953969,0.00137070914879223,17,"Rate-conserved"
"Pop11","Pop12",-0.0450341795247424,0.000468704781582193,17,"Rate-conserved"
"Pop11","Pop13",-0.0112038890433953,0.00178341040890084,17,"Rate-conserved"
"Pop11","Pop14",0.00429700339781397,0.00112339860502626,17,"Rate-conserved"
"Pop11","Pop15",0.0249178255511018,0.00134082659840671,17,"Rate-conserved"
"Pop11","Pop17",0.0181422861738724,0.000334344335685583,17,"Rate-conserved"
"Pop12","Pop13",0.0395956163801209,0.00152388838326785,17,"Rate-conserved"
"Pop12","Pop14",0.05205348012658,0.000623591672523705,17,"Rate-conserved"
"Pop12","Pop15",0.0925825634273369,0.00241362936848651,17,"Rate-conserved"
"Pop12","Pop17",0.0593553250931204,0.000241985501057961,17,"Rate-conserved"
"Pop12","Pop25",-0.0166490754023373,-2.02802380974411e-06,17,"Rate-conserved"
"Pop13","Pop14",0.016701756919492,0.000346290038511977,17,"Rate-conserved"
"Pop13","Pop15",0.0554725751838567,0.000979115546072986,17,"Rate-conserved"
"Pop13","Pop16",0.00856591778189569,0.000790100154715922,17,"Rate-conserved"
"Pop13","Pop25",-0.027559525238445,-1.93657195359244e-05,17,"Rate-conserved"
"Pop14","Pop15",0.036447564235955,0.00198372819066168,17,"Rate-conserved"
"Pop14","Pop16",-0.0108552893749268,0.00311068524843256,17,"Rate-conserved"
"Pop14","Pop24",-0.00773065408132338,-0.000627385742239948,17,"Rate-conserved"
"Pop15","Pop16",-0.0771136639338811,0.000467548594904995,17,"Rate-conserved"
"Pop15","Pop17",-0.0351949460552938,-0.000293700632062827,17,"Rate-conserved"
"Pop15","Pop18",-0.0222179497933393,-0.000579848597341841,17,"Rate-conserved"
"Pop15","Pop19",-0.0415977467071588,-0.00205620719122378,17,"Rate-conserved"
"Pop15","Pop24",-0.030448032889512,-0.00130221904210697,17,"Rate-conserved"
"Pop15","Pop25",-0.0452599242534449,-0.000541526151007596,17,"Rate-conserved"
"Pop16","Pop17",0.028366253003137,-0.0013710902119909,17,"Rate-conserved"
"Pop16","Pop18",0.0142559813293062,-0.00122961873249083,17,"Rate-conserved"
"Pop16","Pop23",0.0137374765218247,-0.000858999203458162,17,"Rate-conserved"
"Pop17","Pop18",0.00507554187937032,0.000205877095490658,17,"Rate-conserved"
"Pop17","Pop19",-0.0658521163194704,0.00137131735526598,17,"Rate-conserved"
"Pop17","Pop20",0.00353837318663988,-0.0017270128717266,17,"Rate-conserved"
"Pop17","Pop23",-0.00795661510329353,-0.00135728738422844,17,"Rate-conserved"
"Pop18","Pop19",-0.045446975381028,3.16168817275115e-05,17,"Rate-conserved"
"Pop18","Pop21",-0.00528872840851963,-0.000813674400573482,17,"Rate-conserved"
"Pop18","Pop22",0.00704511103714206,-0.00153289427221377,17,"Rate-conserved"
"Pop18","Pop23",0.00303869067589627,-0.0021644836239104,17,"Rate-conserved"
"Pop18","Pop24",-0.0135992409746892,-0.000363357929749568,17,"Rate-conserved"
"Pop18","Pop25",-0.0322515670684427,-0.000377832796193257,17,"Rate-conserved"
"Pop19","Pop20",0.0712874915531454,-0.0170271071718922,17,"Rate-conserved"
"Pop19","Pop22",0.0492377214717186,-0.0019046933739555,17,"Rate-conserved"
"Pop20","Pop21",-0.0706816613615833,-4.52074739004703e-05,17,"Rate-conserved"
"Pop20","Pop22",0.0113826898641516,-0.000780057027334833,17,"Rate-conserved"
"Pop20","Pop23",-0.00720637143759961,-0.00137675035632261,17,"Rate-conserved"
"Pop20","Pop24",-0.021027831010843,5.97441601866977e-05,17,"Rate-conserved"
"Pop20","Pop25",-0.0527770682370372,0.000203143504318817,17,"Rate-conserved"
"Pop21","Pop22",0.114653532602409,7.27828918111861e-05,17,"Rate-conserved"
"Pop21","Pop24",0.0363123133300992,-0.000670016481760439,17,"Rate-conserved"
"Pop21","Pop25",0.0686518164719121,0.00146424780047186,17,"Rate-conserved"
"Pop22","Pop23",-0.0267906072043183,0.000156565421438062,17,"Rate-conserved"
"Pop22","Pop24",-0.0212628815416443,-0.000725438507410773,17,"Rate-conserved"
"Pop22","Pop25",-0.0136422419572833,0.000278335182253859,17,"Rate-conserved"
"Pop23","Pop24",0.012047701989056,0.00389678745698627,17,"Rate-conserved"
"Pop23","Pop25",-0.0182015725276084,0.000221198999735646,17,"Rate-conserved"
"Pop24","Pop25",-0.00793923576336314,0.00281222560289859,17,"Rate-conserved"
"Pop01","Pop02",0.0376154734642241,0.0192688650603426,18,"Isotropic"
"Pop01","Pop03",0.00475867244606878,0.0206960853323046,18,"Isotropic"
"Pop01","Pop04",0.0605743597541895,0.0582801153570493,18,"Isotropic"
"Pop01","Pop05",0.0594295445188162,0.0510751622553988,18,"Isotropic"
"Pop01","Pop07",0.0595515324416881,0.030059618582644,18,"Isotropic"
"Pop01","Pop12",-0.0186403209656566,0.0062594129409914,18,"Isotropic"
"Pop02","Pop03",-0.066021946386799,0.0735276622561701,18,"Isotropic"
"Pop02","Pop04",0.0145497600518865,0.0648474289159271,18,"Isotropic"
"Pop02","Pop05",0.00243849832264748,0.0512651370634847,18,"Isotropic"
"Pop02","Pop06",-0.0553456929973201,0.0284425131241408,18,"Isotropic"
"Pop02","Pop07",-0.00238087938985501,0.0133816910618833,18,"Isotropic"
"Pop02","Pop08",-0.0300029017775658,0.0178517694304181,18,"Isotropic"
"Pop03","Pop04",0.0863675667927694,0.083538641503518,18,"Isotropic"
"Pop03","Pop05",0.0178089835841969,0.025657275434448,18,"Isotropic"
"Pop03","Pop06",-0.0615482288005611,0.0310786033889462,18,"Isotropic"
"Pop04","Pop05",0.00135360907251916,0.0380995944858863,18,"Isotropic"
"Pop04","Pop07",0.00413275501382822,0.0220723391993973,18,"Isotropic"
"Pop04","Pop08",-0.0156204905404503,0.0173944185730379,18,"Isotropic"
"Pop04","Pop09",-0.0265648016335385,0.00546791613079405,18,"Isotropic"
"Pop04","Pop10",-0.0384530597980527,0.010236653381359,18,"Isotropic"
"Pop05","Pop06",-0.0577655617633955,-0.013955117327143,18,"Isotropic"
"Pop05","Pop07",0.00177537270859648,0.0166147840339399,18,"Isotropic"
"Pop05","Pop08",-0.0129055091154511,0.0221385243592307,18,"Isotropic"
"Pop05","Pop09",-0.0301619513783315,0.00132094004067664,18,"Isotropic"
"Pop06","Pop07",0.0621954084364342,0.011710501356807,18,"Isotropic"
"Pop06","Pop08",0.0518676824107837,0.0205822671075379,18,"Isotropic"
"Pop06","Pop12",-0.0297111704119319,0.00705584840443314,18,"Isotropic"
"Pop07","Pop08",-0.0017714724404376,-0.0419526312151942,18,"Isotropic"
"Pop07","Pop09",-0.033402993545374,0.00793663162671279,18,"Isotropic"
"Pop07","Pop11",-0.054139417473928,0.00102003673303496,18,"Isotropic"
"Pop08","Pop09",-0.0247824046880369,-0.0106225450660765,18,"Isotropic"
"Pop08","Pop10",-0.0701940872808078,0.0016391117039343,18,"Isotropic"
"Pop08","Pop20",0.000683113725680189,-0.00420037508196207,18,"Isotropic"
"Pop09","Pop10",-0.0732398773841759,0.0146754933207045,18,"Isotropic"
"Pop09","Pop11",-0.0171791141467829,0.000358227578933886,18,"Isotropic"
"Pop09","Pop12",-0.0344706971597108,-0.000845075001858134,18,"Isotropic"
"Pop10","Pop11",0.0696583663921708,-0.00994511051031813,18,"Isotropic"
"Pop10","Pop12",0.0227320511459402,-0.00958856959125152,18,"Isotropic"
"Pop11","Pop12",0.00933453215746036,-0.00752246412320376,18,"Isotropic"
"Pop11","Pop13",0.0425818337652811,-0.00462980349093057,18,"Isotropic"
"Pop11","Pop15",0.058937622042873,-0.00810994370971108,18,"Isotropic"
"Pop11","Pop23",0.0506821668769299,-0.029603504603358,18,"Isotropic"
"Pop12","Pop13",-0.0332886226086255,-0.00690002087310553,18,"Isotropic"
"Pop12","Pop16",0.0429690746105592,-0.0164456505714924,18,"Isotropic"
"Pop12","Pop21",0.060181150679623,-0.0176597133337104,18,"Isotropic"
"Pop13","Pop14",-0.0576593736778722,-0.0195708943612633,18,"Isotropic"
"Pop13","Pop15",0.0631912722976455,-0.00704990611958217,18,"Isotropic"
"Pop13","Pop21",0.00917253028444123,-0.0130057683233487,18,"Isotropic"
"Pop13","Pop22",0.045932328744952,-0.0192808778639366,18,"Isotropic"
"Pop14","Pop15",0.131523889793035,-0.0248304520297819,18,"Isotropic"
"Pop14","Pop21",0.0461806616682395,-0.0162073177334576,18,"Isotropic"
"Pop14","Pop22",0.0832968131719357,-0.0164090892829334,18,"Isotropic"
"Pop14","Pop23",0.0560277182464567,-0.012623291435837,18,"Isotropic"
"Pop15","Pop16",-0.0212639901396993,-0.0185996931528565,18,"Isotropic"
"Pop15","Pop17",-0.054874503843133,-0.0248082261927703,18,"Isotropic"
"Pop15","Pop18",-0.014997397142944,-0.00295473950794818,18,"Isotropic"
"Pop15","Pop19",-0.00952151361227074,-0.00122108683103606,18,"Isotropic"
"Pop15","Pop20",-0.029806471995654,-0.000872462185269702,18,"Isotropic"
"Pop15","Pop24",-0.0168316061559627,-0.00760687725275161,18,"Isotropic"
"Pop16","Pop17",-0.0524534585440718,-0.0675442931104897,18,"Isotropic"
"Pop16","Pop18",-0.0276102942758715,-0.013254199728229,18,"Isotropic"
"Pop16","Pop20",-0.0185577935516397,0.00343239304961591,18,"Isotropic"
"Pop16","Pop21",0.00472669189706236,-0.00631745756168289,18,"Isotropic"
"Pop16","Pop23",0.00511429691730841,-0.00236618115272086,18,"Isotropic"
"Pop16","Pop24",-0.00932877666136636,-0.0110351748451672,18,"Isotropic"
"Pop17","Pop18",-0.0202849421591778,0.0165757220116956,18,"Isotropic"
"Pop17","Pop19",-0.0204719330010286,0.0275255964130954,18,"Isotropic"
"Pop17","Pop20",-0.0245977769936771,0.00213497668511129,18,"Isotropic"
"Pop17","Pop24",-0.0227941223312512,-0.0118547164499326,18,"Isotropic"
"Pop18","Pop19",-0.00284396316900054,0.0973765903909433,18,"Isotropic"
"Pop18","Pop20",0.0173114920232688,0.00500192435820647,18,"Isotropic"
"Pop19","Pop20",0.0504438511626259,0.00227422623333468,18,"Isotropic"
"Pop19","Pop22",0.072174202060159,-0.00848385987195436,18,"Isotropic"
"Pop20","Pop21",0.00586991646822438,-0.0131080960810306,18,"Isotropic"
"Pop20","Pop22",0.0319712619700587,-0.0236772367012476,18,"Isotropic"
"Pop21","Pop22",0.00939217089881786,0.0136159574485389,18,"Isotropic"
"Pop21","Pop23",-0.0139563845034765,0.00800490086055929,18,"Isotropic"
"Pop21","Pop25",-0.0209019265212128,-0.0468434469369283,18,"Isotropic"
"Pop22","Pop23",-0.0266405759964359,-0.0196200493424726,18,"Isotropic"
"Pop22","Pop24",-0.0686025433799168,-0.0730495873033631,18,"Isotropic"
"Pop22","Pop25",-0.0404071908895415,-0.0442403235740747,18,"Isotropic"
"Pop23","Pop24",-0.0439881634533477,-0.0813130133045612,18,"Isotropic"
"Pop23","Pop25",-0.0983372020323147,-0.149139341944195,18,"Isotropic"
"Pop24","Pop25",-0.097136431750025,-0.381820467364061,18,"Isotropic"
"Pop01","Pop18",0.150718837877798,NA,18,"Flux-conserved"
"Pop01","Pop19",0.136636543501144,NA,18,"Flux-conserved"
"Pop01","Pop20",0.0653824140859216,-2455011081949.07,18,"Flux-conserved"
"Pop01","Pop21",0.108586477782922,NA,18,"Flux-conserved"
"Pop01","Pop22",0.0622419490137233,NA,18,"Flux-conserved"
"Pop01","Pop23",-0.0110700866488253,NA,18,"Flux-conserved"
"Pop01","Pop24",0.0784409340837978,-2455011081949.07,18,"Flux-conserved"
"Pop01","Pop25",0.0462017456841924,-2455011081949.07,18,"Flux-conserved"
"Pop02","Pop18",0.150718837877798,NA,18,"Flux-conserved"
"Pop02","Pop19",0.136636543501144,NA,18,"Flux-conserved"
"Pop02","Pop20",0.0653824140859216,-2455011081949.07,18,"Flux-conserved"
"Pop02","Pop21",0.108586477782922,NA,18,"Flux-conserved"
"Pop02","Pop22",0.0622419490137233,NA,18,"Flux-conserved"
"Pop02","Pop23",-0.0110700866488253,NA,18,"Flux-conserved"
"Pop02","Pop24",0.0784409340837978,-2455011081949.07,18,"Flux-conserved"
"Pop02","Pop25",0.0462017456841924,-2455011081949.07,18,"Flux-conserved"
"Pop03","Pop18",0.150718837877798,NA,18,"Flux-conserved"
"Pop03","Pop19",0.136636543501144,NA,18,"Flux-conserved"
"Pop03","Pop20",0.0653824140859216,-2455011081949.07,18,"Flux-conserved"
"Pop03","Pop21",0.108586477782922,NA,18,"Flux-conserved"
"Pop03","Pop22",0.0622419490137233,NA,18,"Flux-conserved"
"Pop03","Pop23",-0.0110700866488253,NA,18,"Flux-conserved"
"Pop03","Pop24",0.0784409340837978,-2455011081949.07,18,"Flux-conserved"
"Pop03","Pop25",0.0462017456841924,-2455011081949.07,18,"Flux-conserved"
"Pop04","Pop18",0.150718837877798,NA,18,"Flux-conserved"
"Pop04","Pop19",0.136636543501144,NA,18,"Flux-conserved"
"Pop04","Pop20",0.0653824140859216,-2455011081949.07,18,"Flux-conserved"
"Pop04","Pop21",0.108586477782922,NA,18,"Flux-conserved"
"Pop04","Pop22",0.0622419490137233,NA,18,"Flux-conserved"
"Pop04","Pop23",-0.0110700866488253,NA,18,"Flux-conserved"
"Pop04","Pop24",0.0784409340837978,-2455011081949.07,18,"Flux-conserved"
"Pop04","Pop25",0.0462017456841924,-2455011081949.07,18,"Flux-conserved"
"Pop05","Pop18",0.150718837877798,NA,18,"Flux-conserved"
"Pop05","Pop19",0.136636543501144,NA,18,"Flux-conserved"
"Pop05","Pop20",0.0653824140859216,-2455011081949.07,18,"Flux-conserved"
"Pop05","Pop21",0.108586477782922,NA,18,"Flux-conserved"
"Pop05","Pop22",0.0622419490137233,NA,18,"Flux-conserved"
"Pop05","Pop23",-0.0110700866488253,NA,18,"Flux-conserved"
"Pop05","Pop24",0.0784409340837978,-2455011081949.07,18,"Flux-conserved"
"Pop05","Pop25",0.0462017456841924,-2455011081949.07,18,"Flux-conserved"
"Pop06","Pop18",0.150718837877798,NA,18,"Flux-conserved"
"Pop06","Pop19",0.136636543501144,NA,18,"Flux-conserved"
"Pop06","Pop20",0.0653824140859216,-2455011081949.07,18,"Flux-conserved"
"Pop06","Pop21",0.108586477782922,NA,18,"Flux-conserved"
"Pop06","Pop22",0.0622419490137233,NA,18,"Flux-conserved"
"Pop06","Pop23",-0.0110700866488253,NA,18,"Flux-conserved"
"Pop06","Pop24",0.0784409340837978,-2455011081949.07,18,"Flux-conserved"
"Pop06","Pop25",0.0462017456841924,-2455011081949.07,18,"Flux-conserved"
"Pop07","Pop18",0.150718837877798,NA,18,"Flux-conserved"
"Pop07","Pop19",0.136636543501144,NA,18,"Flux-conserved"
"Pop07","Pop20",0.0653824140859216,-2455011081949.07,18,"Flux-conserved"
"Pop07","Pop21",0.108586477782922,NA,18,"Flux-conserved"
"Pop07","Pop22",0.0622419490137233,NA,18,"Flux-conserved"
"Pop07","Pop23",-0.0110700866488253,NA,18,"Flux-conserved"
"Pop07","Pop24",0.0784409340837978,-2455011081949.07,18,"Flux-conserved"
"Pop07","Pop25",0.0462017456841924,-2455011081949.07,18,"Flux-conserved"
"Pop08","Pop18",0.150718837877798,NA,18,"Flux-conserved"
"Pop08","Pop19",0.136636543501144,NA,18,"Flux-conserved"
"Pop08","Pop20",0.0653824140859216,-2455011081949.07,18,"Flux-conserved"
"Pop08","Pop21",0.108586477782922,NA,18,"Flux-conserved"
"Pop08","Pop22",0.0622419490137233,NA,18,"Flux-conserved"
"Pop08","Pop23",-0.0110700866488253,NA,18,"Flux-conserved"
"Pop08","Pop24",0.0784409340837978,-2455011081949.07,18,"Flux-conserved"
"Pop08","Pop25",0.0462017456841924,-2455011081949.07,18,"Flux-conserved"
"Pop09","Pop18",0.150718837877798,NA,18,"Flux-conserved"
"Pop09","Pop19",0.136636543501144,NA,18,"Flux-conserved"
"Pop09","Pop20",0.0653824140859216,-2455011081949.07,18,"Flux-conserved"
"Pop09","Pop21",0.108586477782922,NA,18,"Flux-conserved"
"Pop09","Pop22",0.0622419490137233,NA,18,"Flux-conserved"
"Pop09","Pop23",-0.0110700866488253,NA,18,"Flux-conserved"
"Pop09","Pop24",0.0784409340837978,-2455011081949.07,18,"Flux-conserved"
"Pop09","Pop25",0.0462017456841924,-2455011081949.07,18,"Flux-conserved"
"Pop10","Pop18",0.150718837877798,NA,18,"Flux-conserved"
"Pop10","Pop19",0.136636543501144,NA,18,"Flux-conserved"
"Pop10","Pop20",0.0653824140859216,-2455011081949.07,18,"Flux-conserved"
"Pop10","Pop21",0.108586477782922,NA,18,"Flux-conserved"
"Pop10","Pop22",0.0622419490137233,NA,18,"Flux-conserved"
"Pop10","Pop23",-0.0110700866488253,NA,18,"Flux-conserved"
"Pop10","Pop24",0.0784409340837978,-2455011081949.07,18,"Flux-conserved"
"Pop10","Pop25",0.0462017456841924,-2455011081949.07,18,"Flux-conserved"
"Pop11","Pop18",0.150718837877798,NA,18,"Flux-conserved"
"Pop11","Pop19",0.136636543501144,NA,18,"Flux-conserved"
"Pop11","Pop20",0.0653824140859216,-2455011081949.07,18,"Flux-conserved"
"Pop11","Pop21",0.108586477782922,NA,18,"Flux-conserved"
"Pop11","Pop22",0.0622419490137233,NA,18,"Flux-conserved"
"Pop11","Pop23",-0.0110700866488253,NA,18,"Flux-conserved"
"Pop11","Pop24",0.0784409340837978,-2455011081949.07,18,"Flux-conserved"
"Pop11","Pop25",0.0462017456841924,-2455011081949.07,18,"Flux-conserved"
"Pop12","Pop18",0.150718837877798,NA,18,"Flux-conserved"
"Pop12","Pop19",0.136636543501144,NA,18,"Flux-conserved"
"Pop12","Pop20",0.0653824140859216,-2455011081949.07,18,"Flux-conserved"
"Pop12","Pop21",0.108586477782922,NA,18,"Flux-conserved"
"Pop12","Pop22",0.0622419490137233,NA,18,"Flux-conserved"
"Pop12","Pop23",-0.0110700866488253,NA,18,"Flux-conserved"
"Pop12","Pop24",0.0784409340837978,-2455011081949.07,18,"Flux-conserved"
"Pop12","Pop25",0.0462017456841924,-2455011081949.07,18,"Flux-conserved"
"Pop13","Pop18",0.150718837877798,NA,18,"Flux-conserved"
"Pop13","Pop19",0.136636543501144,NA,18,"Flux-conserved"
"Pop13","Pop20",0.0653824140859216,-2455011081949.07,18,"Flux-conserved"
"Pop13","Pop21",0.108586477782922,NA,18,"Flux-conserved"
"Pop13","Pop22",0.0622419490137233,NA,18,"Flux-conserved"
"Pop13","Pop23",-0.0110700866488253,NA,18,"Flux-conserved"
"Pop13","Pop24",0.0784409340837978,-2455011081949.07,18,"Flux-conserved"
"Pop13","Pop25",0.0462017456841924,-2455011081949.07,18,"Flux-conserved"
"Pop14","Pop18",0.150718837877798,NA,18,"Flux-conserved"
"Pop14","Pop19",0.136636543501144,NA,18,"Flux-conserved"
"Pop14","Pop20",0.0653824140859216,-2455011081949.07,18,"Flux-conserved"
"Pop14","Pop21",0.108586477782922,NA,18,"Flux-conserved"
"Pop14","Pop22",0.0622419490137233,NA,18,"Flux-conserved"
"Pop14","Pop23",-0.0110700866488253,NA,18,"Flux-conserved"
"Pop14","Pop24",0.0784409340837978,-2455011081949.07,18,"Flux-conserved"
"Pop14","Pop25",0.0462017456841924,-2455011081949.07,18,"Flux-conserved"
"Pop15","Pop18",0.150718837877798,NA,18,"Flux-conserved"
"Pop15","Pop19",0.136636543501144,NA,18,"Flux-conserved"
"Pop15","Pop20",0.0653824140859216,-2455011081949.07,18,"Flux-conserved"
"Pop15","Pop21",0.108586477782922,NA,18,"Flux-conserved"
"Pop15","Pop22",0.0622419490137233,NA,18,"Flux-conserved"
"Pop15","Pop23",-0.0110700866488253,NA,18,"Flux-conserved"
"Pop15","Pop24",0.0784409340837978,-2455011081949.07,18,"Flux-conserved"
"Pop15","Pop25",0.0462017456841924,-2455011081949.07,18,"Flux-conserved"
"Pop16","Pop18",0.150718837877798,NA,18,"Flux-conserved"
"Pop16","Pop19",0.136636543501144,NA,18,"Flux-conserved"
"Pop16","Pop20",0.0653824140859216,-2455011081949.07,18,"Flux-conserved"
"Pop16","Pop21",0.108586477782922,NA,18,"Flux-conserved"
"Pop16","Pop22",0.0622419490137233,NA,18,"Flux-conserved"
"Pop16","Pop23",-0.0110700866488253,NA,18,"Flux-conserved"
"Pop16","Pop24",0.0784409340837978,-2455011081949.07,18,"Flux-conserved"
"Pop16","Pop25",0.0462017456841924,-2455011081949.07,18,"Flux-conserved"
"Pop17","Pop18",0.150718837877798,NA,18,"Flux-conserved"
"Pop17","Pop19",0.136636543501144,NA,18,"Flux-conserved"
"Pop17","Pop20",0.0653824140859216,-2455011081949.07,18,"Flux-conserved"
"Pop17","Pop21",0.108586477782922,NA,18,"Flux-conserved"
"Pop17","Pop22",0.0622419490137233,NA,18,"Flux-conserved"
"Pop17","Pop23",-0.0110700866488253,NA,18,"Flux-conserved"
"Pop17","Pop24",0.0784409340837978,-2455011081949.07,18,"Flux-conserved"
"Pop17","Pop25",0.0462017456841924,-2455011081949.07,18,"Flux-conserved"
"Pop18","Pop19",-0.0472747719858449,0.746537151716942,18,"Flux-conserved"
"Pop18","Pop20",-0.0413396242683862,0.450037287492404,18,"Flux-conserved"
"Pop18","Pop22",-0.0411729229068448,0.130911851079894,18,"Flux-conserved"
"Pop19","Pop20",-0.0250276454056981,0.0314672378192506,18,"Flux-conserved"
"Pop19","Pop21",-0.00877650214058088,0.193248362953467,18,"Flux-conserved"
"Pop19","Pop22",-0.0335269578201613,0.00760997152020286,18,"Flux-conserved"
"Pop19","Pop24",-0.025561584273454,0.0446386275992932,18,"Flux-conserved"
"Pop20","Pop21",0.00458050623938336,-0.0467669576989361,18,"Flux-conserved"
"Pop20","Pop22",-0.000245785119948501,-0.0052161825878634,18,"Flux-conserved"
"Pop20","Pop23",-0.0279736747769603,-8.13384727548724e-05,18,"Flux-conserved"
"Pop20","Pop24",-0.0016943114993768,0.10062476281466,18,"Flux-conserved"
"Pop20","Pop25",-0.00935433340724844,0.0108480363628283,18,"Flux-conserved"
"Pop21","Pop22",-0.0101629035002827,0.00653344001177135,18,"Flux-conserved"
"Pop21","Pop23",-0.0420388458583418,0.00193608181730629,18,"Flux-conserved"
"Pop21","Pop24",-0.00796062925840223,0.0521772696695195,18,"Flux-conserved"
"Pop21","Pop25",-0.025082402232935,0.0335827001548277,18,"Flux-conserved"
"Pop22","Pop23",-0.0168054370559296,0.00552039521030652,18,"Flux-conserved"
"Pop22","Pop24",-3.92421381640098e-05,0.0241174770837662,18,"Flux-conserved"
"Pop22","Pop25",-0.00890810283989091,0.000756643444662642,18,"Flux-conserved"
"Pop23","Pop25",0.019634941413924,-0.000994689773233327,18,"Flux-conserved"
"Pop24","Pop25",-0.00795340682471095,-0.011554447204132,18,"Flux-conserved"
"Pop01","Pop07",0.333043402657666,NA,18,"Rate-conserved"
"Pop01","Pop08",0.377985575887582,NA,18,"Rate-conserved"
"Pop01","Pop25",-0.0590522070204454,-184657090361.443,18,"Rate-conserved"
"Pop02","Pop07",0.333043402657666,NA,18,"Rate-conserved"
"Pop02","Pop08",0.377985575887582,NA,18,"Rate-conserved"
"Pop02","Pop25",-0.0590522070204454,-184657090361.443,18,"Rate-conserved"
"Pop03","Pop07",0.333043402657666,NA,18,"Rate-conserved"
"Pop03","Pop08",0.377985575887582,NA,18,"Rate-conserved"
"Pop03","Pop25",-0.0590522070204454,-184657090361.443,18,"Rate-conserved"
"Pop04","Pop07",0.333043402657666,NA,18,"Rate-conserved"
"Pop04","Pop08",0.377985575887582,NA,18,"Rate-conserved"
"Pop04","Pop25",-0.0590522070204454,-184657090361.443,18,"Rate-conserved"
"Pop05","Pop07",0.333043402657666,NA,18,"Rate-conserved"
"Pop05","Pop08",0.377985575887582,NA,18,"Rate-conserved"
"Pop05","Pop25",-0.0590522070204454,-184657090361.443,18,"Rate-conserved"
"Pop06","Pop07",0.333043402657666,NA,18,"Rate-conserved"
"Pop06","Pop08",0.377985575887582,NA,18,"Rate-conserved"
"Pop06","Pop25",-0.0590522070204454,-184657090361.443,18,"Rate-conserved"
"Pop07","Pop08",-0.110640289234456,0.20120058138967,18,"Rate-conserved"
"Pop07","Pop09",-0.226878453876052,0.0960225723268438,18,"Rate-conserved"
"Pop08","Pop09",-0.115834221725479,0.0193300903160174,18,"Rate-conserved"
"Pop08","Pop10",-0.117896153044257,0.00187541227256744,18,"Rate-conserved"
"Pop08","Pop14",-0.111406761453088,0.000817737608798377,18,"Rate-conserved"
"Pop09","Pop10",0.0378477993130498,0.00248460081061641,18,"Rate-conserved"
"Pop09","Pop13",-0.00989640052237512,0.000589415034396967,18,"Rate-conserved"
"Pop09","Pop14",0.0194005709913906,0.000490286426082636,18,"Rate-conserved"
"Pop09","Pop17",-0.0711716397087817,0.000222234044677844,18,"Rate-conserved"
"Pop10","Pop11",0.00838651631437679,3.04132828698679e-05,18,"Rate-conserved"
"Pop10","Pop13",-0.00227039955636593,0.000615390870533994,18,"Rate-conserved"
"Pop10","Pop14",0.0164455358609216,0.000453838888537045,18,"Rate-conserved"
"Pop10","Pop15",-0.00870556547509846,0.000325757395591901,18,"Rate-conserved"
"Pop10","Pop17",-0.0377381798134094,0.000178341361061343,18,"Rate-conserved"
"Pop10","Pop21",-0.0518710329966254,4.36114696295408e-05,18,"Rate-conserved"
"Pop11","Pop12",-0.0482023419672955,0.000392702568101229,18,"Rate-conserved"
"Pop11","Pop13",-0.00939041204973376,0.000349537572906227,18,"Rate-conserved"
"Pop11","Pop14",0.00748838526087672,0.000492229131229984,18,"Rate-conserved"
"Pop11","Pop15",0.00588703843551217,0.00219755882380405,18,"Rate-conserved"
"Pop11","Pop16",0.00377371163253541,0.000659689678349567,18,"Rate-conserved"
"Pop11","Pop18",-0.0138473232993427,0.000533744196138082,18,"Rate-conserved"
"Pop11","Pop21",-0.0190684227162764,0.000163245183660159,18,"Rate-conserved"
"Pop11","Pop22",-0.0297015785581768,7.17556503971848e-05,18,"Rate-conserved"
"Pop11","Pop24",-0.0706561363970149,0.000105407879921322,18,"Rate-conserved"
"Pop12","Pop13",0.04261235181752,3.6888809219704e-05,18,"Rate-conserved"
"Pop12","Pop15",0.0655493687668975,0.000123467282858997,18,"Rate-conserved"
"Pop12","Pop16",0.0624163874355209,3.84302913887887e-05,18,"Rate-conserved"
"Pop12","Pop18",0.0491460420534171,0.000102072583091576,18,"Rate-conserved"
"Pop12","Pop19",0.0125046601619597,6.68838058767907e-05,18,"Rate-conserved"
"Pop12","Pop22",0.0258862487509706,2.24039751244474e-05,18,"Rate-conserved"
"Pop12","Pop25",-0.0598999582145319,4.1465633307621e-05,18,"Rate-conserved"
"Pop13","Pop14",0.010182152170582,0.000293592479118688,18,"Rate-conserved"
"Pop13","Pop15",0.0141160468565739,9.35959924882723e-05,18,"Rate-conserved"
"Pop13","Pop16",0.00163475999432845,4.21084798683472e-05,18,"Rate-conserved"
"Pop13","Pop25",-0.0781009998057252,1.60938220574356e-05,18,"Rate-conserved"
"Pop14","Pop15",-0.00361741953744724,9.86672602633516e-05,18,"Rate-conserved"
"Pop14","Pop16",-0.034182128200458,3.93764727971266e-05,18,"Rate-conserved"
"Pop14","Pop17",-0.0439966162082508,6.26719994250835e-05,18,"Rate-conserved"
"Pop14","Pop20",-0.0706720793044198,0.000103411307722134,18,"Rate-conserved"
"Pop15","Pop16",-0.00547548456455853,2.85335115214487e-05,18,"Rate-conserved"
"Pop15","Pop17",-0.00938271574670808,0.00012370552458019,18,"Rate-conserved"
"Pop15","Pop19",-0.0613020056718682,2.96218484247727e-05,18,"Rate-conserved"
"Pop15","Pop21",-0.0327972095460025,4.39880363105259e-05,18,"Rate-conserved"
"Pop15","Pop22",-0.0465948175530985,2.10828729050771e-05,18,"Rate-conserved"
"Pop16","Pop17",-0.00222828471147776,6.94938041815061e-05,18,"Rate-conserved"
"Pop16","Pop18",-0.0348401598343502,0.000455516917983831,18,"Rate-conserved"
"Pop16","Pop19",-0.0729107073566822,1.96739467834778e-05,18,"Rate-conserved"
"Pop16","Pop20",-0.0312467293439603,3.77984452349389e-05,18,"Rate-conserved"
"Pop16","Pop23",-0.0507378786011664,2.15913851767084e-05,18,"Rate-conserved"
"Pop17","Pop18",-0.0296030452145709,2.83910113566118e-06,18,"Rate-conserved"
"Pop17","Pop20",-0.0221802799087464,9.25554590398889e-07,18,"Rate-conserved"
"Pop17","Pop21",-0.0130603423362366,3.95914430619608e-05,18,"Rate-conserved"
"Pop17","Pop23",-0.0427169409319004,2.94784646964751e-05,18,"Rate-conserved"
"Pop17","Pop24",-0.101050561419033,8.16806703404542e-06,18,"Rate-conserved"
"Pop18","Pop19",-0.0603413373058183,-3.23883473235799e-05,18,"Rate-conserved"
"Pop18","Pop20",-0.00205350033144555,9.41539769539927e-06,18,"Rate-conserved"
"Pop18","Pop21",0.00797399114029976,1.42156248443117e-05,18,"Rate-conserved"
"Pop18","Pop23",-0.0375822352065726,8.88285956087709e-06,18,"Rate-conserved"
"Pop19","Pop20",0.0837538086832081,4.92551572161732e-05,18,"Rate-conserved"
"Pop19","Pop22",0.0387171104508315,1.89449434145935e-05,18,"Rate-conserved"
"Pop20","Pop21",0.0101777706292554,8.56526245593888e-07,18,"Rate-conserved"
"Pop20","Pop22",-0.0182938150222164,-6.15156087805145e-05,18,"Rate-conserved"
"Pop20","Pop23",-0.0216747488446219,8.74041924186011e-06,18,"Rate-conserved"
"Pop20","Pop25",-0.0749626534496133,6.47406362104172e-06,18,"Rate-conserved"
"Pop21","Pop22",-0.0357756872525468,-6.89722805998303e-05,18,"Rate-conserved"
"Pop21","Pop23",-0.0343951189982646,1.26553935545389e-05,18,"Rate-conserved"
"Pop21","Pop24",-0.10101810219722,1.01396909484266e-05,18,"Rate-conserved"
"Pop21","Pop25",-0.0700571499417772,6.56505140422454e-06,18,"Rate-conserved"
"Pop22","Pop23",-0.00587570329979181,5.02342032054277e-05,18,"Rate-conserved"
"Pop22","Pop24",-0.0847483930899076,2.81018211723741e-05,18,"Rate-conserved"
"Pop23","Pop24",-0.0737738934113036,6.12056767733667e-06,18,"Rate-conserved"
"Pop23","Pop25",-0.0426092213099647,1.7266233815054e-05,18,"Rate-conserved"
"Pop24","Pop25",0.0575579220423102,1.95767928406764e-05,18,"Rate-conserved"
"Pop01","Pop02",-0.00196841567209488,0.281819788648209,19,"Isotropic"
"Pop01","Pop03",-0.0200035477228338,0.461864407402101,19,"Isotropic"
"Pop01","Pop05",0.0435377367826361,-0.0776387532002906,19,"Isotropic"
"Pop01","Pop07",0.00117496944395756,0.0479764207229401,19,"Isotropic"
"Pop01","Pop08",0.0234914710616937,0.0350150749938138,19,"Isotropic"
"Pop01","Pop11",0.00735799089861609,0.0857669344836864,19,"Isotropic"
"Pop01","Pop22",0.00215590986975067,0.0298062017965413,19,"Isotropic"
"Pop02","Pop03",-0.0234658904618412,0.232016857834291,19,"Isotropic"
"Pop02","Pop04",-0.0102749739335808,0.193213361441098,19,"Isotropic"
"Pop02","Pop05",0.0240177489628888,-0.104046419373137,19,"Isotropic"
"Pop02","Pop06",0.0133591309840345,0.0299272146354031,19,"Isotropic"
"Pop02","Pop18",-0.0594756356972757,0.107681281013487,19,"Isotropic"
"Pop03","Pop04",0.00688854908617112,0.0825745360577168,19,"Isotropic"
"Pop03","Pop06",0.0171100102303166,0.0122471101259832,19,"Isotropic"
"Pop03","Pop07",-0.0567378200790786,0.0541139421220185,19,"Isotropic"
"Pop03","Pop09",-0.029634694509189,0.0410197915837499,19,"Isotropic"
"Pop04","Pop05",0.0423738705581564,-0.10802171765326,19,"Isotropic"
"Pop04","Pop06",0.0301167594497228,-0.00711544048614104,19,"Isotropic"
"Pop04","Pop08",-0.0348245679413084,0.0277120533002557,19,"Isotropic"
"Pop04","Pop09",-0.0464728318029907,0.0489098280367723,19,"Isotropic"
"Pop05","Pop06",-0.0116571740253638,0.163684131734524,19,"Isotropic"
"Pop05","Pop07",-0.0365885624374113,0.108426274710196,19,"Isotropic"
"Pop05","Pop09",0.0101294230370934,0.0930871641457304,19,"Isotropic"
"Pop05","Pop10",-0.0217280661881076,0.0420852933282049,19,"Isotropic"
"Pop05","Pop12",-0.0276858746515755,0.0637772594627126,19,"Isotropic"
"Pop05","Pop21",-0.00141598272148917,0.0288200896370623,19,"Isotropic"
"Pop06","Pop07",-0.0398614607734729,0.0575793114945542,19,"Isotropic"
"Pop06","Pop08",-0.0165747329156588,0.0355554700273185,19,"Isotropic"
"Pop06","Pop10",-0.0480108173915061,0.0141344199483861,19,"Isotropic"
"Pop06","Pop11",-0.0378266331653635,0.030315088093917,19,"Isotropic"
"Pop07","Pop08",0.0395646505140384,0.0259755535565848,19,"Isotropic"
"Pop07","Pop10",0.0158798948624791,6.46240513767285e-05,19,"Isotropic"
"Pop07","Pop14",-0.00744097032840533,0.0132830386071628,19,"Isotropic"
"Pop08","Pop09",-0.0464065546983244,0.0069458618528912,19,"Isotropic"
"Pop08","Pop10",0.00210546347490037,0.00537178804230604,19,"Isotropic"
"Pop08","Pop11",-0.00484181950635068,0.0300642138980856,19,"Isotropic"
"Pop08","Pop14",-0.0150780013531606,0.0256438140633512,19,"Isotropic"
"Pop08","Pop18",-0.0400510928218565,0.000647955220341851,19,"Isotropic"
"Pop09","Pop10",0.0444680058802041,-0.156182304630323,19,"Isotropic"
"Pop09","Pop11",0.0320976065895234,0.0895944101333384,19,"Isotropic"
"Pop09","Pop13",-0.0293262734061184,0.0970640208347361,19,"Isotropic"
"Pop10","Pop11",-0.00740335634004444,0.155571862572282,19,"Isotropic"
"Pop10","Pop14",0.0119886648704288,0.0347932106221284,19,"Isotropic"
"Pop10","Pop15",0.00296681624960277,0.05522975935785,19,"Isotropic"
"Pop10","Pop16",-0.0425684818562555,0.0354244755989337,19,"Isotropic"
"Pop10","Pop18",-0.0126954618025701,0.0103684272432815,19,"Isotropic"
"Pop11","Pop12",-0.100448792712277,0.101865914055538,19,"Isotropic"
"Pop11","Pop13",-0.0394511401697695,0.033497361365275,19,"Isotropic"
"Pop11","Pop16",-0.0657391347587479,0.0172660405587197,19,"Isotropic"
"Pop11","Pop20",-0.000955348109373998,-0.00399132690278431,19,"Isotropic"
"Pop12","Pop13",0.0546138393142648,-0.0416599175624517,19,"Isotropic"
"Pop12","Pop14",0.0975642995041039,-0.00673331799968292,19,"Isotropic"
"Pop12","Pop17",0.0528291719787349,-0.00343879655749086,19,"Isotropic"
"Pop13","Pop14",0.0531802615451649,0.000451611224966231,19,"Isotropic"
"Pop13","Pop15",-0.00841550152213615,-0.0131309986897479,19,"Isotropic"
"Pop13","Pop17",0.00452699177153208,-0.00299231450449565,19,"Isotropic"
"Pop14","Pop15",-0.045448044732268,-0.0569720762950386,19,"Isotropic"
"Pop14","Pop16",-0.0912523086348641,0.00178377760719436,19,"Isotropic"
"Pop14","Pop17",-0.0171425468578102,0.0155964349181652,19,"Isotropic"
"Pop14","Pop18",-0.0471751495755751,-0.0116482744995729,19,"Isotropic"
"Pop14","Pop21",0.011746311886979,-0.00348802567839178,19,"Isotropic"
"Pop14","Pop24",0.00990265808297443,-0.0155902535315624,19,"Isotropic"
"Pop15","Pop16",-0.071108269994447,0.0257139615701811,19,"Isotropic"
"Pop15","Pop17",0.0242606141882609,0.0216237687331257,19,"Isotropic"
"Pop15","Pop19",0.0394975319850092,-0.00410841009907875,19,"Isotropic"
"Pop15","Pop20",0.00727766548767343,-0.00156047327966719,19,"Isotropic"
"Pop15","Pop21",0.0257219290743969,-0.000207020644141614,19,"Isotropic"
"Pop16","Pop17",0.0955086660573104,0.121174803159945,19,"Isotropic"
"Pop16","Pop18",0.0512270741900272,-0.00262748275309894,19,"Isotropic"
"Pop17","Pop18",-0.0324527174721587,-0.034848184093517,19,"Isotropic"
"Pop17","Pop19",-0.00415768640146699,-0.00966402339640429,19,"Isotropic"
"Pop17","Pop24",-0.00439067178719422,-0.0331625489980379,19,"Isotropic"
"Pop17","Pop25",0.021279082353281,-0.055247643102289,19,"Isotropic"
"Pop18","Pop19",-0.0268650530345134,0.00154869760375161,19,"Isotropic"
"Pop18","Pop21",0.049908220285906,0.0130086909504637,19,"Isotropic"
"Pop19","Pop20",0.0425422042119246,-0.0287172523939024,19,"Isotropic"
"Pop19","Pop21",0.076252132826932,0.0758464014692544,19,"Isotropic"
"Pop19","Pop25",0.0117647269908617,-0.0894836975732816,19,"Isotropic"
"Pop20","Pop21",0.0364729311082332,-0.00870327183313951,19,"Isotropic"
"Pop20","Pop22",-0.0185653345491736,0.00552724604373556,19,"Isotropic"
"Pop20","Pop23",0.0213844911580201,-0.012347542670833,19,"Isotropic"
"Pop20","Pop24",-0.00349789348392171,-0.0147354393842158,19,"Isotropic"
"Pop20","Pop25",0.0150764634470687,-0.0320343070021373,19,"Isotropic"
"Pop21","Pop22",-0.0513504725066598,-0.00720249309148123,19,"Isotropic"
"Pop21","Pop23",-0.0331296358753712,-0.0252822178455045,19,"Isotropic"
"Pop21","Pop24",-0.0407229984888924,-0.0272779326454067,19,"Isotropic"
"Pop21","Pop25",-0.0296175795098071,-0.0554752712520984,19,"Isotropic"
"Pop22","Pop23",-0.0396054047621837,-0.148455340272657,19,"Isotropic"
"Pop22","Pop24",0.0222607036051858,-0.368551552523624,19,"Isotropic"
"Pop22","Pop25",0.0354085950834176,-0.084973776942968,19,"Isotropic"
"Pop23","Pop24",0.0553751018247057,-0.0474846439876755,19,"Isotropic"
"Pop23","Pop25",0.0498381928033213,-0.0763796841937323,19,"Isotropic"
"Pop24","Pop25",0.0114731520125156,0.112779395728981,19,"Isotropic"
"Pop01","Pop16",0.106916246895322,-595846188527.859,19,"Flux-conserved"
"Pop01","Pop17",0.0851512094062465,-595846188527.844,19,"Flux-conserved"
"Pop01","Pop18",0.0379355594092587,NA,19,"Flux-conserved"
"Pop01","Pop19",0.0103025078497061,NA,19,"Flux-conserved"
"Pop01","Pop20",0.0968220204274012,-595846188527.845,19,"Flux-conserved"
"Pop01","Pop21",0.0839454988984745,NA,19,"Flux-conserved"
"Pop01","Pop22",0.0668669385518899,NA,19,"Flux-conserved"
"Pop01","Pop23",0.0693352477923785,-148588209921.105,19,"Flux-conserved"
"Pop01","Pop25",-0.0255400424737986,-595846188527.844,19,"Flux-conserved"
"Pop02","Pop16",0.106916246895322,-595846188527.859,19,"Flux-conserved"
"Pop02","Pop17",0.0851512094062465,-595846188527.844,19,"Flux-conserved"
"Pop02","Pop18",0.0379355594092587,NA,19,"Flux-conserved"
"Pop02","Pop19",0.0103025078497061,NA,19,"Flux-conserved"
"Pop02","Pop20",0.0968220204274012,-595846188527.845,19,"Flux-conserved"
"Pop02","Pop21",0.0839454988984745,NA,19,"Flux-conserved"
"Pop02","Pop22",0.0668669385518899,NA,19,"Flux-conserved"
"Pop02","Pop23",0.0693352477923785,-148588209921.105,19,"Flux-conserved"
"Pop02","Pop25",-0.0255400424737986,-595846188527.844,19,"Flux-conserved"
"Pop03","Pop16",0.106916246895322,-595846188527.859,19,"Flux-conserved"
"Pop03","Pop17",0.0851512094062465,-595846188527.844,19,"Flux-conserved"
"Pop03","Pop18",0.0379355594092587,NA,19,"Flux-conserved"
"Pop03","Pop19",0.0103025078497061,NA,19,"Flux-conserved"
"Pop03","Pop20",0.0968220204274012,-595846188527.845,19,"Flux-conserved"
"Pop03","Pop21",0.0839454988984745,NA,19,"Flux-conserved"
"Pop03","Pop22",0.0668669385518899,NA,19,"Flux-conserved"
"Pop03","Pop23",0.0693352477923785,-148588209921.105,19,"Flux-conserved"
"Pop03","Pop25",-0.0255400424737986,-595846188527.844,19,"Flux-conserved"
"Pop04","Pop16",0.106916246895322,-595846188527.859,19,"Flux-conserved"
"Pop04","Pop17",0.0851512094062465,-595846188527.844,19,"Flux-conserved"
"Pop04","Pop18",0.0379355594092587,NA,19,"Flux-conserved"
"Pop04","Pop19",0.0103025078497061,NA,19,"Flux-conserved"
"Pop04","Pop20",0.0968220204274012,-595846188527.845,19,"Flux-conserved"
"Pop04","Pop21",0.0839454988984745,NA,19,"Flux-conserved"
"Pop04","Pop22",0.0668669385518899,NA,19,"Flux-conserved"
"Pop04","Pop23",0.0693352477923785,-148588209921.105,19,"Flux-conserved"
"Pop04","Pop25",-0.0255400424737986,-595846188527.844,19,"Flux-conserved"
"Pop05","Pop16",0.106916246895322,-595846188527.859,19,"Flux-conserved"
"Pop05","Pop17",0.0851512094062465,-595846188527.844,19,"Flux-conserved"
"Pop05","Pop18",0.0379355594092587,NA,19,"Flux-conserved"
"Pop05","Pop19",0.0103025078497061,NA,19,"Flux-conserved"
"Pop05","Pop20",0.0968220204274012,-595846188527.845,19,"Flux-conserved"
"Pop05","Pop21",0.0839454988984745,NA,19,"Flux-conserved"
"Pop05","Pop22",0.0668669385518899,NA,19,"Flux-conserved"
"Pop05","Pop23",0.0693352477923785,-148588209921.105,19,"Flux-conserved"
"Pop05","Pop25",-0.0255400424737986,-595846188527.844,19,"Flux-conserved"
"Pop06","Pop16",0.106916246895322,-595846188527.859,19,"Flux-conserved"
"Pop06","Pop17",0.0851512094062465,-595846188527.844,19,"Flux-conserved"
"Pop06","Pop18",0.0379355594092587,NA,19,"Flux-conserved"
"Pop06","Pop19",0.0103025078497061,NA,19,"Flux-conserved"
"Pop06","Pop20",0.0968220204274012,-595846188527.845,19,"Flux-conserved"
"Pop06","Pop21",0.0839454988984745,NA,19,"Flux-conserved"
"Pop06","Pop22",0.0668669385518899,NA,19,"Flux-conserved"
"Pop06","Pop23",0.0693352477923785,-148588209921.105,19,"Flux-conserved"
"Pop06","Pop25",-0.0255400424737986,-595846188527.844,19,"Flux-conserved"
"Pop07","Pop16",0.106916246895322,-595846188527.859,19,"Flux-conserved"
"Pop07","Pop17",0.0851512094062465,-595846188527.844,19,"Flux-conserved"
"Pop07","Pop18",0.0379355594092587,NA,19,"Flux-conserved"
"Pop07","Pop19",0.0103025078497061,NA,19,"Flux-conserved"
"Pop07","Pop20",0.0968220204274012,-595846188527.845,19,"Flux-conserved"
"Pop07","Pop21",0.0839454988984745,NA,19,"Flux-conserved"
"Pop07","Pop22",0.0668669385518899,NA,19,"Flux-conserved"
"Pop07","Pop23",0.0693352477923785,-148588209921.105,19,"Flux-conserved"
"Pop07","Pop25",-0.0255400424737986,-595846188527.844,19,"Flux-conserved"
"Pop08","Pop16",0.106916246895322,-595846188527.859,19,"Flux-conserved"
"Pop08","Pop17",0.0851512094062465,-595846188527.844,19,"Flux-conserved"
"Pop08","Pop18",0.0379355594092587,NA,19,"Flux-conserved"
"Pop08","Pop19",0.0103025078497061,NA,19,"Flux-conserved"
"Pop08","Pop20",0.0968220204274012,-595846188527.845,19,"Flux-conserved"
"Pop08","Pop21",0.0839454988984745,NA,19,"Flux-conserved"
"Pop08","Pop22",0.0668669385518899,NA,19,"Flux-conserved"
"Pop08","Pop23",0.0693352477923785,-148588209921.105,19,"Flux-conserved"
"Pop08","Pop25",-0.0255400424737986,-595846188527.844,19,"Flux-conserved"
"Pop09","Pop16",0.106916246895322,-595846188527.859,19,"Flux-conserved"
"Pop09","Pop17",0.0851512094062465,-595846188527.844,19,"Flux-conserved"
"Pop09","Pop18",0.0379355594092587,NA,19,"Flux-conserved"
"Pop09","Pop19",0.0103025078497061,NA,19,"Flux-conserved"
"Pop09","Pop20",0.0968220204274012,-595846188527.845,19,"Flux-conserved"
"Pop09","Pop21",0.0839454988984745,NA,19,"Flux-conserved"
"Pop09","Pop22",0.0668669385518899,NA,19,"Flux-conserved"
"Pop09","Pop23",0.0693352477923785,-148588209921.105,19,"Flux-conserved"
"Pop09","Pop25",-0.0255400424737986,-595846188527.844,19,"Flux-conserved"
"Pop10","Pop16",0.106916246895322,-595846188527.859,19,"Flux-conserved"
"Pop10","Pop17",0.0851512094062465,-595846188527.844,19,"Flux-conserved"
"Pop10","Pop18",0.0379355594092587,NA,19,"Flux-conserved"
"Pop10","Pop19",0.0103025078497061,NA,19,"Flux-conserved"
"Pop10","Pop20",0.0968220204274012,-595846188527.845,19,"Flux-conserved"
"Pop10","Pop21",0.0839454988984745,NA,19,"Flux-conserved"
"Pop10","Pop22",0.0668669385518899,NA,19,"Flux-conserved"
"Pop10","Pop23",0.0693352477923785,-148588209921.105,19,"Flux-conserved"
"Pop10","Pop25",-0.0255400424737986,-595846188527.844,19,"Flux-conserved"
"Pop11","Pop16",0.106916246895322,-595846188527.859,19,"Flux-conserved"
"Pop11","Pop17",0.0851512094062465,-595846188527.844,19,"Flux-conserved"
"Pop11","Pop18",0.0379355594092587,NA,19,"Flux-conserved"
"Pop11","Pop19",0.0103025078497061,NA,19,"Flux-conserved"
"Pop11","Pop20",0.0968220204274012,-595846188527.845,19,"Flux-conserved"
"Pop11","Pop21",0.0839454988984745,NA,19,"Flux-conserved"
"Pop11","Pop22",0.0668669385518899,NA,19,"Flux-conserved"
"Pop11","Pop23",0.0693352477923785,-148588209921.105,19,"Flux-conserved"
"Pop11","Pop25",-0.0255400424737986,-595846188527.844,19,"Flux-conserved"
"Pop12","Pop16",0.106916246895322,-595846188527.859,19,"Flux-conserved"
"Pop12","Pop17",0.0851512094062465,-595846188527.844,19,"Flux-conserved"
"Pop12","Pop18",0.0379355594092587,NA,19,"Flux-conserved"
"Pop12","Pop19",0.0103025078497061,NA,19,"Flux-conserved"
"Pop12","Pop20",0.0968220204274012,-595846188527.845,19,"Flux-conserved"
"Pop12","Pop21",0.0839454988984745,NA,19,"Flux-conserved"
"Pop12","Pop22",0.0668669385518899,NA,19,"Flux-conserved"
"Pop12","Pop23",0.0693352477923785,-148588209921.105,19,"Flux-conserved"
"Pop12","Pop25",-0.0255400424737986,-595846188527.844,19,"Flux-conserved"
"Pop13","Pop16",0.106916246895322,-595846188527.859,19,"Flux-conserved"
"Pop13","Pop17",0.0851512094062465,-595846188527.844,19,"Flux-conserved"
"Pop13","Pop18",0.0379355594092587,NA,19,"Flux-conserved"
"Pop13","Pop19",0.0103025078497061,NA,19,"Flux-conserved"
"Pop13","Pop20",0.0968220204274012,-595846188527.845,19,"Flux-conserved"
"Pop13","Pop21",0.0839454988984745,NA,19,"Flux-conserved"
"Pop13","Pop22",0.0668669385518899,NA,19,"Flux-conserved"
"Pop13","Pop23",0.0693352477923785,-148588209921.105,19,"Flux-conserved"
"Pop13","Pop25",-0.0255400424737986,-595846188527.844,19,"Flux-conserved"
"Pop14","Pop16",0.106916246895322,-595846188527.859,19,"Flux-conserved"
"Pop14","Pop17",0.0851512094062465,-595846188527.844,19,"Flux-conserved"
"Pop14","Pop18",0.0379355594092587,NA,19,"Flux-conserved"
"Pop14","Pop19",0.0103025078497061,NA,19,"Flux-conserved"
"Pop14","Pop20",0.0968220204274012,-595846188527.845,19,"Flux-conserved"
"Pop14","Pop21",0.0839454988984745,NA,19,"Flux-conserved"
"Pop14","Pop22",0.0668669385518899,NA,19,"Flux-conserved"
"Pop14","Pop23",0.0693352477923785,-148588209921.105,19,"Flux-conserved"
"Pop14","Pop25",-0.0255400424737986,-595846188527.844,19,"Flux-conserved"
"Pop15","Pop16",0.221447989871259,-0.00731494111181274,19,"Flux-conserved"
"Pop15","Pop17",0.175887241692172,0.0070986639500749,19,"Flux-conserved"
"Pop15","Pop18",0.0959216304701925,0.00118464358305727,19,"Flux-conserved"
"Pop15","Pop19",0.10088101326769,0.11191036689491,19,"Flux-conserved"
"Pop15","Pop20",0.171106158892639,0.00177290346241645,19,"Flux-conserved"
"Pop15","Pop25",0.0164737211278617,0.0049498737579619,19,"Flux-conserved"
"Pop16","Pop17",-0.0388650101250559,0.070958845402532,19,"Flux-conserved"
"Pop16","Pop18",-0.0475645181468861,0.0649805403457259,19,"Flux-conserved"
"Pop16","Pop20",-0.0321162815830122,0.998992524307505,19,"Flux-conserved"
"Pop17","Pop18",-0.0158326293363333,0.000107811080091199,19,"Flux-conserved"
"Pop17","Pop19",-0.0225341534984072,0.00160093503897679,19,"Flux-conserved"
"Pop17","Pop20",0.00264694163495142,-0.000754379625562816,19,"Flux-conserved"
"Pop17","Pop21",-0.00398105838996399,-0.00327653061529072,19,"Flux-conserved"
"Pop17","Pop23",-0.0101344979970477,-0.00118486856793533,19,"Flux-conserved"
"Pop17","Pop25",-0.0405495841877599,0.000734414506922043,19,"Flux-conserved"
"Pop18","Pop19",-0.000631231530872856,0.00166268436733787,19,"Flux-conserved"
"Pop18","Pop20",0.0179450734381635,-0.00180281280155803,19,"Flux-conserved"
"Pop18","Pop24",-0.105456861345961,5.81020072825604e-05,19,"Flux-conserved"
"Pop18","Pop25",-0.0261234797597445,0.000300772629280184,19,"Flux-conserved"
"Pop19","Pop20",0.0281496709934342,-0.000964225654578682,19,"Flux-conserved"
"Pop19","Pop21",0.0307421414432488,-0.000625375956904543,19,"Flux-conserved"
"Pop19","Pop22",0.0189429353967,-0.000613210711909789,19,"Flux-conserved"
"Pop19","Pop23",0.0181339306492726,-0.00165393950101283,19,"Flux-conserved"
"Pop19","Pop24",-0.1088015217951,-0.000207696237187282,19,"Flux-conserved"
"Pop19","Pop25",-0.0177993643077449,0.000126409018446478,19,"Flux-conserved"
"Pop20","Pop23",-0.0156429523661846,-0.000275160853643543,19,"Flux-conserved"
"Pop20","Pop24",-0.148711840384498,0.000440928881291258,19,"Flux-conserved"
"Pop20","Pop25",-0.0422189340148033,0.00135597779033242,19,"Flux-conserved"
"Pop21","Pop22",-0.000228977345445233,0.00725287608346341,19,"Flux-conserved"
"Pop21","Pop25",-0.0439391959449377,0.00498509143268986,19,"Flux-conserved"
"Pop22","Pop23",0.00353037810539653,0.00291403166407688,19,"Flux-conserved"
"Pop22","Pop24",-0.158021035133904,0.0032082135242282,19,"Flux-conserved"
"Pop22","Pop25",-0.0374370163224734,0.028753157457421,19,"Flux-conserved"
"Pop23","Pop24",-0.179109685803153,0.00156187478407794,19,"Flux-conserved"
"Pop23","Pop25",-0.0376367626050489,0.00205735195254902,19,"Flux-conserved"
"Pop24","Pop25",0.0685853514674409,0.000232966631073341,19,"Flux-conserved"
"Pop01","Pop05",0.00290156316409795,0.0302724346227368,19,"Rate-conserved"
"Pop01","Pop06",-0.193779320386287,0.346161800092113,19,"Rate-conserved"
"Pop02","Pop03",0.231475216500986,0.0138767257840318,19,"Rate-conserved"
"Pop03","Pop04",-0.625840856935086,0.00316664019260834,19,"Rate-conserved"
"Pop04","Pop11",-0.0065360481746432,0.000268900661409486,19,"Rate-conserved"
"Pop05","Pop06",-0.191329018764533,NA,19,"Rate-conserved"
"Pop06","Pop08",-0.0405915554942484,0.000580192247801673,19,"Rate-conserved"
"Pop06","Pop10",-0.0451982007725292,0.000273115944324004,19,"Rate-conserved"
"Pop07","Pop08",-0.266419247132313,0.000266124031035958,19,"Rate-conserved"
"Pop07","Pop09",-0.000120790073311172,0.000551779718751366,19,"Rate-conserved"
"Pop07","Pop10",0.0426736300756827,0.000747791603598384,19,"Rate-conserved"
"Pop07","Pop11",0.0398163461983868,7.26577254581693e-05,19,"Rate-conserved"
"Pop07","Pop12",-0.0488923650203885,0.000481522408279293,19,"Rate-conserved"
"Pop07","Pop15",-0.128013584350241,0.000812253627078848,19,"Rate-conserved"
"Pop08","Pop10",0.114115068369605,0.0011620844399765,19,"Rate-conserved"
"Pop09","Pop10",-0.0078210911969813,-0.000118720492541896,19,"Rate-conserved"
"Pop09","Pop11",0.0242113260449514,0.000106228473239801,19,"Rate-conserved"
"Pop09","Pop12",-0.00229791005318161,0.00629018934450616,19,"Rate-conserved"
"Pop09","Pop15",-0.0876564256027409,0.00489433835648972,19,"Rate-conserved"
"Pop09","Pop17",-0.0764243263956807,9.76680795334455e-05,19,"Rate-conserved"
"Pop09","Pop18",-0.0808534399397034,8.40075442276221e-05,19,"Rate-conserved"
"Pop10","Pop11",-0.00990940153135408,3.67027566829234e-05,19,"Rate-conserved"
"Pop10","Pop13",-0.046728081166854,0.000301834066664466,19,"Rate-conserved"
"Pop11","Pop12",-0.0327157761916383,0.000105287146296125,19,"Rate-conserved"
"Pop11","Pop13",-0.0509171521137216,0.000274380402613733,19,"Rate-conserved"
"Pop11","Pop16",-0.0784354993567795,0.000622584792417781,19,"Rate-conserved"
"Pop12","Pop13",-0.060104750398438,7.98783380390231e-05,19,"Rate-conserved"
"Pop12","Pop17",-0.0365179433841512,3.13108348727157e-05,19,"Rate-conserved"
"Pop12","Pop19",-0.0865000683631606,2.48204927717083e-06,19,"Rate-conserved"
"Pop12","Pop20",-0.085839628076196,9.72176130461903e-06,19,"Rate-conserved"
"Pop12","Pop21",-0.119744508556914,9.84079922743405e-06,19,"Rate-conserved"
"Pop13","Pop14",-0.0871686928615617,7.46765028382131e-05,19,"Rate-conserved"
"Pop13","Pop16",-0.0413157173098015,0.000508943203269732,19,"Rate-conserved"
"Pop14","Pop16",0.0785531395010707,0.00010684724657564,19,"Rate-conserved"
"Pop14","Pop17",0.0148101982603491,4.35847833070742e-05,19,"Rate-conserved"
"Pop14","Pop18",0.0538383039291468,2.23069375069183e-05,19,"Rate-conserved"
"Pop14","Pop23",-0.0894174484107366,1.12441759621843e-05,19,"Rate-conserved"
"Pop15","Pop16",0.0488222518796821,9.04326644665441e-06,19,"Rate-conserved"
"Pop15","Pop18",0.0273743711965308,1.4950590258099e-05,19,"Rate-conserved"
"Pop15","Pop19",-0.0549692844606845,2.41309053140887e-06,19,"Rate-conserved"
"Pop15","Pop20",-0.0451789072643616,7.61945644382236e-06,19,"Rate-conserved"
"Pop16","Pop17",-0.0705513676236874,4.94821041156631e-06,19,"Rate-conserved"
"Pop16","Pop18",-0.0668715449880238,7.23594789926562e-06,19,"Rate-conserved"
"Pop17","Pop18",0.0725448039768345,9.10286659271535e-05,19,"Rate-conserved"
"Pop18","Pop19",-0.0515851610086379,-1.84357872836032e-05,19,"Rate-conserved"
"Pop18","Pop20",-0.0457612924148178,9.98985682982477e-07,19,"Rate-conserved"
"Pop18","Pop23",-0.102246933615796,9.1237143332576e-06,19,"Rate-conserved"
"Pop19","Pop20",0.000366499794803965,1.96535908027827e-05,19,"Rate-conserved"
"Pop19","Pop21",-0.0692389046115063,2.11594856627757e-05,19,"Rate-conserved"
"Pop19","Pop22",-0.0810495591048563,1.62856314849923e-05,19,"Rate-conserved"
"Pop19","Pop25",-0.10274767271239,3.49034174933499e-06,19,"Rate-conserved"
"Pop20","Pop21",-0.07507377045187,2.16826117827519e-05,19,"Rate-conserved"
"Pop20","Pop23",-0.0541650187115229,7.92682331456894e-06,19,"Rate-conserved"
"Pop20","Pop25",-0.10539278735399,3.47512784241865e-06,19,"Rate-conserved"
"Pop21","Pop22",-0.0537103816074423,8.79673350162236e-06,19,"Rate-conserved"
"Pop21","Pop25",-0.107853785703405,9.4146010730623e-07,19,"Rate-conserved"
"Pop22","Pop23",0.0788555344363323,1.16795041591904e-06,19,"Rate-conserved"
"Pop22","Pop24",-0.0828072895313557,2.91587232629e-06,19,"Rate-conserved"
"Pop23","Pop24",-0.131599466315472,8.09379919976576e-07,19,"Rate-conserved"
"Pop23","Pop25",-0.0701140734378709,-2.78790980922869e-06,19,"Rate-conserved"
"Pop24","Pop25",0.130912915568861,-1.65432607174142e-06,19,"Rate-conserved"
"Pop01","Pop02",-0.105192970787587,0.48744796752575,20,"Isotropic"
"Pop01","Pop03",-0.0506016903727011,0.319991130539976,20,"Isotropic"
"Pop01","Pop04",-0.0292123752821301,0.639746327932871,20,"Isotropic"
"Pop01","Pop06",-0.00777405510743627,0.283010370867586,20,"Isotropic"
"Pop01","Pop07",0.0067331816735717,0.140157117706896,20,"Isotropic"
"Pop01","Pop08",0.00222313527175967,0.241743670709453,20,"Isotropic"
"Pop01","Pop09",-0.0171061592418264,0.266046705406345,20,"Isotropic"
"Pop01","Pop10",0.0185341153169693,0.253382639961701,20,"Isotropic"
"Pop01","Pop11",0.0241740970640288,0.483074324159529,20,"Isotropic"
"Pop01","Pop14",-0.0149075628519723,0.494275392686979,20,"Isotropic"
"Pop02","Pop03",0.0615616325816897,0.721661184495157,20,"Isotropic"
"Pop02","Pop05",0.046572559721272,0.361755030796166,20,"Isotropic"
"Pop02","Pop06",-0.0140832862625678,0.165993629209127,20,"Isotropic"
"Pop02","Pop07",-0.0135250245839362,0.0915023042947971,20,"Isotropic"
"Pop03","Pop04",0.0213225307310891,0.192003263729418,20,"Isotropic"
"Pop03","Pop05",0.0183258779074789,0.115688520086437,20,"Isotropic"
"Pop03","Pop07",0.00939135005500948,0.0551675756908142,20,"Isotropic"
"Pop03","Pop14",-0.0470606335559246,0.046320643797505,20,"Isotropic"
"Pop04","Pop05",-0.000748626163818905,0.0283583956626328,20,"Isotropic"
"Pop04","Pop06",-0.0370074471733313,0.0312806156222562,20,"Isotropic"
"Pop04","Pop07",0.000198193022277637,0.0473998673507066,20,"Isotropic"
"Pop04","Pop10",-0.0085335580044472,0.0358583903125707,20,"Isotropic"
"Pop04","Pop11",0.0178374580450441,0.0315959117568232,20,"Isotropic"
"Pop05","Pop06",-0.0147029155522679,-0.0155511107729016,20,"Isotropic"
"Pop05","Pop07",0.018986682955896,0.0550688306815623,20,"Isotropic"
"Pop05","Pop08",-0.0274132426708429,0.0183412665024166,20,"Isotropic"
"Pop05","Pop12",-0.0821552654402925,0.023049268249393,20,"Isotropic"
"Pop06","Pop07",0.0438223601722245,0.0382412431557681,20,"Isotropic"
"Pop06","Pop08",0.00505697356616741,0.0159712975264446,20,"Isotropic"
"Pop06","Pop11",0.0268495624277158,0.03543559756547,20,"Isotropic"
"Pop07","Pop08",-0.0284462646940105,-0.00142209763862579,20,"Isotropic"
"Pop07","Pop10",0.00808751816229555,-0.00760559187598486,20,"Isotropic"
"Pop07","Pop13",-0.0136308562070908,0.006866508121328,20,"Isotropic"
"Pop07","Pop20",-0.00193937176596312,-0.00749897741207331,20,"Isotropic"
"Pop08","Pop09",-0.00288814866086695,-0.0131931135051631,20,"Isotropic"
"Pop08","Pop10",0.0364857512515653,-0.0143585189955987,20,"Isotropic"
"Pop08","Pop11",0.0511130652918392,-0.0194867362092125,20,"Isotropic"
"Pop08","Pop14",-0.0129707665220428,0.00443113862194948,20,"Isotropic"
"Pop09","Pop10",0.0318247278095419,-0.00236388882451975,20,"Isotropic"
"Pop09","Pop11",0.0440277351781324,0.00560687415369746,20,"Isotropic"
"Pop09","Pop13",0.007919107553887,0.0340923685974714,20,"Isotropic"
"Pop09","Pop14",0.00755633139754396,0.022583728179652,20,"Isotropic"
"Pop09","Pop15",-0.0212176745452325,0.00857197626854195,20,"Isotropic"
"Pop09","Pop16",0.00417099011945224,0.00338223641475807,20,"Isotropic"
"Pop09","Pop19",0.0239920860353844,-0.0059070679665466,20,"Isotropic"
"Pop10","Pop11",0.0217384054253391,-0.0156170317717602,20,"Isotropic"
"Pop10","Pop12",-0.0771052705172925,-6.43699843546758e-05,20,"Isotropic"
"Pop10","Pop13",-0.0252158002365035,0.0299735828252585,20,"Isotropic"
"Pop10","Pop14",-0.0319292574614453,0.00512121049506405,20,"Isotropic"
"Pop10","Pop22",-0.0446898110196825,-0.00730600603776164,20,"Isotropic"
"Pop11","Pop12",-0.0948737244374911,0.0169060784313407,20,"Isotropic"
"Pop11","Pop13",-0.0356772849216136,0.0276499377983846,20,"Isotropic"
"Pop11","Pop14",-0.0344784172527877,0.00776334039467847,20,"Isotropic"
"Pop11","Pop15",-0.0621961349099973,0.00980314848826314,20,"Isotropic"
"Pop11","Pop16",-0.030250935401989,0.00203289834654931,20,"Isotropic"
"Pop11","Pop22",-0.0388782239149338,-0.00948012306047398,20,"Isotropic"
"Pop12","Pop13",0.0537049989565291,0.03943343048002,20,"Isotropic"
"Pop12","Pop17",0.0378754161814962,-0.00395043507992212,20,"Isotropic"
"Pop12","Pop18",0.0451615049328574,-0.00580039398892125,20,"Isotropic"
"Pop12","Pop25",-0.0301354392229406,-0.0310057522658451,20,"Isotropic"
"Pop13","Pop14",0.00414505791305594,-0.00278227495708275,20,"Isotropic"
"Pop13","Pop16",-0.00124805779948155,-0.00762930491921627,20,"Isotropic"
"Pop13","Pop21",0.0036212431751982,-0.00721838494968821,20,"Isotropic"
"Pop13","Pop25",-0.0612666697011025,-0.027673965735034,20,"Isotropic"
"Pop14","Pop15",-0.0389033414980726,-0.00165396557416483,20,"Isotropic"
"Pop14","Pop16",0.000333955999721164,-0.00793238612440135,20,"Isotropic"
"Pop14","Pop24",-0.015429056172321,-0.0212958899872023,20,"Isotropic"
"Pop15","Pop16",0.0364645027420988,-0.0217790373073558,20,"Isotropic"
"Pop15","Pop21",0.028756235028682,-0.00835882003626134,20,"Isotropic"
"Pop15","Pop22",0.00638765172322454,-0.0068111853050711,20,"Isotropic"
"Pop15","Pop24",-0.00653353289951879,-0.0178896283172347,20,"Isotropic"
"Pop15","Pop25",-0.0386080399867659,-0.0169675660171769,20,"Isotropic"
"Pop16","Pop17",-0.0206489812423411,-0.0131942794434449,20,"Isotropic"
"Pop16","Pop19",-0.0343855344138542,-0.015947536383461,20,"Isotropic"
"Pop16","Pop20",-0.0017657719242916,-0.0146814065642038,20,"Isotropic"
"Pop16","Pop22",-0.0126819438105187,-0.00777232134557748,20,"Isotropic"
"Pop16","Pop23",0.011645455256788,-0.0157234969364273,20,"Isotropic"
"Pop17","Pop18",-0.0345329358944894,-0.0364406086217541,20,"Isotropic"
"Pop17","Pop19",-0.0764730907377975,-0.0977196916970771,20,"Isotropic"
"Pop17","Pop20",-0.0151269922034228,-0.0401351501011302,20,"Isotropic"
"Pop17","Pop21",-0.0096357136542071,-0.00341051205962056,20,"Isotropic"
"Pop17","Pop23",-0.00702945258687017,-0.00785711796582422,20,"Isotropic"
"Pop17","Pop25",-0.0699712093520715,-0.00637264773622657,20,"Isotropic"
"Pop18","Pop19",-0.0452350459320753,-0.144807493159322,20,"Isotropic"
"Pop18","Pop20",0.0318635028531243,-0.178270729336373,20,"Isotropic"
"Pop18","Pop21",0.0141951888223191,0.0473199462714482,20,"Isotropic"
"Pop18","Pop22",-0.0242443124358898,0.00529239251006437,20,"Isotropic"
"Pop19","Pop20",0.068115514343299,-0.0499407775742955,20,"Isotropic"
"Pop20","Pop21",0.0010155284374404,0.176352447790731,20,"Isotropic"
"Pop20","Pop22",-0.00847259838645614,0.0214059661174784,20,"Isotropic"
"Pop21","Pop22",0.0205551785849671,-0.0348310898765022,20,"Isotropic"
"Pop21","Pop23",-0.0259770074185022,-0.0275058600926812,20,"Isotropic"
"Pop22","Pop23",-0.0513491365724459,0.031969371749237,20,"Isotropic"
"Pop22","Pop24",-0.10207691786935,-0.0132762833798087,20,"Isotropic"
"Pop23","Pop24",-0.0571959429020403,-0.144507584101142,20,"Isotropic"
"Pop23","Pop25",-0.0253152468533012,-0.0379414471783703,20,"Isotropic"
"Pop24","Pop25",0.0301188560037712,0.0118458947362631,20,"Isotropic"
"Pop01","Pop07",0.343555453515708,-159232553362.127,20,"Flux-conserved"
"Pop01","Pop10",0.363644598762861,NA,20,"Flux-conserved"
"Pop01","Pop25",-0.0637990494683048,-159232553362.04,20,"Flux-conserved"
"Pop02","Pop07",0.343555453515708,-159232553362.127,20,"Flux-conserved"
"Pop02","Pop10",0.363644598762861,NA,20,"Flux-conserved"
"Pop02","Pop25",-0.0637990494683048,-159232553362.04,20,"Flux-conserved"
"Pop03","Pop07",0.343555453515708,-159232553362.127,20,"Flux-conserved"
"Pop03","Pop10",0.363644598762861,NA,20,"Flux-conserved"
"Pop03","Pop25",-0.0637990494683048,-159232553362.04,20,"Flux-conserved"
"Pop04","Pop07",0.343555453515708,-159232553362.127,20,"Flux-conserved"
"Pop04","Pop10",0.363644598762861,NA,20,"Flux-conserved"
"Pop04","Pop25",-0.0637990494683048,-159232553362.04,20,"Flux-conserved"
"Pop05","Pop07",0.343555453515708,-159232553362.127,20,"Flux-conserved"
"Pop05","Pop10",0.363644598762861,NA,20,"Flux-conserved"
"Pop05","Pop25",-0.0637990494683048,-159232553362.04,20,"Flux-conserved"
"Pop06","Pop07",0.343555453515708,-159232553362.127,20,"Flux-conserved"
"Pop06","Pop10",0.363644598762861,NA,20,"Flux-conserved"
"Pop06","Pop25",-0.0637990494683048,-159232553362.04,20,"Flux-conserved"
"Pop07","Pop08",-0.301441360113962,0.129273785417096,20,"Flux-conserved"
"Pop08","Pop09",0.0545182994360026,0.00965571217227381,20,"Flux-conserved"
"Pop08","Pop11",0.0174622218243429,0.0203022026763877,20,"Flux-conserved"
"Pop08","Pop12",-0.0926207108329964,0.00159127997117239,20,"Flux-conserved"
"Pop09","Pop10",0.134847565681216,-0.0239664583677737,20,"Flux-conserved"
"Pop09","Pop11",-0.0758578628537778,-0.010833345540693,20,"Flux-conserved"
"Pop09","Pop12",-0.0386567860252078,0.000492282470779167,20,"Flux-conserved"
"Pop09","Pop13",0.0743883864885123,0.000463832938168605,20,"Flux-conserved"
"Pop09","Pop18",-0.0980430675091231,0.00183715237763832,20,"Flux-conserved"
"Pop10","Pop11",-0.189801544779548,0.0619118335258972,20,"Flux-conserved"
"Pop10","Pop12",-0.110333701889524,0.000608227079584672,20,"Flux-conserved"
"Pop11","Pop12",-0.0973197810335891,0.000395654446447403,20,"Flux-conserved"
"Pop12","Pop14",-0.0296842140221412,-4.7842887236401e-05,20,"Flux-conserved"
"Pop12","Pop15",0.0179259415412568,3.80988842062152e-05,20,"Flux-conserved"
"Pop12","Pop17",-0.125710630669995,0.000202365467361212,20,"Flux-conserved"
"Pop12","Pop19",-0.0776282852657885,0.0060565682813976,20,"Flux-conserved"
"Pop12","Pop21",-0.0495953380982021,0.000367991819328029,20,"Flux-conserved"
"Pop12","Pop22",-0.0863073007165835,0.000153650609912313,20,"Flux-conserved"
"Pop12","Pop23",-0.0981117830979387,0.000116419903780315,20,"Flux-conserved"
"Pop12","Pop25",-0.0609674418657891,0.00131929121065102,20,"Flux-conserved"
"Pop13","Pop14",0.175727087764254,-0.00128377731206639,20,"Flux-conserved"
"Pop13","Pop16",0.120010557297168,0.383041792231443,20,"Flux-conserved"
"Pop14","Pop15",0.0284967445275225,0.00209285214554021,20,"Flux-conserved"
"Pop14","Pop16",-0.0594002395625103,0.00452351305787191,20,"Flux-conserved"
"Pop14","Pop22",-0.122408813503033,0.000173005113190016,20,"Flux-conserved"
"Pop15","Pop16",0.0183245563785275,-0.00280290796537477,20,"Flux-conserved"
"Pop15","Pop17",-0.0918711868221264,0.00235540679662718,20,"Flux-conserved"
"Pop15","Pop18",-0.0889152717029717,0.000319133081937859,20,"Flux-conserved"
"Pop16","Pop18",-0.15708785466745,0.0005996680678922,20,"Flux-conserved"
"Pop17","Pop18",0.0809199304703112,0.000201213883583209,20,"Flux-conserved"
"Pop17","Pop19",-0.114535440491111,9.62477045375468e-05,20,"Flux-conserved"
"Pop18","Pop19",-0.0806530811398978,0.000284036703300161,20,"Flux-conserved"
"Pop18","Pop21",-0.0742504925189993,0.000133953426957713,20,"Flux-conserved"
"Pop18","Pop23",-0.11596687021353,2.77038919128534e-05,20,"Flux-conserved"
"Pop19","Pop20",-0.074835437551021,0.000173504781784396,20,"Flux-conserved"
"Pop19","Pop23",-0.0864166522286059,1.66002843667331e-05,20,"Flux-conserved"
"Pop20","Pop21",0.087637307140189,6.93802795355294e-05,20,"Flux-conserved"
"Pop20","Pop24",-0.113987105741589,0.000169168393796537,20,"Flux-conserved"
"Pop20","Pop25",0.0480265173608695,-9.89353460686969e-05,20,"Flux-conserved"
"Pop21","Pop22",-0.0577457381040254,1.2718786396938e-05,20,"Flux-conserved"
"Pop21","Pop24",-0.119295269027821,6.37855502764394e-05,20,"Flux-conserved"
"Pop21","Pop25",0.0593261324460566,-0.000300786447397933,20,"Flux-conserved"
"Pop22","Pop23",-0.000507982978825039,2.25970807634829e-05,20,"Flux-conserved"
"Pop22","Pop25",0.0650307487682297,-6.34303395853485e-05,20,"Flux-conserved"
"Pop23","Pop24",-0.06704924263744,6.23577844581683e-06,20,"Flux-conserved"
"Pop24","Pop25",0.100170240633462,-9.68398934909107e-05,20,"Flux-conserved"
"Pop01","Pop02",0.006038722376286,NA,20,"Rate-conserved"
"Pop01","Pop11",0.113052067036904,NA,20,"Rate-conserved"
"Pop01","Pop13",-0.0624927849380821,NA,20,"Rate-conserved"
"Pop02","Pop03",0.110044003783097,0.00219863323654487,20,"Rate-conserved"
"Pop02","Pop12",-0.0228370605562614,0.00200296732315576,20,"Rate-conserved"
"Pop03","Pop05",0.304237388519039,0.000744723215729138,20,"Rate-conserved"
"Pop03","Pop12",0.153834202120356,0.0860870140215344,20,"Rate-conserved"
"Pop04","Pop05",0.0788717503630823,-0.00438641004725132,20,"Rate-conserved"
"Pop04","Pop06",0,NA,20,"Rate-conserved"
"Pop04","Pop07",-0.223628677233427,0.000226739059766255,20,"Rate-conserved"
"Pop05","Pop06",-0.0788717503630823,0.00438641004725132,20,"Rate-conserved"
"Pop05","Pop12",-0.229594869145395,0.00245168099463292,20,"Rate-conserved"
"Pop06","Pop07",-0.223628677233427,0.000226739059766255,20,"Rate-conserved"
"Pop07","Pop08",0.0222999044972692,0.000125797704136941,20,"Rate-conserved"
"Pop07","Pop09",-0.00571788564917519,3.91924986068831e-05,20,"Rate-conserved"
"Pop07","Pop14",-0.0821442267096006,0.000458729188082753,20,"Rate-conserved"
"Pop07","Pop15",-0.110562130225757,0.000421169974791612,20,"Rate-conserved"
"Pop08","Pop09",0.0438434318238049,-6.31044046640856e-06,20,"Rate-conserved"
"Pop08","Pop11",0.092929628602374,-0.00687590165817146,20,"Rate-conserved"
"Pop08","Pop13",0.0351193373421746,1.34136156922442e-05,20,"Rate-conserved"
"Pop08","Pop14",0.00483627683311064,0.000109798313058208,20,"Rate-conserved"
"Pop08","Pop15",-0.0281369569857945,5.17295932214226e-05,20,"Rate-conserved"
"Pop08","Pop20",-0.080071431671493,2.60904215441226e-05,20,"Rate-conserved"
"Pop09","Pop10",-0.193165901491815,-0.000894879527113915,20,"Rate-conserved"
"Pop09","Pop11",0.00444811293467762,-0.00258446566691901,20,"Rate-conserved"
"Pop09","Pop12",0.102648441709431,-0.000613473367542689,20,"Rate-conserved"
"Pop09","Pop14",-0.0789316689290079,0.00014544231729319,20,"Rate-conserved"
"Pop10","Pop11",0.226658224595233,-0.000348991148452844,20,"Rate-conserved"
"Pop10","Pop13",-0.0388661241685288,9.08479602410654e-05,20,"Rate-conserved"
"Pop11","Pop12",0.0921845942097111,0.000137449671285476,20,"Rate-conserved"
"Pop11","Pop13",-0.0665241908504441,0.000539365718474496,20,"Rate-conserved"
"Pop13","Pop14",-0.00462760227458828,0.000360611933396149,20,"Rate-conserved"
"Pop13","Pop15",-0.0124213693586694,0.000191325164814482,20,"Rate-conserved"
"Pop14","Pop15",0.0224334351314255,9.44346114272063e-05,20,"Rate-conserved"
"Pop14","Pop16",-0.224903355198044,1.93515392323687e-05,20,"Rate-conserved"
"Pop15","Pop16",-0.152167538933457,1.01518043640175e-05,20,"Rate-conserved"
"Pop15","Pop18",-0.0540163198121319,1.15118873072063e-05,20,"Rate-conserved"
"Pop15","Pop19",-0.0437696731235106,7.46544196775166e-06,20,"Rate-conserved"
"Pop15","Pop25",-0.0550179114645771,1.47833965128069e-06,20,"Rate-conserved"
"Pop16","Pop17",0.110797086280155,1.12286783332664e-05,20,"Rate-conserved"
"Pop16","Pop21",-0.0239475985660911,1.21453299005207e-06,20,"Rate-conserved"
"Pop17","Pop18",-0.0466115796944131,3.7607942280082e-07,20,"Rate-conserved"
"Pop17","Pop19",0.0179008572804294,7.2174170294551e-07,20,"Rate-conserved"
"Pop17","Pop20",0.0300464974745524,5.74705141340801e-07,20,"Rate-conserved"
"Pop17","Pop21",-0.00871594376010562,4.32308789147852e-07,20,"Rate-conserved"
"Pop17","Pop22",0.00110005196225205,-1.96770958090816e-07,20,"Rate-conserved"
"Pop17","Pop25",-0.0196964880929014,-1.5764034264098e-06,20,"Rate-conserved"
"Pop18","Pop19",0.0896705529354948,3.41522951314454e-06,20,"Rate-conserved"
"Pop18","Pop20",0.100483610327892,2.41938660568477e-06,20,"Rate-conserved"
"Pop18","Pop25",-0.0239311110269001,-1.52126502643124e-06,20,"Rate-conserved"
"Pop19","Pop20",0.00488276460718723,1.0276184130549e-06,20,"Rate-conserved"
"Pop19","Pop21",-0.0238441928070077,6.90178135706878e-07,20,"Rate-conserved"
"Pop19","Pop23",-0.0162912639766808,-1.69779923959417e-06,20,"Rate-conserved"
"Pop19","Pop24",-0.0304602518566935,6.08399825010216e-08,20,"Rate-conserved"
"Pop19","Pop25",-0.0275668545143068,-9.53385055708602e-07,20,"Rate-conserved"
"Pop20","Pop21",-0.0354861977372645,-6.82765269619007e-07,20,"Rate-conserved"
"Pop20","Pop22",-0.0353896800904375,-3.93323930969158e-07,20,"Rate-conserved"
"Pop20","Pop23",-0.0412863901877157,-2.84553476445508e-06,20,"Rate-conserved"
"Pop20","Pop24",-0.0498827435370018,-6.42232751160022e-08,20,"Rate-conserved"
"Pop21","Pop22",-0.0169107571387734,-1.46969673877361e-06,20,"Rate-conserved"
"Pop21","Pop24",-0.0207827344167355,-4.67634815291097e-07,20,"Rate-conserved"
"Pop21","Pop25",-0.00752674183756008,-2.42235575299489e-06,20,"Rate-conserved"
"Pop22","Pop23",-0.0349918522823126,-1.93848128797004e-06,20,"Rate-conserved"
"Pop22","Pop24",-0.0203456239243273,1.11277366973736e-06,20,"Rate-conserved"
"Pop22","Pop25",0.00733445449260825,-5.13570627952692e-06,20,"Rate-conserved"
"Pop23","Pop24",0.011887512520566,1.00712469573664e-06,20,"Rate-conserved"
"Pop23","Pop25",0.0616846010820028,-7.83882780174188e-06,20,"Rate-conserved"
"Pop24","Pop25",0.0446133739639555,-1.36682836527901e-05,20,"Rate-conserved"
"Pop01","Pop02",-0.0158540067156253,0.201818506777201,21,"Isotropic"
"Pop01","Pop03",-0.0742749851198675,0.0786706165883081,21,"Isotropic"
"Pop01","Pop04",-0.0163474323077879,0.406045133002745,21,"Isotropic"
"Pop01","Pop05",0.0214485707685567,0.308738487137888,21,"Isotropic"
"Pop01","Pop07",0.0248570321406714,0.127279546975228,21,"Isotropic"
"Pop01","Pop08",0.042298129670074,0.0946232219107382,21,"Isotropic"
"Pop01","Pop09",0.0289039389246309,0.251720517535365,21,"Isotropic"
"Pop01","Pop10",0.0207236866817295,0.0395554691800097,21,"Isotropic"
"Pop02","Pop03",-0.074833396861179,0.267366981104276,21,"Isotropic"
"Pop02","Pop04",-0.00113086632776807,0.187515139275248,21,"Isotropic"
"Pop02","Pop05",0.0228351518511297,0.202152483948085,21,"Isotropic"
"Pop02","Pop07",0.0290933998519227,0.170016101084285,21,"Isotropic"
"Pop02","Pop08",0.0349103978604916,0.0515010248727256,21,"Isotropic"
"Pop02","Pop09",0.0179936223194146,0.106102229858914,21,"Isotropic"
"Pop03","Pop04",0.040002000137933,0.0947176018780438,21,"Isotropic"
"Pop03","Pop07",0.0337587013683633,0.0833768361990557,21,"Isotropic"
"Pop03","Pop08",0.0433458667127419,0.0457670685195111,21,"Isotropic"
"Pop04","Pop05",0.0541782212706425,0.13008384871597,21,"Isotropic"
"Pop04","Pop08",0.0352789416500258,0.0585856968358375,21,"Isotropic"
"Pop04","Pop09",0.0255469805289776,0.115441915395583,21,"Isotropic"
"Pop05","Pop06",-0.0158879193579403,-0.0151067910837462,21,"Isotropic"
"Pop05","Pop10",0.0269409925539101,-0.0641237138910801,21,"Isotropic"
"Pop05","Pop11",0.0293102430841312,0.00780513156650293,21,"Isotropic"
"Pop05","Pop12",0.0191701355715887,0.0189912880395274,21,"Isotropic"
"Pop05","Pop14",0.0335006987209306,0.0349943189593496,21,"Isotropic"
"Pop05","Pop15",0.0360528130270726,0.0284299256388404,21,"Isotropic"
"Pop05","Pop19",0.0269093569638134,0.065292946294955,21,"Isotropic"
"Pop06","Pop07",0.0611663084880855,-0.0131074293780959,21,"Isotropic"
"Pop06","Pop09",0.00151186483725516,0.251276830396723,21,"Isotropic"
"Pop06","Pop10",0.043138289759175,0.019416807784744,21,"Isotropic"
"Pop06","Pop11",0.0418651411849347,0.0177644797520529,21,"Isotropic"
"Pop06","Pop13",0.0422330857830448,0.044529810587243,21,"Isotropic"
"Pop06","Pop14",0.0485158324740062,0.0193442708701916,21,"Isotropic"
"Pop06","Pop22",-0.00179952334855617,0.0163172221349107,21,"Isotropic"
"Pop06","Pop23",0.0172482947299511,-0.0200589732898412,21,"Isotropic"
"Pop07","Pop08",-0.0314705548843984,0.0868227703187612,21,"Isotropic"
"Pop07","Pop10",-0.00650688549466198,-0.00788888263049915,21,"Isotropic"
"Pop07","Pop11",0.0108763139126679,-0.0494754766745735,21,"Isotropic"
"Pop07","Pop13",0.0101496384436194,-0.00677059389115298,21,"Isotropic"
"Pop07","Pop14",0.00906062028050068,0.0816774447194634,21,"Isotropic"
"Pop07","Pop16",0.0329636744529755,0.0457416730336785,21,"Isotropic"
"Pop07","Pop17",0.022299495716032,0.0300621854529677,21,"Isotropic"
"Pop07","Pop18",0.00349663254874461,-0.00343273472412967,21,"Isotropic"
"Pop07","Pop21",-0.0155860599433613,-0.00195636464808711,21,"Isotropic"
"Pop07","Pop22",-0.00827718200632936,0.00434515161576502,21,"Isotropic"
"Pop07","Pop25",-0.0182999736928049,-0.0677723540674288,21,"Isotropic"
"Pop08","Pop09",-0.0368437788314143,0.107284866574041,21,"Isotropic"
"Pop08","Pop10",0.0224869598774511,-0.134754978323429,21,"Isotropic"
"Pop08","Pop11",0.0232812772161041,-0.130946505829239,21,"Isotropic"
"Pop08","Pop13",0.0139592126832882,-0.0181386361172788,21,"Isotropic"
"Pop08","Pop14",0.0190331278450862,0.0175420865136121,21,"Isotropic"
"Pop09","Pop10",0.0473667038261792,-0.0977468221940892,21,"Isotropic"
"Pop09","Pop11",0.0434668504055075,-0.163221284267694,21,"Isotropic"
"Pop09","Pop12",0.0149676547307169,-0.151307604636386,21,"Isotropic"
"Pop10","Pop11",0.0136727820435328,0.106334005732017,21,"Isotropic"
"Pop10","Pop14",0.0100174341775138,0.025291515171481,21,"Isotropic"
"Pop10","Pop17",0.0153027305400402,0.0159982488474384,21,"Isotropic"
"Pop10","Pop18",-0.00225559865431757,0.0169356868028451,21,"Isotropic"
"Pop10","Pop19",0.0137155077503693,0.0321150571110267,21,"Isotropic"
"Pop10","Pop20",-0.00454815476680017,0.0108789479414601,21,"Isotropic"
"Pop10","Pop21",-0.0242864712647525,-0.00241973964556976,21,"Isotropic"
"Pop11","Pop12",-0.0409901193994034,-0.00149594552582311,21,"Isotropic"
"Pop11","Pop13",-0.00274758290012021,0.0308113933726238,21,"Isotropic"
"Pop11","Pop14",-0.00370090841287049,0.0549822091378942,21,"Isotropic"
"Pop11","Pop16",0.0123005852332982,0.0330100226839862,21,"Isotropic"
"Pop11","Pop17",0.00437863001031946,0.0181068757917369,21,"Isotropic"
"Pop11","Pop18",-0.0093809046920993,0.00510538558817512,21,"Isotropic"
"Pop11","Pop19",0.00238293206970571,0.0278828278411681,21,"Isotropic"
"Pop11","Pop20",-0.0206597197530161,0.0178669350602231,21,"Isotropic"
"Pop11","Pop24",-0.0405094767542628,-0.0173242072116472,21,"Isotropic"
"Pop12","Pop13",0.0295772896273152,0.103048115336391,21,"Isotropic"
"Pop12","Pop14",0.0287891924417569,0.153049318709772,21,"Isotropic"
"Pop12","Pop15",0.0152279708822686,0.0785610697099228,21,"Isotropic"
"Pop12","Pop16",0.0278582548387397,0.092796716679607,21,"Isotropic"
"Pop12","Pop17",0.015966483512413,0.0470231518632681,21,"Isotropic"
"Pop12","Pop18",-0.00231663279544207,0.00451097333457339,21,"Isotropic"
"Pop12","Pop19",0.0138211048161824,0.00920715825358468,21,"Isotropic"
"Pop13","Pop14",0.00123988184554294,0.066083786902657,21,"Isotropic"
"Pop13","Pop15",-0.024056130323247,0.0890411291786539,21,"Isotropic"
"Pop13","Pop16",-0.00999850191248035,0.14843054514954,21,"Isotropic"
"Pop13","Pop17",-0.00508505246182961,0.0558939679980077,21,"Isotropic"
"Pop13","Pop18",-0.019020544408779,0.0223696874858531,21,"Isotropic"
"Pop13","Pop20",-0.0294601679862753,0.0227575345155308,21,"Isotropic"
"Pop13","Pop22",-0.0376347679984372,0.00477551244965847,21,"Isotropic"
"Pop13","Pop25",-0.0615983609574613,-0.108203143272662,21,"Isotropic"
"Pop14","Pop15",-0.0193723638463976,0.0561356362974173,21,"Isotropic"
"Pop14","Pop16",-0.0121845543971301,0.0441609690888368,21,"Isotropic"
"Pop14","Pop17",-0.00593119670940138,-0.0397031500912104,21,"Isotropic"
"Pop14","Pop22",-0.0417540420659702,-0.0153221064153847,21,"Isotropic"
"Pop14","Pop24",-0.0514423055701485,-0.110185446058183,21,"Isotropic"
"Pop15","Pop16",0.00588859891130042,0.073415612432601,21,"Isotropic"
"Pop15","Pop17",0.0082375150812592,-0.0385296856752785,21,"Isotropic"
"Pop15","Pop18",-0.00349453292226316,-0.00584005968080342,21,"Isotropic"
"Pop15","Pop19",0.00713381196389687,-0.0323111578385961,21,"Isotropic"
"Pop15","Pop23",-0.0317448754743352,-0.074012455387686,21,"Isotropic"
"Pop15","Pop25",-0.07511767692298,-0.0770993102011994,21,"Isotropic"
"Pop16","Pop17",0.00286696222104163,-0.36312061757186,21,"Isotropic"
"Pop16","Pop18",-0.0116030824041262,-0.022639732797343,21,"Isotropic"
"Pop16","Pop19",0.00208114055958547,-0.0206185750690068,21,"Isotropic"
"Pop16","Pop20",-0.0528983885948846,0.0236768454957524,21,"Isotropic"
"Pop17","Pop18",-0.00690541509799791,0.0516116165124567,21,"Isotropic"
"Pop17","Pop19",-0.000229611530224799,-0.308922800694005,21,"Isotropic"
"Pop17","Pop20",-0.0448118160750853,-0.059779110033386,21,"Isotropic"
"Pop18","Pop19",0.00602196248560885,0.105245537892344,21,"Isotropic"
"Pop18","Pop23",-0.0140343346615703,-0.110714285045807,21,"Isotropic"
"Pop18","Pop25",-0.0515788090431862,-0.0639870067464363,21,"Isotropic"
"Pop19","Pop20",-0.046881594381554,0.0981833563125367,21,"Isotropic"
"Pop19","Pop21",-0.0957778582277183,-0.0410653105691038,21,"Isotropic"
"Pop19","Pop22",-0.04638684603918,-0.059149854028275,21,"Isotropic"
"Pop20","Pop21",-0.0632227755501956,-0.0722616581432788,21,"Isotropic"
"Pop20","Pop23",0.00170917579310767,-0.130050325770402,21,"Isotropic"
"Pop21","Pop22",0.0722932349237507,-0.00400257887760641,21,"Isotropic"
"Pop21","Pop23",0.0648159252023806,-0.0327904513355407,21,"Isotropic"
"Pop22","Pop23",-0.00572074333277298,-0.105701933313919,21,"Isotropic"
"Pop22","Pop24",-0.109058653207199,-0.166805997008819,21,"Isotropic"
"Pop22","Pop25",-0.0444460570286828,-0.174393758426762,21,"Isotropic"
"Pop23","Pop24",-0.1054884714225,0.1093733203893,21,"Isotropic"
"Pop23","Pop25",-0.0427217180940495,-0.0267390084525882,21,"Isotropic"
"Pop24","Pop25",0.0769893043196431,-0.142460013547821,21,"Isotropic"
"Pop01","Pop12",0.271340706153925,NA,21,"Flux-conserved"
"Pop01","Pop20",0.209676424077367,NA,21,"Flux-conserved"
"Pop01","Pop22",0.0185730889789528,NA,21,"Flux-conserved"
"Pop01","Pop23",0.133060119494166,-34038454581.46,21,"Flux-conserved"
"Pop01","Pop25",0.102748497916419,NA,21,"Flux-conserved"
"Pop02","Pop12",0.271340706153925,NA,21,"Flux-conserved"
"Pop02","Pop20",0.209676424077367,NA,21,"Flux-conserved"
"Pop02","Pop22",0.0185730889789528,NA,21,"Flux-conserved"
"Pop02","Pop23",0.133060119494166,-34038454581.46,21,"Flux-conserved"
"Pop02","Pop25",0.102748497916419,NA,21,"Flux-conserved"
"Pop03","Pop12",0.271340706153925,NA,21,"Flux-conserved"
"Pop03","Pop20",0.209676424077367,NA,21,"Flux-conserved"
"Pop03","Pop22",0.0185730889789528,NA,21,"Flux-conserved"
"Pop03","Pop23",0.133060119494166,-34038454581.46,21,"Flux-conserved"
"Pop03","Pop25",0.102748497916419,NA,21,"Flux-conserved"
"Pop04","Pop12",0.271340706153925,NA,21,"Flux-conserved"
"Pop04","Pop20",0.209676424077367,NA,21,"Flux-conserved"
"Pop04","Pop22",0.0185730889789528,NA,21,"Flux-conserved"
"Pop04","Pop23",0.133060119494166,-34038454581.46,21,"Flux-conserved"
"Pop04","Pop25",0.102748497916419,NA,21,"Flux-conserved"
"Pop05","Pop12",0.271340706153925,NA,21,"Flux-conserved"
"Pop05","Pop20",0.209676424077367,NA,21,"Flux-conserved"
"Pop05","Pop22",0.0185730889789528,NA,21,"Flux-conserved"
"Pop05","Pop23",0.133060119494166,-34038454581.46,21,"Flux-conserved"
"Pop05","Pop25",0.102748497916419,NA,21,"Flux-conserved"
"Pop06","Pop12",0.271340706153925,NA,21,"Flux-conserved"
"Pop06","Pop20",0.209676424077367,NA,21,"Flux-conserved"
"Pop06","Pop22",0.0185730889789528,NA,21,"Flux-conserved"
"Pop06","Pop23",0.133060119494166,-34038454581.46,21,"Flux-conserved"
"Pop06","Pop25",0.102748497916419,NA,21,"Flux-conserved"
"Pop07","Pop12",0.271340706153925,NA,21,"Flux-conserved"
"Pop07","Pop20",0.209676424077367,NA,21,"Flux-conserved"
"Pop07","Pop22",0.0185730889789528,NA,21,"Flux-conserved"
"Pop07","Pop23",0.133060119494166,-34038454581.46,21,"Flux-conserved"
"Pop07","Pop25",0.102748497916419,NA,21,"Flux-conserved"
"Pop08","Pop12",0.271340706153925,NA,21,"Flux-conserved"
"Pop08","Pop20",0.209676424077367,NA,21,"Flux-conserved"
"Pop08","Pop22",0.0185730889789528,NA,21,"Flux-conserved"
"Pop08","Pop23",0.133060119494166,-34038454581.46,21,"Flux-conserved"
"Pop08","Pop25",0.102748497916419,NA,21,"Flux-conserved"
"Pop09","Pop12",0.271340706153925,NA,21,"Flux-conserved"
"Pop09","Pop20",0.209676424077367,NA,21,"Flux-conserved"
"Pop09","Pop22",0.0185730889789528,NA,21,"Flux-conserved"
"Pop09","Pop23",0.133060119494166,-34038454581.46,21,"Flux-conserved"
"Pop09","Pop25",0.102748497916419,NA,21,"Flux-conserved"
"Pop10","Pop12",0.271340706153925,NA,21,"Flux-conserved"
"Pop10","Pop20",0.209676424077367,NA,21,"Flux-conserved"
"Pop10","Pop22",0.0185730889789528,NA,21,"Flux-conserved"
"Pop10","Pop23",0.133060119494166,-34038454581.46,21,"Flux-conserved"
"Pop10","Pop25",0.102748497916419,NA,21,"Flux-conserved"
"Pop11","Pop12",0.271340706153925,NA,21,"Flux-conserved"
"Pop11","Pop20",0.209676424077367,NA,21,"Flux-conserved"
"Pop11","Pop22",0.0185730889789528,NA,21,"Flux-conserved"
"Pop11","Pop23",0.133060119494166,-34038454581.46,21,"Flux-conserved"
"Pop11","Pop25",0.102748497916419,NA,21,"Flux-conserved"
"Pop12","Pop14",-0.140695687508681,0.019985223645333,21,"Flux-conserved"
"Pop12","Pop15",-0.271340706153925,NA,21,"Flux-conserved"
"Pop12","Pop16",-0.271340706153925,NA,21,"Flux-conserved"
"Pop12","Pop17",-0.271340706153925,NA,21,"Flux-conserved"
"Pop13","Pop18",0.11437396128353,-0.003885241337905,21,"Flux-conserved"
"Pop13","Pop19",0,NA,21,"Flux-conserved"
"Pop13","Pop20",0.195734829789588,0.00663267262317741,21,"Flux-conserved"
"Pop13","Pop22",-0.0208376230709165,0.00014096264868901,21,"Flux-conserved"
"Pop13","Pop25",0.0015778628667556,0.000238339046408304,21,"Flux-conserved"
"Pop14","Pop18",0.283864041480048,0.044742755931378,21,"Flux-conserved"
"Pop15","Pop20",0.209676424077367,NA,21,"Flux-conserved"
"Pop15","Pop22",0.0185730889789528,NA,21,"Flux-conserved"
"Pop15","Pop23",0.133060119494166,-34038454581.46,21,"Flux-conserved"
"Pop15","Pop25",0.102748497916419,NA,21,"Flux-conserved"
"Pop16","Pop20",0.209676424077367,NA,21,"Flux-conserved"
"Pop16","Pop22",0.0185730889789528,NA,21,"Flux-conserved"
"Pop16","Pop23",0.133060119494166,-34038454581.46,21,"Flux-conserved"
"Pop16","Pop25",0.102748497916419,NA,21,"Flux-conserved"
"Pop17","Pop20",0.209676424077367,NA,21,"Flux-conserved"
"Pop17","Pop22",0.0185730889789528,NA,21,"Flux-conserved"
"Pop17","Pop23",0.133060119494166,-34038454581.46,21,"Flux-conserved"
"Pop17","Pop25",0.102748497916419,NA,21,"Flux-conserved"
"Pop18","Pop19",-0.11437396128353,0.003885241337905,21,"Flux-conserved"
"Pop19","Pop20",0.195734829789588,0.00663267262317741,21,"Flux-conserved"
"Pop19","Pop22",-0.0208376230709165,0.00014096264868901,21,"Flux-conserved"
"Pop19","Pop25",0.0015778628667556,0.000238339046408304,21,"Flux-conserved"
"Pop20","Pop21",-0.30335739072886,7.30120825591658e-05,21,"Flux-conserved"
"Pop20","Pop22",-0.0387641687644062,5.68391763123049e-05,21,"Flux-conserved"
"Pop20","Pop23",-0.0185302640957254,0.000517019311862035,21,"Flux-conserved"
"Pop20","Pop24",-0.231092146552839,5.96035160489877e-05,21,"Flux-conserved"
"Pop20","Pop25",-0.0272680440923285,-0.000120098308901907,21,"Flux-conserved"
"Pop21","Pop22",0.4062306596051,9.04274757972544e-05,21,"Flux-conserved"
"Pop21","Pop25",0.129971300049414,-0.00109984315510312,21,"Flux-conserved"
"Pop22","Pop23",0.00848616984465296,-4.5980165297054e-05,21,"Flux-conserved"
"Pop22","Pop24",-0.0677114925388131,-0.000130058582691699,21,"Flux-conserved"
"Pop23","Pop24",-0.21488525036061,-3.15171177646238e-05,21,"Flux-conserved"
"Pop23","Pop25",-0.00191617687336965,-0.000277215523397108,21,"Flux-conserved"
"Pop24","Pop25",0.256980719764585,-0.0013732760676548,21,"Flux-conserved"
"Pop01","Pop03",0.416905947496491,NA,21,"Rate-conserved"
"Pop02","Pop04",0.135298854659344,-0.023984405310947,21,"Rate-conserved"
"Pop02","Pop05",-0.113861944913371,0.00505295352618416,21,"Rate-conserved"
"Pop02","Pop06",0.0297139693882872,0.0224982698319786,21,"Rate-conserved"
"Pop03","Pop04",-0.0470910077816446,0.114905360201428,21,"Rate-conserved"
"Pop03","Pop06",-0.139047985820698,0.152943117014896,21,"Rate-conserved"
"Pop04","Pop06",-0.0201038419822757,0.814723491799401,21,"Rate-conserved"
"Pop04","Pop07",-0.16051771774646,0.0238519940838269,21,"Rate-conserved"
"Pop05","Pop07",0.0929289447790423,0.00193811664418875,21,"Rate-conserved"
"Pop05","Pop08",0.0721343688221147,0.000485480706486814,21,"Rate-conserved"
"Pop05","Pop09",0.0832098864476787,0.000994132820090493,21,"Rate-conserved"
"Pop05","Pop18",-0.0826327157357156,0.000312897734987299,21,"Rate-conserved"
"Pop06","Pop07",-0.114118137784747,0.00164472013352155,21,"Rate-conserved"
"Pop07","Pop08",-0.0111691828217511,0.000287191961441936,21,"Rate-conserved"
"Pop07","Pop09",0.00732098494402492,0.000374953293560353,21,"Rate-conserved"
"Pop07","Pop13",-0.00391486044382938,0.000255550305712515,21,"Rate-conserved"
"Pop07","Pop15",-0.0611586797913973,0.000199567216926187,21,"Rate-conserved"
"Pop08","Pop09",0.0181627419203028,0.000112304091005367,21,"Rate-conserved"
"Pop08","Pop10",0.0257054179562661,-2.20825731557618e-05,21,"Rate-conserved"
"Pop08","Pop11",0.0362294773136087,-5.04133565348194e-05,21,"Rate-conserved"
"Pop08","Pop13",0.0254822785030047,1.70372184622061e-05,21,"Rate-conserved"
"Pop08","Pop15",-0.0031768160431557,6.22864730263265e-05,21,"Rate-conserved"
"Pop08","Pop19",-0.157454294294792,2.70648947612498e-05,21,"Rate-conserved"
"Pop09","Pop10",-0.00531032963746569,-7.80669702930618e-05,21,"Rate-conserved"
"Pop09","Pop11",-0.00960271410832159,-0.000147246903834162,21,"Rate-conserved"
"Pop09","Pop12",-0.00200798513483715,-0.000132165741858123,21,"Rate-conserved"
"Pop09","Pop13",0.00305815533147025,1.18850810601888e-05,21,"Rate-conserved"
"Pop09","Pop14",-0.0226922471873496,0.000114201066251022,21,"Rate-conserved"
"Pop09","Pop18",-0.107251215371852,4.9707494689528e-05,21,"Rate-conserved"
"Pop10","Pop11",-0.0313122009358607,-0.00173500183984441,21,"Rate-conserved"
"Pop10","Pop12",-0.04760806173119,-0.000215335174940248,21,"Rate-conserved"
"Pop10","Pop13",0.00533508687876896,9.88912420178732e-06,21,"Rate-conserved"
"Pop10","Pop14",-0.00445066285248316,0.000229433466983273,21,"Rate-conserved"
"Pop10","Pop15",-0.0212829708641976,8.97493650319688e-05,21,"Rate-conserved"
"Pop10","Pop16",-0.110559314064453,0.00012618452661291,21,"Rate-conserved"
"Pop10","Pop17",-0.114586039340589,7.05720750863155e-05,21,"Rate-conserved"
"Pop11","Pop12",-0.0333145588747485,-5.12296359699481e-05,21,"Rate-conserved"
"Pop11","Pop13",0.0314815293571585,0.000276339244767283,21,"Rate-conserved"
"Pop11","Pop14",-0.00290919049735028,0.00032111515753769,21,"Rate-conserved"
"Pop11","Pop15",-0.052708141779998,9.0990463879742e-05,21,"Rate-conserved"
"Pop12","Pop13",0.0457076912011435,0.000270069463072474,21,"Rate-conserved"
"Pop12","Pop14",0.038008194156398,0.00442563577406574,21,"Rate-conserved"
"Pop12","Pop15",-0.0245910353904088,0.000325849667632998,21,"Rate-conserved"
"Pop13","Pop14",-0.0063973069247277,0.000114931573717766,21,"Rate-conserved"
"Pop13","Pop16",-0.10407573426256,7.9483640645349e-05,21,"Rate-conserved"
"Pop13","Pop20",-0.101667344959,8.25310268230347e-06,21,"Rate-conserved"
"Pop14","Pop15",-0.0023524079951989,6.81177422146215e-05,21,"Rate-conserved"
"Pop14","Pop16",-0.0866167254141678,7.78343820670564e-05,21,"Rate-conserved"
"Pop14","Pop17",-0.0839416757662442,8.97097264097697e-05,21,"Rate-conserved"
"Pop14","Pop19",-0.17602241687725,-1.16081499182245e-05,21,"Rate-conserved"
"Pop14","Pop20",-0.112288125839574,2.73489761702949e-06,21,"Rate-conserved"
"Pop15","Pop16",-0.0864140921308871,0.000585726344608061,21,"Rate-conserved"
"Pop15","Pop17",-0.0778201532177063,0.000211924282152853,21,"Rate-conserved"
"Pop15","Pop18",-0.0774153063146683,2.86966321467612e-05,21,"Rate-conserved"
"Pop15","Pop22",-0.0738477963438945,2.85301161320082e-06,21,"Rate-conserved"
"Pop16","Pop17",0.00618222640176619,0.000160034853584887,21,"Rate-conserved"
"Pop16","Pop24",-0.102329575707883,3.90861548222205e-06,21,"Rate-conserved"
"Pop17","Pop18",-0.00315197753873919,-1.917494530156e-05,21,"Rate-conserved"
"Pop17","Pop22",-0.0423175253998899,1.20890716408997e-06,21,"Rate-conserved"
"Pop17","Pop23",-0.0648762820199225,2.11676484113298e-06,21,"Rate-conserved"
"Pop18","Pop19",-0.109830140574511,-2.35227934027885e-05,21,"Rate-conserved"
"Pop18","Pop20",-0.0327618170594499,-1.46829271083002e-05,21,"Rate-conserved"
"Pop18","Pop22",-0.0434256343709875,5.82721787463353e-06,21,"Rate-conserved"
"Pop19","Pop20",0.0905559263489145,-3.9757454105716e-05,21,"Rate-conserved"
"Pop19","Pop25",-0.12183748623123,6.00438683334972e-06,21,"Rate-conserved"
"Pop20","Pop21",-0.119089956744283,3.84333378848475e-05,21,"Rate-conserved"
"Pop20","Pop22",0.00724344166711693,3.72284641445166e-05,21,"Rate-conserved"
"Pop20","Pop25",-0.144157362545472,1.90782641911736e-05,21,"Rate-conserved"
"Pop21","Pop22",0.222520665113788,1.80360543409659e-05,21,"Rate-conserved"
"Pop21","Pop23",0.0778416177495507,1.49971080117235e-05,21,"Rate-conserved"
"Pop22","Pop23",-0.0732173197720184,2.55092714044341e-05,21,"Rate-conserved"
"Pop22","Pop24",-0.142560823760184,1.11906066774071e-06,21,"Rate-conserved"
"Pop23","Pop24",-0.0891729148219696,-2.25035684853802e-05,21,"Rate-conserved"
"Pop23","Pop25",-0.152288926050995,-2.22499877841915e-05,21,"Rate-conserved"
"Pop24","Pop25",-0.0530956422461832,-9.19205585534959e-06,21,"Rate-conserved"
"Pop01","Pop02",0.0503439717990881,0.319684042394002,22,"Isotropic"
"Pop01","Pop05",0.136092977758772,0.212647221882524,22,"Isotropic"
"Pop01","Pop07",0.117197622920411,0.134515340606839,22,"Isotropic"
"Pop01","Pop13",0.0143877305358081,0.0837367013183194,22,"Isotropic"
"Pop01","Pop15",0.0193604898960998,0.0914201811333242,22,"Isotropic"
"Pop02","Pop03",-0.0801614918717025,0.150926491811348,22,"Isotropic"
"Pop02","Pop04",-0.0807683650786105,0.109110359687723,22,"Isotropic"
"Pop02","Pop05",0.0207484067761963,0.119171777871346,22,"Isotropic"
"Pop02","Pop07",-0.0803017507590375,0.0743015074849842,22,"Isotropic"
"Pop03","Pop04",-0.0021752412448271,0.0697903618561618,22,"Isotropic"
"Pop03","Pop05",0.0806239095102274,0.111631852743649,22,"Isotropic"
"Pop03","Pop06",-0.0870506497585693,0.0513082980090056,22,"Isotropic"
"Pop04","Pop05",0.058519151540016,0.128332257066089,22,"Isotropic"
"Pop04","Pop10",0.0135019535089741,0.0304791203532414,22,"Isotropic"
"Pop04","Pop11",-0.0107186715649579,0.0237572523265379,22,"Isotropic"
"Pop04","Pop13",-0.00967257268986231,0.00735015979194036,22,"Isotropic"
"Pop05","Pop06",-0.049662271075432,0.0218975285255567,22,"Isotropic"
"Pop05","Pop07",-0.0364269484689967,0.00883922126722912,22,"Isotropic"
"Pop05","Pop08",-0.0703579404617664,0.0116267183901979,22,"Isotropic"
"Pop06","Pop07",0.0358256175519834,-0.0117542461154984,22,"Isotropic"
"Pop06","Pop08",-0.00214075671377106,0.0310500373605649,22,"Isotropic"
"Pop06","Pop09",0.00226077065194524,0.0192126175217437,22,"Isotropic"
"Pop06","Pop11",-0.00846954071593101,0.00488145833050475,22,"Isotropic"
"Pop06","Pop23",0.0191371038955159,-0.00769762884846433,22,"Isotropic"
"Pop06","Pop25",0.00063062558180918,-0.00383861136243458,22,"Isotropic"
"Pop07","Pop08",-0.0410390133435419,0.0108605037539115,22,"Isotropic"
"Pop07","Pop09",-0.0324689267937474,0.00434002883053298,22,"Isotropic"
"Pop07","Pop11",-0.0312720870809379,0.00178346351149547,22,"Isotropic"
"Pop07","Pop12",-0.0163618709959672,0.00294251449547449,22,"Isotropic"
"Pop07","Pop15",-0.0243751087007956,0.0118003071100225,22,"Isotropic"
"Pop07","Pop19",0.00573678062305747,-0.000525280728356964,22,"Isotropic"
"Pop08","Pop09",-0.129770591293936,0.00394497133859105,22,"Isotropic"
"Pop08","Pop10",-0.0149148164946818,0.0200630310467214,22,"Isotropic"
"Pop08","Pop14",-0.0081422768155011,0.00356197998487043,22,"Isotropic"
"Pop08","Pop20",-0.00169907796913461,-0.00239632117485128,22,"Isotropic"
"Pop09","Pop10",0.130374474086512,0.0198885878551476,22,"Isotropic"
"Pop10","Pop11",0.00862394075484563,-0.0164158536566719,22,"Isotropic"
"Pop10","Pop13",0.00477678922606339,-0.00369613898314749,22,"Isotropic"
"Pop10","Pop15",-0.00800881824844925,-0.000123754835902146,22,"Isotropic"
"Pop10","Pop18",0.0227102345606718,-0.00904261829440432,22,"Isotropic"
"Pop11","Pop12",-0.0186564971181505,0.0200841172439625,22,"Isotropic"
"Pop11","Pop13",0.00165474930587128,0.000406285802724546,22,"Isotropic"
"Pop11","Pop14",0.0180097592200739,0.00312311952037004,22,"Isotropic"
"Pop11","Pop25",0.00893791953866779,-0.00965576939521113,22,"Isotropic"
"Pop12","Pop13",0.0233488097276848,-0.0179925319338836,22,"Isotropic"
"Pop12","Pop14",0.0105170182467173,0.00316620875451407,22,"Isotropic"
"Pop12","Pop17",0.0224400869650448,0.000233516969434686,22,"Isotropic"
"Pop12","Pop18",0.0292969686964552,-0.0012159872506541,22,"Isotropic"
"Pop12","Pop25",-0.00168834359415646,-0.0119268182184494,22,"Isotropic"
"Pop13","Pop14",-0.00921157275241777,0.00940464440657686,22,"Isotropic"
"Pop13","Pop15",0.000336751464674934,-0.00031727203435229,22,"Isotropic"
"Pop13","Pop19",0.0280729354785777,-0.00144031772812406,22,"Isotropic"
"Pop14","Pop15",-0.00031501907553344,-0.00989754409397628,22,"Isotropic"
"Pop14","Pop16",0.0404250077507401,0.00267385071163873,22,"Isotropic"
"Pop14","Pop25",-0.0161070833436547,-0.0166176346393776,22,"Isotropic"
"Pop15","Pop16",0.0185110112321915,0.0550819443106655,22,"Isotropic"
"Pop15","Pop18",0.0394188024314003,0.00151226008287649,22,"Isotropic"
"Pop15","Pop20",0.0377259889682066,0.00157042139916412,22,"Isotropic"
"Pop16","Pop17",-0.0567234774082244,0.0045109306211325,22,"Isotropic"
"Pop16","Pop19",-0.0187021177093966,-0.0130886086353459,22,"Isotropic"
"Pop16","Pop20",-0.00450525665936682,-0.00453123359958191,22,"Isotropic"
"Pop16","Pop21",0.0143677746579495,0.000477626986869831,22,"Isotropic"
"Pop16","Pop22",-0.0172869130973385,-0.00746572549358909,22,"Isotropic"
"Pop16","Pop24",-0.0112497290901179,-0.0153432031115459,22,"Isotropic"
"Pop17","Pop18",0.0591698514799587,-0.004141367399599,22,"Isotropic"
"Pop17","Pop19",0.0393952299759541,-0.025618565632276,22,"Isotropic"
"Pop17","Pop21",0.0654315946694324,0.00299282293791037,22,"Isotropic"
"Pop17","Pop23",0.00265971158007255,-0.00547150773514306,22,"Isotropic"
"Pop18","Pop19",-0.0190831158868639,-0.0156584830373578,22,"Isotropic"
"Pop18","Pop20",-0.00152573585014606,0.00823990466277795,22,"Isotropic"
"Pop18","Pop22",-0.0236791225461873,-0.0127002700630054,22,"Isotropic"
"Pop18","Pop24",-0.013150672455551,-0.00465890289285413,22,"Isotropic"
"Pop18","Pop25",-0.0331266036328678,-0.0035308884173253,22,"Isotropic"
"Pop19","Pop20",0.0178166049138365,0.018590593605443,22,"Isotropic"
"Pop19","Pop21",0.0285347116048592,0.0135826951810901,22,"Isotropic"
"Pop19","Pop23",0.00037793393292164,-0.00497982285395769,22,"Isotropic"
"Pop20","Pop21",0.000857225822543717,0.00298845144236315,22,"Isotropic"
"Pop20","Pop22",-0.005546387484334,-0.00752771040495876,22,"Isotropic"
"Pop20","Pop23",-0.0136124061156401,-0.00648126742138018,22,"Isotropic"
"Pop20","Pop24",0.00757631443424976,-0.0086511127141014,22,"Isotropic"
"Pop21","Pop22",-0.0566024286359489,-0.0692672931024971,22,"Isotropic"
"Pop21","Pop23",-0.0319481590889786,-0.0369396504222319,22,"Isotropic"
"Pop21","Pop24",-0.0343079337978098,-0.0108744761802562,22,"Isotropic"
"Pop21","Pop25",-0.0629567762796342,-0.00278764332735255,22,"Isotropic"
"Pop22","Pop23",0.0321161995838029,-0.0120981157880057,22,"Isotropic"
"Pop22","Pop24",0.0156919843965228,0.00106581680644562,22,"Isotropic"
"Pop23","Pop24",-0.0134458088216705,0.0183520791953228,22,"Isotropic"
"Pop23","Pop25",-0.0140451510622721,0.00905671614088407,22,"Isotropic"
"Pop24","Pop25",0.00881846665380337,-0.00318970745681788,22,"Isotropic"
"Pop01","Pop16",0.170169230432865,NA,22,"Flux-conserved"
"Pop01","Pop19",0.14653164723285,-4956140962648.46,22,"Flux-conserved"
"Pop01","Pop20",0.106022011904305,-1235929889181.76,22,"Flux-conserved"
"Pop01","Pop21",0.10459971605002,NA,22,"Flux-conserved"
"Pop01","Pop22",0.0647169689568497,NA,22,"Flux-conserved"
"Pop01","Pop23",0.041506678075868,0.000729852078469058,22,"Flux-conserved"
"Pop01","Pop25",0.0580553407477457,-4956140962648.47,22,"Flux-conserved"
"Pop02","Pop16",0.170169230432865,NA,22,"Flux-conserved"
"Pop02","Pop19",0.14653164723285,-4956140962648.46,22,"Flux-conserved"
"Pop02","Pop20",0.106022011904305,-1235929889181.76,22,"Flux-conserved"
"Pop02","Pop21",0.10459971605002,NA,22,"Flux-conserved"
"Pop02","Pop22",0.0647169689568497,NA,22,"Flux-conserved"
"Pop02","Pop23",0.041506678075868,0.000729852078469058,22,"Flux-conserved"
"Pop02","Pop25",0.0580553407477457,-4956140962648.47,22,"Flux-conserved"
"Pop03","Pop16",0.170169230432865,NA,22,"Flux-conserved"
"Pop03","Pop19",0.14653164723285,-4956140962648.46,22,"Flux-conserved"
"Pop03","Pop20",0.106022011904305,-1235929889181.76,22,"Flux-conserved"
"Pop03","Pop21",0.10459971605002,NA,22,"Flux-conserved"
"Pop03","Pop22",0.0647169689568497,NA,22,"Flux-conserved"
"Pop03","Pop23",0.041506678075868,0.000729852078469058,22,"Flux-conserved"
"Pop03","Pop25",0.0580553407477457,-4956140962648.47,22,"Flux-conserved"
"Pop04","Pop16",0.170169230432865,NA,22,"Flux-conserved"
"Pop04","Pop19",0.14653164723285,-4956140962648.46,22,"Flux-conserved"
"Pop04","Pop20",0.106022011904305,-1235929889181.76,22,"Flux-conserved"
"Pop04","Pop21",0.10459971605002,NA,22,"Flux-conserved"
"Pop04","Pop22",0.0647169689568497,NA,22,"Flux-conserved"
"Pop04","Pop23",0.041506678075868,0.000729852078469058,22,"Flux-conserved"
"Pop04","Pop25",0.0580553407477457,-4956140962648.47,22,"Flux-conserved"
"Pop05","Pop16",0.170169230432865,NA,22,"Flux-conserved"
"Pop05","Pop19",0.14653164723285,-4956140962648.46,22,"Flux-conserved"
"Pop05","Pop20",0.106022011904305,-1235929889181.76,22,"Flux-conserved"
"Pop05","Pop21",0.10459971605002,NA,22,"Flux-conserved"
"Pop05","Pop22",0.0647169689568497,NA,22,"Flux-conserved"
"Pop05","Pop23",0.041506678075868,0.000729852078469058,22,"Flux-conserved"
"Pop05","Pop25",0.0580553407477457,-4956140962648.47,22,"Flux-conserved"
"Pop06","Pop16",0.170169230432865,NA,22,"Flux-conserved"
"Pop06","Pop19",0.14653164723285,-4956140962648.46,22,"Flux-conserved"
"Pop06","Pop20",0.106022011904305,-1235929889181.76,22,"Flux-conserved"
"Pop06","Pop21",0.10459971605002,NA,22,"Flux-conserved"
"Pop06","Pop22",0.0647169689568497,NA,22,"Flux-conserved"
"Pop06","Pop23",0.041506678075868,0.000729852078469058,22,"Flux-conserved"
"Pop06","Pop25",0.0580553407477457,-4956140962648.47,22,"Flux-conserved"
"Pop07","Pop16",0.170169230432865,NA,22,"Flux-conserved"
"Pop07","Pop19",0.14653164723285,-4956140962648.46,22,"Flux-conserved"
"Pop07","Pop20",0.106022011904305,-1235929889181.76,22,"Flux-conserved"
"Pop07","Pop21",0.10459971605002,NA,22,"Flux-conserved"
"Pop07","Pop22",0.0647169689568497,NA,22,"Flux-conserved"
"Pop07","Pop23",0.041506678075868,0.000729852078469058,22,"Flux-conserved"
"Pop07","Pop25",0.0580553407477457,-4956140962648.47,22,"Flux-conserved"
"Pop08","Pop16",0.170169230432865,NA,22,"Flux-conserved"
"Pop08","Pop19",0.14653164723285,-4956140962648.46,22,"Flux-conserved"
"Pop08","Pop20",0.106022011904305,-1235929889181.76,22,"Flux-conserved"
"Pop08","Pop21",0.10459971605002,NA,22,"Flux-conserved"
"Pop08","Pop22",0.0647169689568497,NA,22,"Flux-conserved"
"Pop08","Pop23",0.041506678075868,0.000729852078469058,22,"Flux-conserved"
"Pop08","Pop25",0.0580553407477457,-4956140962648.47,22,"Flux-conserved"
"Pop09","Pop16",0.170169230432865,NA,22,"Flux-conserved"
"Pop09","Pop19",0.14653164723285,-4956140962648.46,22,"Flux-conserved"
"Pop09","Pop20",0.106022011904305,-1235929889181.76,22,"Flux-conserved"
"Pop09","Pop21",0.10459971605002,NA,22,"Flux-conserved"
"Pop09","Pop22",0.0647169689568497,NA,22,"Flux-conserved"
"Pop09","Pop23",0.041506678075868,0.000729852078469058,22,"Flux-conserved"
"Pop09","Pop25",0.0580553407477457,-4956140962648.47,22,"Flux-conserved"
"Pop10","Pop16",0.170169230432865,NA,22,"Flux-conserved"
"Pop10","Pop19",0.14653164723285,-4956140962648.46,22,"Flux-conserved"
"Pop10","Pop20",0.106022011904305,-1235929889181.76,22,"Flux-conserved"
"Pop10","Pop21",0.10459971605002,NA,22,"Flux-conserved"
"Pop10","Pop22",0.0647169689568497,NA,22,"Flux-conserved"
"Pop10","Pop23",0.041506678075868,0.000729852078469058,22,"Flux-conserved"
"Pop10","Pop25",0.0580553407477457,-4956140962648.47,22,"Flux-conserved"
"Pop11","Pop16",0.170169230432865,NA,22,"Flux-conserved"
"Pop11","Pop19",0.14653164723285,-4956140962648.46,22,"Flux-conserved"
"Pop11","Pop20",0.106022011904305,-1235929889181.76,22,"Flux-conserved"
"Pop11","Pop21",0.10459971605002,NA,22,"Flux-conserved"
"Pop11","Pop22",0.0647169689568497,NA,22,"Flux-conserved"
"Pop11","Pop23",0.041506678075868,0.000729852078469058,22,"Flux-conserved"
"Pop11","Pop25",0.0580553407477457,-4956140962648.47,22,"Flux-conserved"
"Pop12","Pop16",0.170169230432865,NA,22,"Flux-conserved"
"Pop12","Pop19",0.14653164723285,-4956140962648.46,22,"Flux-conserved"
"Pop12","Pop20",0.106022011904305,-1235929889181.76,22,"Flux-conserved"
"Pop12","Pop21",0.10459971605002,NA,22,"Flux-conserved"
"Pop12","Pop22",0.0647169689568497,NA,22,"Flux-conserved"
"Pop12","Pop23",0.041506678075868,0.000729852078469058,22,"Flux-conserved"
"Pop12","Pop25",0.0580553407477457,-4956140962648.47,22,"Flux-conserved"
"Pop13","Pop16",0.170169230432865,NA,22,"Flux-conserved"
"Pop13","Pop19",0.14653164723285,-4956140962648.46,22,"Flux-conserved"
"Pop13","Pop20",0.106022011904305,-1235929889181.76,22,"Flux-conserved"
"Pop13","Pop21",0.10459971605002,NA,22,"Flux-conserved"
"Pop13","Pop22",0.0647169689568497,NA,22,"Flux-conserved"
"Pop13","Pop23",0.041506678075868,0.000729852078469058,22,"Flux-conserved"
"Pop13","Pop25",0.0580553407477457,-4956140962648.47,22,"Flux-conserved"
"Pop14","Pop16",0.170169230432865,NA,22,"Flux-conserved"
"Pop14","Pop19",0.14653164723285,-4956140962648.46,22,"Flux-conserved"
"Pop14","Pop20",0.106022011904305,-1235929889181.76,22,"Flux-conserved"
"Pop14","Pop21",0.10459971605002,NA,22,"Flux-conserved"
"Pop14","Pop22",0.0647169689568497,NA,22,"Flux-conserved"
"Pop14","Pop23",0.041506678075868,0.000729852078469058,22,"Flux-conserved"
"Pop14","Pop25",0.0580553407477457,-4956140962648.47,22,"Flux-conserved"
"Pop15","Pop16",0.170169230432865,NA,22,"Flux-conserved"
"Pop15","Pop19",0.14653164723285,-4956140962648.46,22,"Flux-conserved"
"Pop15","Pop20",0.106022011904305,-1235929889181.76,22,"Flux-conserved"
"Pop15","Pop21",0.10459971605002,NA,22,"Flux-conserved"
"Pop15","Pop22",0.0647169689568497,NA,22,"Flux-conserved"
"Pop15","Pop23",0.041506678075868,0.000729852078469058,22,"Flux-conserved"
"Pop15","Pop25",0.0580553407477457,-4956140962648.47,22,"Flux-conserved"
"Pop16","Pop18",-0.0295725099141244,0.00748336337623343,22,"Flux-conserved"
"Pop16","Pop19",-0.0347815722359138,0.0121362751815665,22,"Flux-conserved"
"Pop16","Pop21",-0.0495965623839379,-0.00020274732159494,22,"Flux-conserved"
"Pop17","Pop18",-0.0708963163006931,0.140878309826714,22,"Flux-conserved"
"Pop17","Pop20",0.197635525075571,0.0287513719714307,22,"Flux-conserved"
"Pop17","Pop21",0.200990587387721,0.034479204098382,22,"Flux-conserved"
"Pop17","Pop24",-0.0460544269682263,0.0131595781876672,22,"Flux-conserved"
"Pop17","Pop25",0.0122792956558261,0.0130598222420061,22,"Flux-conserved"
"Pop18","Pop19",0.302342229633981,0.566325250333976,22,"Flux-conserved"
"Pop18","Pop21",0.0958871522636347,0.0104921734235874,22,"Flux-conserved"
"Pop19","Pop20",-0.00300923629720051,-0.00468763866248065,22,"Flux-conserved"
"Pop19","Pop21",-0.00532006666470781,-0.0219575912965798,22,"Flux-conserved"
"Pop19","Pop22",-0.0240280618613842,0.00287553797664739,22,"Flux-conserved"
"Pop19","Pop25",-0.0281308579183883,0.0050374920376456,22,"Flux-conserved"
"Pop20","Pop21",-0.00385554549272113,0.114021749971579,22,"Flux-conserved"
"Pop20","Pop22",-0.0099039221580344,0.0160942270641613,22,"Flux-conserved"
"Pop20","Pop23",-0.0229054805162556,0.00799333370903592,22,"Flux-conserved"
"Pop20","Pop24",-0.0844774302261961,0.0233332401736374,22,"Flux-conserved"
"Pop20","Pop25",-0.0115922662139536,0.0263329709220854,22,"Flux-conserved"
"Pop21","Pop22",-0.00561006327234875,0.0154273238459507,22,"Flux-conserved"
"Pop22","Pop23",-0.00907729607318251,0.0111440828046505,22,"Flux-conserved"
"Pop22","Pop24",-0.19362666787346,0.148336718175181,22,"Flux-conserved"
"Pop22","Pop25",-0.000473621435325547,-0.000172523910285658,22,"Flux-conserved"
"Pop23","Pop24",-0.188993716316197,0.0953399034356091,22,"Flux-conserved"
"Pop23","Pop25",0.00949957020776714,-0.00120706241147321,22,"Flux-conserved"
"Pop24","Pop25",0.150666847383765,-0.00714709396380334,22,"Flux-conserved"
"Pop01","Pop02",-0.062608935412424,0.00895430147781161,22,"Rate-conserved"
"Pop01","Pop03",-0.0765979314701318,0.00572172792026352,22,"Rate-conserved"
"Pop01","Pop04",-0.109700605016135,0.0769720285432044,22,"Rate-conserved"
"Pop01","Pop06",0.00157554494787802,0.0989600148270803,22,"Rate-conserved"
"Pop01","Pop08",-0.0506375883126197,0.0171047098780975,22,"Rate-conserved"
"Pop01","Pop09",0.0288890240320259,0.026412565025131,22,"Rate-conserved"
"Pop01","Pop10",-0.0010099710555455,0.0319493745490992,22,"Rate-conserved"
"Pop01","Pop11",-0.0155027764269826,0.203051973000635,22,"Rate-conserved"
"Pop01","Pop13",-0.0465733867831369,0.00730547170646133,22,"Rate-conserved"
"Pop01","Pop14",-0.0320765512916324,0.0205784487708382,22,"Rate-conserved"
"Pop01","Pop15",-0.103647315964557,0.047665158870042,22,"Rate-conserved"
"Pop02","Pop03",-0.14984192149122,0.0213079938713407,22,"Rate-conserved"
"Pop02","Pop05",0.001464590745717,0.11166673602703,22,"Rate-conserved"
"Pop02","Pop07",-0.0220035091177073,0.191840629180708,22,"Rate-conserved"
"Pop02","Pop12",0.0604337553079191,0.139099515580917,22,"Rate-conserved"
"Pop02","Pop13",-0.0309549690922846,0.0858200992064781,22,"Rate-conserved"
"Pop02","Pop14",-0.0216337600548321,0.00740025000375384,22,"Rate-conserved"
"Pop03","Pop04",0.0260632769948294,0.248530457312394,22,"Rate-conserved"
"Pop03","Pop10",-0.0415111483476628,0.0581951700895029,22,"Rate-conserved"
"Pop04","Pop05",0.0477738209532911,0.0466712716072425,22,"Rate-conserved"
"Pop04","Pop12",-0.0127114547036351,0.0426962045055587,22,"Rate-conserved"
"Pop05","Pop10",0.0696394858381046,0.00184292483524841,22,"Rate-conserved"
"Pop05","Pop12",0.0549661561339964,0.396714321216153,22,"Rate-conserved"
"Pop05","Pop13",-0.0586799501823175,0.0159211971934737,22,"Rate-conserved"
"Pop05","Pop14",-0.0540048372460859,0.00380125918340969,22,"Rate-conserved"
"Pop06","Pop07",-0.0757184155774138,0.00753425360810173,22,"Rate-conserved"
"Pop06","Pop08",-0.0180542035569935,0.00267413982048066,22,"Rate-conserved"
"Pop06","Pop09",-0.0294779664883779,0.0389233977788587,22,"Rate-conserved"
"Pop06","Pop10",0.00173200761542322,0.000771498934110978,22,"Rate-conserved"
"Pop06","Pop11",-0.062152439436634,0.0126849451654605,22,"Rate-conserved"
"Pop06","Pop12",0.00524539383603365,0.000821119443010814,22,"Rate-conserved"
"Pop06","Pop13",-0.053796821202692,0.00192765353131109,22,"Rate-conserved"
"Pop06","Pop14",-0.0369983069827264,0.00362979913713372,22,"Rate-conserved"
"Pop06","Pop15",-0.11275942597287,0.0122957842871722,22,"Rate-conserved"
"Pop07","Pop08",0.0956835937096876,-0.00231342732180589,22,"Rate-conserved"
"Pop07","Pop09",0.0806795428547231,-0.000734276459340551,22,"Rate-conserved"
"Pop07","Pop12",0.0978084865093693,-0.00278419149067251,22,"Rate-conserved"
"Pop07","Pop13",-0.00533118975174482,-0.00164158858635058,22,"Rate-conserved"
"Pop08","Pop09",0.0245032446892725,0.000513254158869296,22,"Rate-conserved"
"Pop08","Pop10",0.039979330225601,-0.00549885985463911,22,"Rate-conserved"
"Pop08","Pop11",0.0143604193449406,-0.00293172798201959,22,"Rate-conserved"
"Pop08","Pop12",0.0672992306013666,-0.000275129333987343,22,"Rate-conserved"
"Pop08","Pop13",-0.000827012875044913,0.000775338592561302,22,"Rate-conserved"
"Pop08","Pop14",0.0102652558982419,0.00160450544403674,22,"Rate-conserved"
"Pop08","Pop18",-0.122490269140826,0.00699451728878919,22,"Rate-conserved"
"Pop08","Pop25",-0.0501629632067321,0.000218704370323406,22,"Rate-conserved"
"Pop09","Pop10",0.0158201906720276,-0.0201017073615864,22,"Rate-conserved"
"Pop09","Pop11",-0.0182340176975252,-0.00940858752148871,22,"Rate-conserved"
"Pop09","Pop12",0.019858304170766,-0.00207463728716054,22,"Rate-conserved"
"Pop10","Pop11",-0.0286013651326132,0.00188297162051961,22,"Rate-conserved"
"Pop10","Pop13",-0.0414239551457315,0.0139576084426092,22,"Rate-conserved"
"Pop10","Pop14",-0.031056463323723,0.0128884671277623,22,"Rate-conserved"
"Pop10","Pop16",-0.147374391759439,0.0174031066629549,22,"Rate-conserved"
"Pop11","Pop12",0.0373923124218373,0.00385239700739718,22,"Rate-conserved"
"Pop11","Pop14",-0.0441553352997893,0.00170027641567074,22,"Rate-conserved"
"Pop13","Pop14",0.00666709737011037,0.00158811426241646,22,"Rate-conserved"
"Pop13","Pop15",-0.047730715960903,0.000416413617418872,22,"Rate-conserved"
"Pop13","Pop17",-0.119200131616048,0.00564774202780216,22,"Rate-conserved"
"Pop14","Pop15",-0.0726583143816442,0.00116610353164176,22,"Rate-conserved"
"Pop14","Pop16",-0.125346815935797,0.00414697784116689,22,"Rate-conserved"
"Pop15","Pop16",-0.0850113674466826,0.0289373536717905,22,"Rate-conserved"
"Pop15","Pop17",-0.142065760387314,0.00717754977881527,22,"Rate-conserved"
"Pop15","Pop18",-0.127121775530633,0.00309406398414641,22,"Rate-conserved"
"Pop16","Pop17",-0.0842020954978671,0.00584578222185646,22,"Rate-conserved"
"Pop16","Pop18",-0.117612624259954,0.000801697477890832,22,"Rate-conserved"
"Pop17","Pop18",-0.0278764130009939,5.80315871564988e-05,22,"Rate-conserved"
"Pop18","Pop19",-0.0548794211585703,-0.000952924706458142,22,"Rate-conserved"
"Pop18","Pop22",0.0595117022037721,-0.00197502352633513,22,"Rate-conserved"
"Pop19","Pop20",0.0388365470150799,0.000959026775882594,22,"Rate-conserved"
"Pop19","Pop23",0.069600519719609,-0.00349447479509743,22,"Rate-conserved"
"Pop19","Pop24",0.10677500642238,-0.0010087014858659,22,"Rate-conserved"
"Pop20","Pop21",0.0181264269583525,0.00027424887698988,22,"Rate-conserved"
"Pop20","Pop24",0.0594768289229327,-0.000372907762914516,22,"Rate-conserved"
"Pop20","Pop25",-0.0721355499609152,0.000695334567352051,22,"Rate-conserved"
"Pop21","Pop22",-0.00168247528863741,-0.0137478298117988,22,"Rate-conserved"
"Pop21","Pop23",0.0132510824392845,-0.0249051006266208,22,"Rate-conserved"
"Pop21","Pop25",-0.0871823491171216,0.0057759402809857,22,"Rate-conserved"
"Pop22","Pop23",0.0434220405735078,0.0121322480694463,22,"Rate-conserved"
"Pop22","Pop24",0.0559784957563255,0.0141744326142948,22,"Rate-conserved"
"Pop23","Pop24",0.0180900280623839,0.00692784474800604,22,"Rate-conserved"
"Pop23","Pop25",-0.0827687403435434,0.00324980428814646,22,"Rate-conserved"
"Pop24","Pop25",-0.0835257878560599,0.0063524936903989,22,"Rate-conserved"
"Pop01","Pop02",-0.0745493318511476,0.233635746550012,23,"Isotropic"
"Pop01","Pop03",0.0892500857464252,0.164492262568049,23,"Isotropic"
"Pop01","Pop04",0.0647110625719916,0.0145163284172624,23,"Isotropic"
"Pop01","Pop06",0.0434126356029099,-0.00354938101301655,23,"Isotropic"
"Pop01","Pop09",0.0757094856647631,-0.00134429461478132,23,"Isotropic"
"Pop01","Pop15",0.0267171586578204,0.00873120104622589,23,"Isotropic"
"Pop02","Pop03",0.168279280312943,0.119656654273218,23,"Isotropic"
"Pop02","Pop04",0.107771210017454,-0.0530583927740729,23,"Isotropic"
"Pop02","Pop14",-0.000379162208401597,0.00213958744847278,23,"Isotropic"
"Pop03","Pop04",-0.0223664283133344,-0.136366551257798,23,"Isotropic"
"Pop03","Pop05",-0.0225649607674752,0.00300537300969621,23,"Isotropic"
"Pop03","Pop06",-0.0274422992194826,-0.0938765713822035,23,"Isotropic"
"Pop03","Pop07",-0.0197654572622973,-0.0887222392773276,23,"Isotropic"
"Pop03","Pop10",-0.0321962987293627,-0.0150373761755814,23,"Isotropic"
"Pop03","Pop11",-0.000652706199982617,-0.0263236967294315,23,"Isotropic"
"Pop04","Pop05",0.00118961029310252,0.0178620870190723,23,"Isotropic"
"Pop04","Pop06",0.00377941151064547,0.0124259297604997,23,"Isotropic"
"Pop04","Pop08",0.00826482068185631,-0.00443359942693035,23,"Isotropic"
"Pop04","Pop10",0.0164054260110428,0.025984908823567,23,"Isotropic"
"Pop04","Pop12",-0.00119323929413205,0.0166185685102679,23,"Isotropic"
"Pop05","Pop06",0.013506718489015,-0.0814355390397725,23,"Isotropic"
"Pop05","Pop08",0.00437341356872852,-0.039725583481701,23,"Isotropic"
"Pop05","Pop11",0.0308031549553491,-0.0193063842787907,23,"Isotropic"
"Pop05","Pop12",0.0121554375281414,-0.0112424122342322,23,"Isotropic"
"Pop05","Pop14",0.0178839294419793,-0.00213008115878993,23,"Isotropic"
"Pop05","Pop15",-0.00211892178892041,0.0115219938025486,23,"Isotropic"
"Pop06","Pop07",-0.00685378846407025,0.0188318244442758,23,"Isotropic"
"Pop06","Pop08",0.00301593201240123,-0.0577849040304417,23,"Isotropic"
"Pop06","Pop09",0.0153807359830012,-0.0149440967309471,23,"Isotropic"
"Pop06","Pop13",-0.0289959872407436,0.0179599301425072,23,"Isotropic"
"Pop06","Pop21",0.00671703386540684,-0.00956080235116308,23,"Isotropic"
"Pop07","Pop08",-0.00593183784049248,-0.062137300663891,23,"Isotropic"
"Pop07","Pop09",-0.0138297942071146,-0.0252789868750348,23,"Isotropic"
"Pop07","Pop10",-0.0231968215971199,-0.0100743639473772,23,"Isotropic"
"Pop07","Pop11",0.01824748315763,-0.00997661500800993,23,"Isotropic"
"Pop07","Pop12",-0.00487036078157517,-0.0104600395962429,23,"Isotropic"
"Pop07","Pop15",-0.0158018228121867,0.00449943271113124,23,"Isotropic"
"Pop08","Pop09",-0.0197845903910146,0.106598172763594,23,"Isotropic"
"Pop08","Pop11",0.0264176143100779,0.0395488152567087,23,"Isotropic"
"Pop08","Pop12",0.00266365017709257,0.0233886943973372,23,"Isotropic"
"Pop08","Pop14",0.0199021432495898,0.0242287305092828,23,"Isotropic"
"Pop09","Pop10",-0.023389668982601,0.0535356148635452,23,"Isotropic"
"Pop09","Pop11",0.0269448863685325,0.0378895703954274,23,"Isotropic"
"Pop09","Pop14",0.0150774553527072,0.033084986653967,23,"Isotropic"
"Pop10","Pop11",0.0609293856094104,-0.0351169884637967,23,"Isotropic"
"Pop10","Pop14",0.0351404056628515,-0.0125097046464429,23,"Isotropic"
"Pop11","Pop12",0.0272835566014002,0.0350543189658141,23,"Isotropic"
"Pop11","Pop14",0.00435866048250336,-0.0545770451938485,23,"Isotropic"
"Pop12","Pop13",-0.0614811112517021,0.0479179651687957,23,"Isotropic"
"Pop12","Pop14",0.00780524604879235,0.0211237561303223,23,"Isotropic"
"Pop12","Pop15",-0.00447897656341507,0.0151109113516981,23,"Isotropic"
"Pop12","Pop16",0.0154594575745435,-0.00183559912022734,23,"Isotropic"
"Pop12","Pop23",0.0126105783321328,-0.0147683084469658,23,"Isotropic"
"Pop12","Pop25",0.0293485583416863,-0.0497179784164039,23,"Isotropic"
"Pop13","Pop14",0.0771269023893329,-0.0216017500542626,23,"Isotropic"
"Pop13","Pop15",0.053227054584656,-0.0188910280761306,23,"Isotropic"
"Pop13","Pop16",0.0397699296382779,-0.0385426931998943,23,"Isotropic"
"Pop13","Pop21",0.0274664972373712,-0.0210616784336587,23,"Isotropic"
"Pop13","Pop22",0.0263148166984596,-0.0162606426533596,23,"Isotropic"
"Pop14","Pop15",-0.0159976384775504,0.0183849270057121,23,"Isotropic"
"Pop14","Pop17",0.0188579693890256,-0.0316763411665519,23,"Isotropic"
"Pop14","Pop20",0.0242525341754666,-0.0249915234451641,23,"Isotropic"
"Pop15","Pop16",-0.0954336365450392,0.0386568628555813,23,"Isotropic"
"Pop15","Pop17",0.00424573121585578,-0.0531712099508268,23,"Isotropic"
"Pop15","Pop21",-0.000400838947968662,0.00545085411076506,23,"Isotropic"
"Pop15","Pop24",-0.00571240740009904,-0.0772977760102767,23,"Isotropic"
"Pop16","Pop17",0.0771517226157994,-0.0736043396164902,23,"Isotropic"
"Pop16","Pop18",0.0530516982278594,-0.0382689757455854,23,"Isotropic"
"Pop16","Pop20",0.0253469103709478,-0.0170219987843472,23,"Isotropic"
"Pop17","Pop18",-0.0384515200915597,-0.0571593732556421,23,"Isotropic"
"Pop17","Pop19",-0.0272418862036524,-0.0204077659220252,23,"Isotropic"
"Pop17","Pop21",-0.0343912852934066,0.0061970432476587,23,"Isotropic"
"Pop17","Pop23",-0.0458622934772407,-0.00351152873428862,23,"Isotropic"
"Pop17","Pop24",-0.050562284780668,-0.00750649149486114,23,"Isotropic"
"Pop17","Pop25",-0.0304812353177677,-0.0604575340139306,23,"Isotropic"
"Pop18","Pop19",-0.0276432643562774,-0.00559809243354356,23,"Isotropic"
"Pop18","Pop20",-0.00247943216773067,-0.0236113285709213,23,"Isotropic"
"Pop18","Pop22",-0.0855322751901715,-0.0245424306863572,23,"Isotropic"
"Pop18","Pop24",-0.0654463207641357,-0.0348754280550094,23,"Isotropic"
"Pop18","Pop25",-0.0304271159334284,-0.145941477473594,23,"Isotropic"
"Pop19","Pop20",0.0576317092801679,-0.393092165319078,23,"Isotropic"
"Pop19","Pop21",0.0195062661056565,-0.0226125400788569,23,"Isotropic"
"Pop19","Pop22",-0.073515918522635,-0.0144205135456921,23,"Isotropic"
"Pop19","Pop25",-0.0159078202306389,-0.0653725425484478,23,"Isotropic"
"Pop20","Pop21",0.00500073549577321,0.0191784878843558,23,"Isotropic"
"Pop20","Pop22",-0.067214539275843,-0.023425597610531,23,"Isotropic"
"Pop20","Pop23",-0.0388057586203942,-0.0413951073594116,23,"Isotropic"
"Pop20","Pop25",-0.0211014620851474,-0.0543495883569811,23,"Isotropic"
"Pop21","Pop22",-0.0650524340613244,-0.0225826197568454,23,"Isotropic"
"Pop21","Pop23",-0.0243467618104594,-0.0131449161574813,23,"Isotropic"
"Pop21","Pop24",-0.00780731128711919,-0.0570990812363535,23,"Isotropic"
"Pop22","Pop23",0.0300646147077596,-0.0558854176931088,23,"Isotropic"
"Pop23","Pop24",-0.0212493141167285,-0.186409963304112,23,"Isotropic"
"Pop23","Pop25",0.0175634020008342,-0.119947236958779,23,"Isotropic"
"Pop24","Pop25",0.0421569365343763,-0.0312771568649038,23,"Isotropic"
"Pop01","Pop09",0.155472597156319,0.142703078815263,23,"Flux-conserved"
"Pop02","Pop03",-0.149655283346704,-0.00737166972619273,23,"Flux-conserved"
"Pop02","Pop10",-0.26775459805846,0.00458113359183675,23,"Flux-conserved"
"Pop03","Pop09",0.149542380608459,-0.0066219934236317,23,"Flux-conserved"
"Pop04","Pop06",0.0950783866157361,0.00497069796139413,23,"Flux-conserved"
"Pop04","Pop08",-0.201267358656416,-0.00277452158103347,23,"Flux-conserved"
"Pop05","Pop11",-0.0255071790514357,-0.000572233393026485,23,"Flux-conserved"
"Pop05","Pop13",-0.00976314207750278,0.0135884936643297,23,"Flux-conserved"
"Pop05","Pop16",-0.0889030859161097,0.000189424453733215,23,"Flux-conserved"
"Pop06","Pop07",-0.057766236966553,0.000361831798968408,23,"Flux-conserved"
"Pop06","Pop12",0.000670486226730826,0.0081783532754023,23,"Flux-conserved"
"Pop07","Pop12",-0.00307131216948703,0.00322411573297907,23,"Flux-conserved"
"Pop07","Pop14",-0.0213545124323506,0.000825405389845827,23,"Flux-conserved"
"Pop08","Pop10",-0.0403507847806616,-0.00100552332909784,23,"Flux-conserved"
"Pop08","Pop12",-0.0438367391433263,0.00261100795856512,23,"Flux-conserved"
"Pop11","Pop14",-0.0533579212239328,-0.000521254557889395,23,"Flux-conserved"
"Pop12","Pop13",-0.116831388325104,0.000174614165291588,23,"Flux-conserved"
"Pop12","Pop16",-0.10232711920896,2.06498830974057e-05,23,"Flux-conserved"
"Pop13","Pop16",-0.0283990673746706,-5.54589115366109e-05,23,"Flux-conserved"
"Pop13","Pop22",-0.00974887087591057,5.65367682383344e-05,23,"Flux-conserved"
"Pop13","Pop23",-0.0382504705359608,0.000118386205843123,23,"Flux-conserved"
"Pop15","Pop16",0.00105598342651664,-6.35467714932603e-05,23,"Flux-conserved"
"Pop15","Pop20",0.0525663510068988,1.47537876231965e-06,23,"Flux-conserved"
"Pop15","Pop22",0.125099435357111,5.61938530008805e-05,23,"Flux-conserved"
"Pop15","Pop23",0.111880113770712,3.79509633242669e-05,23,"Flux-conserved"
"Pop15","Pop25",-0.0969035455515589,2.41331535508331e-05,23,"Flux-conserved"
"Pop17","Pop19",0.0538545626053716,-3.81951033122222e-05,23,"Flux-conserved"
"Pop17","Pop20",-0.0957608669671036,-8.17905427196445e-05,23,"Flux-conserved"
"Pop17","Pop22",-0.0105719266335836,-2.6401223406301e-05,23,"Flux-conserved"
"Pop17","Pop23",0.0796393398882814,3.54464983696413e-05,23,"Flux-conserved"
"Pop17","Pop24",-0.0427902387904401,-4.59777139081536e-05,23,"Flux-conserved"
"Pop18","Pop19",0.158464632754274,-0.000230783984267752,23,"Flux-conserved"
"Pop18","Pop21",-0.149645207207465,0.000321061352097958,23,"Flux-conserved"
"Pop19","Pop20",0.152143532793116,-0.000464361528637453,23,"Flux-conserved"
"Pop20","Pop23",0.0547855401132974,5.2733657208303e-05,23,"Flux-conserved"
"Pop20","Pop24",0.0322768977968088,0.000223794613478296,23,"Flux-conserved"
"Pop20","Pop25",-0.142167757724778,0.000136014881424915,23,"Flux-conserved"
"Pop21","Pop24",0.218408724490686,0.000133816576687103,23,"Flux-conserved"
"Pop21","Pop25",-0.181308155463334,0.000971444151321413,23,"Flux-conserved"
"Pop22","Pop23",0.0937224941882352,6.7739739970481e-05,23,"Flux-conserved"
"Pop22","Pop24",-0.042017178698377,-2.07791447664433e-05,23,"Flux-conserved"
"Pop23","Pop24",-0.0217790543163097,-3.07372949183817e-05,23,"Flux-conserved"
"Pop23","Pop25",-0.178440509215497,4.61579638291974e-05,23,"Flux-conserved"
"Pop24","Pop25",-0.179567141581946,0.00539062587536016,23,"Flux-conserved"
"Pop01","Pop02",0.0215779756013978,-0.0391680142079096,23,"Rate-conserved"
"Pop01","Pop03",0.00466482192672907,0.0441772484055268,23,"Rate-conserved"
"Pop01","Pop05",-0.0290978712442167,0.015289899680652,23,"Rate-conserved"
"Pop01","Pop06",0.0614134808972928,0.444394372390804,23,"Rate-conserved"
"Pop01","Pop07",0.0118847201645116,0.0470156077665899,23,"Rate-conserved"
"Pop02","Pop03",-0.0393700849623411,0.399535936620607,23,"Rate-conserved"
"Pop02","Pop04",0.0491659119476602,0.416030816580573,23,"Rate-conserved"
"Pop02","Pop05",0.0206554153404006,0.0665946696652279,23,"Rate-conserved"
"Pop02","Pop06",0.0696339415939456,0.0919871018965351,23,"Rate-conserved"
"Pop02","Pop11",-0.0908055327814561,0.139275495522354,23,"Rate-conserved"
"Pop03","Pop04",0.0354794354225328,0.910817390717336,23,"Rate-conserved"
"Pop03","Pop07",-0.0514479021807397,0.0109482246008766,23,"Rate-conserved"
"Pop03","Pop10",0.0190701977146592,0.137087432709493,23,"Rate-conserved"
"Pop04","Pop05",0.00821118712488375,-0.0113978913624622,23,"Rate-conserved"
"Pop04","Pop06",-0.0257613169511903,0.0204381498934436,23,"Rate-conserved"
"Pop04","Pop08",-0.0471241052027191,-0.0445056596382214,23,"Rate-conserved"
"Pop04","Pop09",-0.00667581438363393,-0.0012068700222227,23,"Rate-conserved"
"Pop04","Pop10",0.00433016030892974,-0.00587284230320009,23,"Rate-conserved"
"Pop04","Pop16",-0.125246822355239,0.00176127002177754,23,"Rate-conserved"
"Pop05","Pop06",0.0300806079575786,0.0178460607121894,23,"Rate-conserved"
"Pop05","Pop07",0.00117910413888156,-0.00516177606665794,23,"Rate-conserved"
"Pop05","Pop08",-0.0413769187792237,-0.0347735093249665,23,"Rate-conserved"
"Pop05","Pop09",-0.00417251160066126,0.0413237629003229,23,"Rate-conserved"
"Pop05","Pop10",-0.00805132166473441,0.140738127124476,23,"Rate-conserved"
"Pop05","Pop14",-0.0746073031878249,0.0117657554575376,23,"Rate-conserved"
"Pop05","Pop15",-0.0879586686985317,0.00828065564396754,23,"Rate-conserved"
"Pop06","Pop07",-0.0399817377205344,-0.109206076852217,23,"Rate-conserved"
"Pop06","Pop09",-0.00767239595121891,0.0250435850291339,23,"Rate-conserved"
"Pop06","Pop10",0.00308750251716672,0.00522883979686396,23,"Rate-conserved"
"Pop07","Pop08",-0.0388881127410248,0.00296322284100127,23,"Rate-conserved"
"Pop07","Pop09",0.0260938177205241,0.064032417323119,23,"Rate-conserved"
"Pop07","Pop10",0.064774510247602,0.0255799991245681,23,"Rate-conserved"
"Pop08","Pop09",0.0274425904531289,0.035874550158012,23,"Rate-conserved"
"Pop08","Pop10",0.0307933431026505,0.144621251232227,23,"Rate-conserved"
"Pop08","Pop12",0.00755665423753261,0.0820268651462017,23,"Rate-conserved"
"Pop08","Pop15",-0.0540281089182834,0.0142471727578082,23,"Rate-conserved"
"Pop08","Pop16",-0.104169703680475,0.0332717032436659,23,"Rate-conserved"
"Pop09","Pop10",-0.00587818713012003,0.00613126603571013,23,"Rate-conserved"
"Pop09","Pop11",-0.0699678153328734,0.0455644579887765,23,"Rate-conserved"
"Pop09","Pop15",-0.0923591930037161,-0.00114330268427954,23,"Rate-conserved"
"Pop11","Pop12",-0.0404163912757509,-0.0121080745191583,23,"Rate-conserved"
"Pop11","Pop13",-0.0881995399701823,-0.00719123862144753,23,"Rate-conserved"
"Pop11","Pop14",-0.0125116979424111,-0.00437714912364256,23,"Rate-conserved"
"Pop11","Pop15",-0.01179875065339,-0.0101275619455176,23,"Rate-conserved"
"Pop11","Pop17",-0.0531185585071488,0.00910967971269271,23,"Rate-conserved"
"Pop11","Pop20",-0.071161877496465,0.00644463469436055,23,"Rate-conserved"
"Pop12","Pop13",0.0205005234599732,0.502683968561735,23,"Rate-conserved"
"Pop12","Pop14",0.0540148257713054,0.218789296383025,23,"Rate-conserved"
"Pop13","Pop14",0.0915507299300085,0.110960369763376,23,"Rate-conserved"
"Pop13","Pop17",-0.0865639180562072,0.00744523691938952,23,"Rate-conserved"
"Pop14","Pop15",0.0189110485952941,0.000554410839354515,23,"Rate-conserved"
"Pop14","Pop17",-0.0735799529071071,0.0049638576220352,23,"Rate-conserved"
"Pop15","Pop16",-0.00847698225239338,0.00589976391006261,23,"Rate-conserved"
"Pop15","Pop18",-0.0162395374282575,0.0103464152549377,23,"Rate-conserved"
"Pop15","Pop20",-0.0583787404424925,0.0212568029370694,23,"Rate-conserved"
"Pop16","Pop17",-0.0134197642174188,0.0250364460452438,23,"Rate-conserved"
"Pop16","Pop18",0.0276793132082227,0.0203220320717696,23,"Rate-conserved"
"Pop16","Pop20",-0.00064270281672911,0.00981226273025229,23,"Rate-conserved"
"Pop16","Pop21",-0.0507055443801845,0.0110734550346283,23,"Rate-conserved"
"Pop16","Pop25",-0.0939869019981673,0.0141859875635488,23,"Rate-conserved"
"Pop17","Pop18",0.0391451501034927,0.0188676113746856,23,"Rate-conserved"
"Pop17","Pop19",-0.053322954445077,0.00631527032504811,23,"Rate-conserved"
"Pop17","Pop20",-0.00582569117497767,0.00410732329712165,23,"Rate-conserved"
"Pop18","Pop19",-0.082123606654784,0.00304110440957262,23,"Rate-conserved"
"Pop18","Pop20",-0.0303184315616291,0.00718700819286202,23,"Rate-conserved"
"Pop18","Pop21",-0.185495114876643,-0.0369440389689812,23,"Rate-conserved"
"Pop18","Pop22",-0.124738836138253,0.00502155029069945,23,"Rate-conserved"
"Pop18","Pop23",-0.106819064868796,0.00135614893187779,23,"Rate-conserved"
"Pop18","Pop24",-0.0980148786897172,0.00406637172689099,23,"Rate-conserved"
"Pop19","Pop20",0.0559560779045177,0.011600235560088,23,"Rate-conserved"
"Pop19","Pop21",-0.0891597723202428,-0.0120702171633553,23,"Rate-conserved"
"Pop19","Pop24",-0.0554893796689137,0.00708765431611759,23,"Rate-conserved"
"Pop19","Pop25",-0.126969834562172,0.00307866591914244,23,"Rate-conserved"
"Pop20","Pop23",-0.0822613700770454,0.00185418791467733,23,"Rate-conserved"
"Pop20","Pop24",-0.0698806037083461,0.00111260407257997,23,"Rate-conserved"
"Pop21","Pop22",-0.0418793507464369,0.0134259372587665,23,"Rate-conserved"
"Pop22","Pop23",-0.00518503889291488,0.00325927160568265,23,"Rate-conserved"
"Pop22","Pop24",0.00964889168637706,0.00699024361771837,23,"Rate-conserved"
"Pop22","Pop25",-0.0892335530852605,0.00395712405091085,23,"Rate-conserved"
"Pop23","Pop24",0.0298402457372161,-0.000116939212902307,23,"Rate-conserved"
"Pop23","Pop25",-0.0642647805241621,-0.000859500177241024,23,"Rate-conserved"
"Pop24","Pop25",-0.073476881789095,0.000609691742784014,23,"Rate-conserved"
"Pop01","Pop02",0.114525378198759,0.609296431035876,24,"Isotropic"
"Pop01","Pop03",0.176260007299582,0.183316669403868,24,"Isotropic"
"Pop01","Pop10",0.105161119065401,0.11711343416721,24,"Isotropic"
"Pop01","Pop11",0.108729120433702,0.12856655773808,24,"Isotropic"
"Pop02","Pop03",0.0720684603805435,0.504743829521105,24,"Isotropic"
"Pop02","Pop04",0.0665585733646203,0.439339134246795,24,"Isotropic"
"Pop02","Pop05",0.0377531014051133,0.248826359226986,24,"Isotropic"
"Pop02","Pop10",0.00166471964574485,0.0590087399122008,24,"Isotropic"
"Pop03","Pop04",-0.0210667067404216,0.273891839220622,24,"Isotropic"
"Pop03","Pop06",0.0118110446665675,0.037213578449734,24,"Isotropic"
"Pop03","Pop08",0.019114538984281,0.0273962967573575,24,"Isotropic"
"Pop03","Pop09",0.0114410697891106,0.0433409123201274,24,"Isotropic"
"Pop03","Pop10",0.0115106001559468,0.013521488290952,24,"Isotropic"
"Pop03","Pop11",0.0173824320662609,0.00836923190210549,24,"Isotropic"
"Pop04","Pop05",-0.00635184636408015,0.127271433180773,24,"Isotropic"
"Pop04","Pop06",0.016098519795289,0.043292457845798,24,"Isotropic"
"Pop04","Pop08",0.00203994159290793,0.0264388116584973,24,"Isotropic"
"Pop04","Pop10",-0.000840604695116917,0.00230516692515728,24,"Isotropic"
"Pop04","Pop11",-0.000674239823140153,0.0016291581995445,24,"Isotropic"
"Pop05","Pop06",0.0417790313422141,0.033189116040921,24,"Isotropic"
"Pop05","Pop07",-0.00856184583299613,0.0530048511282701,24,"Isotropic"
"Pop05","Pop10",0.0200517882353059,-0.00487818686806447,24,"Isotropic"
"Pop05","Pop11",0.0273575481290182,-0.0147885123384613,24,"Isotropic"
"Pop05","Pop13",0.0162222939400893,-0.00724175181467543,24,"Isotropic"
"Pop06","Pop07",-0.0510569800449998,0.0223530709506167,24,"Isotropic"
"Pop06","Pop08",-0.0199216558072807,0.00157874819878853,24,"Isotropic"
"Pop06","Pop10",0.0194806075667797,-0.0259187368051814,24,"Isotropic"
"Pop06","Pop11",0.0248328448462239,-0.0135828172052201,24,"Isotropic"
"Pop06","Pop15",-0.00136199577468039,-0.00744929211104324,24,"Isotropic"
"Pop06","Pop16",0.00244391358496591,-0.00304299917500579,24,"Isotropic"
"Pop06","Pop18",-0.0103423726722819,0.00612649696196768,24,"Isotropic"
"Pop07","Pop08",0.0147339109561792,-0.0274889457257128,24,"Isotropic"
"Pop07","Pop10",0.0418288597570691,-0.0237763966425748,24,"Isotropic"
"Pop07","Pop11",0.0489873757047168,-0.0408492123798317,24,"Isotropic"
"Pop07","Pop12",0.00650916335228344,-0.0264684271582225,24,"Isotropic"
"Pop07","Pop14",0.00907749810082334,-0.0274086474264403,24,"Isotropic"
"Pop08","Pop09",-0.0283603777148702,-0.0572135352253681,24,"Isotropic"
"Pop08","Pop10",0.0506168187306237,-0.0763126305255752,24,"Isotropic"
"Pop08","Pop11",0.0272848725864082,-0.0272190450043672,24,"Isotropic"
"Pop09","Pop10",0.0979753799953443,-0.084772448811237,24,"Isotropic"
"Pop09","Pop11",0.0745394318146827,-0.00138238918978892,24,"Isotropic"
"Pop09","Pop12",0.0296094255989224,-0.0154646488943292,24,"Isotropic"
"Pop09","Pop13",0.030199369632856,-0.0393984458863437,24,"Isotropic"
"Pop10","Pop11",-0.00387187210862316,0.00854011667166624,24,"Isotropic"
"Pop10","Pop12",-0.042299208599287,-0.013669350540809,24,"Isotropic"
"Pop10","Pop15",-0.0261436807548551,-0.00366164256739401,24,"Isotropic"
"Pop10","Pop16",-0.0118848486271139,0.005710348048645,24,"Isotropic"
"Pop10","Pop22",-0.00652452846155039,-0.000899978174448634,24,"Isotropic"
"Pop11","Pop12",-0.0463679274528036,-0.230435423986993,24,"Isotropic"
"Pop11","Pop13",-0.0396067356912399,-0.0276862547879723,24,"Isotropic"
"Pop11","Pop14",-0.0451155284933424,-0.029044312532714,24,"Isotropic"
"Pop11","Pop17",-0.0311792194284162,0.0077550070616681,24,"Isotropic"
"Pop12","Pop13",-0.00887332854791054,0.0627634640333435,24,"Isotropic"
"Pop12","Pop15",-0.0025532984666298,0.0410656270487473,24,"Isotropic"
"Pop12","Pop17",-0.0113014478975032,0.0124561835825869,24,"Isotropic"
"Pop12","Pop19",0.00521438325386982,0.0140994668995066,24,"Isotropic"
"Pop12","Pop23",0.00478000515349166,-0.0141661921190944,24,"Isotropic"
"Pop13","Pop14",-0.0077382831894327,-0.0188222496659706,24,"Isotropic"
"Pop13","Pop15",0.00227837160789837,-0.0354485387159961,24,"Isotropic"
"Pop13","Pop16",-0.018093932961388,0.0137567632692809,24,"Isotropic"
"Pop13","Pop17",-0.0352900368046797,0.00678517386492445,24,"Isotropic"
"Pop14","Pop15",0.0167778603725887,0.00500632893341935,24,"Isotropic"
"Pop14","Pop16",0.0112106231438588,0.0144833612436158,24,"Isotropic"
"Pop14","Pop17",-0.0131805934285389,0.049231752540749,24,"Isotropic"
"Pop14","Pop18",-0.0328534010469536,0.0340647451017184,24,"Isotropic"
"Pop14","Pop19",-0.000744146750305319,0.0351606473880154,24,"Isotropic"
"Pop15","Pop16",0.0110239637610408,-0.00113357805433179,24,"Isotropic"
"Pop15","Pop18",-0.029744213003319,0.0798550469319075,24,"Isotropic"
"Pop15","Pop19",0.00888191118569905,0.0227791551958828,24,"Isotropic"
"Pop15","Pop25",-0.0245297562824057,-0.0221113026037576,24,"Isotropic"
"Pop16","Pop17",-0.0363247974708205,0.0511725203620963,24,"Isotropic"
"Pop16","Pop18",-0.0420429083131631,0.00810341729790993,24,"Isotropic"
"Pop16","Pop19",-0.00529744925147461,0.0275082760854524,24,"Isotropic"
"Pop16","Pop21",0.0307549496973957,0.0152123851799727,24,"Isotropic"
"Pop16","Pop22",-0.0293186818236834,-0.00544737315180349,24,"Isotropic"
"Pop17","Pop18",-0.0211088486097265,0.0119861724765112,24,"Isotropic"
"Pop17","Pop19",0.0217137939641042,0.00478588741582879,24,"Isotropic"
"Pop17","Pop22",-0.0158709133141469,-0.00448722886645941,24,"Isotropic"
"Pop18","Pop19",0.0442374578985313,-0.0151555474150356,24,"Isotropic"
"Pop18","Pop20",0.0471260762574667,-0.0131553527521312,24,"Isotropic"
"Pop19","Pop20",-0.0588034666618382,-0.0176144452775724,24,"Isotropic"
"Pop19","Pop22",-0.0426369309538737,-0.0493669047544305,24,"Isotropic"
"Pop19","Pop23",-0.0727142062362045,-0.0837910166728102,24,"Isotropic"
"Pop20","Pop21",0.00834227046405234,0.0348405364469343,24,"Isotropic"
"Pop20","Pop22",0.00421052168783304,-0.0610701267912061,24,"Isotropic"
"Pop20","Pop24",-0.00161284722900687,-0.121294982550012,24,"Isotropic"
"Pop21","Pop22",0.0201792430279235,-0.0215307304458798,24,"Isotropic"
"Pop21","Pop23",-0.0369333588569265,-0.0542262791058401,24,"Isotropic"
"Pop21","Pop24",-0.0324616556693852,-0.0748010620992795,24,"Isotropic"
"Pop22","Pop23",-0.0634688397561675,-0.0286635954381769,24,"Isotropic"
"Pop23","Pop25",-0.175820690826095,-0.082768908443057,24,"Isotropic"
"Pop24","Pop25",-0.0208468100447886,-0.147240450209466,24,"Isotropic"
"Pop01","Pop09",0.217704236950479,NA,24,"Flux-conserved"
"Pop01","Pop11",0.00708030405221274,-113152933253.258,24,"Flux-conserved"
"Pop01","Pop13",0.115122498428622,NA,24,"Flux-conserved"
"Pop01","Pop14",0.239849882642328,-28217335485.4623,24,"Flux-conserved"
"Pop01","Pop25",-0.0194872777752724,-12509527847.8262,24,"Flux-conserved"
"Pop02","Pop09",0.217704236950479,NA,24,"Flux-conserved"
"Pop02","Pop11",0.00708030405221274,-113152933253.258,24,"Flux-conserved"
"Pop02","Pop13",0.115122498428622,NA,24,"Flux-conserved"
"Pop02","Pop14",0.239849882642328,-28217335485.4623,24,"Flux-conserved"
"Pop02","Pop25",-0.0194872777752724,-12509527847.8262,24,"Flux-conserved"
"Pop03","Pop09",0.217704236950479,NA,24,"Flux-conserved"
"Pop03","Pop11",0.00708030405221274,-113152933253.258,24,"Flux-conserved"
"Pop03","Pop13",0.115122498428622,NA,24,"Flux-conserved"
"Pop03","Pop14",0.239849882642328,-28217335485.4623,24,"Flux-conserved"
"Pop03","Pop25",-0.0194872777752724,-12509527847.8262,24,"Flux-conserved"
"Pop04","Pop09",0.217704236950479,NA,24,"Flux-conserved"
"Pop04","Pop11",0.00708030405221274,-113152933253.258,24,"Flux-conserved"
"Pop04","Pop13",0.115122498428622,NA,24,"Flux-conserved"
"Pop04","Pop14",0.239849882642328,-28217335485.4623,24,"Flux-conserved"
"Pop04","Pop25",-0.0194872777752724,-12509527847.8262,24,"Flux-conserved"
"Pop05","Pop09",0.217704236950479,NA,24,"Flux-conserved"
"Pop05","Pop11",0.00708030405221274,-113152933253.258,24,"Flux-conserved"
"Pop05","Pop13",0.115122498428622,NA,24,"Flux-conserved"
"Pop05","Pop14",0.239849882642328,-28217335485.4623,24,"Flux-conserved"
"Pop05","Pop25",-0.0194872777752724,-12509527847.8262,24,"Flux-conserved"
"Pop06","Pop09",0.217704236950479,NA,24,"Flux-conserved"
"Pop06","Pop11",0.00708030405221274,-113152933253.258,24,"Flux-conserved"
"Pop06","Pop13",0.115122498428622,NA,24,"Flux-conserved"
"Pop06","Pop14",0.239849882642328,-28217335485.4623,24,"Flux-conserved"
"Pop06","Pop25",-0.0194872777752724,-12509527847.8262,24,"Flux-conserved"
"Pop07","Pop09",0.217704236950479,NA,24,"Flux-conserved"
"Pop07","Pop11",0.00708030405221274,-113152933253.258,24,"Flux-conserved"
"Pop07","Pop13",0.115122498428622,NA,24,"Flux-conserved"
"Pop07","Pop14",0.239849882642328,-28217335485.4623,24,"Flux-conserved"
"Pop07","Pop25",-0.0194872777752724,-12509527847.8262,24,"Flux-conserved"
"Pop08","Pop09",0.217704236950479,NA,24,"Flux-conserved"
"Pop08","Pop11",0.00708030405221274,-113152933253.258,24,"Flux-conserved"
"Pop08","Pop13",0.115122498428622,NA,24,"Flux-conserved"
"Pop08","Pop14",0.239849882642328,-28217335485.4623,24,"Flux-conserved"
"Pop08","Pop25",-0.0194872777752724,-12509527847.8262,24,"Flux-conserved"
"Pop09","Pop10",-0.381512429830915,0.305393933590659,24,"Flux-conserved"
"Pop09","Pop14",-0.0842423659615292,0.637518334887552,24,"Flux-conserved"
"Pop10","Pop12",0.0645715248364474,0.105774944495301,24,"Flux-conserved"
"Pop10","Pop14",0.0537069835222712,0.805041617270375,24,"Flux-conserved"
"Pop11","Pop12",0.0444617797024898,-0.00221898267206914,24,"Flux-conserved"
"Pop11","Pop13",0.0158342055037359,0.00252530911849455,24,"Flux-conserved"
"Pop11","Pop14",0.0822910885739865,-2.04923150695234e-06,24,"Flux-conserved"
"Pop11","Pop21",0.0115033863418233,0.000174976533595156,24,"Flux-conserved"
"Pop11","Pop25",-0.00827732865081589,0.000140759303330809,24,"Flux-conserved"
"Pop12","Pop13",0.0918886374850506,0.00908740546743026,24,"Flux-conserved"
"Pop12","Pop14",0.274285836032533,0.0715965784907143,24,"Flux-conserved"
"Pop13","Pop14",0.0703437422656197,-0.00193672959561823,24,"Flux-conserved"
"Pop13","Pop16",-0.00439086941480885,-3.92868233064737e-05,24,"Flux-conserved"
"Pop14","Pop16",-0.0832947026721997,0.00029204447274068,24,"Flux-conserved"
"Pop14","Pop18",-0.0585645354321492,0.000868543885391453,24,"Flux-conserved"
"Pop15","Pop16",0.0542488837168305,0.00269489322914553,24,"Flux-conserved"
"Pop15","Pop18",0.00402904460266879,0.0132280813623817,24,"Flux-conserved"
"Pop15","Pop19",0.125762183403469,0.00151318885571608,24,"Flux-conserved"
"Pop15","Pop22",-0.0873543368769518,0.000130734633812506,24,"Flux-conserved"
"Pop15","Pop24",-0.0225058272719967,-3.45218543776394e-05,24,"Flux-conserved"
"Pop16","Pop18",0.0170486896089136,-0.00143190033197605,24,"Flux-conserved"
"Pop16","Pop20",-0.0371986434920917,-0.000239611821632623,24,"Flux-conserved"
"Pop16","Pop21",-0.0660699618589198,-0.000271140519101658,24,"Flux-conserved"
"Pop16","Pop22",-0.0918690922220547,6.1619770022166e-05,24,"Flux-conserved"
"Pop16","Pop23",0.00630185734942088,-0.000152752581128933,24,"Flux-conserved"
"Pop16","Pop24",-0.0515533074300173,-0.000229791849336573,24,"Flux-conserved"
"Pop17","Pop19",0.148183359186908,0.000180728799130032,24,"Flux-conserved"
"Pop17","Pop20",0.0823485340591689,0.000899726354593455,24,"Flux-conserved"
"Pop17","Pop21",-0.106150230379766,-3.63868018680322e-05,24,"Flux-conserved"
"Pop17","Pop23",0.0254550523149389,-0.000111227130545157,24,"Flux-conserved"
"Pop18","Pop19",0.0956384462830107,0.000704396662741755,24,"Flux-conserved"
"Pop18","Pop20",0.0532114043336229,0.000463156999807615,24,"Flux-conserved"
"Pop19","Pop20",-0.0712521685984056,0.000105213147496978,24,"Flux-conserved"
"Pop19","Pop21",-0.110442036061842,1.71139514906783e-05,24,"Flux-conserved"
"Pop19","Pop23",-0.0228942452419308,-0.000418015518069479,24,"Flux-conserved"
"Pop19","Pop24",-0.104651729957608,-0.000469618595380718,24,"Flux-conserved"
"Pop19","Pop25",-0.0746724862248345,0.000216250461631938,24,"Flux-conserved"
"Pop20","Pop23",-0.063445115171549,-0.000179324272020341,24,"Flux-conserved"
"Pop21","Pop22",-0.0371340802141467,0.0054407809690448,24,"Flux-conserved"
"Pop21","Pop23",0.06655908437748,-0.000166169803138761,24,"Flux-conserved"
"Pop21","Pop25",-0.011840279602372,2.18719728321457e-05,24,"Flux-conserved"
"Pop22","Pop23",0.0992424021034091,-0.000598622585099349,24,"Flux-conserved"
"Pop22","Pop24",0.0364517353621075,-0.00155805929809028,24,"Flux-conserved"
"Pop22","Pop25",-0.00140941904646744,-5.76322992234419e-05,24,"Flux-conserved"
"Pop23","Pop24",-0.076544436864354,-0.0052462635172338,24,"Flux-conserved"
"Pop23","Pop25",-0.0610640168303796,0.000151604976048917,24,"Flux-conserved"
"Pop24","Pop25",-0.019087120755936,0.00015174685160318,24,"Flux-conserved"
"Pop01","Pop02",0.26198819242145,-0.0056326868644343,24,"Rate-conserved"
"Pop01","Pop04",0.123837241371279,0.00245312006043401,24,"Rate-conserved"
"Pop01","Pop05",0.0486950780296996,0.000801832582569573,24,"Rate-conserved"
"Pop01","Pop06",-0.00116449587392334,0.00411966195493869,24,"Rate-conserved"
"Pop02","Pop03",-0.0190120935005277,-0.1999031187952,24,"Rate-conserved"
"Pop03","Pop04",-0.0661472771834606,0.13215406140606,24,"Rate-conserved"
"Pop04","Pop05",-0.0194038314813298,0.000216175651792084,24,"Rate-conserved"
"Pop04","Pop06",-0.0712764546046839,0.000127519072127414,24,"Rate-conserved"
"Pop04","Pop07",8.18831826483318e-05,9.56006459049826e-05,24,"Rate-conserved"
"Pop04","Pop08",-0.0307666525548322,0.000146669213800292,24,"Rate-conserved"
"Pop04","Pop09",-0.0466298301453621,5.64717116876842e-05,24,"Rate-conserved"
"Pop05","Pop06",-0.104750989006555,-2.92866659522681e-05,24,"Rate-conserved"
"Pop05","Pop07",-0.00381608264321279,0.00022671993147275,24,"Rate-conserved"
"Pop05","Pop08",-0.0777185367899229,0.000408315820424447,24,"Rate-conserved"
"Pop05","Pop09",-0.0534904836601705,3.69106943353511e-05,24,"Rate-conserved"
"Pop06","Pop07",0.110421956713548,0.000499565610024108,24,"Rate-conserved"
"Pop07","Pop08",-0.125940395511083,5.82159868485889e-05,24,"Rate-conserved"
"Pop07","Pop09",-0.00625342541790169,2.21053650112923e-06,24,"Rate-conserved"
"Pop07","Pop10",-0.0944247121383058,1.63761758958279e-05,24,"Rate-conserved"
"Pop08","Pop09",0.0366044411606801,1.74504098518048e-06,24,"Rate-conserved"
"Pop09","Pop10",-0.0972704616251219,2.07676171800718e-05,24,"Rate-conserved"
"Pop09","Pop11",-0.0516417742779823,2.21117296719846e-05,24,"Rate-conserved"
"Pop09","Pop12",-0.057192551788824,2.72391663821538e-06,24,"Rate-conserved"
"Pop09","Pop13",-0.11106221558655,9.23910266796613e-06,24,"Rate-conserved"
"Pop09","Pop14",-0.0264611633908471,5.75963939780203e-06,24,"Rate-conserved"
"Pop10","Pop11",-0.0438036250295534,0.000128075545885711,24,"Rate-conserved"
"Pop10","Pop14",0.0650443699472432,1.43850700063568e-05,24,"Rate-conserved"
"Pop10","Pop15",-0.0773680473595178,1.1223112962457e-06,24,"Rate-conserved"
"Pop11","Pop12",0.0654613454746566,4.63622213113768e-06,24,"Rate-conserved"
"Pop11","Pop14",0.0499074562800238,4.0991559176597e-06,24,"Rate-conserved"
"Pop12","Pop13",-0.0592578271750656,1.37642761204752e-05,24,"Rate-conserved"
"Pop12","Pop14",0.018586307798806,3.29422955440378e-06,24,"Rate-conserved"
"Pop12","Pop19",-0.0366959480760247,4.37531087601821e-06,24,"Rate-conserved"
"Pop12","Pop20",-0.0568855104718925,3.53487000326519e-06,24,"Rate-conserved"
"Pop12","Pop21",-0.0246387507759349,4.28019712518677e-06,24,"Rate-conserved"
"Pop12","Pop22",-0.090578071912718,1.11823215547761e-05,24,"Rate-conserved"
"Pop13","Pop14",0.0844148694082415,-9.92157393709837e-06,24,"Rate-conserved"
"Pop13","Pop15",0.0194339350074273,-3.06807081837788e-06,24,"Rate-conserved"
"Pop13","Pop17",0.0109042269326584,-1.9054548754757e-08,24,"Rate-conserved"
"Pop13","Pop24",-0.0653942500636975,9.20225536430569e-06,24,"Rate-conserved"
"Pop14","Pop15",-0.0530693850464396,-5.22002055172374e-06,24,"Rate-conserved"
"Pop14","Pop16",-0.116905876346436,-8.92647399620105e-07,24,"Rate-conserved"
"Pop14","Pop18",-0.0472544155455196,4.59102436279632e-06,24,"Rate-conserved"
"Pop15","Pop16",-0.0783781755836231,3.55388264624943e-06,24,"Rate-conserved"
"Pop15","Pop17",-0.0512887517379125,1.47085562124701e-05,24,"Rate-conserved"
"Pop15","Pop19",-0.00442174625643632,3.04807199143504e-06,24,"Rate-conserved"
"Pop15","Pop25",-0.0724505867906689,5.92848275220604e-06,24,"Rate-conserved"
"Pop16","Pop17",0.00606019234823657,4.65276215504756e-05,24,"Rate-conserved"
"Pop16","Pop18",0.0795100802657702,1.05068367539122e-05,24,"Rate-conserved"
"Pop16","Pop25",-0.060970001916462,6.4429476578743e-06,24,"Rate-conserved"
"Pop17","Pop18",0.0824204647101187,4.03007413106845e-06,24,"Rate-conserved"
"Pop17","Pop20",-0.0432086641836443,2.8291273911233e-06,24,"Rate-conserved"
"Pop18","Pop19",-0.0737840457503779,3.09852908169987e-06,24,"Rate-conserved"
"Pop18","Pop20",-0.0696372022492261,1.33784181906464e-05,24,"Rate-conserved"
"Pop18","Pop21",-0.01695768102362,2.11699406844124e-06,24,"Rate-conserved"
"Pop18","Pop22",-0.0702579600833618,8.41017200338513e-07,24,"Rate-conserved"
"Pop18","Pop24",-0.0726372095625395,2.83182508259396e-06,24,"Rate-conserved"
"Pop18","Pop25",-0.0716429062288054,4.43549928814002e-06,24,"Rate-conserved"
"Pop19","Pop20",-0.0185018331736109,2.49321814173606e-06,24,"Rate-conserved"
"Pop19","Pop21",0.0530168747525226,1.2469935272524e-05,24,"Rate-conserved"
"Pop19","Pop23",-0.041052277505507,7.35730150239327e-07,24,"Rate-conserved"
"Pop20","Pop21",0.0592010122320243,4.0059499412346e-06,24,"Rate-conserved"
"Pop20","Pop23",-0.00400513715861571,3.23225810644108e-07,24,"Rate-conserved"
"Pop21","Pop22",-0.0875522591912913,4.23217950232201e-07,24,"Rate-conserved"
"Pop21","Pop23",-0.0428141534952013,-1.04068110593007e-06,24,"Rate-conserved"
"Pop21","Pop24",-0.0757157396014977,-2.83900362015666e-07,24,"Rate-conserved"
"Pop21","Pop25",-0.0686337242087237,1.62179703890963e-07,24,"Rate-conserved"
"Pop22","Pop23",0.0361012610501202,-2.23983557890923e-06,24,"Rate-conserved"
"Pop22","Pop25",-0.00339891218737204,-2.35887868415944e-08,24,"Rate-conserved"
"Pop23","Pop24",-0.0499335439865947,2.98896677121129e-06,24,"Rate-conserved"
"Pop23","Pop25",-0.00395877366083319,6.90205319002838e-07,24,"Rate-conserved"
"Pop24","Pop25",0.0528972568687331,-6.53676419769347e-07,24,"Rate-conserved"
"Pop01","Pop02",-0.0246415049338905,-0.0201217101861361,25,"Isotropic"
"Pop01","Pop03",-0.0488843357157631,0.0614583392392248,25,"Isotropic"
"Pop01","Pop04",-0.0111564024075398,0.00832990943268606,25,"Isotropic"
"Pop01","Pop05",0.00200526682192748,0.0290080646180609,25,"Isotropic"
"Pop01","Pop06",-0.0253445381299401,0.0441672399130507,25,"Isotropic"
"Pop01","Pop07",0.0140973124118156,0.0282284214844352,25,"Isotropic"
"Pop01","Pop08",0.00372813600850519,0.0210654535847154,25,"Isotropic"
"Pop01","Pop09",-0.0639190014197203,0.0106429402085082,25,"Isotropic"
"Pop01","Pop11",-0.0294344071026627,0.0352200755546311,25,"Isotropic"
"Pop02","Pop03",-0.0295071290286986,0.0656633281825703,25,"Isotropic"
"Pop02","Pop04",0.0223823378668422,0.00175293817638295,25,"Isotropic"
"Pop02","Pop05",0.0317782483784939,0.0256364910812654,25,"Isotropic"
"Pop02","Pop07",0.0417452531702054,0.0578969194790075,25,"Isotropic"
"Pop02","Pop08",0.0293869406104172,0.0303023833828044,25,"Isotropic"
"Pop02","Pop15",0.0291924219537273,0.0113994168286746,25,"Isotropic"
"Pop02","Pop18",0.0236226340468936,-0.00401816527478453,25,"Isotropic"
"Pop03","Pop04",0.0511718234186742,-0.00648049587137281,25,"Isotropic"
"Pop03","Pop05",0.0342656688016441,0.0387521818984152,25,"Isotropic"
"Pop03","Pop06",-0.00613852320511044,0.0266838016863659,25,"Isotropic"
"Pop03","Pop08",0.0113158323795847,0.00927193306349643,25,"Isotropic"
"Pop04","Pop05",-0.00504322535030458,0.0349444462947053,25,"Isotropic"
"Pop04","Pop06",-0.0194521438769275,0.0213432654713287,25,"Isotropic"
"Pop04","Pop07",0.0207235319478035,0.0154645136946163,25,"Isotropic"
"Pop04","Pop08",0.0160373747785044,0.00998923268809278,25,"Isotropic"
"Pop04","Pop11",-0.0072977945766403,0.00466978892191172,25,"Isotropic"
"Pop04","Pop12",0.0144332415381906,0.00793917801411453,25,"Isotropic"
"Pop04","Pop13",0.014223990732372,0.00588816487218174,25,"Isotropic"
"Pop05","Pop06",-0.028847829707454,0.0199635243576782,25,"Isotropic"
"Pop05","Pop07",0.0225463283013635,0.0141233475137294,25,"Isotropic"
"Pop05","Pop08",0.0154749888437391,0.00141369433675127,25,"Isotropic"
"Pop05","Pop12",-0.0192101108474795,0.0238404836456426,25,"Isotropic"
"Pop06","Pop07",0.0567103725037248,-0.0179905926796887,25,"Isotropic"
"Pop06","Pop08",0.0425451483343008,-0.0259810586939466,25,"Isotropic"
"Pop06","Pop13",-0.000715194791324196,-0.00473225190075237,25,"Isotropic"
"Pop07","Pop08",0.0128573653886262,-0.00386814651740734,25,"Isotropic"
"Pop07","Pop09",-0.0857412907002226,-0.0173898374862479,25,"Isotropic"
"Pop07","Pop10",-0.0502499255641454,-0.00127263805245861,25,"Isotropic"
"Pop07","Pop12",-0.0125178384468725,0.0109594017862517,25,"Isotropic"
"Pop07","Pop13",-0.00797025985839633,-4.31800908256997e-05,25,"Isotropic"
"Pop08","Pop09",-0.0928761254857831,-0.00840463970860921,25,"Isotropic"
"Pop08","Pop13",0.0100457729904931,-0.000974805941218801,25,"Isotropic"
"Pop08","Pop14",0.0146598696813184,0.00722548900397657,25,"Isotropic"
"Pop08","Pop16",0.0282206349867709,0.00233580445374777,25,"Isotropic"
"Pop08","Pop22",0.0265789720058879,-0.0102133093192881,25,"Isotropic"
"Pop09","Pop10",0.0311068343823198,0.0489415747258966,25,"Isotropic"
"Pop09","Pop11",0.0482704875574907,0.0290256496366273,25,"Isotropic"
"Pop09","Pop15",0.0543657516396976,0.00480874814374129,25,"Isotropic"
"Pop10","Pop11",0.0532892204918074,0.00818958335047747,25,"Isotropic"
"Pop10","Pop12",0.0538046389961085,0.0529634626782918,25,"Isotropic"
"Pop10","Pop14",0.0506430511903101,0.00095239965317339,25,"Isotropic"
"Pop10","Pop15",0.0586209213215287,0.00898973696034569,25,"Isotropic"
"Pop10","Pop19",0.0723057077399647,-0.00696278499944325,25,"Isotropic"
"Pop11","Pop12",0.00801249906839954,0.0285656725711857,25,"Isotropic"
"Pop11","Pop13",0.0348957021224169,-0.00661209710911592,25,"Isotropic"
"Pop11","Pop14",0.0247503644676172,-0.00519899137707456,25,"Isotropic"
"Pop11","Pop18",0.0447997204488827,-0.00793439882155437,25,"Isotropic"
"Pop11","Pop22",0.0523186968513044,-0.0322869915362309,25,"Isotropic"
"Pop11","Pop25",0.0545095906947365,-0.0310418506539342,25,"Isotropic"
"Pop12","Pop13",0.0267265728919596,-0.018919518742905,25,"Isotropic"
"Pop12","Pop14",0.00429958115359833,-0.0364933961459859,25,"Isotropic"
"Pop12","Pop15",0.02013459219444,0.00960499315582643,25,"Isotropic"
"Pop12","Pop16",0.0343535378561522,-0.0279604694812958,25,"Isotropic"
"Pop12","Pop22",0.0323775647258975,-0.0493436464874418,25,"Isotropic"
"Pop13","Pop14",-0.0262582028187832,0.0203324606807395,25,"Isotropic"
"Pop13","Pop15",-0.00884457993635841,0.0466773161429962,25,"Isotropic"
"Pop13","Pop16",0.019604119259163,-0.00582253710483751,25,"Isotropic"
"Pop13","Pop17",0.0535914280606091,-0.00564537682850542,25,"Isotropic"
"Pop13","Pop18",0.0104359679427475,-0.0182785575920678,25,"Isotropic"
"Pop13","Pop19",0.0260641416278325,-0.0339354142545581,25,"Isotropic"
"Pop13","Pop20",0.00946117794543457,-0.0301568583183923,25,"Isotropic"
"Pop14","Pop15",0.016821903649421,0.0442103781256194,25,"Isotropic"
"Pop14","Pop16",0.0272519744503364,-0.0233310781922757,25,"Isotropic"
"Pop14","Pop18",0.0167611092158161,-0.022543789284756,25,"Isotropic"
"Pop14","Pop22",0.0228461972695815,-0.0439126429537284,25,"Isotropic"
"Pop14","Pop25",0.0154995528768805,-0.0429321790424554,25,"Isotropic"
"Pop15","Pop16",0.0147669819978011,-0.064358710784554,25,"Isotropic"
"Pop15","Pop17",0.0335704138996086,-0.124871225599169,25,"Isotropic"
"Pop15","Pop19",0.0195076998273049,-0.0608782556992788,25,"Isotropic"
"Pop15","Pop21",0.0580330495304058,-0.159924082226676,25,"Isotropic"
"Pop15","Pop23",0.05581111776144,-0.238653920882439,25,"Isotropic"
"Pop16","Pop17",-0.00757600066623636,-0.118197691695677,25,"Isotropic"
"Pop16","Pop18",-0.00945682223454089,-0.234708188195602,25,"Isotropic"
"Pop16","Pop19",0.00796881981721408,-0.0560579963223662,25,"Isotropic"
"Pop16","Pop20",-0.0100542715391955,-0.0804914915217204,25,"Isotropic"
"Pop16","Pop21",0.0160695872393205,-0.131689048267395,25,"Isotropic"
"Pop16","Pop23",0.0197940209138895,-0.215736628035418,25,"Isotropic"
"Pop16","Pop25",-0.0348536359722501,-0.0832421551920509,25,"Isotropic"
"Pop17","Pop18",0.00121363893214707,-0.035222983784469,25,"Isotropic"
"Pop17","Pop19",-0.0014894579818519,-0.0182321451490753,25,"Isotropic"
"Pop17","Pop21",0.00358568845350093,0.0565129663257763,25,"Isotropic"
"Pop17","Pop22",-0.000652182067322038,-0.0796984315339521,25,"Isotropic"
"Pop17","Pop23",-0.00770096638461881,-0.849949275960122,25,"Isotropic"
"Pop17","Pop25",-0.0480001631284162,-0.0845896633312727,25,"Isotropic"
"Pop18","Pop19",0.00565912458310559,-0.00923442331416555,25,"Isotropic"
"Pop18","Pop20",-0.0259100628055691,0.00958390968454556,25,"Isotropic"
"Pop18","Pop22",0.00326512179842625,0.0179904938440035,25,"Isotropic"
"Pop18","Pop23",-0.0213125643793117,-0.154740117980113,25,"Isotropic"
"Pop18","Pop25",-0.0349399750871694,0.0143199166290578,25,"Isotropic"
"Pop19","Pop20",-0.066461145412619,0.134502969986646,25,"Isotropic"
"Pop19","Pop21",0.0166688723470506,0.0566112136299584,25,"Isotropic"
"Pop19","Pop22",4.69111268091987e-05,-0.0239022519973456,25,"Isotropic"
"Pop19","Pop23",-0.0040626794330994,-0.156245080109067,25,"Isotropic"
"Pop20","Pop21",0.062459117777611,-0.00303178168398457,25,"Isotropic"
"Pop20","Pop22",0.0510187006876844,-0.166016807550593,25,"Isotropic"
"Pop20","Pop25",-0.0128787457108412,-0.01308748753368,25,"Isotropic"
"Pop21","Pop22",-0.0029055350795765,-0.182498441696625,25,"Isotropic"
"Pop21","Pop23",-0.0183126915733849,-0.689394860938522,25,"Isotropic"
"Pop21","Pop24",-0.103711591600451,-0.238134508723563,25,"Isotropic"
"Pop21","Pop25",-0.0589917775882005,-0.104385182745464,25,"Isotropic"
"Pop22","Pop23",-0.00898735027273848,-0.0830360381655646,25,"Isotropic"
"Pop22","Pop24",-0.0306796023467606,-0.0843004143916958,25,"Isotropic"
"Pop23","Pop24",-0.135895414310474,-0.097852691888044,25,"Isotropic"
"Pop24","Pop25",0.146092368278052,0.365003347389626,25,"Isotropic"
"Pop01","Pop12",0.788430449408453,NA,25,"Flux-conserved"
"Pop01","Pop24",0.0623504057912703,NA,25,"Flux-conserved"
"Pop02","Pop12",0.788430449408453,NA,25,"Flux-conserved"
"Pop02","Pop24",0.0623504057912703,NA,25,"Flux-conserved"
"Pop03","Pop12",0.788430449408453,NA,25,"Flux-conserved"
"Pop03","Pop24",0.0623504057912703,NA,25,"Flux-conserved"
"Pop04","Pop12",0.788430449408453,NA,25,"Flux-conserved"
"Pop04","Pop24",0.0623504057912703,NA,25,"Flux-conserved"
"Pop05","Pop12",0.788430449408453,NA,25,"Flux-conserved"
"Pop05","Pop24",0.0623504057912703,NA,25,"Flux-conserved"
"Pop06","Pop12",0.788430449408453,NA,25,"Flux-conserved"
"Pop06","Pop24",0.0623504057912703,NA,25,"Flux-conserved"
"Pop07","Pop12",0.788430449408453,NA,25,"Flux-conserved"
"Pop07","Pop24",0.0623504057912703,NA,25,"Flux-conserved"
"Pop08","Pop12",0.788430449408453,NA,25,"Flux-conserved"
"Pop08","Pop24",0.0623504057912703,NA,25,"Flux-conserved"
"Pop09","Pop12",0.788430449408453,NA,25,"Flux-conserved"
"Pop09","Pop24",0.0623504057912703,NA,25,"Flux-conserved"
"Pop10","Pop12",0.788430449408453,NA,25,"Flux-conserved"
"Pop10","Pop24",0.0623504057912703,NA,25,"Flux-conserved"
"Pop11","Pop12",0.788430449408453,NA,25,"Flux-conserved"
"Pop11","Pop24",0.0623504057912703,NA,25,"Flux-conserved"
"Pop12","Pop13",-0.347868360221958,0.107895803191518,25,"Flux-conserved"
"Pop12","Pop15",-0.347868360221957,0.107895803191518,25,"Flux-conserved"
"Pop13","Pop15",0,NA,25,"Flux-conserved"
"Pop13","Pop19",-0.167111830629019,0.00953299173849662,25,"Flux-conserved"
"Pop14","Pop16",-0.041307001113112,0.0228849500118855,25,"Flux-conserved"
"Pop14","Pop19",-0.171141549210637,-0.0136135948721324,25,"Flux-conserved"
"Pop15","Pop19",-0.167111830629019,0.00953299173849662,25,"Flux-conserved"
"Pop16","Pop17",-0.120359504943739,0.00769979863146964,25,"Flux-conserved"
"Pop17","Pop18",0.0216167060927485,0.00419693665224834,25,"Flux-conserved"
"Pop17","Pop20",-0.215162305617022,0.00856255190281771,25,"Flux-conserved"
"Pop18","Pop20",0.196694752281134,0.931635344405953,25,"Flux-conserved"
"Pop20","Pop22",-0.276588080653825,0.000287143723434936,25,"Flux-conserved"
"Pop21","Pop22",0.0892101817789308,-0.00232314258256063,25,"Flux-conserved"
"Pop21","Pop23",0.0295397931125504,2.38460960474889e-05,25,"Flux-conserved"
"Pop21","Pop24",0.0429625501061752,8.1684611264754e-06,25,"Flux-conserved"
"Pop21","Pop25",-0.0174554486951002,4.61038740552559e-05,25,"Flux-conserved"
"Pop22","Pop23",-0.0336373249272603,3.23976555341655e-05,25,"Flux-conserved"
"Pop22","Pop24",-0.008740659502826,1.09918145957053e-05,25,"Flux-conserved"
"Pop22","Pop25",-0.0687198298578729,4.72849554904912e-05,25,"Flux-conserved"
"Pop23","Pop24",0.182753715748815,-8.37151061574945e-06,25,"Flux-conserved"
"Pop23","Pop25",-0.0361026503033562,0.000402264140157733,25,"Flux-conserved"
"Pop24","Pop25",-0.199771337158919,3.16922482523658e-06,25,"Flux-conserved"
"Pop01","Pop03",0.425772040335994,-26254110361.5822,25,"Rate-conserved"
"Pop01","Pop06",-0.026165322690718,-26254110361.5679,25,"Rate-conserved"
"Pop02","Pop03",0.425772040335994,-26254110361.5822,25,"Rate-conserved"
"Pop02","Pop06",-0.026165322690718,-26254110361.5679,25,"Rate-conserved"
"Pop03","Pop04",-0.398496044567294,0.0293752188756459,25,"Rate-conserved"
"Pop04","Pop05",-0.0429424283754871,0.000581531531052252,25,"Rate-conserved"
"Pop04","Pop06",0.0448272058896369,0.000619363200058768,25,"Rate-conserved"
"Pop05","Pop06",0.0727673682093759,2.55609755290636e-05,25,"Rate-conserved"
"Pop05","Pop07",-0.08521292037194,0.000120613727466592,25,"Rate-conserved"
"Pop05","Pop09",-0.0286833522409934,2.47152169892668e-05,25,"Rate-conserved"
"Pop05","Pop10",-0.041382528023027,4.58689698493036e-05,25,"Rate-conserved"
"Pop05","Pop12",-0.0611077080432392,5.77515801956864e-05,25,"Rate-conserved"
"Pop06","Pop07",-0.181389534723257,0.000769584491281954,25,"Rate-conserved"
"Pop06","Pop08",-0.134114041353371,2.15399293538627e-05,25,"Rate-conserved"
"Pop06","Pop13",-0.0742594295662661,2.00900909342281e-05,25,"Rate-conserved"
"Pop07","Pop08",0.00850601883214366,8.32806049442971e-06,25,"Rate-conserved"
"Pop07","Pop13",-0.0351663434465045,6.02459516582309e-06,25,"Rate-conserved"
"Pop08","Pop09",0.0376840123839953,4.94268391949501e-05,25,"Rate-conserved"
"Pop08","Pop10",0.0399445190718583,2.30516916280329e-05,25,"Rate-conserved"
"Pop08","Pop13",-0.00518536541154199,3.21491667792091e-06,25,"Rate-conserved"
"Pop09","Pop10",0.0560438428943073,-3.47880487348943e-07,25,"Rate-conserved"
"Pop09","Pop11",-0.0250455244623536,4.59456515133449e-06,25,"Rate-conserved"
"Pop09","Pop12",-0.0329365811055781,2.37355885651739e-06,25,"Rate-conserved"
"Pop09","Pop13",0.0211242004103312,2.11001796598732e-06,25,"Rate-conserved"
"Pop10","Pop11",-0.0519038343246787,1.25784710999363e-05,25,"Rate-conserved"
"Pop10","Pop13",0.0159606152592629,7.9941996294152e-06,25,"Rate-conserved"
"Pop10","Pop14",-0.00947426233251324,4.99521070059285e-06,25,"Rate-conserved"
"Pop10","Pop15",-0.0295059782225451,1.54414120881932e-05,25,"Rate-conserved"
"Pop10","Pop16",-0.00297766081564556,1.1456967553532e-05,25,"Rate-conserved"
"Pop10","Pop19",-0.0411128062094897,1.43933520523788e-06,25,"Rate-conserved"
"Pop11","Pop12",0.000977623233569452,-8.35143824232602e-07,25,"Rate-conserved"
"Pop11","Pop13",0.0696120805740248,1.32783860686327e-06,25,"Rate-conserved"
"Pop11","Pop15",0.00305308242587887,1.42463606377992e-06,25,"Rate-conserved"
"Pop11","Pop16",0.00587421798331968,-2.89050820925675e-07,25,"Rate-conserved"
"Pop12","Pop13",0.0814562047830861,3.52498756895541e-07,25,"Rate-conserved"
"Pop12","Pop14",0.0286224467265186,8.43119502708131e-08,25,"Rate-conserved"
"Pop12","Pop18",-0.00744561742816131,-4.54042721503405e-07,25,"Rate-conserved"
"Pop13","Pop14",-0.0471613666608886,3.44866704748827e-06,25,"Rate-conserved"
"Pop13","Pop16",-0.0172545285742611,2.09455162337026e-07,25,"Rate-conserved"
"Pop13","Pop18",-0.0272730438018206,-2.09085796350124e-07,25,"Rate-conserved"
"Pop14","Pop15",-0.0626917442217229,-2.0357399789787e-06,25,"Rate-conserved"
"Pop14","Pop16",0.00715902164170043,-1.46086624659109e-06,25,"Rate-conserved"
"Pop14","Pop17",-0.00297229759856804,-1.92474454227694e-06,25,"Rate-conserved"
"Pop14","Pop18",-0.0140147670190182,-2.33606369804821e-06,25,"Rate-conserved"
"Pop15","Pop16",0.0968403641344023,-3.60324208477333e-06,25,"Rate-conserved"
"Pop15","Pop17",0.0215913731252986,-1.66697590380581e-06,25,"Rate-conserved"
"Pop16","Pop17",-0.0722932812418169,-6.32279955912633e-06,25,"Rate-conserved"
"Pop16","Pop18",-0.00977534892054557,-2.6439514942032e-06,25,"Rate-conserved"
"Pop16","Pop19",-0.0672809153357405,4.05796273195423e-07,25,"Rate-conserved"
"Pop17","Pop18",0.0641095054504822,6.80951504826042e-06,25,"Rate-conserved"
"Pop17","Pop19",-0.0399082241354258,7.87538162857676e-06,25,"Rate-conserved"
"Pop18","Pop19",-0.0632535300461881,5.39375113112313e-06,25,"Rate-conserved"
"Pop18","Pop20",-0.0501892977619212,2.49571098770965e-06,25,"Rate-conserved"
"Pop18","Pop21",-0.0756504201348162,5.12286886256706e-07,25,"Rate-conserved"
"Pop19","Pop20",0.00459760691930117,7.20093093518571e-07,25,"Rate-conserved"
"Pop19","Pop22",0.0464834094284541,5.80363026529209e-07,25,"Rate-conserved"
"Pop20","Pop21",-0.0717904533449987,-5.04103953274257e-05,25,"Rate-conserved"
"Pop20","Pop22",0.0152005633384021,-4.07806632877088e-06,25,"Rate-conserved"
"Pop20","Pop25",-0.0563553265415086,-4.53520960897281e-06,25,"Rate-conserved"
"Pop21","Pop22",0.0614370032264821,9.84386331039535e-06,25,"Rate-conserved"
"Pop21","Pop25",-0.0542093545518759,-2.55297084216053e-06,25,"Rate-conserved"
"Pop22","Pop23",-0.126668582290708,-4.24467448347208e-05,25,"Rate-conserved"
"Pop22","Pop25",-0.093573683598622,-2.34160475129704e-05,25,"Rate-conserved"
"Pop23","Pop24",-0.0295173515856246,-3.10660190371974e-05,25,"Rate-conserved"
"Pop24","Pop25",0.0138987034715236,-2.3293690878235e-05,25,"Rate-conserved"
"Pop01","Pop02",-0.0182120629080744,0.109663633566918,26,"Isotropic"
"Pop01","Pop04",0.067658848218746,0.327276708473545,26,"Isotropic"
"Pop01","Pop05",0.0834793733418388,0.301089860029686,26,"Isotropic"
"Pop01","Pop07",0.0770560565268119,0.217964309447509,26,"Isotropic"
"Pop01","Pop08",0.0793286820178408,0.113231430931846,26,"Isotropic"
"Pop01","Pop15",0.0489110382114332,0.0609395106983799,26,"Isotropic"
"Pop01","Pop21",0.0450431156487045,0.029188444423504,26,"Isotropic"
"Pop02","Pop03",-0.0546396676498827,0.745675291279365,26,"Isotropic"
"Pop02","Pop04",0.0747675730979198,0.335337660659037,26,"Isotropic"
"Pop02","Pop05",0.062428797408318,0.114275525610606,26,"Isotropic"
"Pop02","Pop07",0.0407356764700187,0.0563357627747473,26,"Isotropic"
"Pop02","Pop25",-0.00580149672118748,0.0102251703966327,26,"Isotropic"
"Pop03","Pop04",0.13885475211306,0.18311402334619,26,"Isotropic"
"Pop03","Pop05",0.123907239547261,0.100629172866911,26,"Isotropic"
"Pop03","Pop23",0.0559964327336639,0.00850066057938294,26,"Isotropic"
"Pop03","Pop25",0.0230474134370897,0.00116870954023674,26,"Isotropic"
"Pop04","Pop05",0.0176622436452777,0.0619579746750975,26,"Isotropic"
"Pop04","Pop07",0.011892043705199,0.0153895691177932,26,"Isotropic"
"Pop04","Pop09",0.0403915530335406,0.00628216858434137,26,"Isotropic"
"Pop04","Pop10",-0.0186025892361869,0.0134300765651089,26,"Isotropic"
"Pop04","Pop11",0.0181401191147677,0.0103458236698598,26,"Isotropic"
"Pop04","Pop17",0.0300506269134096,-0.0159437985706044,26,"Isotropic"
"Pop04","Pop20",0.0286059802804471,-0.00689101939653937,26,"Isotropic"
"Pop05","Pop06",-0.0645958314982219,0.104724567469302,26,"Isotropic"
"Pop05","Pop07",-0.0101047909129841,0.00488509742075001,26,"Isotropic"
"Pop05","Pop08",0.0100289641013193,0.0161800946329777,26,"Isotropic"
"Pop05","Pop17",0.0142848837102471,-0.0242683722587216,26,"Isotropic"
"Pop05","Pop19",0.0152193732397515,-0.0262927505914929,26,"Isotropic"
"Pop05","Pop21",0.00498866855577471,-0.0135329021660472,26,"Isotropic"
"Pop05","Pop24",0.00788283998896467,0.0003534347886722,26,"Isotropic"
"Pop06","Pop07",0.0577975273988333,-0.0822731501297566,26,"Isotropic"
"Pop06","Pop08",0.0790318206821128,-0.14741490038952,26,"Isotropic"
"Pop06","Pop14",0.0546170621958811,-0.0299710417851968,26,"Isotropic"
"Pop06","Pop16",0.0578375881244397,-0.023031767957599,26,"Isotropic"
"Pop06","Pop22",0.0480873109382782,-0.026616353644373,26,"Isotropic"
"Pop06","Pop25",-0.00504280136074868,-0.0233895620021006,26,"Isotropic"
"Pop07","Pop08",0.0249710595602701,0.0605944504856097,26,"Isotropic"
"Pop07","Pop09",0.0327510912032844,0.000703132366456478,26,"Isotropic"
"Pop07","Pop12",0.0116153504928378,0.00366895600792648,26,"Isotropic"
"Pop07","Pop16",0.0257937596484779,-0.0130688204466272,26,"Isotropic"
"Pop07","Pop18",0.0171089511028808,-0.000653946998793259,26,"Isotropic"
"Pop08","Pop09",0.0154823186650417,-0.00786820944352484,26,"Isotropic"
"Pop08","Pop10",-0.0535804198471985,0.00688193488639061,26,"Isotropic"
"Pop08","Pop12",0.00440372150593071,0.00213201907572235,26,"Isotropic"
"Pop08","Pop14",0.0149870378500169,-0.00562083049822266,26,"Isotropic"
"Pop08","Pop15",-0.00949871516873484,-0.0018735484789628,26,"Isotropic"
"Pop08","Pop18",0.00566229404234087,-0.0121883679080388,26,"Isotropic"
"Pop08","Pop20",0.0105035377935478,-0.0341197722412892,26,"Isotropic"
"Pop08","Pop24",-0.0133000998760165,0.00465985035485943,26,"Isotropic"
"Pop09","Pop10",-0.0758318827225427,0.111228223422996,26,"Isotropic"
"Pop09","Pop11",-0.033064551821461,0.00455032835128968,26,"Isotropic"
"Pop09","Pop12",-0.0124586664107965,0.0172381187803103,26,"Isotropic"
"Pop09","Pop18",-0.0182260837215832,-0.0289303330096921,26,"Isotropic"
"Pop09","Pop19",-0.020944267088313,-0.0455719986998162,26,"Isotropic"
"Pop09","Pop20",-0.006359412464169,-0.0142259942733081,26,"Isotropic"
"Pop09","Pop21",-0.0128995396961991,0.0042508978799121,26,"Isotropic"
"Pop09","Pop23",-0.0753258825374011,-0.0160489765303173,26,"Isotropic"
"Pop09","Pop24",-0.0425219884205495,0.00803152080824668,26,"Isotropic"
"Pop09","Pop25",-0.0337380485401498,-0.11143377931557,26,"Isotropic"
"Pop10","Pop11",0.0443929842293184,-0.0533305766008964,26,"Isotropic"
"Pop10","Pop13",0.051617472878041,-0.0712955845269464,26,"Isotropic"
"Pop10","Pop16",0.0733593167570894,-0.0579939209698195,26,"Isotropic"
"Pop10","Pop19",0.0576412519110996,-0.0460039854484257,26,"Isotropic"
"Pop10","Pop25",0.0268773697825442,-0.113713531796319,26,"Isotropic"
"Pop11","Pop12",0.0224583790144434,0.0195375931212625,26,"Isotropic"
"Pop11","Pop13",0.00325347133328775,-0.0156989987228268,26,"Isotropic"
"Pop11","Pop14",0.022666095606466,-0.0139143617416159,26,"Isotropic"
"Pop11","Pop15",-0.000508612470350223,-0.0459445814417963,26,"Isotropic"
"Pop11","Pop16",0.0334875336987187,-0.0412607583187893,26,"Isotropic"
"Pop11","Pop21",0.006318138887023,0.00339572816494924,26,"Isotropic"
"Pop11","Pop25",-0.0132130399947719,-0.0722507090978577,26,"Isotropic"
"Pop12","Pop13",-0.0294505409497368,-0.0209859985018621,26,"Isotropic"
"Pop12","Pop14",-0.00103308892248664,-0.0581685189841392,26,"Isotropic"
"Pop12","Pop15",-0.0198164893052147,-0.0757229910864343,26,"Isotropic"
"Pop12","Pop16",0.0140609219212928,-0.391365851856575,26,"Isotropic"
"Pop12","Pop17",-0.012246972483203,-0.071060411914676,26,"Isotropic"
"Pop12","Pop20",0.00651911802150303,-0.0136143501678055,26,"Isotropic"
"Pop12","Pop23",-0.0219106005764428,-0.0170532873045996,26,"Isotropic"
"Pop12","Pop24",-0.0101144746988404,-0.0319343695994099,26,"Isotropic"
"Pop13","Pop14",0.0291011827783064,0.0581371673251811,26,"Isotropic"
"Pop13","Pop15",0.00510911970326292,-0.0370948435189875,26,"Isotropic"
"Pop13","Pop17",0.00415622134135643,-0.0511803234164713,26,"Isotropic"
"Pop13","Pop19",0.00912815089178518,-0.0268998073627926,26,"Isotropic"
"Pop13","Pop20",0.0176241553847914,-0.0132726874146802,26,"Isotropic"
"Pop13","Pop21",0.000526084886003322,0.0171741314312853,26,"Isotropic"
"Pop14","Pop15",-0.0176406682979449,-0.0457753230035309,26,"Isotropic"
"Pop14","Pop16",0.0161719379047562,0.00486615257203041,26,"Isotropic"
"Pop14","Pop17",-0.0235537982742559,-0.0381382348615533,26,"Isotropic"
"Pop14","Pop20",-0.00222688544531538,-0.00914330846089398,26,"Isotropic"
"Pop14","Pop21",-0.0143320795845231,0.00367112052690122,26,"Isotropic"
"Pop14","Pop24",-0.020683790241522,-0.0182898139075274,26,"Isotropic"
"Pop15","Pop16",0.0352300227769597,0.0518611453096968,26,"Isotropic"
"Pop15","Pop17",-0.00132725012553747,-0.0813541444905245,26,"Isotropic"
"Pop15","Pop19",0.0160961253303421,-0.0737009975521353,26,"Isotropic"
"Pop15","Pop25",-0.0158701620344787,-0.0326875531426678,26,"Isotropic"
"Pop16","Pop17",-0.0434500894436508,-0.0761809111998757,26,"Isotropic"
"Pop16","Pop18",-0.0219168624560496,-0.0379772998863248,26,"Isotropic"
"Pop16","Pop19",-0.0235540483322813,-0.0465603916144228,26,"Isotropic"
"Pop16","Pop20",-0.00874598111162397,-0.00740674642999487,26,"Isotropic"
"Pop16","Pop21",-0.0143789435790864,-0.00248402990652952,26,"Isotropic"
"Pop16","Pop22",-0.0126504572802155,-0.00594750676005621,26,"Isotropic"
"Pop17","Pop18",0.0117873791823213,-0.0709241209083409,26,"Isotropic"
"Pop17","Pop20",0.0255842301171808,-0.0261660025661822,26,"Isotropic"
"Pop18","Pop19",-0.000819776053781585,-0.0330584863999045,26,"Isotropic"
"Pop18","Pop20",0.0203831291880831,-0.141850595053247,26,"Isotropic"
"Pop18","Pop21",0.00880811736353526,0.0174391040338329,26,"Isotropic"
"Pop18","Pop22",-0.00433955404810629,-0.0107695017229764,26,"Isotropic"
"Pop18","Pop25",-0.0351275547623176,-0.0163844694442918,26,"Isotropic"
"Pop19","Pop20",0.0238995379936305,-0.0182249832241272,26,"Isotropic"
"Pop19","Pop21",0.0187514067320171,0.0421756085918685,26,"Isotropic"
"Pop19","Pop22",-0.00421748342712426,0.0289645332650493,26,"Isotropic"
"Pop20","Pop21",0.00865288140550866,0.0945041387095501,26,"Isotropic"
"Pop20","Pop22",-0.023252964086097,0.0289122684294471,26,"Isotropic"
"Pop21","Pop22",-0.0381936834778814,0.00533735302487742,26,"Isotropic"
"Pop21","Pop23",-0.0672567703851371,0.00923320832958512,26,"Isotropic"
"Pop21","Pop24",-0.0156617030852609,0.00307284527241915,26,"Isotropic"
"Pop21","Pop25",-0.0232825817268509,-0.0561120547233494,26,"Isotropic"
"Pop22","Pop23",-0.0467667783704731,0.0795036238254413,26,"Isotropic"
"Pop22","Pop24",-0.00941686739689045,0.0029576027251107,26,"Isotropic"
"Pop22","Pop25",-0.0265615475381524,-0.0825512273493444,26,"Isotropic"
"Pop23","Pop24",0.040614720725302,0.078302002744797,26,"Isotropic"
"Pop23","Pop25",0.0278659629541048,-0.163150691999444,26,"Isotropic"
"Pop24","Pop25",0.0115833401006991,-0.0859347002515771,26,"Isotropic"
"Pop01","Pop04",-0.11967385479293,0.00445105902761498,26,"Flux-conserved"
"Pop01","Pop14",0.181517335510387,0.0012726535156377,26,"Flux-conserved"
"Pop01","Pop15",0.127234629299522,0.000417270379979163,26,"Flux-conserved"
"Pop01","Pop23",-0.0693247161819176,0.00258848775458415,26,"Flux-conserved"
"Pop01","Pop24",-0.0785636667574585,0.199018184240876,26,"Flux-conserved"
"Pop02","Pop03",0.476969841340308,-0.00270976743366953,26,"Flux-conserved"
"Pop02","Pop09",-0.237852054595525,0.000508429037966442,26,"Flux-conserved"
"Pop03","Pop05",-0.10095980650392,-0.00938275739033617,26,"Flux-conserved"
"Pop04","Pop05",0.381852382446402,0.00158116632736079,26,"Flux-conserved"
"Pop06","Pop09",-0.0709269332622747,2.15979622279035e-05,26,"Flux-conserved"
"Pop06","Pop10",0.282937362989033,0.149676460281687,26,"Flux-conserved"
"Pop07","Pop08",-0.0199129715855232,-0.000715752919091689,26,"Flux-conserved"
"Pop07","Pop10",0.18567050728616,0.000667116302266448,26,"Flux-conserved"
"Pop07","Pop11",0.0929198925751848,0.00258782188655429,26,"Flux-conserved"
"Pop08","Pop11",0.128766010225723,0.00139901092087765,26,"Flux-conserved"
"Pop08","Pop15",0.153375499356485,0.0001488125857688,26,"Flux-conserved"
"Pop08","Pop18",0.04114310561629,0.000118946437201036,26,"Flux-conserved"
"Pop08","Pop25",-0.146935867299642,0.000337212120194711,26,"Flux-conserved"
"Pop09","Pop12",0.102971113110397,NA,26,"Flux-conserved"
"Pop10","Pop11",-0.0109947481571896,0.00522636534481411,26,"Flux-conserved"
"Pop11","Pop12",-0.0105544619608793,4.24524077207445e-05,26,"Flux-conserved"
"Pop11","Pop13",-0.069279511560796,9.874907025382e-05,26,"Flux-conserved"
"Pop11","Pop15",-0.052289048142875,9.82932048926573e-05,26,"Flux-conserved"
"Pop12","Pop13",-0.0894233370904884,0.00270661784429225,26,"Flux-conserved"
"Pop12","Pop14",0.0135981162896866,0.000405983325988523,26,"Flux-conserved"
"Pop12","Pop15",-0.0108948162686702,7.91080454478792e-05,26,"Flux-conserved"
"Pop12","Pop16",-0.0552071788060065,3.51640175709318e-05,26,"Flux-conserved"
"Pop12","Pop21",-0.0074673390769325,0.000414028425157322,26,"Flux-conserved"
"Pop13","Pop14",0.091998630029945,3.67241231479573e-05,26,"Flux-conserved"
"Pop13","Pop15",0.0476165845600584,6.19022203312741e-05,26,"Flux-conserved"
"Pop13","Pop16",-0.0459851891343863,1.56460176262035e-05,26,"Flux-conserved"
"Pop14","Pop15",0.0344204240924671,2.41845168764445e-05,26,"Flux-conserved"
"Pop14","Pop16",-0.0450769707727334,-3.95584944077609e-05,26,"Flux-conserved"
"Pop14","Pop20",-0.0692005927989402,3.79556383598479e-05,26,"Flux-conserved"
"Pop14","Pop21",0.00107611286051357,0.00242554556628805,26,"Flux-conserved"
"Pop14","Pop22",-0.0882571493488241,0.00292184553967232,26,"Flux-conserved"
"Pop15","Pop16",-0.0547426943051764,-3.45652683931995e-05,26,"Flux-conserved"
"Pop15","Pop18",-0.0706846749236615,1.57792336153392e-05,26,"Flux-conserved"
"Pop15","Pop19",-0.0947955551557615,3.62462888005606e-05,26,"Flux-conserved"
"Pop15","Pop20",-0.0769579079212978,0.000204029594042113,26,"Flux-conserved"
"Pop15","Pop21",-0.0341643135563715,2.7647432269717e-05,26,"Flux-conserved"
"Pop15","Pop24",-0.117599586057843,1.8695456656389e-05,26,"Flux-conserved"
"Pop16","Pop17",-0.16535398050334,-1.88814670575515e-05,26,"Flux-conserved"
"Pop16","Pop18",-0.0533653618345283,6.62571536614532e-05,26,"Flux-conserved"
"Pop16","Pop21",0.0144930998562105,9.83667753378082e-05,26,"Flux-conserved"
"Pop16","Pop22",-0.0467171111818258,0.000166803970692193,26,"Flux-conserved"
"Pop17","Pop18",0.082571319216704,4.37083580396181e-05,26,"Flux-conserved"
"Pop17","Pop19",0.0726025413284968,0.000225593482478107,26,"Flux-conserved"
"Pop17","Pop21",0.0841980032161339,5.31719563585836e-05,26,"Flux-conserved"
"Pop18","Pop19",-0.0512840960248317,-2.16615039013387e-05,26,"Flux-conserved"
"Pop18","Pop20",-0.0304906977098981,7.80481689363566e-05,26,"Flux-conserved"
"Pop18","Pop21",0.064333004507246,-1.74334650275957e-05,26,"Flux-conserved"
"Pop18","Pop25",-0.130964534998998,1.99207013534832e-06,26,"Flux-conserved"
"Pop19","Pop20",0.00926310593269475,7.37186587332102e-05,26,"Flux-conserved"
"Pop19","Pop21",0.0776976417503194,-2.09271481614227e-05,26,"Flux-conserved"
"Pop19","Pop24",-0.0811340694460351,2.95316361210773e-06,26,"Flux-conserved"
"Pop20","Pop21",0.0315840253497341,-4.3422786986612e-05,26,"Flux-conserved"
"Pop20","Pop22",-0.0211904566730682,-1.61176077211444e-05,26,"Flux-conserved"
"Pop21","Pop22",-0.0757006991966825,0.000596027784756686,26,"Flux-conserved"
"Pop22","Pop23",-0.161227514872524,9.55353615881577e-05,26,"Flux-conserved"
"Pop22","Pop24",-0.136791815970399,-1.94349005930161e-06,26,"Flux-conserved"
"Pop23","Pop24",0.0362717557707977,-2.58133528931857e-05,26,"Flux-conserved"
"Pop23","Pop25",-0.132504288879174,1.51606860980439e-05,26,"Flux-conserved"
"Pop24","Pop25",-0.1361417139236,1.82512941261462e-05,26,"Flux-conserved"
"Pop01","Pop07",0.120811705983264,NA,26,"Rate-conserved"
"Pop01","Pop08",0.104400946235087,NA,26,"Rate-conserved"
"Pop01","Pop09",0.12639954957787,NA,26,"Rate-conserved"
"Pop01","Pop10",0.0618413957797469,NA,26,"Rate-conserved"
"Pop01","Pop11",0.0472877611114851,-112282683898.027,26,"Rate-conserved"
"Pop01","Pop12",-0.11322899373423,-28000318415.6734,26,"Rate-conserved"
"Pop02","Pop07",0.120811705983264,NA,26,"Rate-conserved"
"Pop02","Pop08",0.104400946235087,NA,26,"Rate-conserved"
"Pop02","Pop09",0.12639954957787,NA,26,"Rate-conserved"
"Pop02","Pop10",0.0618413957797469,NA,26,"Rate-conserved"
"Pop02","Pop11",0.0472877611114851,-112282683898.027,26,"Rate-conserved"
"Pop02","Pop12",-0.11322899373423,-28000318415.6734,26,"Rate-conserved"
"Pop03","Pop07",0.120811705983264,NA,26,"Rate-conserved"
"Pop03","Pop08",0.104400946235087,NA,26,"Rate-conserved"
"Pop03","Pop09",0.12639954957787,NA,26,"Rate-conserved"
"Pop03","Pop10",0.0618413957797469,NA,26,"Rate-conserved"
"Pop03","Pop11",0.0472877611114851,-112282683898.027,26,"Rate-conserved"
"Pop03","Pop12",-0.11322899373423,-28000318415.6734,26,"Rate-conserved"
"Pop04","Pop07",0.120811705983264,NA,26,"Rate-conserved"
"Pop04","Pop08",0.104400946235087,NA,26,"Rate-conserved"
"Pop04","Pop09",0.12639954957787,NA,26,"Rate-conserved"
"Pop04","Pop10",0.0618413957797469,NA,26,"Rate-conserved"
"Pop04","Pop11",0.0472877611114851,-112282683898.027,26,"Rate-conserved"
"Pop04","Pop12",-0.11322899373423,-28000318415.6734,26,"Rate-conserved"
"Pop05","Pop07",0.120811705983264,NA,26,"Rate-conserved"
"Pop05","Pop08",0.104400946235087,NA,26,"Rate-conserved"
"Pop05","Pop09",0.12639954957787,NA,26,"Rate-conserved"
"Pop05","Pop10",0.0618413957797469,NA,26,"Rate-conserved"
"Pop05","Pop11",0.0472877611114851,-112282683898.027,26,"Rate-conserved"
"Pop05","Pop12",-0.11322899373423,-28000318415.6734,26,"Rate-conserved"
"Pop06","Pop07",0.120811705983264,NA,26,"Rate-conserved"
"Pop06","Pop08",0.104400946235087,NA,26,"Rate-conserved"
"Pop06","Pop09",0.12639954957787,NA,26,"Rate-conserved"
"Pop06","Pop10",0.0618413957797469,NA,26,"Rate-conserved"
"Pop06","Pop11",0.0472877611114851,-112282683898.027,26,"Rate-conserved"
"Pop06","Pop12",-0.11322899373423,-28000318415.6734,26,"Rate-conserved"
"Pop07","Pop08",-0.0435538720809688,0.029046494885395,26,"Rate-conserved"
"Pop07","Pop09",-0.00906521704155164,0.26073571036805,26,"Rate-conserved"
"Pop07","Pop10",-0.102135751269008,0.462362021326333,26,"Rate-conserved"
"Pop08","Pop09",0.0239480239131353,0.0220408387978118,26,"Rate-conserved"
"Pop08","Pop11",-0.0567735897317992,0.00977407529853663,26,"Rate-conserved"
"Pop09","Pop10",-0.068073588792594,0.00762756541231611,26,"Rate-conserved"
"Pop09","Pop11",-0.0707139577936656,0.0125127688085888,26,"Rate-conserved"
"Pop10","Pop11",0.0235946488170301,0.0318076146659509,26,"Rate-conserved"
"Pop11","Pop12",-0.0952393242578666,0.000478691602688681,26,"Rate-conserved"
"Pop11","Pop13",-0.229977944349824,0.000103861265543174,26,"Rate-conserved"
"Pop12","Pop13",-0.206537635021884,5.02538157126231e-05,26,"Rate-conserved"
"Pop12","Pop15",-0.164857667895392,7.40041794060507e-05,26,"Rate-conserved"
"Pop13","Pop14",-0.0568669282562582,-1.71799118637127e-05,26,"Rate-conserved"
"Pop13","Pop15",0.0321392406541397,5.12420350643339e-05,26,"Rate-conserved"
"Pop14","Pop15",0.0721673222087384,2.32189627077486e-05,26,"Rate-conserved"
"Pop14","Pop17",0.0181838143738424,9.22680214486079e-06,26,"Rate-conserved"
"Pop14","Pop18",0.0122342490951085,1.05684538716296e-05,26,"Rate-conserved"
"Pop14","Pop21",0.0150759260312494,1.39447427387694e-05,26,"Rate-conserved"
"Pop15","Pop16",-0.230872013205336,5.27085161043691e-06,26,"Rate-conserved"
"Pop15","Pop17",-0.0667811651713914,6.79901375803493e-06,26,"Rate-conserved"
"Pop15","Pop18",-0.067641384861754,6.42213181710428e-06,26,"Rate-conserved"
"Pop16","Pop17",0.173153398499816,8.37544763384899e-06,26,"Rate-conserved"
"Pop16","Pop22",0.0767380546151046,1.81552120067485e-06,26,"Rate-conserved"
"Pop17","Pop18",0.0307444455412414,2.20049674522566e-06,26,"Rate-conserved"
"Pop17","Pop21",-0.00298156926760856,2.09228707928868e-06,26,"Rate-conserved"
"Pop18","Pop19",-0.0310677494739915,-3.30338463913429e-06,26,"Rate-conserved"
"Pop18","Pop22",0.0411112619346982,-5.07324891511607e-07,26,"Rate-conserved"
"Pop18","Pop23",0.0644484112620519,9.25102546480661e-07,26,"Rate-conserved"
"Pop19","Pop20",0.0309532570127263,3.73305603030321e-06,26,"Rate-conserved"
"Pop19","Pop23",0.0718961844186081,-1.23071376575845e-07,26,"Rate-conserved"
"Pop19","Pop24",0.0285508330041804,-1.29298110525717e-06,26,"Rate-conserved"
"Pop19","Pop25",0.00225699203686322,-5.82973166433636e-06,26,"Rate-conserved"
"Pop20","Pop21",-0.0325221602102867,2.98813922636447e-06,26,"Rate-conserved"
"Pop20","Pop22",0.0148849407750547,-6.8265200708579e-06,26,"Rate-conserved"
"Pop20","Pop23",0.0223772309590074,3.81554927400118e-07,26,"Rate-conserved"
"Pop20","Pop25",-0.0710163301572514,-1.60489810392117e-05,26,"Rate-conserved"
"Pop21","Pop22",0.0533733620162511,-1.11571260314533e-05,26,"Rate-conserved"
"Pop21","Pop23",0.0829495435574339,7.10376907291212e-07,26,"Rate-conserved"
"Pop22","Pop23",0.0357530522184151,5.74635272822259e-06,26,"Rate-conserved"
"Pop22","Pop24",-0.0573795121116645,-4.10673034594874e-06,26,"Rate-conserved"
"Pop23","Pop24",-0.141578157006231,-2.63638930433844e-05,26,"Rate-conserved"
"Pop23","Pop25",-0.1322575135205,-3.50101427188751e-05,26,"Rate-conserved"
"Pop24","Pop25",-0.0126800389877001,-1.29331009362711e-05,26,"Rate-conserved"
"Pop01","Pop02",-0.205891919996712,0.157794806974424,27,"Isotropic"
"Pop01","Pop03",-0.0145100076833425,0.853186352574609,27,"Isotropic"
"Pop01","Pop04",-0.0364380809113407,0.283663562504471,27,"Isotropic"
"Pop01","Pop05",-0.0172387989891724,0.208959787241634,27,"Isotropic"
"Pop01","Pop06",0.0109838170570774,0.12598928314756,27,"Isotropic"
"Pop01","Pop07",0.00666659498741756,0.033277898180542,27,"Isotropic"
"Pop01","Pop08",-0.00489281879818898,0.0485249118302961,27,"Isotropic"
"Pop01","Pop09",0.0136143948188408,0.087192574800198,27,"Isotropic"
"Pop01","Pop10",0.00766901321928755,0.0771616856268396,27,"Isotropic"
"Pop02","Pop03",0.157980231736201,0.166829113909993,27,"Isotropic"
"Pop02","Pop07",0.0598971913567099,0.0204650541797739,27,"Isotropic"
"Pop02","Pop08",0.0683528936995528,0.0395691871375616,27,"Isotropic"
"Pop03","Pop04",-0.0261822841490916,0.121897458023139,27,"Isotropic"
"Pop03","Pop05",-0.00635603597936861,0.0836777295640878,27,"Isotropic"
"Pop03","Pop06",0.0220417542062702,0.0489986915788456,27,"Isotropic"
"Pop03","Pop09",0.0243632774169224,0.135731395533524,27,"Isotropic"
"Pop03","Pop10",0.0187213198089916,0.124787879395176,27,"Isotropic"
"Pop03","Pop14",-0.0120154617880926,0.0182369451618542,27,"Isotropic"
"Pop04","Pop05",0.0575304570246209,0.0336607428058966,27,"Isotropic"
"Pop04","Pop06",0.047294716985488,0.148717612643233,27,"Isotropic"
"Pop04","Pop07",0.0458563155950808,0.0087660116001273,27,"Isotropic"
"Pop04","Pop10",0.014590572863286,0.0251952856655709,27,"Isotropic"
"Pop05","Pop06",0.0203428168939625,0.0772202499184523,27,"Isotropic"
"Pop05","Pop07",0.0354572765826731,-0.0436424279317052,27,"Isotropic"
"Pop05","Pop09",0.0290845997104819,0.0581897709948214,27,"Isotropic"
"Pop05","Pop10",0.0272740577196172,0.0106822296432131,27,"Isotropic"
"Pop05","Pop25",-0.0291101228387474,-0.00363931353187265,27,"Isotropic"
"Pop06","Pop07",0.0213428890053256,-0.217404387964133,27,"Isotropic"
"Pop06","Pop08",-0.0209372687089516,-0.0809727934560998,27,"Isotropic"
"Pop06","Pop09",0.0015520394137719,0.126274989268002,27,"Isotropic"
"Pop06","Pop10",-0.00354073736390448,0.0220673592967053,27,"Isotropic"
"Pop06","Pop12",-0.0131477466027687,0.00578112159905533,27,"Isotropic"
"Pop07","Pop08",-0.0405937289122801,0.197401197343555,27,"Isotropic"
"Pop07","Pop09",-0.00940083102296452,0.155162600273341,27,"Isotropic"
"Pop07","Pop11",-0.0629917793234782,-0.00863172065456438,27,"Isotropic"
"Pop07","Pop12",-0.00937654207838715,0.0339839216884122,27,"Isotropic"
"Pop07","Pop13",-0.0329589403205209,0.0356565501976037,27,"Isotropic"
"Pop07","Pop16",-0.00995141085584955,0.0180802507662499,27,"Isotropic"
"Pop08","Pop09",0.0225938528596261,0.0352531001662926,27,"Isotropic"
"Pop08","Pop10",0.0184733792009218,0.000725359527524241,27,"Isotropic"
"Pop08","Pop12",0.00715228999129339,0.003131228430951,27,"Isotropic"
"Pop08","Pop14",-0.0144911344486659,0.00538359526792418,27,"Isotropic"
"Pop09","Pop10",-0.0029111958575028,-0.0207038170587617,27,"Isotropic"
"Pop09","Pop12",-0.0114855452200131,0.000875305822250871,27,"Isotropic"
"Pop09","Pop14",-0.0264544820785446,0.0159665601753757,27,"Isotropic"
"Pop10","Pop11",-0.0806506192635943,-0.120693817049663,27,"Isotropic"
"Pop10","Pop12",-0.00639257046422516,-0.053222117662683,27,"Isotropic"
"Pop11","Pop12",0.0779774224684143,-0.00793077973944939,27,"Isotropic"
"Pop11","Pop14",0.0487607534752612,0.0398608473013426,27,"Isotropic"
"Pop11","Pop16",0.028528757421712,0.0518997992815705,27,"Isotropic"
"Pop11","Pop18",0.0058426083125736,0.0123303131773943,27,"Isotropic"
"Pop12","Pop13",-0.0669933689006074,0.0504200600397372,27,"Isotropic"
"Pop12","Pop14",-0.000970380014228209,0.0310159411818213,27,"Isotropic"
"Pop12","Pop16",-0.0200860191223914,0.067630734890843,27,"Isotropic"
"Pop13","Pop14",0.0837738818853135,-0.177334417402062,27,"Isotropic"
"Pop13","Pop15",0.0301141440503833,0.0156619225303832,27,"Isotropic"
"Pop13","Pop16",0.0444672944818642,0.0729260038577994,27,"Isotropic"
"Pop13","Pop18",0.0093681856685633,-0.00992815318074312,27,"Isotropic"
"Pop14","Pop15",-0.0357638941921113,0.0258064368594707,27,"Isotropic"
"Pop14","Pop16",-0.0195122596195419,0.0898832151916632,27,"Isotropic"
"Pop14","Pop17",0.00536814088913005,0.00374819875409929,27,"Isotropic"
"Pop14","Pop18",-0.030427481976095,-0.00694724164147271,27,"Isotropic"
"Pop15","Pop16",0.0270248216842508,-0.0463918154619549,27,"Isotropic"
"Pop15","Pop17",-0.0310522744886525,0.0145967431716483,27,"Isotropic"
"Pop15","Pop19",0.0209879111900843,-0.0406958645590598,27,"Isotropic"
"Pop15","Pop20",0.00879088919933967,-0.0697005197035915,27,"Isotropic"
"Pop15","Pop23",0.0245984454953271,-0.0521950311649171,27,"Isotropic"
"Pop16","Pop17",-0.0563793458096541,-0.0439237684919231,27,"Isotropic"
"Pop16","Pop19",0.00811507908159569,-0.0301954060088736,27,"Isotropic"
"Pop17","Pop18",0.025616079707647,-0.327636951126121,27,"Isotropic"
"Pop17","Pop19",0.0103430791313396,-0.0820590541555435,27,"Isotropic"
"Pop18","Pop19",0.0191637569449345,-0.0367858411729321,27,"Isotropic"
"Pop18","Pop20",-0.00914495379411831,-0.124015895228524,27,"Isotropic"
"Pop19","Pop20",-0.0495941736789745,-0.336205660138993,27,"Isotropic"
"Pop19","Pop21",-0.00770749508129723,-0.105721407309369,27,"Isotropic"
"Pop20","Pop21",0.0178866417110014,0.0127232535381056,27,"Isotropic"
"Pop20","Pop24",0.0424653809873676,0.0088875400398115,27,"Isotropic"
"Pop21","Pop22",0.0031357482803733,0.0478202575204685,27,"Isotropic"
"Pop21","Pop23",-0.021062427836912,-0.00684537853223788,27,"Isotropic"
"Pop21","Pop24",-0.00104917211431571,0.0632865328466193,27,"Isotropic"
"Pop22","Pop23",0.062216409226998,0.02689085515809,27,"Isotropic"
"Pop22","Pop24",0.0394629288293461,-0.0560429568857356,27,"Isotropic"
"Pop22","Pop25",-0.170081993316829,-0.0964542678964042,27,"Isotropic"
"Pop23","Pop24",0.00627425185447306,0.213349172761462,27,"Isotropic"
"Pop23","Pop25",-0.137827141642642,-0.088833110005624,27,"Isotropic"
"Pop24","Pop25",-0.139436309023056,-0.551573547855036,27,"Isotropic"
"Pop01","Pop14",0.515414800208255,NA,27,"Flux-conserved"
"Pop01","Pop22",0.23379840699287,NA,27,"Flux-conserved"
"Pop01","Pop23",0.0785252062440596,-39590618777.8009,27,"Flux-conserved"
"Pop02","Pop14",0.515414800208255,NA,27,"Flux-conserved"
"Pop02","Pop22",0.23379840699287,NA,27,"Flux-conserved"
"Pop02","Pop23",0.0785252062440596,-39590618777.8009,27,"Flux-conserved"
"Pop03","Pop14",0.515414800208255,NA,27,"Flux-conserved"
"Pop03","Pop22",0.23379840699287,NA,27,"Flux-conserved"
"Pop03","Pop23",0.0785252062440596,-39590618777.8009,27,"Flux-conserved"
"Pop04","Pop14",0.515414800208255,NA,27,"Flux-conserved"
"Pop04","Pop22",0.23379840699287,NA,27,"Flux-conserved"
"Pop04","Pop23",0.0785252062440596,-39590618777.8009,27,"Flux-conserved"
"Pop05","Pop14",0.515414800208255,NA,27,"Flux-conserved"
"Pop05","Pop22",0.23379840699287,NA,27,"Flux-conserved"
"Pop05","Pop23",0.0785252062440596,-39590618777.8009,27,"Flux-conserved"
"Pop06","Pop14",0.515414800208255,NA,27,"Flux-conserved"
"Pop06","Pop22",0.23379840699287,NA,27,"Flux-conserved"
"Pop06","Pop23",0.0785252062440596,-39590618777.8009,27,"Flux-conserved"
"Pop07","Pop14",0.515414800208255,NA,27,"Flux-conserved"
"Pop07","Pop22",0.23379840699287,NA,27,"Flux-conserved"
"Pop07","Pop23",0.0785252062440596,-39590618777.8009,27,"Flux-conserved"
"Pop08","Pop14",0.515414800208255,NA,27,"Flux-conserved"
"Pop08","Pop22",0.23379840699287,NA,27,"Flux-conserved"
"Pop08","Pop23",0.0785252062440596,-39590618777.8009,27,"Flux-conserved"
"Pop09","Pop14",0.515414800208255,NA,27,"Flux-conserved"
"Pop09","Pop22",0.23379840699287,NA,27,"Flux-conserved"
"Pop09","Pop23",0.0785252062440596,-39590618777.8009,27,"Flux-conserved"
"Pop10","Pop14",0.515414800208255,NA,27,"Flux-conserved"
"Pop10","Pop22",0.23379840699287,NA,27,"Flux-conserved"
"Pop10","Pop23",0.0785252062440596,-39590618777.8009,27,"Flux-conserved"
"Pop11","Pop14",0.515414800208255,NA,27,"Flux-conserved"
"Pop11","Pop22",0.23379840699287,NA,27,"Flux-conserved"
"Pop11","Pop23",0.0785252062440596,-39590618777.8009,27,"Flux-conserved"
"Pop12","Pop14",0.515414800208255,NA,27,"Flux-conserved"
"Pop12","Pop22",0.23379840699287,NA,27,"Flux-conserved"
"Pop12","Pop23",0.0785252062440596,-39590618777.8009,27,"Flux-conserved"
"Pop13","Pop14",0.515414800208255,NA,27,"Flux-conserved"
"Pop13","Pop22",0.23379840699287,NA,27,"Flux-conserved"
"Pop13","Pop23",0.0785252062440596,-39590618777.8009,27,"Flux-conserved"
"Pop14","Pop15",-0.308686577466598,0.0514154126864476,27,"Flux-conserved"
"Pop15","Pop16",-0.130563999465061,0.0407033539900041,27,"Flux-conserved"
"Pop16","Pop18",-0.0980884644122104,0.00263914240378937,27,"Flux-conserved"
"Pop17","Pop18",0.0412441231055085,-0.00187684870884493,27,"Flux-conserved"
"Pop17","Pop19",0.0766530510453562,0.0559184605795226,27,"Flux-conserved"
"Pop17","Pop20",-0.0962516860216112,0.00018648137252317,27,"Flux-conserved"
"Pop18","Pop19",-0.114128415720132,0.00374766914691562,27,"Flux-conserved"
"Pop19","Pop20",-0.0428977654571518,8.01492440612275e-05,27,"Flux-conserved"
"Pop19","Pop22",0.0437710562965949,0.00042104913091961,27,"Flux-conserved"
"Pop20","Pop21",-0.00916595760580233,-3.2608349853197e-05,27,"Flux-conserved"
"Pop20","Pop22",0.10496723626573,-3.02650255575443e-05,27,"Flux-conserved"
"Pop20","Pop23",0.0427996134387788,-7.96161125429709e-06,27,"Flux-conserved"
"Pop20","Pop24",-0.0779950715239714,6.10565064682136e-05,27,"Flux-conserved"
"Pop20","Pop25",-0.0580058595850707,5.86930976807443e-06,27,"Flux-conserved"
"Pop21","Pop22",0.240711756615763,0.000316584826965168,27,"Flux-conserved"
"Pop21","Pop23",0.164936245173258,-4.4208197318858e-05,27,"Flux-conserved"
"Pop21","Pop24",-0.103879530202077,3.08123726586859e-05,27,"Flux-conserved"
"Pop21","Pop25",-0.0591134919932017,9.61942945206248e-06,27,"Flux-conserved"
"Pop22","Pop23",-0.00675393531733667,-3.75917290231508e-05,27,"Flux-conserved"
"Pop22","Pop25",-0.125854180298201,4.0190718461474e-06,27,"Flux-conserved"
"Pop23","Pop24",-0.194656456012,0.000200637484113873,27,"Flux-conserved"
"Pop23","Pop25",-0.116293184178616,5.86409479321849e-05,27,"Flux-conserved"
"Pop24","Pop25",0.0585607446931227,-0.000276880820317776,27,"Flux-conserved"
"Pop01","Pop02",-0.0648659178229867,-0.0173617941630328,27,"Rate-conserved"
"Pop01","Pop03",0.0605356307926339,0.999790257872175,27,"Rate-conserved"
"Pop01","Pop04",0.00216755781008729,0.269466722693884,27,"Rate-conserved"
"Pop01","Pop05",-0.0641815308589024,0.104123211269053,27,"Rate-conserved"
"Pop01","Pop07",-0.0280817917911007,0.00080444810834767,27,"Rate-conserved"
"Pop01","Pop08",-0.0965497322725457,0.000182960843389525,27,"Rate-conserved"
"Pop01","Pop09",-0.0940620775852195,0.000586427962796548,27,"Rate-conserved"
"Pop02","Pop03",0.0609791590323977,0.00378318901613139,27,"Rate-conserved"
"Pop02","Pop04",0.0142727628056591,0.10311547352133,27,"Rate-conserved"
"Pop02","Pop05",0.0118132455935682,0.353949655968912,27,"Rate-conserved"
"Pop02","Pop07",-0.11066548808123,NA,27,"Rate-conserved"
"Pop03","Pop04",-0.0549253222923078,0.00025177481425665,27,"Rate-conserved"
"Pop03","Pop05",-0.0297419626060733,-0.000106938711210481,27,"Rate-conserved"
"Pop03","Pop06",-0.112498452211497,0.000335116814970075,27,"Rate-conserved"
"Pop03","Pop07",-0.0232636184969121,0.000127046036767658,27,"Rate-conserved"
"Pop03","Pop08",-0.0502308905490856,4.80297618612551e-05,27,"Rate-conserved"
"Pop03","Pop09",-0.0541570681900731,9.49864791366285e-05,27,"Rate-conserved"
"Pop03","Pop10",-0.0714482953439133,0.000136665603956509,27,"Rate-conserved"
"Pop03","Pop11",-0.0850476287132269,1.81526045174771e-05,27,"Rate-conserved"
"Pop03","Pop16",-0.0672799453084605,5.17418094429724e-05,27,"Rate-conserved"
"Pop04","Pop05",-0.0263126605303829,0.000437610920700189,27,"Rate-conserved"
"Pop04","Pop07",-0.0349358610758724,0.000501727445211542,27,"Rate-conserved"
"Pop04","Pop08",-0.100245436149034,3.4507463905064e-05,27,"Rate-conserved"
"Pop04","Pop09",-0.109462070091719,4.63713418684571e-05,27,"Rate-conserved"
"Pop05","Pop06",-0.220307306520185,0.000196234027838503,27,"Rate-conserved"
"Pop06","Pop07",0.0885657085521475,3.83551781350826e-06,27,"Rate-conserved"
"Pop06","Pop08",-0.0216459678824402,1.21237696247708e-05,27,"Rate-conserved"
"Pop06","Pop10",-0.0573717870185411,4.77723985409469e-05,27,"Rate-conserved"
"Pop07","Pop08",-0.0307911919283773,1.68930736122434e-05,27,"Rate-conserved"
"Pop07","Pop09",-0.0696789758481669,1.8896581761359e-05,27,"Rate-conserved"
"Pop08","Pop09",-0.039275334710431,4.14639396677177e-05,27,"Rate-conserved"
"Pop08","Pop10",-0.0261361890472275,1.53527873341431e-05,27,"Rate-conserved"
"Pop08","Pop12",-0.0132873690110159,1.14665435676005e-05,27,"Rate-conserved"
"Pop08","Pop16",-0.0579876960134455,1.8673520045318e-06,27,"Rate-conserved"
"Pop08","Pop19",-0.0526488679732471,4.79824432686521e-06,27,"Rate-conserved"
"Pop09","Pop10",0.000983683776912964,4.4147397116872e-05,27,"Rate-conserved"
"Pop09","Pop11",-0.0868551613151518,2.6915485659412e-06,27,"Rate-conserved"
"Pop10","Pop11",-0.0599698920226989,-1.06190712771969e-05,27,"Rate-conserved"
"Pop10","Pop12",-0.0200959209814108,-5.83915788479026e-07,27,"Rate-conserved"
"Pop10","Pop15",-0.0333051565866335,2.66199188400097e-06,27,"Rate-conserved"
"Pop10","Pop17",-0.107580070015786,1.02489255672143e-05,27,"Rate-conserved"
"Pop11","Pop12",0.0387947202957108,2.21552510969068e-05,27,"Rate-conserved"
"Pop11","Pop13",-0.018396572684342,2.09462821816362e-05,27,"Rate-conserved"
"Pop11","Pop15",0.0122355280569153,7.49568478957609e-06,27,"Rate-conserved"
"Pop12","Pop13",-0.0261949803970642,8.47748091031531e-06,27,"Rate-conserved"
"Pop12","Pop14",-0.0968913842184887,4.7127852113361e-06,27,"Rate-conserved"
"Pop12","Pop15",-0.00777969164697967,1.67221863857093e-05,27,"Rate-conserved"
"Pop12","Pop16",-0.0316380520013302,4.6437334595788e-06,27,"Rate-conserved"
"Pop13","Pop14",-0.0477661711679071,7.55904748060369e-05,27,"Rate-conserved"
"Pop13","Pop15",0.0106764758704765,3.19252786889468e-05,27,"Rate-conserved"
"Pop13","Pop16",-0.00377097186431347,5.86364385410592e-06,27,"Rate-conserved"
"Pop13","Pop18",-0.0203133172891793,1.80354329964091e-06,27,"Rate-conserved"
"Pop13","Pop23",-0.0112831709435138,8.2124861028888e-07,27,"Rate-conserved"
"Pop14","Pop15",0.0618844051190156,1.82638496824466e-06,27,"Rate-conserved"
"Pop14","Pop17",-0.00233565789932699,7.59327331903455e-06,27,"Rate-conserved"
"Pop14","Pop20",0.0347105087331532,1.75630977006795e-06,27,"Rate-conserved"
"Pop14","Pop21",0.0208489056867918,9.69576783294288e-08,27,"Rate-conserved"
"Pop15","Pop16",-0.013327213716085,-6.43560589480395e-06,27,"Rate-conserved"
"Pop15","Pop18",-0.0568862033821964,2.38616167941193e-06,27,"Rate-conserved"
"Pop16","Pop17",-0.0663320930610896,7.41662540549462e-06,27,"Rate-conserved"
"Pop16","Pop19",-0.00199107981008811,6.72244893716013e-07,27,"Rate-conserved"
"Pop17","Pop18",0.0141093722716441,-1.61671159702261e-06,27,"Rate-conserved"
"Pop17","Pop19",0.0538569140865291,-1.64745207177393e-06,27,"Rate-conserved"
"Pop18","Pop19",0.0642703791312209,-6.1615347696113e-06,27,"Rate-conserved"
"Pop18","Pop20",-0.00994427117895483,1.17678449743104e-06,27,"Rate-conserved"
"Pop18","Pop21",0.0437288212958984,2.42350641454101e-06,27,"Rate-conserved"
"Pop19","Pop20",-0.0845210565063803,4.96554344033664e-06,27,"Rate-conserved"
"Pop19","Pop21",-0.000306321706596752,7.80025950750992e-06,27,"Rate-conserved"
"Pop19","Pop22",-0.0181746028036557,5.08780075595286e-06,27,"Rate-conserved"
"Pop19","Pop24",-0.018773419607822,3.46691323289021e-06,27,"Rate-conserved"
"Pop20","Pop21",0.0787290429327449,4.7832107499674e-06,27,"Rate-conserved"
"Pop20","Pop22",0.0205101250086432,8.12950408594333e-06,27,"Rate-conserved"
"Pop21","Pop22",-0.0741426824408616,1.2254917558664e-05,27,"Rate-conserved"
"Pop21","Pop23",-0.0738779712726934,6.00180989535482e-06,27,"Rate-conserved"
"Pop21","Pop24",-0.0495311178634336,2.17375876528114e-06,27,"Rate-conserved"
"Pop21","Pop25",-0.128268485429626,-7.63988502263334e-07,27,"Rate-conserved"
"Pop22","Pop23",-0.0350820662918241,3.56014560096103e-06,27,"Rate-conserved"
"Pop22","Pop24",-0.0376574052937661,1.16298308218683e-06,27,"Rate-conserved"
"Pop23","Pop24",-0.00523001164006481,-7.56230776614101e-07,27,"Rate-conserved"
"Pop23","Pop25",-0.141558130187539,-6.9893361310236e-06,27,"Rate-conserved"
"Pop24","Pop25",-0.16018735711088,-8.76822414866501e-06,27,"Rate-conserved"
"Pop01","Pop02",0.0409661390938239,-0.131628522781656,28,"Isotropic"
"Pop01","Pop03",0.0192975793685702,0.336244915169883,28,"Isotropic"
"Pop01","Pop04",0.0513771028964514,0.0957620526217475,28,"Isotropic"
"Pop01","Pop05",-0.00056453899811916,0.046388844867787,28,"Isotropic"
"Pop01","Pop06",0.0232795957630517,0.0480896346920126,28,"Isotropic"
"Pop01","Pop07",0.0177440996346633,0.0560128401867805,28,"Isotropic"
"Pop02","Pop03",-0.0134037883247233,0.183345121149356,28,"Isotropic"
"Pop02","Pop04",0.0468837015380279,0.03674345900092,28,"Isotropic"
"Pop02","Pop06",0.0385150971823144,0.044366570721471,28,"Isotropic"
"Pop02","Pop07",0.0285067632731588,0.0571612376444328,28,"Isotropic"
"Pop02","Pop08",0.0198106404157412,0.0880540683270431,28,"Isotropic"
"Pop02","Pop10",0.00233792976449466,0.0223248365750938,28,"Isotropic"
"Pop02","Pop12",0.023660203304231,0.0269250260898402,28,"Isotropic"
"Pop03","Pop04",0.0475139155898872,0.041884192026007,28,"Isotropic"
"Pop03","Pop05",-0.0332849686871511,0.020489482465364,28,"Isotropic"
"Pop03","Pop06",0.00971414367373957,0.028218894215328,28,"Isotropic"
"Pop03","Pop07",-0.0134284036668516,0.0356720450139997,28,"Isotropic"
"Pop04","Pop05",-0.0754708456941612,0.0183676163993525,28,"Isotropic"
"Pop04","Pop06",-0.0158039241771179,0.00773150086315284,28,"Isotropic"
"Pop04","Pop07",-0.0113681413424235,0.0286601832235733,28,"Isotropic"
"Pop04","Pop08",-0.0367324537841917,0.0310625117841933,28,"Isotropic"
"Pop04","Pop09",-0.0636779088522117,0.0771588494334448,28,"Isotropic"
"Pop04","Pop10",-0.0445484865503342,0.0157884890792946,28,"Isotropic"
"Pop05","Pop06",0.0373235115392514,0.00584439676650826,28,"Isotropic"
"Pop05","Pop07",0.0350853135718103,-0.00739591222430115,28,"Isotropic"
"Pop05","Pop08",0.00459982791648053,0.0335043384981488,28,"Isotropic"
"Pop06","Pop07",0.0016627715382434,0.0105026450845676,28,"Isotropic"
"Pop06","Pop08",-0.0259708322736275,0.0221279352565839,28,"Isotropic"
"Pop06","Pop09",-0.0653287926235156,0.0226472166292899,28,"Isotropic"
"Pop07","Pop08",-0.0362108514366115,0.0424758625720149,28,"Isotropic"
"Pop07","Pop10",-0.0252068411440761,-0.00278761005585934,28,"Isotropic"
"Pop07","Pop12",0.00172901380969159,-0.00587909406252543,28,"Isotropic"
"Pop08","Pop09",-0.0451240565444294,0.0109283607484904,28,"Isotropic"
"Pop08","Pop12",0.00821945424268239,-0.00791252202470582,28,"Isotropic"
"Pop09","Pop10",0.0480352267317215,-0.0139089445891931,28,"Isotropic"
"Pop09","Pop12",0.0724646403808009,-0.050573121218344,28,"Isotropic"
"Pop09","Pop15",0.0609782006585606,-0.0614746487854394,28,"Isotropic"
"Pop10","Pop11",0.0259010129995272,0.00453383304688922,28,"Isotropic"
"Pop10","Pop12",0.0380724806928301,0.0226525057331081,28,"Isotropic"
"Pop10","Pop13",0.0334919802509019,-0.00945751924331975,28,"Isotropic"
"Pop10","Pop14",0.0501429819011154,-0.0243260042645792,28,"Isotropic"
"Pop11","Pop12",0.0150227997345656,0.0179084033488293,28,"Isotropic"
"Pop11","Pop13",-0.0408083342182099,-0.0214009992477334,28,"Isotropic"
"Pop11","Pop14",0.0151343977999398,-0.0494855677976514,28,"Isotropic"
"Pop11","Pop15",0.00869456882009392,-0.0299615052431658,28,"Isotropic"
"Pop11","Pop16",0.0161303488825562,-0.0360512318564265,28,"Isotropic"
"Pop11","Pop18",0.0260194727759891,-0.0269127440028549,28,"Isotropic"
"Pop11","Pop20",0.0323557614593717,-0.0292731823778758,28,"Isotropic"
"Pop11","Pop21",0.0209328672019068,-0.0126709404922021,28,"Isotropic"
"Pop12","Pop13",-0.108835185512768,-0.0632998052526317,28,"Isotropic"
"Pop12","Pop14",-0.00585397214736652,-0.0520800198880523,28,"Isotropic"
"Pop12","Pop15",0.000965785257591764,-0.0505866374418497,28,"Isotropic"
"Pop12","Pop16",0.0115275347790049,-0.0517126501644054,28,"Isotropic"
"Pop13","Pop14",0.0839321318472536,-0.0223883391533996,28,"Isotropic"
"Pop13","Pop15",0.0439715706998482,-0.0804303788853865,28,"Isotropic"
"Pop14","Pop15",-0.0043718427427345,-0.00786183410981588,28,"Isotropic"
"Pop14","Pop16",-0.01250794305268,-0.0397371176461236,28,"Isotropic"
"Pop14","Pop17",-0.0180907183058285,-0.0263360813890668,28,"Isotropic"
"Pop14","Pop18",0.00889766853738573,-0.0581686451688238,28,"Isotropic"
"Pop15","Pop16",-0.0207799704308814,0.0238211322758508,28,"Isotropic"
"Pop15","Pop17",-0.0319657956979194,-0.07479348756807,28,"Isotropic"
"Pop15","Pop21",0.00525658900443055,-0.0499125893654828,28,"Isotropic"
"Pop16","Pop17",-0.0611881750625167,-0.364297694960439,28,"Isotropic"
"Pop16","Pop18",0.0291936565459836,-0.146899657072507,28,"Isotropic"
"Pop16","Pop21",-0.00177897806681399,-0.072921725765736,28,"Isotropic"
"Pop17","Pop18",0.0920268101719914,-0.157026406004723,28,"Isotropic"
"Pop17","Pop20",0.0366013324256579,-0.0672124456183166,28,"Isotropic"
"Pop18","Pop19",-0.103655904910903,-0.136364923199784,28,"Isotropic"
"Pop18","Pop20",0.00613043948584777,-0.0186985821533467,28,"Isotropic"
"Pop18","Pop21",-0.0120485422242117,-0.028546702751293,28,"Isotropic"
"Pop18","Pop22",0.00988818679116314,-0.00676779249433641,28,"Isotropic"
"Pop18","Pop24",-0.0120176263776101,-0.0442983457763024,28,"Isotropic"
"Pop19","Pop20",0.113837175794848,-0.0194033671255376,28,"Isotropic"
"Pop19","Pop21",0.0793239694796029,-0.076226644171968,28,"Isotropic"
"Pop19","Pop22",0.049276498602561,-0.0269034285563605,28,"Isotropic"
"Pop19","Pop24",0.0144706441184084,-0.0409626656577127,28,"Isotropic"
"Pop20","Pop21",-0.020930269537672,-0.0419412741469725,28,"Isotropic"
"Pop20","Pop22",-0.0164159557230059,-0.0232296801784718,28,"Isotropic"
"Pop20","Pop23",0.0166911260924157,-0.0600743388838401,28,"Isotropic"
"Pop20","Pop24",-0.0401695235690969,-0.0518227920697232,28,"Isotropic"
"Pop20","Pop25",0.00535216807643157,-0.235351919860166,28,"Isotropic"
"Pop21","Pop22",-0.0127811909462715,0.0468862702218479,28,"Isotropic"
"Pop21","Pop23",-0.0155149826516676,-0.0114184806545573,28,"Isotropic"
"Pop22","Pop23",-0.0240186626447937,0.00568654885715836,28,"Isotropic"
"Pop22","Pop24",-0.0351523366053844,-0.0935275296579463,28,"Isotropic"
"Pop22","Pop25",-0.0773672833921366,-0.186848119351873,28,"Isotropic"
"Pop23","Pop24",-0.00321335098252307,-0.377749108697004,28,"Isotropic"
"Pop23","Pop25",-0.0851720487672462,-0.771856535902143,28,"Isotropic"
"Pop24","Pop25",-0.0905969174203026,-0.367106346147244,28,"Isotropic"
"Pop01","Pop09",0.0815751249331981,NA,28,"Flux-conserved"
"Pop01","Pop11",0.110865392919174,NA,28,"Flux-conserved"
"Pop01","Pop12",0.110600638517134,-25115622381.5245,28,"Flux-conserved"
"Pop01","Pop13",0.113483870957193,-25115622381.5226,28,"Flux-conserved"
"Pop01","Pop17",0.0976610185793815,NA,28,"Flux-conserved"
"Pop01","Pop19",-0.026972161439014,NA,28,"Flux-conserved"
"Pop01","Pop25",-0.0648775827389646,-6263168989.87838,28,"Flux-conserved"
"Pop02","Pop09",0.0815751249331981,NA,28,"Flux-conserved"
"Pop02","Pop11",0.110865392919174,NA,28,"Flux-conserved"
"Pop02","Pop12",0.110600638517134,-25115622381.5245,28,"Flux-conserved"
"Pop02","Pop13",0.113483870957193,-25115622381.5226,28,"Flux-conserved"
"Pop02","Pop17",0.0976610185793815,NA,28,"Flux-conserved"
"Pop02","Pop19",-0.026972161439014,NA,28,"Flux-conserved"
"Pop02","Pop25",-0.0648775827389646,-6263168989.87838,28,"Flux-conserved"
"Pop03","Pop09",0.0815751249331981,NA,28,"Flux-conserved"
"Pop03","Pop11",0.110865392919174,NA,28,"Flux-conserved"
"Pop03","Pop12",0.110600638517134,-25115622381.5245,28,"Flux-conserved"
"Pop03","Pop13",0.113483870957193,-25115622381.5226,28,"Flux-conserved"
"Pop03","Pop17",0.0976610185793815,NA,28,"Flux-conserved"
"Pop03","Pop19",-0.026972161439014,NA,28,"Flux-conserved"
"Pop03","Pop25",-0.0648775827389646,-6263168989.87838,28,"Flux-conserved"
"Pop04","Pop09",0.0815751249331981,NA,28,"Flux-conserved"
"Pop04","Pop11",0.110865392919174,NA,28,"Flux-conserved"
"Pop04","Pop12",0.110600638517134,-25115622381.5245,28,"Flux-conserved"
"Pop04","Pop13",0.113483870957193,-25115622381.5226,28,"Flux-conserved"
"Pop04","Pop17",0.0976610185793815,NA,28,"Flux-conserved"
"Pop04","Pop19",-0.026972161439014,NA,28,"Flux-conserved"
"Pop04","Pop25",-0.0648775827389646,-6263168989.87838,28,"Flux-conserved"
"Pop05","Pop09",0.0815751249331981,NA,28,"Flux-conserved"
"Pop05","Pop11",0.110865392919174,NA,28,"Flux-conserved"
"Pop05","Pop12",0.110600638517134,-25115622381.5245,28,"Flux-conserved"
"Pop05","Pop13",0.113483870957193,-25115622381.5226,28,"Flux-conserved"
"Pop05","Pop17",0.0976610185793815,NA,28,"Flux-conserved"
"Pop05","Pop19",-0.026972161439014,NA,28,"Flux-conserved"
"Pop05","Pop25",-0.0648775827389646,-6263168989.87838,28,"Flux-conserved"
"Pop06","Pop09",0.0815751249331981,NA,28,"Flux-conserved"
"Pop06","Pop11",0.110865392919174,NA,28,"Flux-conserved"
"Pop06","Pop12",0.110600638517134,-25115622381.5245,28,"Flux-conserved"
"Pop06","Pop13",0.113483870957193,-25115622381.5226,28,"Flux-conserved"
"Pop06","Pop17",0.0976610185793815,NA,28,"Flux-conserved"
"Pop06","Pop19",-0.026972161439014,NA,28,"Flux-conserved"
"Pop06","Pop25",-0.0648775827389646,-6263168989.87838,28,"Flux-conserved"
"Pop07","Pop09",0.0815751249331981,NA,28,"Flux-conserved"
"Pop07","Pop11",0.110865392919174,NA,28,"Flux-conserved"
"Pop07","Pop12",0.110600638517134,-25115622381.5245,28,"Flux-conserved"
"Pop07","Pop13",0.113483870957193,-25115622381.5226,28,"Flux-conserved"
"Pop07","Pop17",0.0976610185793815,NA,28,"Flux-conserved"
"Pop07","Pop19",-0.026972161439014,NA,28,"Flux-conserved"
"Pop07","Pop25",-0.0648775827389646,-6263168989.87838,28,"Flux-conserved"
"Pop08","Pop09",0.0815751249331981,NA,28,"Flux-conserved"
"Pop08","Pop11",0.110865392919174,NA,28,"Flux-conserved"
"Pop08","Pop12",0.110600638517134,-25115622381.5245,28,"Flux-conserved"
"Pop08","Pop13",0.113483870957193,-25115622381.5226,28,"Flux-conserved"
"Pop08","Pop17",0.0976610185793815,NA,28,"Flux-conserved"
"Pop08","Pop19",-0.026972161439014,NA,28,"Flux-conserved"
"Pop08","Pop25",-0.0648775827389646,-6263168989.87838,28,"Flux-conserved"
"Pop09","Pop10",-0.286539111126333,0.0771344017938519,28,"Flux-conserved"
"Pop09","Pop11",-0.0754908319241805,0.0200490500728389,28,"Flux-conserved"
"Pop10","Pop11",0.225287206125915,-0.0305500936493355,28,"Flux-conserved"
"Pop10","Pop12",0.201427266895888,0.00116481509234713,28,"Flux-conserved"
"Pop10","Pop13",-0.0391750051499943,0.00295527041416098,28,"Flux-conserved"
"Pop11","Pop12",-0.0053438354714495,0.00788969450636106,28,"Flux-conserved"
"Pop11","Pop13",-0.04044400234893,0.0565166291961087,28,"Flux-conserved"
"Pop11","Pop15",-0.125347228092278,0.0270216868370811,28,"Flux-conserved"
"Pop12","Pop13",-0.0300915737570451,0.00291955168290861,28,"Flux-conserved"
"Pop12","Pop15",-0.132658346709005,0.000672652896375722,28,"Flux-conserved"
"Pop12","Pop17",-0.0342286461097606,0.044862225397042,28,"Flux-conserved"
"Pop13","Pop16",-0.299192754174592,0.0008455451453796,28,"Flux-conserved"
"Pop13","Pop17",-0.0146094224534978,0.000600091760565832,28,"Flux-conserved"
"Pop14","Pop15",0.0695763522104181,-0.000293855698110323,28,"Flux-conserved"
"Pop14","Pop16",-0.0340604605895368,-8.74467745498176e-05,28,"Flux-conserved"
"Pop14","Pop17",0.152598895348567,-0.000117238868664367,28,"Flux-conserved"
"Pop14","Pop20",0.0252321032521165,2.35862475191585e-05,28,"Flux-conserved"
"Pop14","Pop21",0.0269376886289458,3.51106850511012e-05,28,"Flux-conserved"
"Pop14","Pop22",-0.00826626659999563,4.34824375895349e-05,28,"Flux-conserved"
"Pop14","Pop23",-0.0221277395762762,4.59679443907519e-05,28,"Flux-conserved"
"Pop15","Pop16",-0.158562833553129,-0.000190331560803878,28,"Flux-conserved"
"Pop15","Pop17",0.100956677739621,-9.71225125664576e-05,28,"Flux-conserved"
"Pop15","Pop19",0.0298782216305515,4.41504175520082e-05,28,"Flux-conserved"
"Pop15","Pop20",-0.0213756308290048,3.43204037710649e-05,28,"Flux-conserved"
"Pop15","Pop21",-0.0152508150098424,3.61383325681212e-05,28,"Flux-conserved"
"Pop15","Pop24",-0.0599919080989444,5.7708100385402e-05,28,"Flux-conserved"
"Pop15","Pop25",-0.0448561721474737,5.82041896932096e-05,28,"Flux-conserved"
"Pop16","Pop19",0.00725050582437988,0.000215514127582524,28,"Flux-conserved"
"Pop17","Pop18",-0.170052085633213,0.00033598613080958,28,"Flux-conserved"
"Pop17","Pop19",-0.0559446828339087,0.000121518307449232,28,"Flux-conserved"
"Pop17","Pop23",-0.092728947984576,0.000367708812370836,28,"Flux-conserved"
"Pop18","Pop19",0.116509747330428,-6.01625517733175e-05,28,"Flux-conserved"
"Pop18","Pop20",0.0575982333826875,0.000227979923451013,28,"Flux-conserved"
"Pop18","Pop21",0.0385305068067449,2.80004672654925e-05,28,"Flux-conserved"
"Pop18","Pop22",-0.0451378514894846,8.84895936934412e-05,28,"Flux-conserved"
"Pop18","Pop23",-0.0594496061073059,3.63081662682348e-05,28,"Flux-conserved"
"Pop19","Pop20",-0.0868541311573884,8.1392903341134e-05,28,"Flux-conserved"
"Pop19","Pop21",-0.0683023973401684,9.24008627627983e-05,28,"Flux-conserved"
"Pop19","Pop22",-0.065170371792312,4.52899164599317e-05,28,"Flux-conserved"
"Pop19","Pop23",-0.0527535700475313,2.19824049434076e-05,28,"Flux-conserved"
"Pop19","Pop25",-0.0483616456352077,1.24215953817061e-05,28,"Flux-conserved"
"Pop20","Pop21",0.0171661495057759,-5.34551548621513e-05,28,"Flux-conserved"
"Pop20","Pop22",-0.0322022809687061,5.65453876319884e-05,28,"Flux-conserved"
"Pop20","Pop24",-0.0704879783813548,4.35049523414456e-06,28,"Flux-conserved"
"Pop20","Pop25",-0.0417633454915748,1.88081092802666e-06,28,"Flux-conserved"
"Pop21","Pop22",-0.0423012048653985,4.28595474897472e-05,28,"Flux-conserved"
"Pop21","Pop23",-0.0354809845301808,1.85635954292036e-05,28,"Flux-conserved"
"Pop21","Pop24",-0.0669422772390038,3.64494364117739e-06,28,"Flux-conserved"
"Pop21","Pop25",-0.034682415598438,2.34655131046326e-06,28,"Flux-conserved"
"Pop22","Pop23",0.00922574019080633,8.91236272787183e-06,28,"Flux-conserved"
"Pop22","Pop24",-0.0466837790152545,-7.69991006733481e-06,28,"Flux-conserved"
"Pop23","Pop24",-0.0576635503456069,-1.95371571524204e-05,28,"Flux-conserved"
"Pop23","Pop25",0.0585933075215508,-1.42488072701993e-05,28,"Flux-conserved"
"Pop24","Pop25",0.111379529936206,3.45638626615656e-06,28,"Flux-conserved"
"Pop01","Pop02",0.130108474362998,0.0219033029533344,28,"Rate-conserved"
"Pop02","Pop03",-0.535652790198777,0.000290126983881725,28,"Rate-conserved"
"Pop03","Pop04",0.309971124841541,-7.70482931067739e-05,28,"Rate-conserved"
"Pop04","Pop05",-0.0572671115454311,-0.00300785914743991,28,"Rate-conserved"
"Pop04","Pop06",-0.0381688636276427,0.0116553848299244,28,"Rate-conserved"
"Pop04","Pop07",0.0247194724833734,0.00101673741116501,28,"Rate-conserved"
"Pop05","Pop06",0.00372720114472663,0.276802363998279,28,"Rate-conserved"
"Pop05","Pop07",-0.164867974343704,0.0041393862515426,28,"Rate-conserved"
"Pop06","Pop07",-0.176521785717143,0.00052054315065562,28,"Rate-conserved"
"Pop07","Pop08",0.0226253832840974,-3.69345521234564e-05,28,"Rate-conserved"
"Pop08","Pop09",5.15775563162957e-05,0.000648529008812644,28,"Rate-conserved"
"Pop08","Pop10",-0.0285500786852851,0.000959444733396737,28,"Rate-conserved"
"Pop08","Pop12",0.0324842783734268,0.000124169359562772,28,"Rate-conserved"
"Pop08","Pop13",0.0181610581763138,4.94883066130552e-05,28,"Rate-conserved"
"Pop08","Pop14",0.0329466724679431,1.25610919663418e-05,28,"Rate-conserved"
"Pop08","Pop15",0.0053885940230723,1.15635282469718e-05,28,"Rate-conserved"
"Pop09","Pop10",-0.0313569540589407,9.18602560715848e-05,28,"Rate-conserved"
"Pop09","Pop11",0.0210321336210819,1.07680378292993e-05,28,"Rate-conserved"
"Pop09","Pop12",0.0493766170345378,1.91278925564859e-05,28,"Rate-conserved"
"Pop09","Pop13",0.061292348210651,1.54378687651172e-05,28,"Rate-conserved"
"Pop09","Pop15",0.0547910277618193,7.84409700960584e-06,28,"Rate-conserved"
"Pop09","Pop16",0.0727913380808483,-1.28443840901752e-06,28,"Rate-conserved"
"Pop09","Pop25",-0.125576507714585,1.31304067193209e-05,28,"Rate-conserved"
"Pop10","Pop11",0.00110225308772433,-2.72471891496405e-05,28,"Rate-conserved"
"Pop10","Pop14",0.04497169200926,3.02690390129888e-06,28,"Rate-conserved"
"Pop10","Pop16",0.0478215876905893,-1.45380608327778e-06,28,"Rate-conserved"
"Pop10","Pop21",-0.0332321997998719,2.22838365792652e-05,28,"Rate-conserved"
"Pop11","Pop12",0.073644504745864,2.58697076163426e-05,28,"Rate-conserved"
"Pop11","Pop13",0.0364227758587119,3.68027374416756e-05,28,"Rate-conserved"
"Pop11","Pop15",0.0185709840763323,9.35451650494389e-06,28,"Rate-conserved"
"Pop11","Pop20",-0.0444600863277334,0.000117348180452872,28,"Rate-conserved"
"Pop12","Pop13",-0.00653898651241447,4.47198311291735e-05,28,"Rate-conserved"
"Pop12","Pop14",-0.0463723499926991,7.76044320527959e-06,28,"Rate-conserved"
"Pop12","Pop15",0.0189852709696894,4.16822456803939e-05,28,"Rate-conserved"
"Pop12","Pop16",0.0117211066130627,2.8328184173774e-05,28,"Rate-conserved"
"Pop12","Pop21",-0.0360955823990348,5.16109668886444e-05,28,"Rate-conserved"
"Pop12","Pop23",-0.111478226129222,6.03207764165082e-06,28,"Rate-conserved"
"Pop13","Pop14",-0.0504623340819588,-4.67611843491325e-07,28,"Rate-conserved"
"Pop13","Pop15",0.0261519077651391,2.94525553697006e-05,28,"Rate-conserved"
"Pop13","Pop16",0.0170613508075828,6.53312373421193e-06,28,"Rate-conserved"
"Pop13","Pop19",-0.0456058676655952,2.10643124110515e-05,28,"Rate-conserved"
"Pop13","Pop21",-0.0353827373884835,2.31627778001338e-05,28,"Rate-conserved"
"Pop14","Pop15",0.083494302567718,8.64342445782156e-05,28,"Rate-conserved"
"Pop14","Pop16",0.0927781914925492,0.000116332040762787,28,"Rate-conserved"
"Pop15","Pop16",-0.0157233676090462,-0.000384912240956191,28,"Rate-conserved"
"Pop15","Pop17",-0.0947387746308233,-1.97378087921328e-06,28,"Rate-conserved"
"Pop15","Pop18",-0.0889208747334835,1.75377084697595e-06,28,"Rate-conserved"
"Pop15","Pop20",-0.0567084373198006,4.15571510497413e-06,28,"Rate-conserved"
"Pop15","Pop24",-0.147406482704374,5.48073398513257e-06,28,"Rate-conserved"
"Pop16","Pop17",-0.113484183531185,5.91938947600971e-05,28,"Rate-conserved"
"Pop16","Pop18",-0.105927568887528,6.52617309734243e-06,28,"Rate-conserved"
"Pop16","Pop19",-0.0569008947078787,5.11477364109791e-06,28,"Rate-conserved"
"Pop16","Pop21",-0.0471171101960625,1.20132948460656e-05,28,"Rate-conserved"
"Pop17","Pop18",-0.00696557447203036,-4.83908947226937e-06,28,"Rate-conserved"
"Pop17","Pop19",-0.00376687224234171,-1.31438214474701e-06,28,"Rate-conserved"
"Pop17","Pop20",-0.0225071463596581,7.62667831363657e-06,28,"Rate-conserved"
"Pop18","Pop19",0.051652535507161,8.55049012167807e-06,28,"Rate-conserved"
"Pop18","Pop21",0.0634061404200234,1.98356686195101e-05,28,"Rate-conserved"
"Pop18","Pop24",-0.14212503818625,6.96383358254393e-06,28,"Rate-conserved"
"Pop19","Pop20",-0.030262520888411,7.20981090545582e-06,28,"Rate-conserved"
"Pop19","Pop21",0.0171044433161676,5.6035043378899e-06,28,"Rate-conserved"
"Pop19","Pop22",-0.111879678695692,1.05540308973272e-05,28,"Rate-conserved"
"Pop19","Pop23",-0.111254027860154,5.64982443565757e-06,28,"Rate-conserved"
"Pop20","Pop21",0.0459786252420247,1.00799154754211e-05,28,"Rate-conserved"
"Pop20","Pop22",-0.0975803304076136,1.8895305011317e-05,28,"Rate-conserved"
"Pop21","Pop22",-0.141096255060627,3.07990829591081e-05,28,"Rate-conserved"
"Pop21","Pop23",-0.103612705186162,1.81579054537156e-06,28,"Rate-conserved"
"Pop21","Pop24",-0.156971206783174,2.11882542997186e-06,28,"Rate-conserved"
"Pop21","Pop25",-0.160470649922578,1.04769732451397e-06,28,"Rate-conserved"
"Pop22","Pop23",0.00191885211708198,2.94625621761265e-06,28,"Rate-conserved"
"Pop22","Pop25",-0.144652068612721,1.65045084228021e-06,28,"Rate-conserved"
"Pop23","Pop24",-0.0793814628517838,1.58599447978194e-06,28,"Rate-conserved"
"Pop23","Pop25",-0.105152743100185,3.13407529715297e-06,28,"Rate-conserved"
"Pop24","Pop25",-0.0163525485515094,4.11938044538888e-06,28,"Rate-conserved"
"Pop01","Pop02",-0.043167768330682,-0.0994690915594197,29,"Isotropic"
"Pop01","Pop04",0.275309363902447,0.0285638897162245,29,"Isotropic"
"Pop01","Pop14",0.0550757750914422,0.0567530089500598,29,"Isotropic"
"Pop02","Pop03",-0.0144070217780779,-0.0103007954131037,29,"Isotropic"
"Pop03","Pop04",0.0900401287943609,0.179569805086111,29,"Isotropic"
"Pop03","Pop25",-0.0100193864066196,-0.00280392330707758,29,"Isotropic"
"Pop04","Pop05",-0.0412555775026939,-0.358962618877882,29,"Isotropic"
"Pop05","Pop06",0.066275423233664,0.101963543739354,29,"Isotropic"
"Pop05","Pop07",-0.000372260708625283,0.0356725627598517,29,"Isotropic"
"Pop06","Pop07",-0.0344618862755521,0.00573695848933739,29,"Isotropic"
"Pop06","Pop08",0.0538365850940105,0.0334301983159529,29,"Isotropic"
"Pop06","Pop09",-0.0140838373098572,0.0338580716378374,29,"Isotropic"
"Pop06","Pop11",0.0557832689630978,0.0110133977501166,29,"Isotropic"
"Pop07","Pop08",0.104278325758817,0.0464131358849251,29,"Isotropic"
"Pop07","Pop09",0.0119201502620347,0.0261898319153687,29,"Isotropic"
"Pop08","Pop09",-0.0433433921546715,-0.0211485251862377,29,"Isotropic"
"Pop08","Pop10",0.0374952427967312,0.0100368574758617,29,"Isotropic"
"Pop08","Pop11",0.0353829259849121,-0.00293330642315518,29,"Isotropic"
"Pop08","Pop15",-0.0120338607828459,-0.000912018684506591,29,"Isotropic"
"Pop08","Pop18",0.0116887247530522,0.0275155996399314,29,"Isotropic"
"Pop09","Pop10",0.0821020563584948,0.0118930073145919,29,"Isotropic"
"Pop09","Pop19",0.0473043490581539,0.0112871996569479,29,"Isotropic"
"Pop09","Pop25",-0.0455076221389065,-0.0186951966708513,29,"Isotropic"
"Pop10","Pop11",0.00263488920319618,0.00446637724368038,29,"Isotropic"
"Pop10","Pop12",0.0136907021009197,0.0350951341117073,29,"Isotropic"
"Pop10","Pop13",-0.0163717694849947,-0.0283172238304721,29,"Isotropic"
"Pop10","Pop14",-0.0072369943713248,-0.0428772951225,29,"Isotropic"
"Pop10","Pop17",0.0134673185484369,0.0304795412447764,29,"Isotropic"
"Pop10","Pop19",-0.00129922527408557,0.0306412902731977,29,"Isotropic"
"Pop10","Pop22",-0.028010970942908,0.00952540079342837,29,"Isotropic"
"Pop11","Pop12",0.0136701621973937,0.106399152199164,29,"Isotropic"
"Pop11","Pop13",-0.0376141291033396,0.0074009493900043,29,"Isotropic"
"Pop11","Pop14",-0.0116364486797986,-0.00770658129676639,29,"Isotropic"
"Pop11","Pop15",-0.0135437772710571,0.0145114739624052,29,"Isotropic"
"Pop11","Pop17",0.0026734233633116,0.021023599994933,29,"Isotropic"
"Pop11","Pop18",-0.0112763060854923,0.00787247498039343,29,"Isotropic"
"Pop12","Pop13",-0.0540519762103522,-0.0496173036937613,29,"Isotropic"
"Pop12","Pop14",-0.0137873362863065,-0.00680445431079732,29,"Isotropic"
"Pop12","Pop15",-0.00249578715798124,-0.000379001668555999,29,"Isotropic"
"Pop12","Pop16",-0.068479814430857,0.0291992165707131,29,"Isotropic"
"Pop12","Pop17",0.00199574324135796,0.0188744460563585,29,"Isotropic"
"Pop12","Pop18",-0.0121766732609258,-0.00909219364595903,29,"Isotropic"
"Pop12","Pop21",-0.0112045532182571,0.0147839065091783,29,"Isotropic"
"Pop12","Pop22",-0.0352116188506124,0.00627907724621818,29,"Isotropic"
"Pop13","Pop14",0.0337378822828957,0.0221695159011384,29,"Isotropic"
"Pop13","Pop15",0.0319578965813052,0.017928847983624,29,"Isotropic"
"Pop13","Pop17",0.0339718786742585,0.0234572469071342,29,"Isotropic"
"Pop13","Pop20",-0.00418758062832063,0.00617402788357928,29,"Isotropic"
"Pop14","Pop15",0.0206701603753842,-0.00369985654039023,29,"Isotropic"
"Pop14","Pop18",0.01394173115412,0.00987307580370272,29,"Isotropic"
"Pop14","Pop19",0.0137945252604792,0.0147944881090239,29,"Isotropic"
"Pop14","Pop21",0.0124854987569717,0.00328876725073146,29,"Isotropic"
"Pop14","Pop23",0.0240320735796724,0.00353317798007229,29,"Isotropic"
"Pop15","Pop16",-0.0758179646860226,0.0133780354908769,29,"Isotropic"
"Pop15","Pop17",0.00750824927566128,0.0315272438833602,29,"Isotropic"
"Pop15","Pop18",0.00659309906128853,0.0139653052512108,29,"Isotropic"
"Pop15","Pop20",0.0130465475670828,0.00172631892038104,29,"Isotropic"
"Pop15","Pop21",0.00991708600656628,-0.00459115993565933,29,"Isotropic"
"Pop15","Pop22",-0.0139135402830138,0.00459438112403585,29,"Isotropic"
"Pop15","Pop25",-0.0594182764058711,-0.0391968956684131,29,"Isotropic"
"Pop16","Pop17",0.0738883962893125,-0.00601427833421556,29,"Isotropic"
"Pop16","Pop19",0.0579584934189445,-0.0266667031890308,29,"Isotropic"
"Pop16","Pop22",0.0219127105418613,-0.0112695575096625,29,"Isotropic"
"Pop16","Pop24",0.0512102739920826,-0.0222123840501909,29,"Isotropic"
"Pop16","Pop25",-0.0398099092024134,-0.032916712898478,29,"Isotropic"
"Pop17","Pop18",-0.0168552480787715,-0.0298548884911292,29,"Isotropic"
"Pop17","Pop19",-0.0162852165823499,0.00418505747801876,29,"Isotropic"
"Pop17","Pop20",-0.0221228589845594,-0.0182338274357202,29,"Isotropic"
"Pop17","Pop21",-0.0139954755181812,-0.0262894326990842,29,"Isotropic"
"Pop18","Pop19",0.000179927099144661,0.0618788641240224,29,"Isotropic"
"Pop18","Pop20",-0.0133309738146963,-0.00620117974490333,29,"Isotropic"
"Pop18","Pop21",0.00370508818565586,-0.0296023372660736,29,"Isotropic"
"Pop19","Pop20",-0.0160742874450698,0.019155630997192,29,"Isotropic"
"Pop19","Pop21",0.00871350209406352,-0.0725808895269708,29,"Isotropic"
"Pop19","Pop24",-0.0291402703880093,-0.0930382872093959,29,"Isotropic"
"Pop20","Pop21",0.0283786214444873,-0.0221469507619488,29,"Isotropic"
"Pop20","Pop23",-0.0589501061009887,-0.015082732474146,29,"Isotropic"
"Pop20","Pop24",-0.0291857531342604,-0.0234269805543673,29,"Isotropic"
"Pop21","Pop22",-0.040055567203795,-0.00921139464554395,29,"Isotropic"
"Pop21","Pop23",-0.0886290021560758,-0.0177365630660126,29,"Isotropic"
"Pop21","Pop25",-0.0835689211304637,-0.194624095744582,29,"Isotropic"
"Pop22","Pop23",-0.0853595570014735,-0.0886017463359799,29,"Isotropic"
"Pop22","Pop24",-0.0177957579887568,-0.0787921476043987,29,"Isotropic"
"Pop22","Pop25",-0.047053038330874,-0.142599286355447,29,"Isotropic"
"Pop23","Pop24",0.0308087078495165,-0.10847619739446,29,"Isotropic"
"Pop24","Pop25",0.0114999681303606,-0.279845523277367,29,"Isotropic"
"Pop01","Pop10",0.0567270161893986,-95668043313.8691,29,"Flux-conserved"
"Pop01","Pop11",0.0851966776125928,NA,29,"Flux-conserved"
"Pop01","Pop12",0.0867496927847072,-95668043313.8196,29,"Flux-conserved"
"Pop01","Pop13",0.0678861854897438,NA,29,"Flux-conserved"
"Pop01","Pop15",0.0888273208848869,NA,29,"Flux-conserved"
"Pop01","Pop16",0.0138593631231676,-95668043313.817,29,"Flux-conserved"
"Pop01","Pop17",0.0731703766283761,NA,29,"Flux-conserved"
"Pop01","Pop19",-0.0264141489695059,-23857068445.4256,29,"Flux-conserved"
"Pop01","Pop25",-0.0538227401943737,NA,29,"Flux-conserved"
"Pop02","Pop10",0.0567270161893986,-95668043313.8691,29,"Flux-conserved"
"Pop02","Pop11",0.0851966776125928,NA,29,"Flux-conserved"
"Pop02","Pop12",0.0867496927847072,-95668043313.8196,29,"Flux-conserved"
"Pop02","Pop13",0.0678861854897438,NA,29,"Flux-conserved"
"Pop02","Pop15",0.0888273208848869,NA,29,"Flux-conserved"
"Pop02","Pop16",0.0138593631231676,-95668043313.817,29,"Flux-conserved"
"Pop02","Pop17",0.0731703766283761,NA,29,"Flux-conserved"
"Pop02","Pop19",-0.0264141489695059,-23857068445.4256,29,"Flux-conserved"
"Pop02","Pop25",-0.0538227401943737,NA,29,"Flux-conserved"
"Pop03","Pop10",0.0567270161893986,-95668043313.8691,29,"Flux-conserved"
"Pop03","Pop11",0.0851966776125928,NA,29,"Flux-conserved"
"Pop03","Pop12",0.0867496927847072,-95668043313.8196,29,"Flux-conserved"
"Pop03","Pop13",0.0678861854897438,NA,29,"Flux-conserved"
"Pop03","Pop15",0.0888273208848869,NA,29,"Flux-conserved"
"Pop03","Pop16",0.0138593631231676,-95668043313.817,29,"Flux-conserved"
"Pop03","Pop17",0.0731703766283761,NA,29,"Flux-conserved"
"Pop03","Pop19",-0.0264141489695059,-23857068445.4256,29,"Flux-conserved"
"Pop03","Pop25",-0.0538227401943737,NA,29,"Flux-conserved"
"Pop04","Pop10",0.0567270161893986,-95668043313.8691,29,"Flux-conserved"
"Pop04","Pop11",0.0851966776125928,NA,29,"Flux-conserved"
"Pop04","Pop12",0.0867496927847072,-95668043313.8196,29,"Flux-conserved"
"Pop04","Pop13",0.0678861854897438,NA,29,"Flux-conserved"
"Pop04","Pop15",0.0888273208848869,NA,29,"Flux-conserved"
"Pop04","Pop16",0.0138593631231676,-95668043313.817,29,"Flux-conserved"
"Pop04","Pop17",0.0731703766283761,NA,29,"Flux-conserved"
"Pop04","Pop19",-0.0264141489695059,-23857068445.4256,29,"Flux-conserved"
"Pop04","Pop25",-0.0538227401943737,NA,29,"Flux-conserved"
"Pop05","Pop10",0.0567270161893986,-95668043313.8691,29,"Flux-conserved"
"Pop05","Pop11",0.0851966776125928,NA,29,"Flux-conserved"
"Pop05","Pop12",0.0867496927847072,-95668043313.8196,29,"Flux-conserved"
"Pop05","Pop13",0.0678861854897438,NA,29,"Flux-conserved"
"Pop05","Pop15",0.0888273208848869,NA,29,"Flux-conserved"
"Pop05","Pop16",0.0138593631231676,-95668043313.817,29,"Flux-conserved"
"Pop05","Pop17",0.0731703766283761,NA,29,"Flux-conserved"
"Pop05","Pop19",-0.0264141489695059,-23857068445.4256,29,"Flux-conserved"
"Pop05","Pop25",-0.0538227401943737,NA,29,"Flux-conserved"
"Pop06","Pop10",0.0567270161893986,-95668043313.8691,29,"Flux-conserved"
"Pop06","Pop11",0.0851966776125928,NA,29,"Flux-conserved"
"Pop06","Pop12",0.0867496927847072,-95668043313.8196,29,"Flux-conserved"
"Pop06","Pop13",0.0678861854897438,NA,29,"Flux-conserved"
"Pop06","Pop15",0.0888273208848869,NA,29,"Flux-conserved"
"Pop06","Pop16",0.0138593631231676,-95668043313.817,29,"Flux-conserved"
"Pop06","Pop17",0.0731703766283761,NA,29,"Flux-conserved"
"Pop06","Pop19",-0.0264141489695059,-23857068445.4256,29,"Flux-conserved"
"Pop06","Pop25",-0.0538227401943737,NA,29,"Flux-conserved"
"Pop07","Pop10",0.0567270161893986,-95668043313.8691,29,"Flux-conserved"
"Pop07","Pop11",0.0851966776125928,NA,29,"Flux-conserved"
"Pop07","Pop12",0.0867496927847072,-95668043313.8196,29,"Flux-conserved"
"Pop07","Pop13",0.0678861854897438,NA,29,"Flux-conserved"
"Pop07","Pop15",0.0888273208848869,NA,29,"Flux-conserved"
"Pop07","Pop16",0.0138593631231676,-95668043313.817,29,"Flux-conserved"
"Pop07","Pop17",0.0731703766283761,NA,29,"Flux-conserved"
"Pop07","Pop19",-0.0264141489695059,-23857068445.4256,29,"Flux-conserved"
"Pop07","Pop25",-0.0538227401943737,NA,29,"Flux-conserved"
"Pop08","Pop10",0.0567270161893986,-95668043313.8691,29,"Flux-conserved"
"Pop08","Pop11",0.0851966776125928,NA,29,"Flux-conserved"
"Pop08","Pop12",0.0867496927847072,-95668043313.8196,29,"Flux-conserved"
"Pop08","Pop13",0.0678861854897438,NA,29,"Flux-conserved"
"Pop08","Pop15",0.0888273208848869,NA,29,"Flux-conserved"
"Pop08","Pop16",0.0138593631231676,-95668043313.817,29,"Flux-conserved"
"Pop08","Pop17",0.0731703766283761,NA,29,"Flux-conserved"
"Pop08","Pop19",-0.0264141489695059,-23857068445.4256,29,"Flux-conserved"
"Pop08","Pop25",-0.0538227401943737,NA,29,"Flux-conserved"
"Pop09","Pop10",0.0567270161893986,-95668043313.8691,29,"Flux-conserved"
"Pop09","Pop11",0.0851966776125928,NA,29,"Flux-conserved"
"Pop09","Pop12",0.0867496927847072,-95668043313.8196,29,"Flux-conserved"
"Pop09","Pop13",0.0678861854897438,NA,29,"Flux-conserved"
"Pop09","Pop15",0.0888273208848869,NA,29,"Flux-conserved"
"Pop09","Pop16",0.0138593631231676,-95668043313.817,29,"Flux-conserved"
"Pop09","Pop17",0.0731703766283761,NA,29,"Flux-conserved"
"Pop09","Pop19",-0.0264141489695059,-23857068445.4256,29,"Flux-conserved"
"Pop09","Pop25",-0.0538227401943737,NA,29,"Flux-conserved"
"Pop10","Pop11",-0.0701513014094378,0.10971668040004,29,"Flux-conserved"
"Pop10","Pop12",-0.0641610031263606,NA,29,"Flux-conserved"
"Pop11","Pop12",0.0101405573582359,-0.00896420546036108,29,"Flux-conserved"
"Pop11","Pop13",-0.0529733792832387,0.000519423105657533,29,"Flux-conserved"
"Pop11","Pop14",-0.112180267659779,0.00302269891949322,29,"Flux-conserved"
"Pop11","Pop15",-0.0215267818046466,0.00787397065214597,29,"Flux-conserved"
"Pop11","Pop17",-0.052605345773145,0.00273362845151672,29,"Flux-conserved"
"Pop12","Pop13",-0.0468064400656763,0.00153398528996163,29,"Flux-conserved"
"Pop12","Pop14",-0.123305548597853,0.00341647529068305,29,"Flux-conserved"
"Pop12","Pop15",-0.0264738322391786,0.0063831942210071,29,"Flux-conserved"
"Pop12","Pop16",-0.0696802722852696,0.00291248088075155,29,"Flux-conserved"
"Pop12","Pop17",-0.0495787056895516,0.00233730847603219,29,"Flux-conserved"
"Pop13","Pop14",-0.14434310275928,0.00525833026397358,29,"Flux-conserved"
"Pop13","Pop15",0.00548026747720579,0.00102397541540791,29,"Flux-conserved"
"Pop13","Pop16",-0.0324629908998003,0.219379957115241,29,"Flux-conserved"
"Pop13","Pop17",-0.0113897324628105,0.0289608240501241,29,"Flux-conserved"
"Pop13","Pop18",-0.160634772978794,0.00192268627098647,29,"Flux-conserved"
"Pop13","Pop19",-0.0538704229615947,0.00386152390579837,29,"Flux-conserved"
"Pop13","Pop22",-0.0598622103131997,0.00030855465904879,29,"Flux-conserved"
"Pop14","Pop15",0.1266859120231,-0.000186182731329497,29,"Flux-conserved"
"Pop14","Pop16",-0.0613310840072494,0.0190748678599991,29,"Flux-conserved"
"Pop14","Pop17",0.110362154207785,0.0109906472459473,29,"Flux-conserved"
"Pop15","Pop17",-0.00720197467130175,0.00315630534304668,29,"Flux-conserved"
"Pop16","Pop17",0.0367892811482011,-0.0011482965016635,29,"Flux-conserved"
"Pop16","Pop18",-0.106642774249897,7.78595705942933e-06,29,"Flux-conserved"
"Pop16","Pop20",-0.122473075275068,0.000233758831878402,29,"Flux-conserved"
"Pop16","Pop22",-0.063826412733538,4.01317299913475e-05,29,"Flux-conserved"
"Pop17","Pop18",-0.165733573364347,0.000414786090944883,29,"Flux-conserved"
"Pop18","Pop19",0.118795638021178,0.00057204320821236,29,"Flux-conserved"
"Pop18","Pop20",-0.0861240490680853,0.000855825635848495,29,"Flux-conserved"
"Pop18","Pop22",-0.0598865225529071,-2.41139317515344e-05,29,"Flux-conserved"
"Pop19","Pop20",-0.171876547665685,0.013682952310813,29,"Flux-conserved"
"Pop19","Pop22",-0.0687445769773209,-2.58110578168337e-05,29,"Flux-conserved"
"Pop19","Pop23",-0.0619386932889998,-0.000113139139750443,29,"Flux-conserved"
"Pop19","Pop24",-0.00856926446193026,-3.20728271090297e-05,29,"Flux-conserved"
"Pop19","Pop25",-0.0433028614519019,-2.95401917187879e-05,29,"Flux-conserved"
"Pop20","Pop21",0.00041605141213108,-8.27873704700561e-05,29,"Flux-conserved"
"Pop20","Pop23",0.0176289309237412,-0.000147116663375395,29,"Flux-conserved"
"Pop21","Pop22",0.0654472563087814,-0.000130042405751162,29,"Flux-conserved"
"Pop21","Pop24",0.0684112873136173,-0.000498570808859971,29,"Flux-conserved"
"Pop21","Pop25",0.102309171235577,-0.000139802459161949,29,"Flux-conserved"
"Pop22","Pop23",-0.0675344161447626,-0.00024702220991143,29,"Flux-conserved"
"Pop22","Pop24",-0.0347015476561615,-0.000166481274837678,29,"Flux-conserved"
"Pop22","Pop25",0.0451514285248734,-9.22910247213963e-05,29,"Flux-conserved"
"Pop23","Pop24",0.022038808439056,0.000101910220883248,29,"Flux-conserved"
"Pop23","Pop25",0.137877567764437,0.00177876497559238,29,"Flux-conserved"
"Pop24","Pop25",0.10798292047316,0.00084927961116198,29,"Flux-conserved"
"Pop01","Pop02",-0.0354788777948736,0.00535297158364482,29,"Rate-conserved"
"Pop01","Pop03",0.205057813842761,0.101122038047704,29,"Rate-conserved"
"Pop02","Pop04",0.11302318019417,0.0134548921992835,29,"Rate-conserved"
"Pop02","Pop10",-0.0110931654704615,0.00192343544123702,29,"Rate-conserved"
"Pop02","Pop11",0.034214575986067,0.00375816110675645,29,"Rate-conserved"
"Pop03","Pop04",0.174892862314606,0.00225644407803363,29,"Rate-conserved"
"Pop03","Pop10",0.0102079124318241,0.00180968153015951,29,"Rate-conserved"
"Pop03","Pop13",-0.041673803522783,0.00167490247784693,29,"Rate-conserved"
"Pop04","Pop05",-0.0735324941731233,0.0027128729989213,29,"Rate-conserved"
"Pop04","Pop06",-0.0302038192663135,0.000548578487211622,29,"Rate-conserved"
"Pop05","Pop06",0.193328011663091,-0.0761991289729503,29,"Rate-conserved"
"Pop05","Pop07",-0.0875781971385028,-0.000305754309271159,29,"Rate-conserved"
"Pop06","Pop07",0.0112154362999418,0.00271516653220842,29,"Rate-conserved"
"Pop06","Pop10",-0.0411515709618113,0.00119808595251917,29,"Rate-conserved"
"Pop06","Pop11",-0.0148664201108132,0.217842451477498,29,"Rate-conserved"
"Pop07","Pop08",-0.0525899100283038,0.00107766496235306,29,"Rate-conserved"
"Pop07","Pop09",-0.100817043822863,0.00109866584995522,29,"Rate-conserved"
"Pop07","Pop10",-0.0169848049833032,0.00221954105241568,29,"Rate-conserved"
"Pop07","Pop11",0.059573726573648,0.00280838417989126,29,"Rate-conserved"
"Pop08","Pop09",0.000531633613109594,0.00159704278807953,29,"Rate-conserved"
"Pop08","Pop10",0.064221834228963,0.00662339854670483,29,"Rate-conserved"
"Pop08","Pop11",0.102553045576458,0.00280420905028214,29,"Rate-conserved"
"Pop08","Pop13",-0.0661586670194724,0.000523019615283634,29,"Rate-conserved"
"Pop09","Pop10",0.0704589653012878,0.000581347829523469,29,"Rate-conserved"
"Pop09","Pop11",0.0843890368535459,0.000199708618512946,29,"Rate-conserved"
"Pop09","Pop12",0.0284906538949047,2.56483004694872e-05,29,"Rate-conserved"
"Pop09","Pop21",-0.058736402439626,2.51651278189833e-05,29,"Rate-conserved"
"Pop10","Pop12",-0.092561155161828,-2.98529510371721e-05,29,"Rate-conserved"
"Pop10","Pop14",-0.0685226954015283,-0.000162442436232487,29,"Rate-conserved"
"Pop10","Pop15",-0.0517060404348505,-4.30000715434239e-05,29,"Rate-conserved"
"Pop11","Pop12",-0.113410123844957,0.000193295223291309,29,"Rate-conserved"
"Pop11","Pop13",-0.0783142169941516,-0.000219322499729089,29,"Rate-conserved"
"Pop11","Pop14",-0.117259458104603,-0.000250707759833516,29,"Rate-conserved"
"Pop11","Pop15",-0.0588257445830705,5.82469233387951e-05,29,"Rate-conserved"
"Pop11","Pop18",-0.0498253881215603,0.000239758797962881,29,"Rate-conserved"
"Pop12","Pop13",0.0283566062301412,-0.000633173801412346,29,"Rate-conserved"
"Pop12","Pop15",-0.028334007438661,3.68961519115852e-05,29,"Rate-conserved"
"Pop13","Pop14",-0.130569479827601,-0.00123860187820755,29,"Rate-conserved"
"Pop13","Pop17",-0.0399283314023662,0.000296212185718677,29,"Rate-conserved"
"Pop14","Pop15",0.0726543713462738,0.000751467824026208,29,"Rate-conserved"
"Pop15","Pop16",-0.149520812897934,0.00349623339421612,29,"Rate-conserved"
"Pop15","Pop17",-0.0581983874597454,-6.14583115267595e-05,29,"Rate-conserved"
"Pop15","Pop18",-0.0296901182355826,9.3561833706676e-05,29,"Rate-conserved"
"Pop16","Pop17",0.0683742021976942,0.000285286761218044,29,"Rate-conserved"
"Pop16","Pop18",0.0783339876977704,0.000242559573627604,29,"Rate-conserved"
"Pop16","Pop23",-0.0681615981330021,0.000123230795417736,29,"Rate-conserved"
"Pop17","Pop18",0.0413037686996371,0.000712010896515386,29,"Rate-conserved"
"Pop17","Pop20",0.0170531056626379,0.000313956223632267,29,"Rate-conserved"
"Pop18","Pop19",-0.077753605245883,-0.00025326761728191,29,"Rate-conserved"
"Pop18","Pop20",0.00271143240475735,0.000229139137438804,29,"Rate-conserved"
"Pop19","Pop20",0.0838618109337049,0.00031961839000732,29,"Rate-conserved"
"Pop19","Pop21",-0.0321123336877335,9.12252572590507e-05,29,"Rate-conserved"
"Pop19","Pop22",0.0129278618537324,9.50641086477855e-05,29,"Rate-conserved"
"Pop19","Pop25",-0.0735452989017508,0.000187804269439773,29,"Rate-conserved"
"Pop20","Pop21",-0.135096055756474,1.9464959330105e-05,29,"Rate-conserved"
"Pop20","Pop22",-0.0876419747891469,0.00037359411413834,29,"Rate-conserved"
"Pop20","Pop23",-0.100580905041802,0.000181293660670751,29,"Rate-conserved"
"Pop21","Pop22",0.0600856794322809,0.000605371678310127,29,"Rate-conserved"
"Pop22","Pop23",-0.00739515086406956,-3.04451119542303e-05,29,"Rate-conserved"
"Pop22","Pop24",-0.121301885217627,1.8361496831352e-05,29,"Rate-conserved"
"Pop23","Pop24",-0.153821893512653,3.7342542981993e-05,29,"Rate-conserved"
"Pop23","Pop25",-0.166934616274469,-1.9086289171907e-05,29,"Rate-conserved"
"Pop24","Pop25",0.0122111900458564,3.44168507150952e-05,29,"Rate-conserved"
"Pop01","Pop02",0.0315098324009703,0.10964424516278,30,"Isotropic"
"Pop01","Pop03",0.183973841909949,-0.00847096215581689,30,"Isotropic"
"Pop01","Pop08",0.127280667926913,0.0678387731789715,30,"Isotropic"
"Pop01","Pop19",0.0358246315446713,0.0188170177500996,30,"Isotropic"
"Pop02","Pop03",0.14797456488646,-0.00814739773818499,30,"Isotropic"
"Pop02","Pop04",0.079177856870084,0.0116809399411606,30,"Isotropic"
"Pop02","Pop09",0.0209532397857082,0.0474452795848106,30,"Isotropic"
"Pop03","Pop04",-0.0114781082627587,0.0287322165683006,30,"Isotropic"
"Pop03","Pop05",0.0324150934775989,0.0352092599089162,30,"Isotropic"
"Pop03","Pop06",0.0492817651063595,0.0153424428985955,30,"Isotropic"
"Pop03","Pop07",0.0268182509923402,0.0202773540353478,30,"Isotropic"
"Pop03","Pop11",0.0231314971675716,0.00502685334167381,30,"Isotropic"
"Pop03","Pop24",0.0102557870950443,0.00233718113119332,30,"Isotropic"
"Pop04","Pop05",-0.0325379775607511,0.116125183140504,30,"Isotropic"
"Pop04","Pop06",0.03150599566188,0.0134057420024303,30,"Isotropic"
"Pop04","Pop07",0.00525389296153381,0.0457792936442618,30,"Isotropic"
"Pop04","Pop09",-0.0026512005399298,0.040910095593603,30,"Isotropic"
"Pop05","Pop06",0.0738656931998456,0.0137384939679126,30,"Isotropic"
"Pop05","Pop07",0.0283084587364071,0.0743256836994038,30,"Isotropic"
"Pop05","Pop10",-0.00390641501130692,0.0287881526871963,30,"Isotropic"
"Pop06","Pop07",0.00554886578825947,0.038957226879713,30,"Isotropic"
"Pop06","Pop09",0.00403902912650023,0.139807180190635,30,"Isotropic"
"Pop06","Pop10",-0.00234186577521572,0.0744558323443334,30,"Isotropic"
"Pop06","Pop11",-0.0166537683261689,0.0150277948418137,30,"Isotropic"
"Pop07","Pop08",-0.0914429576401488,0.0237289326787017,30,"Isotropic"
"Pop07","Pop10",0.00988296380273868,0.00986508730896005,30,"Isotropic"
"Pop07","Pop11",0.00637043618282446,0.00223581278870735,30,"Isotropic"
"Pop07","Pop15",-0.0229329049627407,0.0109213769543297,30,"Isotropic"
"Pop08","Pop09",0.1268078078851,0.0170405045894872,30,"Isotropic"
"Pop08","Pop10",0.0937661048709693,-0.0177179079238162,30,"Isotropic"
"Pop08","Pop11",0.0747102279714557,-0.0229426044183689,30,"Isotropic"
"Pop09","Pop10",-0.036446542269668,0.00388792795845827,30,"Isotropic"
"Pop09","Pop13",0.0285380712752979,-0.00368203302002389,30,"Isotropic"
"Pop09","Pop16",0.0250754381919775,0.0136215074167214,30,"Isotropic"
"Pop09","Pop18",0.0160827978707567,0.00960595945591616,30,"Isotropic"
"Pop09","Pop20",0.0242612877111879,0.00122993244703703,30,"Isotropic"
"Pop09","Pop22",0.0117690495064863,-0.00236651706383923,30,"Isotropic"
"Pop10","Pop11",0.0271806960694837,-0.0379992880852087,30,"Isotropic"
"Pop10","Pop12",-0.063173113224869,-0.0867656475820877,30,"Isotropic"
"Pop11","Pop12",-0.090066209767184,-0.236649680706554,30,"Isotropic"
"Pop11","Pop13",-0.0139327341483798,-0.00234935275879516,30,"Isotropic"
"Pop11","Pop14",-0.0242855263288534,0.0104443268280756,30,"Isotropic"
"Pop11","Pop16",0.0105662031319425,0.0304138479593734,30,"Isotropic"
"Pop11","Pop20",0.0129824175620264,-0.0268387956231839,30,"Isotropic"
"Pop12","Pop13",0.0873696631579308,0.088023485759409,30,"Isotropic"
"Pop12","Pop14",0.0604777681235787,0.0503073717665492,30,"Isotropic"
"Pop12","Pop22",-0.00358828154452678,0.00736899153681226,30,"Isotropic"
"Pop13","Pop14",-0.0276091325836426,0.0127596351071378,30,"Isotropic"
"Pop13","Pop15",-0.0414561621161941,0.0103741841188665,30,"Isotropic"
"Pop13","Pop16",0.0170490438945479,0.0373758149869417,30,"Isotropic"
"Pop13","Pop17",-0.0100554986234202,0.0210828125054973,30,"Isotropic"
"Pop14","Pop15",0.0208839863736461,-0.0178436161554349,30,"Isotropic"
"Pop14","Pop16",0.0539891029596798,0.0586714286221217,30,"Isotropic"
"Pop14","Pop23",0.00420414527416245,-0.0162863281611648,30,"Isotropic"
"Pop15","Pop16",0.0443381164244476,0.0113397658137715,30,"Isotropic"
"Pop15","Pop20",0.0447066215566683,-0.010294622258333,30,"Isotropic"
"Pop15","Pop22",0.0222959121540205,-0.0109256276304535,30,"Isotropic"
"Pop15","Pop24",0.0111367840791906,-0.019564990162807,30,"Isotropic"
"Pop15","Pop25",0.0645742399395214,-0.0646841452031827,30,"Isotropic"
"Pop16","Pop17",-0.0229100760149847,-0.00954525035400315,30,"Isotropic"
"Pop16","Pop20",0.00365738081477344,-0.0585799836727731,30,"Isotropic"
"Pop16","Pop21",0.0376511631741489,-0.052265873406364,30,"Isotropic"
"Pop16","Pop22",-0.0184777092130879,-0.0454729807853129,30,"Isotropic"
"Pop16","Pop24",-0.0292940422028786,-0.0248964524970661,30,"Isotropic"
"Pop17","Pop18",-0.0589020732723533,-0.0402265244653715,30,"Isotropic"
"Pop17","Pop19",-0.181011191180576,0.0158962891574553,30,"Isotropic"
"Pop17","Pop20",0.0191245272894003,-0.118640046201007,30,"Isotropic"
"Pop17","Pop22",-0.0114820034672813,-0.108217371281629,30,"Isotropic"
"Pop17","Pop23",0.0114828237073193,-0.0668145107125905,30,"Isotropic"
"Pop17","Pop24",-0.0365013393286475,-0.0373699555107146,30,"Isotropic"
"Pop18","Pop19",-0.125344813267723,0.202982831760982,30,"Isotropic"
"Pop18","Pop20",0.079179155990876,-0.0443459310128108,30,"Isotropic"
"Pop18","Pop21",0.0754016494475773,-0.10618884313665,30,"Isotropic"
"Pop18","Pop23",0.0622353557411244,-0.0703386520181992,30,"Isotropic"
"Pop19","Pop20",0.213357748035205,-0.108454377327844,30,"Isotropic"
"Pop20","Pop21",-0.0406420705833207,-0.0445438559817364,30,"Isotropic"
"Pop20","Pop22",-0.0291319367572246,-0.0142593002533244,30,"Isotropic"
"Pop20","Pop23",-0.0143915462355177,-0.0618578384199389,30,"Isotropic"
"Pop20","Pop24",-0.042394638765916,-0.0414989009149366,30,"Isotropic"
"Pop21","Pop22",-0.0126578703397096,0.00324483618812302,30,"Isotropic"
"Pop21","Pop23",0.00942530274582287,-0.0256777731596708,30,"Isotropic"
"Pop21","Pop24",-0.00564416563915543,-0.288406064107331,30,"Isotropic"
"Pop21","Pop25",-0.0743977676156455,-0.780804534018003,30,"Isotropic"
"Pop22","Pop23",0.00232812866132548,0.0273344494768735,30,"Isotropic"
"Pop22","Pop25",-0.0345370319796115,-0.12019938830335,30,"Isotropic"
"Pop23","Pop24",-0.0127379610672304,-0.0814147545364615,30,"Isotropic"
"Pop23","Pop25",-0.0836918743383964,-0.200441467955513,30,"Isotropic"
"Pop24","Pop25",-0.0762514388302078,-0.0694386053641272,30,"Isotropic"
"Pop01","Pop11",0.398701879074568,NA,30,"Flux-conserved"
"Pop01","Pop14",0.398701879074568,NA,30,"Flux-conserved"
"Pop02","Pop11",0.398701879074568,NA,30,"Flux-conserved"
"Pop02","Pop14",0.398701879074568,NA,30,"Flux-conserved"
"Pop03","Pop11",0.398701879074568,NA,30,"Flux-conserved"
"Pop03","Pop14",0.398701879074568,NA,30,"Flux-conserved"
"Pop04","Pop11",0.398701879074568,NA,30,"Flux-conserved"
"Pop04","Pop14",0.398701879074568,NA,30,"Flux-conserved"
"Pop05","Pop11",0.398701879074568,NA,30,"Flux-conserved"
"Pop05","Pop14",0.398701879074568,NA,30,"Flux-conserved"
"Pop06","Pop11",0.398701879074568,NA,30,"Flux-conserved"
"Pop06","Pop14",0.398701879074568,NA,30,"Flux-conserved"
"Pop07","Pop18",0.179546531064628,-0.000352210418550822,30,"Flux-conserved"
"Pop07","Pop21",0.162953892862051,5.10608254532318e-05,30,"Flux-conserved"
"Pop07","Pop23",0.0609512011249716,8.72689988238413e-05,30,"Flux-conserved"
"Pop08","Pop10",-0.391814947395822,-0.0072166444855294,30,"Flux-conserved"
"Pop08","Pop17",-0.120452885787531,0.0123290063968126,30,"Flux-conserved"
"Pop09","Pop10",0.0703022098641877,0.00440427439452081,30,"Flux-conserved"
"Pop09","Pop13",0.467434998963509,-0.023060830271432,30,"Flux-conserved"
"Pop11","Pop12",-0.246503403308243,0.271976916370013,30,"Flux-conserved"
"Pop11","Pop14",0,NA,30,"Flux-conserved"
"Pop11","Pop15",-0.398701879074568,NA,30,"Flux-conserved"
"Pop11","Pop16",-0.398701879074568,NA,30,"Flux-conserved"
"Pop12","Pop13",-0.344890768703831,0.249930142402367,30,"Flux-conserved"
"Pop12","Pop14",0.246503403308243,-0.271976916370013,30,"Flux-conserved"
"Pop14","Pop15",-0.398701879074568,NA,30,"Flux-conserved"
"Pop14","Pop16",-0.398701879074568,NA,30,"Flux-conserved"
"Pop17","Pop18",-0.517548371738716,0.00215440179451005,30,"Flux-conserved"
"Pop19","Pop20",-0.256023880842807,-0.000145108838699709,30,"Flux-conserved"
"Pop19","Pop21",-0.083545438925265,0.00022988940532721,30,"Flux-conserved"
"Pop19","Pop22",-0.0698143139394293,0.000811334400429293,30,"Flux-conserved"
"Pop20","Pop22",-0.0146668469150578,0.00030340373948855,30,"Flux-conserved"
"Pop20","Pop23",0.0157960688703624,0.000948379999764049,30,"Flux-conserved"
"Pop20","Pop25",-0.194785915519973,-7.38301445216738e-05,30,"Flux-conserved"
"Pop21","Pop23",-0.000720191353788258,0.00813592358278289,30,"Flux-conserved"
"Pop22","Pop23",-0.143593742121737,0.00465108209943616,30,"Flux-conserved"
"Pop23","Pop24",-0.154626382863051,-0.000116622619463832,30,"Flux-conserved"
"Pop24","Pop25",-0.0284433155562555,-0.00270465027942575,30,"Flux-conserved"
"Pop01","Pop02",0.209259048971245,0.000256277967637194,30,"Rate-conserved"
"Pop01","Pop04",-0.0156426258020206,-0.000435784843967921,30,"Rate-conserved"
"Pop02","Pop03",-0.282105694603105,-2.50383892773055e-05,30,"Rate-conserved"
"Pop03","Pop08",0.0988332290901204,8.28443456447583e-05,30,"Rate-conserved"
"Pop04","Pop05",0.0971383787400011,-0.00158580528358083,30,"Rate-conserved"
"Pop04","Pop07",0.125086511416626,0.000335434608101873,30,"Rate-conserved"
"Pop04","Pop12",0.0293456064301611,0.000101491599562402,30,"Rate-conserved"
"Pop05","Pop06",-0.0130978326346326,0.0031809129705419,30,"Rate-conserved"
"Pop05","Pop08",-0.0204541179263865,0.000396044602033139,30,"Rate-conserved"
"Pop05","Pop09",0.0436929232536445,0.000498703805341401,30,"Rate-conserved"
"Pop05","Pop10",0.0677582796001558,0.00206180347988748,30,"Rate-conserved"
"Pop05","Pop12",0.0191356991819416,0.00254924283971733,30,"Rate-conserved"
"Pop06","Pop07",0.0679095436109677,0.00256428846078141,30,"Rate-conserved"
"Pop06","Pop09",-0.0209181328687577,0.000292839684411734,30,"Rate-conserved"
"Pop06","Pop10",0.0352796969009729,0.00717247002524847,30,"Rate-conserved"
"Pop06","Pop11",0.00575794338526743,0.000252264927275093,30,"Rate-conserved"
"Pop07","Pop08",0.00391359553411419,0.000157287281988921,30,"Rate-conserved"
"Pop07","Pop10",-0.00784346230197325,0.00234854849027184,30,"Rate-conserved"
"Pop07","Pop11",-0.0354601956998896,0.000148103352938322,30,"Rate-conserved"
"Pop07","Pop12",-0.0133570352268182,0.00165601477949011,30,"Rate-conserved"
"Pop07","Pop13",-0.184924877734886,0.000824153780136356,30,"Rate-conserved"
"Pop08","Pop09",-0.0383538084144509,0.00068658873182446,30,"Rate-conserved"
"Pop08","Pop10",0.0598261312579004,-3.93724126038599e-05,30,"Rate-conserved"
"Pop08","Pop11",-0.115721510913468,-0.00169662063350961,30,"Rate-conserved"
"Pop08","Pop12",-0.00649169807008891,3.99576407156013e-05,30,"Rate-conserved"
"Pop08","Pop14",-0.17342578661013,0.000320731015196436,30,"Rate-conserved"
"Pop08","Pop17",-0.0922376842639802,0.00257489522309184,30,"Rate-conserved"
"Pop09","Pop10",0.0162656360167883,-0.000199096992860439,30,"Rate-conserved"
"Pop09","Pop11",-0.172351476768619,-0.0798127035246677,30,"Rate-conserved"
"Pop09","Pop12",-0.0167566133276242,2.28220901645944e-05,30,"Rate-conserved"
"Pop09","Pop13",-0.182863457545088,0.000642387534233756,30,"Rate-conserved"
"Pop10","Pop12",0.06372352012206,0.00202112035537081,30,"Rate-conserved"
"Pop12","Pop13",-0.130733752217936,0.000314388997496607,30,"Rate-conserved"
"Pop12","Pop16",-0.155925487336801,6.0022871528991e-05,30,"Rate-conserved"
"Pop12","Pop19",-0.0996592829887002,9.11922333323196e-06,30,"Rate-conserved"
"Pop13","Pop14",-0.0533581086360733,7.97138813942837e-05,30,"Rate-conserved"
"Pop13","Pop16",-0.14881574045452,2.24884542940442e-05,30,"Rate-conserved"
"Pop14","Pop15",-0.00470289749717162,1.79806173988931e-05,30,"Rate-conserved"
"Pop14","Pop17",0.0582125526104078,2.55079758134288e-05,30,"Rate-conserved"
"Pop14","Pop21",-0.0272542840973084,7.87506278130788e-06,30,"Rate-conserved"
"Pop15","Pop16",-0.000437581910718299,1.57628014413984e-05,30,"Rate-conserved"
"Pop15","Pop17",0.0957386353784926,9.41426691867746e-05,30,"Rate-conserved"
"Pop15","Pop18",0.00840330665189207,2.68287060818069e-05,30,"Rate-conserved"
"Pop15","Pop19",-0.0217231781513275,3.17372163744219e-06,30,"Rate-conserved"
"Pop16","Pop17",0.0948662857331388,8.78543719016745e-06,30,"Rate-conserved"
"Pop16","Pop19",0.0383403621953127,-2.89624305444443e-06,30,"Rate-conserved"
"Pop16","Pop24",-0.0489857909205409,5.01282709022313e-07,30,"Rate-conserved"
"Pop17","Pop18",-0.0406692104525268,8.71862671348568e-06,30,"Rate-conserved"
"Pop17","Pop19",-0.0353730053491261,-1.26594309030086e-05,30,"Rate-conserved"
"Pop17","Pop20",-0.0194681745549945,-1.89894092831282e-07,30,"Rate-conserved"
"Pop17","Pop21",-0.00689447308450976,-8.83780717172744e-07,30,"Rate-conserved"
"Pop17","Pop22",-0.00911356898079349,6.7070307227043e-07,30,"Rate-conserved"
"Pop17","Pop24",-0.0825993356726894,-1.98485479788643e-07,30,"Rate-conserved"
"Pop17","Pop25",-0.0275823023733087,2.36597179594413e-07,30,"Rate-conserved"
"Pop18","Pop19",0.0243995954751212,-2.53843506531743e-05,30,"Rate-conserved"
"Pop18","Pop20",-0.0418770559659996,-6.87335070437755e-06,30,"Rate-conserved"
"Pop18","Pop21",0.0334159079015974,2.84795775572829e-06,30,"Rate-conserved"
"Pop18","Pop22",-0.0359975371683862,8.02728698941907e-07,30,"Rate-conserved"
"Pop19","Pop20",-0.0293430483735066,1.03352173177164e-05,30,"Rate-conserved"
"Pop19","Pop21",0.0223189759289507,3.62967813936731e-06,30,"Rate-conserved"
"Pop19","Pop24",-0.0696337995989345,9.58733578630549e-07,30,"Rate-conserved"
"Pop20","Pop21",0.106314454911376,-2.33835844771146e-05,30,"Rate-conserved"
"Pop20","Pop23",-0.0275484363813926,-1.69526177159818e-06,30,"Rate-conserved"
"Pop21","Pop22",-0.0462787930399145,1.23112443641305e-05,30,"Rate-conserved"
"Pop21","Pop23",-0.0900179052600402,4.67162093825436e-06,30,"Rate-conserved"
"Pop21","Pop24",-0.101740002201243,1.60026133657802e-06,30,"Rate-conserved"
"Pop21","Pop25",-0.0681986412836942,1.66743661127997e-06,30,"Rate-conserved"
"Pop22","Pop23",-0.123847409622968,-9.38025444111284e-05,30,"Rate-conserved"
"Pop22","Pop24",-0.06383091439792,-3.13336792737227e-06,30,"Rate-conserved"
"Pop22","Pop25",-0.0626572269331107,-6.6921394418335e-06,30,"Rate-conserved"
"Pop23","Pop25",-0.0386679659500477,-6.8067259725028e-07,30,"Rate-conserved"
"Pop24","Pop25",-0.0377062315208235,6.24000902903963e-06,30,"Rate-conserved"
"Pop01","Pop02",-0.18920116869641,0.107778827750119,31,"Isotropic"
"Pop01","Pop03",0.0119247043053314,0.194364685073191,31,"Isotropic"
"Pop01","Pop04",0.00262460140805351,0.0326059295316862,31,"Isotropic"
"Pop01","Pop05",0.0519402696354365,0.00967646176324803,31,"Isotropic"
"Pop01","Pop06",0.0498597184753396,0.0141704560409988,31,"Isotropic"
"Pop01","Pop13",0.0105525003599336,0.00516262702914844,31,"Isotropic"
"Pop02","Pop03",0.236170177478674,0.414572864117557,31,"Isotropic"
"Pop02","Pop10",-0.0127669216933498,-0.00389091171445664,31,"Isotropic"
"Pop03","Pop04",-0.0200687556589353,0.0274703828093917,31,"Isotropic"
"Pop03","Pop06",0.00602509153685654,0.0151206747080042,31,"Isotropic"
"Pop03","Pop07",-0.00976350505070109,0.00520505632613496,31,"Isotropic"
"Pop03","Pop11",-0.0173112371173782,-0.0109353993948993,31,"Isotropic"
"Pop04","Pop05",0.0880974002903027,0.00341085229226552,31,"Isotropic"
"Pop04","Pop06",0.041415217918967,0.0055313908625331,31,"Isotropic"
"Pop04","Pop10",0.0464032857211566,-0.00428115170025301,31,"Isotropic"
"Pop04","Pop25",0.00792606984526406,-0.00346255614704728,31,"Isotropic"
"Pop05","Pop06",-0.0464834971102002,0.0164130808798748,31,"Isotropic"
"Pop05","Pop07",-0.0516552306067922,0.0100783463580652,31,"Isotropic"
"Pop05","Pop08",-0.0597079916733877,0.0188630049925291,31,"Isotropic"
"Pop05","Pop09",-0.0413775386832979,0.0198615448265654,31,"Isotropic"
"Pop05","Pop10",-0.00966420040778655,-0.0109541611997989,31,"Isotropic"
"Pop05","Pop11",-0.00172736291452291,-0.0027697781180747,31,"Isotropic"
"Pop05","Pop14",0.0193531420459068,0.00977299074997523,31,"Isotropic"
"Pop05","Pop16",0.0222845927609243,0.0113912241564153,31,"Isotropic"
"Pop06","Pop07",-0.00209174460126668,-0.0238025076818528,31,"Isotropic"
"Pop06","Pop09",-0.0150172860983306,-0.00121293172802282,31,"Isotropic"
"Pop06","Pop11",-0.0050211034217028,-0.00449228174822362,31,"Isotropic"
"Pop07","Pop08",-0.0196139213001497,0.0184513969465202,31,"Isotropic"
"Pop07","Pop10",0.0245539977593932,-0.0013725505797535,31,"Isotropic"
"Pop07","Pop11",0.0167428974429453,-0.0141463425644022,31,"Isotropic"
"Pop07","Pop15",0.00629453462706579,0.00226761963513889,31,"Isotropic"
"Pop08","Pop09",0.00994852126987342,-0.0163287616919353,31,"Isotropic"
"Pop08","Pop10",0.0415374051433704,-0.0207301866902179,31,"Isotropic"
"Pop08","Pop11",0.0384239252384182,-0.0111749671578624,31,"Isotropic"
"Pop08","Pop20",-0.00245171547504289,-0.00448145410767969,31,"Isotropic"
"Pop09","Pop10",0.0368428752495484,-0.0207609322820913,31,"Isotropic"
"Pop09","Pop11",0.0519589279480197,-0.00891033746003746,31,"Isotropic"
"Pop09","Pop15",0.0289595340136675,-0.00288330612049379,31,"Isotropic"
"Pop09","Pop17",0.0396800389430265,-0.00406496563050611,31,"Isotropic"
"Pop10","Pop11",0.0322921382254918,0.0479555341877953,31,"Isotropic"
"Pop10","Pop12",-0.035909218583762,0.0518884387382563,31,"Isotropic"
"Pop10","Pop13",-0.00925805110133364,0.0050512318772173,31,"Isotropic"
"Pop11","Pop12",-0.0640778146985086,-0.0199168250263291,31,"Isotropic"
"Pop11","Pop13",-0.0176983758079771,0.000483416495522845,31,"Isotropic"
"Pop11","Pop15",0.0157813289991428,0.0044082780888068,31,"Isotropic"
"Pop11","Pop19",0.0340499716619685,-0.0223647055163485,31,"Isotropic"
"Pop11","Pop20",0.0210117639456406,-0.00799091797659618,31,"Isotropic"
"Pop12","Pop13",0.0313280602905128,0.00305852331134362,31,"Isotropic"
"Pop12","Pop14",0.0516763799301281,0.0218356833763474,31,"Isotropic"
"Pop12","Pop17",0.0793365564347845,-0.00431319460191203,31,"Isotropic"
"Pop12","Pop22",0.0680514284787922,-0.00903371726356204,31,"Isotropic"
"Pop12","Pop24",0.0372346203856526,-0.0336224730401974,31,"Isotropic"
"Pop13","Pop14",0.0114641391307732,0.13018113764859,31,"Isotropic"
"Pop13","Pop15",0.0333544024849041,0.0334387031030232,31,"Isotropic"
"Pop13","Pop16",0.0107839561076433,0.0348049256756941,31,"Isotropic"
"Pop13","Pop17",0.0591138537271697,0.00768097989055368,31,"Isotropic"
"Pop14","Pop15",0.0293951692234921,0.000763746800248044,31,"Isotropic"
"Pop14","Pop16",-0.0142182193659627,-0.0425811503815902,31,"Isotropic"
"Pop14","Pop17",0.0445515510241159,-0.0181709701602268,31,"Isotropic"
"Pop14","Pop20",0.0102556491696144,-0.0068332026922929,31,"Isotropic"
"Pop14","Pop23",0.0341965933020403,-0.00649783975401393,31,"Isotropic"
"Pop15","Pop16",-0.0455035267867976,-0.0138061938961623,31,"Isotropic"
"Pop15","Pop18",0.00199598076283133,-0.0565224445749243,31,"Isotropic"
"Pop15","Pop19",0.0225866208233645,-0.0817916100547322,31,"Isotropic"
"Pop15","Pop20",0.0116222944672833,-0.00722064788157242,31,"Isotropic"
"Pop15","Pop25",-0.039883482363176,-0.0224903704548438,31,"Isotropic"
"Pop16","Pop17",0.0634474810041499,-0.0184850799464463,31,"Isotropic"
"Pop16","Pop18",0.015793130295446,-0.0847363813352293,31,"Isotropic"
"Pop16","Pop20",0.0114946781882157,-0.0188055274620584,31,"Isotropic"
"Pop17","Pop18",-0.03857233265463,-0.0403902976664589,31,"Isotropic"
"Pop17","Pop19",-0.0106078935869428,-0.0589708253842199,31,"Isotropic"
"Pop17","Pop20",-0.0151542557420674,-0.00416800158492435,31,"Isotropic"
"Pop17","Pop21",0.000453666227605273,-0.0194306378960803,31,"Isotropic"
"Pop17","Pop22",-0.049519374641122,-0.0256678443872947,31,"Isotropic"
"Pop17","Pop23",-0.00155121199151423,-0.00191089075509731,31,"Isotropic"
"Pop17","Pop25",-0.0662473447888829,-0.0114678901067489,31,"Isotropic"
"Pop18","Pop19",0.0478664750852162,-0.068983196482634,31,"Isotropic"
"Pop18","Pop20",0.000251119059829399,0.0245446528113236,31,"Isotropic"
"Pop18","Pop21",0.0165469008365877,-0.0441152925884872,31,"Isotropic"
"Pop18","Pop24",-0.0930516419550265,-0.0129608632405468,31,"Isotropic"
"Pop19","Pop20",-0.00262537963601926,-0.000919249668388064,31,"Isotropic"
"Pop19","Pop21",-0.00997931200535375,-0.0154326367089832,31,"Isotropic"
"Pop19","Pop22",-0.0649131439937329,-0.0214362306375074,31,"Isotropic"
"Pop19","Pop23",-0.0146088035965277,0.00765268596458635,31,"Isotropic"
"Pop19","Pop24",-0.0957122905447092,-0.00131332365200157,31,"Isotropic"
"Pop19","Pop25",-0.0737102306454945,-0.00106581336444221,31,"Isotropic"
"Pop20","Pop21",0.00796948061597949,-0.0130723637248238,31,"Isotropic"
"Pop20","Pop22",-0.0673959514978989,-0.0252931481387184,31,"Isotropic"
"Pop20","Pop23",-0.0130987035774074,-0.00709950391283828,31,"Isotropic"
"Pop21","Pop22",-0.0303850013109082,0.0660038407810687,31,"Isotropic"
"Pop21","Pop23",0.0151146490367209,0.0544306818764905,31,"Isotropic"
"Pop21","Pop25",-0.0631527467041435,-0.00915438575457221,31,"Isotropic"
"Pop22","Pop23",0.0453085046683868,0.0631123449322434,31,"Isotropic"
"Pop23","Pop24",-0.107341821299173,-0.0211759738471203,31,"Isotropic"
"Pop23","Pop25",-0.0596271252039735,-0.0604175413957639,31,"Isotropic"
"Pop24","Pop25",0.0841620961918353,-0.0843093909668772,31,"Isotropic"
"Pop01","Pop11",0.0745483163499368,-44830110446.4935,31,"Flux-conserved"
"Pop01","Pop14",0.0781595356968882,NA,31,"Flux-conserved"
"Pop01","Pop15",0.0718890124382934,NA,31,"Flux-conserved"
"Pop01","Pop16",0.071589316752788,NA,31,"Flux-conserved"
"Pop01","Pop17",0.0149115033493248,NA,31,"Flux-conserved"
"Pop01","Pop19",0.025149924743107,NA,31,"Flux-conserved"
"Pop01","Pop20",-0.0154210657286528,NA,31,"Flux-conserved"
"Pop01","Pop21",0.0206852227203733,-44830110446.4931,31,"Flux-conserved"
"Pop01","Pop22",0.00786931636704412,NA,31,"Flux-conserved"
"Pop01","Pop24",0.0105582254682072,NA,31,"Flux-conserved"
"Pop01","Pop25",-0.0236082068424516,-44830110446.4931,31,"Flux-conserved"
"Pop02","Pop11",0.0745483163499368,-44830110446.4935,31,"Flux-conserved"
"Pop02","Pop14",0.0781595356968882,NA,31,"Flux-conserved"
"Pop02","Pop15",0.0718890124382934,NA,31,"Flux-conserved"
"Pop02","Pop16",0.071589316752788,NA,31,"Flux-conserved"
"Pop02","Pop17",0.0149115033493248,NA,31,"Flux-conserved"
"Pop02","Pop19",0.025149924743107,NA,31,"Flux-conserved"
"Pop02","Pop20",-0.0154210657286528,NA,31,"Flux-conserved"
"Pop02","Pop21",0.0206852227203733,-44830110446.4931,31,"Flux-conserved"
"Pop02","Pop22",0.00786931636704412,NA,31,"Flux-conserved"
"Pop02","Pop24",0.0105582254682072,NA,31,"Flux-conserved"
"Pop02","Pop25",-0.0236082068424516,-44830110446.4931,31,"Flux-conserved"
"Pop03","Pop11",0.0745483163499368,-44830110446.4935,31,"Flux-conserved"
"Pop03","Pop14",0.0781595356968882,NA,31,"Flux-conserved"
"Pop03","Pop15",0.0718890124382934,NA,31,"Flux-conserved"
"Pop03","Pop16",0.071589316752788,NA,31,"Flux-conserved"
"Pop03","Pop17",0.0149115033493248,NA,31,"Flux-conserved"
"Pop03","Pop19",0.025149924743107,NA,31,"Flux-conserved"
"Pop03","Pop20",-0.0154210657286528,NA,31,"Flux-conserved"
"Pop03","Pop21",0.0206852227203733,-44830110446.4931,31,"Flux-conserved"
"Pop03","Pop22",0.00786931636704412,NA,31,"Flux-conserved"
"Pop03","Pop24",0.0105582254682072,NA,31,"Flux-conserved"
"Pop03","Pop25",-0.0236082068424516,-44830110446.4931,31,"Flux-conserved"
"Pop04","Pop11",0.0745483163499368,-44830110446.4935,31,"Flux-conserved"
"Pop04","Pop14",0.0781595356968882,NA,31,"Flux-conserved"
"Pop04","Pop15",0.0718890124382934,NA,31,"Flux-conserved"
"Pop04","Pop16",0.071589316752788,NA,31,"Flux-conserved"
"Pop04","Pop17",0.0149115033493248,NA,31,"Flux-conserved"
"Pop04","Pop19",0.025149924743107,NA,31,"Flux-conserved"
"Pop04","Pop20",-0.0154210657286528,NA,31,"Flux-conserved"
"Pop04","Pop21",0.0206852227203733,-44830110446.4931,31,"Flux-conserved"
"Pop04","Pop22",0.00786931636704412,NA,31,"Flux-conserved"
"Pop04","Pop24",0.0105582254682072,NA,31,"Flux-conserved"
"Pop04","Pop25",-0.0236082068424516,-44830110446.4931,31,"Flux-conserved"
"Pop05","Pop11",0.0745483163499368,-44830110446.4935,31,"Flux-conserved"
"Pop05","Pop14",0.0781595356968882,NA,31,"Flux-conserved"
"Pop05","Pop15",0.0718890124382934,NA,31,"Flux-conserved"
"Pop05","Pop16",0.071589316752788,NA,31,"Flux-conserved"
"Pop05","Pop17",0.0149115033493248,NA,31,"Flux-conserved"
"Pop05","Pop19",0.025149924743107,NA,31,"Flux-conserved"
"Pop05","Pop20",-0.0154210657286528,NA,31,"Flux-conserved"
"Pop05","Pop21",0.0206852227203733,-44830110446.4931,31,"Flux-conserved"
"Pop05","Pop22",0.00786931636704412,NA,31,"Flux-conserved"
"Pop05","Pop24",0.0105582254682072,NA,31,"Flux-conserved"
"Pop05","Pop25",-0.0236082068424516,-44830110446.4931,31,"Flux-conserved"
"Pop06","Pop11",0.0745483163499368,-44830110446.4935,31,"Flux-conserved"
"Pop06","Pop14",0.0781595356968882,NA,31,"Flux-conserved"
"Pop06","Pop15",0.0718890124382934,NA,31,"Flux-conserved"
"Pop06","Pop16",0.071589316752788,NA,31,"Flux-conserved"
"Pop06","Pop17",0.0149115033493248,NA,31,"Flux-conserved"
"Pop06","Pop19",0.025149924743107,NA,31,"Flux-conserved"
"Pop06","Pop20",-0.0154210657286528,NA,31,"Flux-conserved"
"Pop06","Pop21",0.0206852227203733,-44830110446.4931,31,"Flux-conserved"
"Pop06","Pop22",0.00786931636704412,NA,31,"Flux-conserved"
"Pop06","Pop24",0.0105582254682072,NA,31,"Flux-conserved"
"Pop06","Pop25",-0.0236082068424516,-44830110446.4931,31,"Flux-conserved"
"Pop07","Pop11",0.0745483163499368,-44830110446.4935,31,"Flux-conserved"
"Pop07","Pop14",0.0781595356968882,NA,31,"Flux-conserved"
"Pop07","Pop15",0.0718890124382934,NA,31,"Flux-conserved"
"Pop07","Pop16",0.071589316752788,NA,31,"Flux-conserved"
"Pop07","Pop17",0.0149115033493248,NA,31,"Flux-conserved"
"Pop07","Pop19",0.025149924743107,NA,31,"Flux-conserved"
"Pop07","Pop20",-0.0154210657286528,NA,31,"Flux-conserved"
"Pop07","Pop21",0.0206852227203733,-44830110446.4931,31,"Flux-conserved"
"Pop07","Pop22",0.00786931636704412,NA,31,"Flux-conserved"
"Pop07","Pop24",0.0105582254682072,NA,31,"Flux-conserved"
"Pop07","Pop25",-0.0236082068424516,-44830110446.4931,31,"Flux-conserved"
"Pop08","Pop11",0.0745483163499368,-44830110446.4935,31,"Flux-conserved"
"Pop08","Pop14",0.0781595356968882,NA,31,"Flux-conserved"
"Pop08","Pop15",0.0718890124382934,NA,31,"Flux-conserved"
"Pop08","Pop16",0.071589316752788,NA,31,"Flux-conserved"
"Pop08","Pop17",0.0149115033493248,NA,31,"Flux-conserved"
"Pop08","Pop19",0.025149924743107,NA,31,"Flux-conserved"
"Pop08","Pop20",-0.0154210657286528,NA,31,"Flux-conserved"
"Pop08","Pop21",0.0206852227203733,-44830110446.4931,31,"Flux-conserved"
"Pop08","Pop22",0.00786931636704412,NA,31,"Flux-conserved"
"Pop08","Pop24",0.0105582254682072,NA,31,"Flux-conserved"
"Pop08","Pop25",-0.0236082068424516,-44830110446.4931,31,"Flux-conserved"
"Pop09","Pop11",0.0745483163499368,-44830110446.4935,31,"Flux-conserved"
"Pop09","Pop14",0.0781595356968882,NA,31,"Flux-conserved"
"Pop09","Pop15",0.0718890124382934,NA,31,"Flux-conserved"
"Pop09","Pop16",0.071589316752788,NA,31,"Flux-conserved"
"Pop09","Pop17",0.0149115033493248,NA,31,"Flux-conserved"
"Pop09","Pop19",0.025149924743107,NA,31,"Flux-conserved"
"Pop09","Pop20",-0.0154210657286528,NA,31,"Flux-conserved"
"Pop09","Pop21",0.0206852227203733,-44830110446.4931,31,"Flux-conserved"
"Pop09","Pop22",0.00786931636704412,NA,31,"Flux-conserved"
"Pop09","Pop24",0.0105582254682072,NA,31,"Flux-conserved"
"Pop09","Pop25",-0.0236082068424516,-44830110446.4931,31,"Flux-conserved"
"Pop10","Pop13",-0.0362873497901588,-0.00895010415459679,31,"Flux-conserved"
"Pop10","Pop16",0.292823994428901,0.999685071715953,31,"Flux-conserved"
"Pop10","Pop24",-0.0150596633571605,0.000172718231689276,31,"Flux-conserved"
"Pop11","Pop12",-0.102578368534319,0.00182889987288737,31,"Flux-conserved"
"Pop11","Pop14",-0.00603605533872797,0.0106507309156129,31,"Flux-conserved"
"Pop11","Pop15",0.00809800782852399,0.0428787685782638,31,"Flux-conserved"
"Pop11","Pop16",-0.0374481598456749,0.00276646607570104,31,"Flux-conserved"
"Pop12","Pop13",0.000859831823912249,0.00654325937172258,31,"Flux-conserved"
"Pop12","Pop14",0.200183062415048,0.0227480554613908,31,"Flux-conserved"
"Pop12","Pop15",-0.0141052636269349,0.00124360995984899,31,"Flux-conserved"
"Pop14","Pop15",0.0167596659361943,3.80597121885764e-05,31,"Flux-conserved"
"Pop14","Pop16",-0.000714778498928911,0.00100359757525392,31,"Flux-conserved"
"Pop15","Pop16",-0.0159181801929377,0.000515481027083981,31,"Flux-conserved"
"Pop15","Pop17",-0.0876856517128579,0.000304876116693218,31,"Flux-conserved"
"Pop16","Pop17",-0.0565349659011299,-5.05421555519697e-05,31,"Flux-conserved"
"Pop16","Pop18",-0.139386146181929,0.000141768674188476,31,"Flux-conserved"
"Pop16","Pop19",-0.031492201243737,6.91314758007184e-05,31,"Flux-conserved"
"Pop16","Pop20",-0.0608632413289176,2.24692587362337e-05,31,"Flux-conserved"
"Pop16","Pop21",-0.0485912799883886,9.44796870954122e-05,31,"Flux-conserved"
"Pop16","Pop25",-0.0645398799105125,6.16137561129262e-06,31,"Flux-conserved"
"Pop17","Pop18",-0.1839991643813,0.000300404164103075,31,"Flux-conserved"
"Pop18","Pop19",0.187528031658836,4.55535681198618e-06,31,"Flux-conserved"
"Pop18","Pop20",0.14514906733698,2.77300672853878e-05,31,"Flux-conserved"
"Pop19","Pop20",-0.0125477692629486,-3.93939318182694e-06,31,"Flux-conserved"
"Pop19","Pop21",-0.0229713733136271,-0.00039887251761211,31,"Flux-conserved"
"Pop19","Pop22",-0.0170525048402479,-7.98973347070003e-05,31,"Flux-conserved"
"Pop19","Pop23",-0.118402814474518,-8.67425648267148e-05,31,"Flux-conserved"
"Pop19","Pop25",-0.0229807214359124,-6.59297746402642e-05,31,"Flux-conserved"
"Pop20","Pop22",0.00563556198368291,-0.000143512930806413,31,"Flux-conserved"
"Pop20","Pop24",0.012513175405327,-0.000109663759508182,31,"Flux-conserved"
"Pop20","Pop25",-0.0019266265435732,2.98718791716268e-05,31,"Flux-conserved"
"Pop21","Pop23",-0.23907225203674,-0.00021795522337378,31,"Flux-conserved"
"Pop21","Pop24",0.00188881998987067,0.000594997418054205,31,"Flux-conserved"
"Pop22","Pop23",-0.257301165020831,0.000564831667268228,31,"Flux-conserved"
"Pop22","Pop24",0.00131953672301081,0.000531326876390017,31,"Flux-conserved"
"Pop22","Pop25",-0.00665414859430556,5.60551053454074e-05,31,"Flux-conserved"
"Pop23","Pop25",-0.0493410046836494,2.45755759807872e-05,31,"Flux-conserved"
"Pop24","Pop25",-0.0085881228629433,2.69964489081222e-05,31,"Flux-conserved"
"Pop01","Pop02",-0.0812247057708313,0.000450998961930862,31,"Rate-conserved"
"Pop01","Pop03",-0.323621926517049,-0.000295700067327417,31,"Rate-conserved"
"Pop02","Pop08",-0.0665592806094988,0.999861448854879,31,"Rate-conserved"
"Pop03","Pop04",-0.00846545485677949,-0.000384780913146198,31,"Rate-conserved"
"Pop03","Pop08",0.0352447851072124,0.00450739914414529,31,"Rate-conserved"
"Pop04","Pop05",0.0227643134306036,0.00039048540342831,31,"Rate-conserved"
"Pop04","Pop06",0.0633681103904863,0.00217055978451844,31,"Rate-conserved"
"Pop04","Pop07",-0.0401793312329682,0.00078213878223288,31,"Rate-conserved"
"Pop05","Pop06",0.00829086523502848,0.00192684267261124,31,"Rate-conserved"
"Pop05","Pop07",0.0109014489247715,0.000590799069172853,31,"Rate-conserved"
"Pop05","Pop08",-0.0573445720483911,0.00075524567831286,31,"Rate-conserved"
"Pop06","Pop07",0.0720682482394759,0.000489794822261305,31,"Rate-conserved"
"Pop06","Pop08",-0.0754538822362477,0.000330182825582314,31,"Rate-conserved"
"Pop07","Pop08",0.0308137069997134,8.23041095113649e-05,31,"Rate-conserved"
"Pop07","Pop11",-0.0763493563544868,5.92786820944118e-05,31,"Rate-conserved"
"Pop07","Pop14",-0.0814392805438235,9.47714340402908e-06,31,"Rate-conserved"
"Pop08","Pop09",-0.0561393728482139,2.09757737514388e-05,31,"Rate-conserved"
"Pop09","Pop10",-0.0913415047963496,4.36387256921861e-05,31,"Rate-conserved"
"Pop09","Pop11",-0.0573689453059628,2.18613379011069e-06,31,"Rate-conserved"
"Pop09","Pop12",-0.00694564131552761,2.92633321737178e-06,31,"Rate-conserved"
"Pop09","Pop13",-0.0212210252326044,1.75658494882938e-05,31,"Rate-conserved"
"Pop09","Pop14",-0.0429482142963626,2.31719710494093e-05,31,"Rate-conserved"
"Pop09","Pop15",-0.0628296205666871,2.59515385860206e-05,31,"Rate-conserved"
"Pop09","Pop16",-0.0294991164062104,3.06956931634251e-05,31,"Rate-conserved"
"Pop10","Pop11",-0.00537743951430836,-2.03128152363769e-05,31,"Rate-conserved"
"Pop10","Pop12",0.0213267794859257,3.57467550493044e-06,31,"Rate-conserved"
"Pop10","Pop13",-0.00405768797023148,0.000122065723927243,31,"Rate-conserved"
"Pop11","Pop12",0.0528506356417759,5.23311421348724e-05,31,"Rate-conserved"
"Pop11","Pop16",-0.038817772125198,4.25413045876118e-06,31,"Rate-conserved"
"Pop12","Pop13",-0.00273490795169254,5.88677671693837e-05,31,"Rate-conserved"
"Pop12","Pop14",-0.0493915446781075,1.09524332829413e-05,31,"Rate-conserved"
"Pop12","Pop15",-0.0748817545377645,1.41259064502011e-05,31,"Rate-conserved"
"Pop13","Pop14",-0.0135231198796141,5.84565477531077e-06,31,"Rate-conserved"
"Pop13","Pop15",-0.0559445413808255,5.89545145563256e-05,31,"Rate-conserved"
"Pop13","Pop16",-0.00806477219949546,7.69398210845552e-06,31,"Rate-conserved"
"Pop14","Pop15",-0.0166817853646672,1.45800741622138e-05,31,"Rate-conserved"
"Pop14","Pop16",0.0519211051973426,2.65012970934977e-05,31,"Rate-conserved"
"Pop14","Pop17",-0.0928449324644366,1.59636532515114e-05,31,"Rate-conserved"
"Pop15","Pop16",0.0403694376516315,5.89331324201989e-06,31,"Rate-conserved"
"Pop15","Pop18",-0.040550003271123,4.74761927275303e-06,31,"Rate-conserved"
"Pop15","Pop19",-0.0773211385246051,2.51221171014618e-05,31,"Rate-conserved"
"Pop16","Pop17",-0.106711380186816,7.44748996794756e-06,31,"Rate-conserved"
"Pop16","Pop18",-0.0774413357151174,2.76152046309898e-05,31,"Rate-conserved"
"Pop16","Pop19",-0.0718610616438741,1.77542004034596e-05,31,"Rate-conserved"
"Pop16","Pop21",-0.0523638957560845,1.290723524281e-06,31,"Rate-conserved"
"Pop16","Pop23",-0.0280490778937424,1.46047166123991e-06,31,"Rate-conserved"
"Pop16","Pop25",-0.0596151512779409,7.34251547959544e-07,31,"Rate-conserved"
"Pop17","Pop18",0.037411700394532,4.96349763492877e-05,31,"Rate-conserved"
"Pop17","Pop20",-0.0315727637979419,1.54684535155037e-06,31,"Rate-conserved"
"Pop17","Pop23",0.00900183195255409,1.5303330364646e-06,31,"Rate-conserved"
"Pop17","Pop25",-0.0470123459797036,1.73610054014035e-07,31,"Rate-conserved"
"Pop18","Pop19",-0.0494303177416699,4.69546371657231e-06,31,"Rate-conserved"
"Pop18","Pop22",-0.0171914769200918,-3.48797498125989e-07,31,"Rate-conserved"
"Pop18","Pop24",-0.0166689509089928,2.23825147535192e-06,31,"Rate-conserved"
"Pop18","Pop25",-0.0529822351167643,2.7160432934929e-07,31,"Rate-conserved"
"Pop19","Pop20",-0.00675717624363137,-2.10906018789986e-05,31,"Rate-conserved"
"Pop19","Pop23",0.0055156402810444,1.70561925512743e-06,31,"Rate-conserved"
"Pop20","Pop21",0.0412901246904255,-1.39168348513325e-05,31,"Rate-conserved"
"Pop20","Pop24",0.0135838359727132,3.05048769475089e-06,31,"Rate-conserved"
"Pop20","Pop25",-0.0317635188572138,-3.04785949876995e-07,31,"Rate-conserved"
"Pop21","Pop22",-0.0328585610237583,1.36357042274404e-05,31,"Rate-conserved"
"Pop21","Pop23",0.0282880910032467,3.95570153376952e-05,31,"Rate-conserved"
"Pop21","Pop24",0.00541626364494813,1.69999933392094e-05,31,"Rate-conserved"
"Pop21","Pop25",-0.0258057730709653,5.94170926966792e-06,31,"Rate-conserved"
"Pop22","Pop23",0.0618456827582888,6.36005144310909e-06,31,"Rate-conserved"
"Pop22","Pop24",0.02058900533857,8.64472680836691e-06,31,"Rate-conserved"
"Pop22","Pop25",-0.0100954809575668,2.26926193025697e-06,31,"Rate-conserved"
"Pop23","Pop24",-0.0348968635690909,5.27849125144562e-06,31,"Rate-conserved"
"Pop23","Pop25",-0.00987380461160722,-3.76352125077259e-06,31,"Rate-conserved"
"Pop24","Pop25",0.0260746286559461,-3.22820483944686e-06,31,"Rate-conserved"
"Pop01","Pop02",0.0283702031050576,0.0449472251988854,32,"Isotropic"
"Pop01","Pop03",0.0583193192049297,-0.0526012302760908,32,"Isotropic"
"Pop01","Pop04",0.0820144112882095,-0.047237004841488,32,"Isotropic"
"Pop01","Pop05",0.11841604838868,0.0219130289095126,32,"Isotropic"
"Pop01","Pop24",0.00689026936427272,0.00139451294780237,32,"Isotropic"
"Pop02","Pop03",0.000124038610307908,-0.264665588149551,32,"Isotropic"
"Pop02","Pop05",0.0634351564878433,0.0336514109070387,32,"Isotropic"
"Pop02","Pop06",0.0344607622072285,0.0622493439251159,32,"Isotropic"
"Pop02","Pop07",0.0228683592200903,0.0220994475093938,32,"Isotropic"
"Pop02","Pop08",0.0172217134624603,0.0178124559041005,32,"Isotropic"
"Pop03","Pop04",0.0419432059098718,0.625118921879896,32,"Isotropic"
"Pop03","Pop05",0.0401944013386642,0.0671175749732155,32,"Isotropic"
"Pop03","Pop08",-0.0237685188395649,0.0532596584005824,32,"Isotropic"
"Pop04","Pop05",0.0437611102489578,0.0380759331094885,32,"Isotropic"
"Pop04","Pop06",0.00611714439511998,0.0926116904272697,32,"Isotropic"
"Pop04","Pop07",0.00900210780052489,0.182296736234064,32,"Isotropic"
"Pop04","Pop09",0.00544113627104398,0.119585791659259,32,"Isotropic"
"Pop05","Pop06",-0.0579792405204735,0.0502395457161596,32,"Isotropic"
"Pop05","Pop07",-0.00383588863558854,0.0372390891122697,32,"Isotropic"
"Pop05","Pop08",-0.0437327862271356,0.118008767396587,32,"Isotropic"
"Pop05","Pop09",-0.0230578682441097,0.0336984979560011,32,"Isotropic"
"Pop05","Pop10",-0.0240158485547121,0.0266172456839224,32,"Isotropic"
"Pop05","Pop11",-0.0322144433619979,0.0216431707956122,32,"Isotropic"
"Pop06","Pop07",0.0493720288794423,0.0147773214105832,32,"Isotropic"
"Pop06","Pop09",-0.00542200940592052,0.0344819564170683,32,"Isotropic"
"Pop06","Pop10",-0.0135997261130292,0.0342396960887788,32,"Isotropic"
"Pop06","Pop11",-0.0273280376757141,0.0210386325924481,32,"Isotropic"
"Pop07","Pop08",-0.049251457894362,-0.0128909886752184,32,"Isotropic"
"Pop07","Pop09",-0.0477526752670713,0.043145592399864,32,"Isotropic"
"Pop07","Pop10",-0.0504697795385719,0.035354144300535,32,"Isotropic"
"Pop07","Pop11",-0.0659320767233577,0.00232475385275872,32,"Isotropic"
"Pop07","Pop12",-0.0679582154505664,0.00715609538378002,32,"Isotropic"
"Pop07","Pop13",-0.0599212892442574,0.0014622195557334,32,"Isotropic"
"Pop08","Pop09",-0.0261182301436989,-0.0512008717814459,32,"Isotropic"
"Pop08","Pop11",-0.0168039026976033,0.0907864439572915,32,"Isotropic"
"Pop08","Pop12",-0.0470353275795062,0.00753387480360851,32,"Isotropic"
"Pop09","Pop10",-0.0175083818261754,0.0014550852320761,32,"Isotropic"
"Pop10","Pop11",-0.0370491127095479,-0.0489603532572281,32,"Isotropic"
"Pop10","Pop12",-0.0466619045954895,-0.0205741008698758,32,"Isotropic"
"Pop10","Pop13",-0.0660037220433442,-0.0109135050057554,32,"Isotropic"
"Pop11","Pop12",-0.0177577399972722,-0.116250361816405,32,"Isotropic"
"Pop12","Pop13",0.000758871684254148,-0.0454944975576347,32,"Isotropic"
"Pop12","Pop15",0.0263518886493698,0.00912757097234678,32,"Isotropic"
"Pop13","Pop14",-0.0815834047473781,0.00499666018870823,32,"Isotropic"
"Pop13","Pop17",0.106362372435594,-0.00296269286306644,32,"Isotropic"
"Pop13","Pop20",0.108567790215002,0.00178733291441653,32,"Isotropic"
"Pop13","Pop23",0.0751003295723551,-0.0136500476042462,32,"Isotropic"
"Pop14","Pop15",0.153949988716609,0.0514353612684137,32,"Isotropic"
"Pop14","Pop16",0.145157005848185,-0.0514266067932881,32,"Isotropic"
"Pop14","Pop24",0.0366469640162819,-0.0439144231149148,32,"Isotropic"
"Pop15","Pop16",-0.00941204136723345,-0.0678624273771829,32,"Isotropic"
"Pop15","Pop18",0.0023280173588765,0.00459263328696512,32,"Isotropic"
"Pop15","Pop19",0.0485127946019144,-0.00709212196519393,32,"Isotropic"
"Pop15","Pop20",0.0559646041583474,-0.016635145055158,32,"Isotropic"
"Pop15","Pop23",0.0351143502956616,-0.0243281399925464,32,"Isotropic"
"Pop15","Pop24",0.0175997859127665,-0.0245714099661361,32,"Isotropic"
"Pop15","Pop25",0.0558874706230654,-0.0250241485411615,32,"Isotropic"
"Pop16","Pop17",0.0410487184247663,-0.0066827910543649,32,"Isotropic"
"Pop16","Pop18",-0.0173700121809156,0.0491897293948604,32,"Isotropic"
"Pop16","Pop19",0.0265312298377404,0.0289195681262834,32,"Isotropic"
"Pop16","Pop21",0.0566539240572068,0.0113575001480325,32,"Isotropic"
"Pop16","Pop23",-0.00189003122465188,-0.0461212694489341,32,"Isotropic"
"Pop17","Pop18",-0.072535116626826,0.130440752758595,32,"Isotropic"
"Pop17","Pop19",-0.00993038146590611,0.0146040696146787,32,"Isotropic"
"Pop17","Pop20",0.00629054095319498,-0.0430881952828177,32,"Isotropic"
"Pop17","Pop21",0.0266533471091227,-0.0118625162215474,32,"Isotropic"
"Pop17","Pop22",0.035304956699865,-0.000487229327608973,32,"Isotropic"
"Pop17","Pop23",-0.0139040618109745,-0.0679304533724804,32,"Isotropic"
"Pop17","Pop25",0.00198569475505779,-0.0038744354578252,32,"Isotropic"
"Pop18","Pop19",0.0529571239254561,-0.0172232013925786,32,"Isotropic"
"Pop18","Pop22",0.0691553966503539,-0.038796646401935,32,"Isotropic"
"Pop18","Pop24",-0.0110028990904308,-0.0381664336166773,32,"Isotropic"
"Pop19","Pop20",0.0193732792782265,-0.0290600145576355,32,"Isotropic"
"Pop19","Pop22",0.0281234507365093,-0.0511458303483441,32,"Isotropic"
"Pop19","Pop24",-0.015224134178377,-0.0580731378871433,32,"Isotropic"
"Pop19","Pop25",0.00087801679095692,-0.0654029067675464,32,"Isotropic"
"Pop20","Pop21",-0.0276626920344059,-0.0445231100410042,32,"Isotropic"
"Pop20","Pop22",0.00754337549974005,-0.033934487527519,32,"Isotropic"
"Pop20","Pop23",-0.0120061171067453,-0.165241903538645,32,"Isotropic"
"Pop20","Pop24",-0.0151294442643893,-0.0463339519489205,32,"Isotropic"
"Pop20","Pop25",-0.0116188796352613,-0.061241009806045,32,"Isotropic"
"Pop21","Pop22",0.0223930009768688,-0.0842936540386651,32,"Isotropic"
"Pop21","Pop23",0.0151891350106104,-0.166020223594775,32,"Isotropic"
"Pop21","Pop24",0.0152024637639403,-0.13348102194538,32,"Isotropic"
"Pop21","Pop25",-0.00435294830516358,-0.165126237300402,32,"Isotropic"
"Pop22","Pop23",-0.00292782619238091,-0.162722871471386,32,"Isotropic"
"Pop22","Pop24",0.000888289108347873,-0.109387487335176,32,"Isotropic"
"Pop22","Pop25",-0.019986596133464,-0.0646683702771055,32,"Isotropic"
"Pop23","Pop24",0.0191815654852026,-0.0686459715940308,32,"Isotropic"
"Pop23","Pop25",-0.00867274607281052,0.107776697569508,32,"Isotropic"
"Pop24","Pop25",-0.0338220344122685,0.245473894313629,32,"Isotropic"
"Pop01","Pop07",0.0600738004971643,NA,32,"Flux-conserved"
"Pop01","Pop16",0.122963378350701,-52650109373.2019,32,"Flux-conserved"
"Pop01","Pop17",0.0775045354396296,NA,32,"Flux-conserved"
"Pop01","Pop18",0.0713996594078571,NA,32,"Flux-conserved"
"Pop01","Pop19",0.0725082473533165,NA,32,"Flux-conserved"
"Pop01","Pop23",0.0648706553717558,NA,32,"Flux-conserved"
"Pop01","Pop24",-0.0477108018634289,NA,32,"Flux-conserved"
"Pop01","Pop25",-0.066174933709683,NA,32,"Flux-conserved"
"Pop02","Pop07",0.0600738004971643,NA,32,"Flux-conserved"
"Pop02","Pop16",0.122963378350701,-52650109373.2019,32,"Flux-conserved"
"Pop02","Pop17",0.0775045354396296,NA,32,"Flux-conserved"
"Pop02","Pop18",0.0713996594078571,NA,32,"Flux-conserved"
"Pop02","Pop19",0.0725082473533165,NA,32,"Flux-conserved"
"Pop02","Pop23",0.0648706553717558,NA,32,"Flux-conserved"
"Pop02","Pop24",-0.0477108018634289,NA,32,"Flux-conserved"
"Pop02","Pop25",-0.066174933709683,NA,32,"Flux-conserved"
"Pop03","Pop07",0.0600738004971643,NA,32,"Flux-conserved"
"Pop03","Pop16",0.122963378350701,-52650109373.2019,32,"Flux-conserved"
"Pop03","Pop17",0.0775045354396296,NA,32,"Flux-conserved"
"Pop03","Pop18",0.0713996594078571,NA,32,"Flux-conserved"
"Pop03","Pop19",0.0725082473533165,NA,32,"Flux-conserved"
"Pop03","Pop23",0.0648706553717558,NA,32,"Flux-conserved"
"Pop03","Pop24",-0.0477108018634289,NA,32,"Flux-conserved"
"Pop03","Pop25",-0.066174933709683,NA,32,"Flux-conserved"
"Pop04","Pop07",0.0600738004971643,NA,32,"Flux-conserved"
"Pop04","Pop16",0.122963378350701,-52650109373.2019,32,"Flux-conserved"
"Pop04","Pop17",0.0775045354396296,NA,32,"Flux-conserved"
"Pop04","Pop18",0.0713996594078571,NA,32,"Flux-conserved"
"Pop04","Pop19",0.0725082473533165,NA,32,"Flux-conserved"
"Pop04","Pop23",0.0648706553717558,NA,32,"Flux-conserved"
"Pop04","Pop24",-0.0477108018634289,NA,32,"Flux-conserved"
"Pop04","Pop25",-0.066174933709683,NA,32,"Flux-conserved"
"Pop05","Pop07",0.0600738004971643,NA,32,"Flux-conserved"
"Pop05","Pop16",0.122963378350701,-52650109373.2019,32,"Flux-conserved"
"Pop05","Pop17",0.0775045354396296,NA,32,"Flux-conserved"
"Pop05","Pop18",0.0713996594078571,NA,32,"Flux-conserved"
"Pop05","Pop19",0.0725082473533165,NA,32,"Flux-conserved"
"Pop05","Pop23",0.0648706553717558,NA,32,"Flux-conserved"
"Pop05","Pop24",-0.0477108018634289,NA,32,"Flux-conserved"
"Pop05","Pop25",-0.066174933709683,NA,32,"Flux-conserved"
"Pop06","Pop07",0.0600738004971643,NA,32,"Flux-conserved"
"Pop06","Pop16",0.122963378350701,-52650109373.2019,32,"Flux-conserved"
"Pop06","Pop17",0.0775045354396296,NA,32,"Flux-conserved"
"Pop06","Pop18",0.0713996594078571,NA,32,"Flux-conserved"
"Pop06","Pop19",0.0725082473533165,NA,32,"Flux-conserved"
"Pop06","Pop23",0.0648706553717558,NA,32,"Flux-conserved"
"Pop06","Pop24",-0.0477108018634289,NA,32,"Flux-conserved"
"Pop06","Pop25",-0.066174933709683,NA,32,"Flux-conserved"
"Pop07","Pop08",-0.298025645150563,0.00137271837373989,32,"Flux-conserved"
"Pop08","Pop15",0.359639490496052,0.000691372079110013,32,"Flux-conserved"
"Pop09","Pop12",0.0402113351335035,0.000198199728167611,32,"Flux-conserved"
"Pop09","Pop14",0.0386228856162628,-0.000581856554172073,32,"Flux-conserved"
"Pop09","Pop16",-0.0155331742839638,0.00152590673695248,32,"Flux-conserved"
"Pop10","Pop11",-0.0710820328978649,-0.00018859456497396,32,"Flux-conserved"
"Pop10","Pop12",0.0366155207036276,2.80760994216395e-05,32,"Flux-conserved"
"Pop10","Pop16",0.105943714869992,0.0341518854549171,32,"Flux-conserved"
"Pop11","Pop16",0.185549272802819,0.00335325478401553,32,"Flux-conserved"
"Pop11","Pop19",0.0406810983153546,5.6115396654942e-05,32,"Flux-conserved"
"Pop11","Pop20",-0.0347639357285411,-0.000457358769194889,32,"Flux-conserved"
"Pop11","Pop22",-0.111779358186234,0.00168661961451918,32,"Flux-conserved"
"Pop12","Pop16",-0.0101059977159605,0.00762856773772675,32,"Flux-conserved"
"Pop13","Pop14",-0.231702965649283,0.00115696261804507,32,"Flux-conserved"
"Pop13","Pop15",-0.153553382841715,-0.00285340227580273,32,"Flux-conserved"
"Pop16","Pop17",-0.0342053686666173,0.000226922342748766,32,"Flux-conserved"
"Pop16","Pop18",-0.0380014434054948,0.000561656918973908,32,"Flux-conserved"
"Pop16","Pop19",-0.0499239336984134,-4.13534420222754e-05,32,"Flux-conserved"
"Pop16","Pop21",-0.0907881029674932,4.58943418847746e-06,32,"Flux-conserved"
"Pop17","Pop18",0.0134946815512706,0.000216693628494122,32,"Flux-conserved"
"Pop17","Pop21",-0.0309400899649917,-3.82910017641817e-05,32,"Flux-conserved"
"Pop17","Pop22",-0.0633139498495322,2.52563448681236e-06,32,"Flux-conserved"
"Pop17","Pop23",-0.00999095020602946,0.000804037090796604,32,"Flux-conserved"
"Pop17","Pop25",-0.100690860222673,5.07136187924297e-05,32,"Flux-conserved"
"Pop18","Pop19",-0.0202809100436436,-0.000233948063260156,32,"Flux-conserved"
"Pop18","Pop20",-0.0534769451087887,-0.00038522310669843,32,"Flux-conserved"
"Pop18","Pop21",-0.0494816643054612,-0.000513108663608889,32,"Flux-conserved"
"Pop18","Pop22",-0.0719391778530579,-0.000116807516703663,32,"Flux-conserved"
"Pop18","Pop23",-0.023346132702934,0.00082615196369644,32,"Flux-conserved"
"Pop18","Pop24",-0.0793870300207583,3.88531784873781e-05,32,"Flux-conserved"
"Pop18","Pop25",-0.0943531164286726,1.71576829201373e-05,32,"Flux-conserved"
"Pop19","Pop20",-0.0639076109833904,-0.000879718211872925,32,"Flux-conserved"
"Pop19","Pop21",-0.040104027957819,0.000144174431543897,32,"Flux-conserved"
"Pop20","Pop21",0.0181692389329524,0.00167157067687328,32,"Flux-conserved"
"Pop20","Pop22",-0.0142037597692417,0.000452833570655187,32,"Flux-conserved"
"Pop20","Pop23",0.0306074316838098,0.000260124542634397,32,"Flux-conserved"
"Pop20","Pop24",-0.0758647630304726,7.76996532077115e-05,32,"Flux-conserved"
"Pop21","Pop22",-0.0274567705868661,0.000303502115380867,32,"Flux-conserved"
"Pop21","Pop23",0.0287444732282304,0.000395431935945045,32,"Flux-conserved"
"Pop21","Pop24",-0.0786541266798665,0.000113505778903197,32,"Flux-conserved"
"Pop22","Pop23",0.0638624263386101,0.000297045221059063,32,"Flux-conserved"
"Pop22","Pop25",-0.0846165443942523,5.48838760142964e-05,32,"Flux-conserved"
"Pop23","Pop24",-0.0757216135577392,2.82311788916693e-05,32,"Flux-conserved"
"Pop24","Pop25",-0.0169522010451428,-3.65368716762419e-05,32,"Flux-conserved"
"Pop01","Pop02",0.15091534905027,0.00517432936188329,32,"Rate-conserved"
"Pop01","Pop15",0.133116244069172,0.00217853482954453,32,"Rate-conserved"
"Pop01","Pop17",-0.00456676464122596,0.00160368020098142,32,"Rate-conserved"
"Pop02","Pop03",0.106029648242825,8.95877740537401e-05,32,"Rate-conserved"
"Pop02","Pop15",0.0364939081595645,0.00170064344726643,32,"Rate-conserved"
"Pop02","Pop17",-0.0809292376180305,0.000849257928695012,32,"Rate-conserved"
"Pop03","Pop05",0.59162508880397,-0.000279832634424518,32,"Rate-conserved"
"Pop04","Pop05",-0.522450051303958,0.00210535250678717,32,"Rate-conserved"
"Pop04","Pop09",-0.122739480989029,-0.00685079087096696,32,"Rate-conserved"
"Pop06","Pop08",-0.0304286644949055,-0.000880135193126655,32,"Rate-conserved"
"Pop06","Pop09",0.194606343158303,0.000600315433980036,32,"Rate-conserved"
"Pop06","Pop10",-0.110369482080415,0.755234371224127,32,"Rate-conserved"
"Pop06","Pop12",-0.126201761956936,0.00571505546623503,32,"Rate-conserved"
"Pop07","Pop08",-0.0903570673343993,0.00515793339870123,32,"Rate-conserved"
"Pop07","Pop11",-0.0325938321288619,0.000538352451962719,32,"Rate-conserved"
"Pop07","Pop12",0.133227091286302,0.00263791444453266,32,"Rate-conserved"
"Pop07","Pop13",-0.0341866565070899,0.999979354762897,32,"Rate-conserved"
"Pop08","Pop10",-0.0798977804833534,0.00153094012004855,32,"Rate-conserved"
"Pop10","Pop12",0.0700479180896879,0.000202053393981627,32,"Rate-conserved"
"Pop11","Pop12",0.026937069795608,-5.48109224123549e-05,32,"Rate-conserved"
"Pop11","Pop13",-0.0115589637519302,-0.000369519240274274,32,"Rate-conserved"
"Pop11","Pop14",-0.0044263155436905,8.40401832063486e-05,32,"Rate-conserved"
"Pop11","Pop15",-0.0218288480093601,8.68117094465414e-05,32,"Rate-conserved"
"Pop11","Pop16",-0.0216083404286857,0.00122125023538743,32,"Rate-conserved"
"Pop11","Pop20",-0.0673122214275104,2.83800654680011e-05,32,"Rate-conserved"
"Pop12","Pop13",-0.0439484081449419,2.2972715138595e-05,32,"Rate-conserved"
"Pop12","Pop14",-0.106927791740101,2.51844993282408e-05,32,"Rate-conserved"
"Pop13","Pop14",-0.000821290235617861,5.31921102458703e-05,32,"Rate-conserved"
"Pop13","Pop15",0.00946095033628314,7.57650629166423e-05,32,"Rate-conserved"
"Pop13","Pop16",-0.0180126651658576,0.000236725920949078,32,"Rate-conserved"
"Pop13","Pop19",-0.0977800454473292,0.000107268107758241,32,"Rate-conserved"
"Pop14","Pop15",-0.0409812842949629,-3.50874530055396e-07,32,"Rate-conserved"
"Pop14","Pop16",-0.0062081806759913,3.68935071813241e-05,32,"Rate-conserved"
"Pop14","Pop17",-0.0713823673708916,5.2528604215518e-06,32,"Rate-conserved"
"Pop14","Pop18",-0.0795415461296141,5.70540386627619e-05,32,"Rate-conserved"
"Pop14","Pop22",-0.0451460304944305,3.72955638810493e-05,32,"Rate-conserved"
"Pop15","Pop16",0.0311536518869354,4.03143342292417e-05,32,"Rate-conserved"
"Pop16","Pop17",-0.0605583425281922,7.84676887260565e-06,32,"Rate-conserved"
"Pop16","Pop18",-0.0629983695061251,4.00303996675284e-05,32,"Rate-conserved"
"Pop16","Pop19",-0.0684819660366563,3.04215632286274e-05,32,"Rate-conserved"
"Pop16","Pop20",-0.0496764127911203,2.29713370523411e-05,32,"Rate-conserved"
"Pop17","Pop18",0.0105943413077802,5.8318435108587e-05,32,"Rate-conserved"
"Pop17","Pop22",-0.00563932773869141,4.35422801226214e-06,32,"Rate-conserved"
"Pop18","Pop19",-0.0204098986204136,1.09273025530664e-05,32,"Rate-conserved"
"Pop18","Pop20",0.015311532544414,8.0628066642367e-06,32,"Rate-conserved"
"Pop18","Pop21",-0.011989671314561,4.26608253776913e-06,32,"Rate-conserved"
"Pop18","Pop23",-0.0255514667676648,9.55649107026379e-06,32,"Rate-conserved"
"Pop19","Pop20",0.0524585568293738,-4.2151732686132e-06,32,"Rate-conserved"
"Pop19","Pop22",0.0497442347909818,8.04428233117315e-07,32,"Rate-conserved"
"Pop19","Pop24",-0.00903379495691675,-2.43610874663986e-06,32,"Rate-conserved"
"Pop20","Pop21",-0.0495353618033175,-9.7501351525131e-06,32,"Rate-conserved"
"Pop20","Pop22",0.00688128481256964,-3.24871211272817e-07,32,"Rate-conserved"
"Pop20","Pop23",-0.0437149658684291,4.84368130289741e-06,32,"Rate-conserved"
"Pop20","Pop25",-0.0576120250911733,-1.49535918996778e-06,32,"Rate-conserved"
"Pop21","Pop22",0.0619011796881705,1.77836927247505e-05,32,"Rate-conserved"
"Pop21","Pop23",-0.00877106681944367,5.70579610820326e-06,32,"Rate-conserved"
"Pop21","Pop24",-0.00228657115319106,-7.9340117371747e-07,32,"Rate-conserved"
"Pop21","Pop25",-0.0246854081537421,3.29831465881603e-06,32,"Rate-conserved"
"Pop22","Pop23",-0.0632434024499068,-1.63658983055765e-06,32,"Rate-conserved"
"Pop22","Pop24",-0.0803378410974524,-1.36256741715885e-05,32,"Rate-conserved"
"Pop22","Pop25",-0.0835611546403796,2.15459567820895e-07,32,"Rate-conserved"
"Pop23","Pop24",-0.00417166147611969,-2.17930774265491e-05,32,"Rate-conserved"
"Pop23","Pop25",-0.0164458575167116,1.27546852133061e-06,32,"Rate-conserved"
"Pop24","Pop25",-0.0183019756216622,2.76843684160382e-05,32,"Rate-conserved"
"Pop01","Pop02",-0.0981442392501624,0.199647899523622,33,"Isotropic"
"Pop01","Pop03",0.063680370286675,0.106804387073601,33,"Isotropic"
"Pop01","Pop07",0.0905624771809045,0.0229093030814443,33,"Isotropic"
"Pop01","Pop09",0.106143696471029,0.0194552441781761,33,"Isotropic"
"Pop01","Pop17",0.0713016714003205,0.0047890350765777,33,"Isotropic"
"Pop01","Pop25",0.0509180801956471,-0.00115403139577918,33,"Isotropic"
"Pop02","Pop03",0.12265904432671,-0.00568912074773881,33,"Isotropic"
"Pop02","Pop04",0.0305991868895974,-0.0166379045533357,33,"Isotropic"
"Pop02","Pop07",0.00497084455277334,0.0177762124548357,33,"Isotropic"
"Pop03","Pop04",0.000550487555786239,-0.0131607328428923,33,"Isotropic"
"Pop03","Pop05",-0.0170298933109641,0.00588123046228364,33,"Isotropic"
"Pop03","Pop06",-0.0206076770291669,0.0167373651549434,33,"Isotropic"
"Pop03","Pop10",0.0261539465337394,0.0109424831946493,33,"Isotropic"
"Pop03","Pop14",0.0262454242454673,-0.00129764276184558,33,"Isotropic"
"Pop04","Pop05",-0.0316175278982445,-0.107084823892671,33,"Isotropic"
"Pop04","Pop06",-0.0309880707861384,0.133081846636098,33,"Isotropic"
"Pop04","Pop07",0.0341060410975075,0.046069361594015,33,"Isotropic"
"Pop04","Pop11",0.0322891175657707,0.00532249764505463,33,"Isotropic"
"Pop04","Pop17",0.0068360548590693,-0.019773670812573,33,"Isotropic"
"Pop05","Pop06",-0.00281551529304347,0.484233310392968,33,"Isotropic"
"Pop05","Pop07",0.0595125865005624,0.0641147818991352,33,"Isotropic"
"Pop05","Pop10",0.0322186815218677,0.0236984440321095,33,"Isotropic"
"Pop05","Pop17",0.00642805077757765,-0.0476588800009258,33,"Isotropic"
"Pop06","Pop07",0.0694981067384972,0.0182216665666132,33,"Isotropic"
"Pop06","Pop12",0.0362382394948833,0.022717794786294,33,"Isotropic"
"Pop06","Pop16",0.0496433655638082,-0.0231989405158224,33,"Isotropic"
"Pop07","Pop08",0.0226181939521534,0.0170669736447074,33,"Isotropic"
"Pop07","Pop10",0.020423015915926,0.00537741945468685,33,"Isotropic"
"Pop07","Pop11",0.0424350003982794,-0.0111699011725633,33,"Isotropic"
"Pop07","Pop21",0.0367290374828059,-0.0315037545467541,33,"Isotropic"
"Pop07","Pop24",0.0293061273730011,-0.0160630493084669,33,"Isotropic"
"Pop08","Pop09",0.000145952385153247,-0.104014319154681,33,"Isotropic"
"Pop08","Pop10",-0.00306950643193382,0.00303563850515831,33,"Isotropic"
"Pop08","Pop11",0.0338530481464759,-0.0947451227165143,33,"Isotropic"
"Pop08","Pop12",-0.0107871475034198,-0.0620078186819201,33,"Isotropic"
"Pop08","Pop13",0.0271058932478568,-0.0296720792248601,33,"Isotropic"
"Pop08","Pop14",0.0245414620633462,-0.0404624622382151,33,"Isotropic"
"Pop08","Pop15",0.013133929312404,-0.0681756361995077,33,"Isotropic"
"Pop08","Pop16",0.0249112973612968,-0.10057315540106,33,"Isotropic"
"Pop08","Pop19",0.033741533231127,-0.0742835116818043,33,"Isotropic"
"Pop09","Pop10",-0.00275677392540213,0.0567746346433001,33,"Isotropic"
"Pop09","Pop11",0.0391955552867404,-0.0590102821994214,33,"Isotropic"
"Pop09","Pop12",-0.00902443991816526,0.00432783999639723,33,"Isotropic"
"Pop09","Pop13",0.0356342150855555,-0.0405668839523817,33,"Isotropic"
"Pop09","Pop15",0.0144153615928645,0.0237542886864918,33,"Isotropic"
"Pop09","Pop16",0.0293192091833288,-0.0339448175896589,33,"Isotropic"
"Pop09","Pop19",0.0396147706778353,-0.0293807310775512,33,"Isotropic"
"Pop09","Pop23",-0.0139203690963695,-0.010541866091707,33,"Isotropic"
"Pop10","Pop11",0.043858221467059,-0.0737261317816577,33,"Isotropic"
"Pop10","Pop13",0.0406491708082647,-0.019732119902145,33,"Isotropic"
"Pop10","Pop14",0.0373179385331733,-0.00662367925972036,33,"Isotropic"
"Pop10","Pop16",0.031284829218461,-0.0292181042900623,33,"Isotropic"
"Pop10","Pop18",0.0242943815959278,-0.0333664496796427,33,"Isotropic"
"Pop11","Pop12",-0.0583384628059758,0.0675545287934988,33,"Isotropic"
"Pop11","Pop13",0.000663244811142535,0.00737838305170432,33,"Isotropic"
"Pop11","Pop14",0.00308731745951009,0.0186584912940126,33,"Isotropic"
"Pop11","Pop15",-0.0137178053658221,0.0265960196992112,33,"Isotropic"
"Pop11","Pop16",-0.000810897366170224,0.0138114925121119,33,"Isotropic"
"Pop11","Pop17",-0.0339949551488081,0.00762039181732015,33,"Isotropic"
"Pop11","Pop19",0.00585266344530097,-0.0182102067129657,33,"Isotropic"
"Pop11","Pop20",-0.0156023829464529,-0.0088572546940938,33,"Isotropic"
"Pop11","Pop23",-0.0322109063662135,-0.00203158507559328,33,"Isotropic"
"Pop11","Pop25",-0.0393306008620797,-0.00814709174180534,33,"Isotropic"
"Pop12","Pop13",0.0523382426951547,0.00462896094789428,33,"Isotropic"
"Pop12","Pop14",0.040185801165179,0.0145017179749131,33,"Isotropic"
"Pop12","Pop17",0.0004493638461988,-0.0227700949823189,33,"Isotropic"
"Pop12","Pop18",0.019652366367409,-0.12919343766107,33,"Isotropic"
"Pop12","Pop19",0.048884879689659,-0.0339455904948584,33,"Isotropic"
"Pop13","Pop14",0.000410401544759839,0.0209227559898919,33,"Isotropic"
"Pop13","Pop16",-0.00594558502248528,-0.00754520414926597,33,"Isotropic"
"Pop13","Pop18",-0.0373262017712926,-0.00735220172679112,33,"Isotropic"
"Pop13","Pop19",4.72169693059993e-05,-0.0873630875626966,33,"Isotropic"
"Pop13","Pop20",-0.0250998574022558,-0.0292077308567483,33,"Isotropic"
"Pop13","Pop22",-0.00946232345949266,-0.0304445034766966,33,"Isotropic"
"Pop13","Pop23",-0.0456673672630143,-0.0158109218785002,33,"Isotropic"
"Pop13","Pop24",-0.0519412983793565,-0.0107579302496116,33,"Isotropic"
"Pop13","Pop25",-0.0558917784863342,-0.0308086577641798,33,"Isotropic"
"Pop14","Pop15",-0.0400540384234056,0.0660283767061022,33,"Isotropic"
"Pop14","Pop16",-0.00851060160202836,-0.0728051800644178,33,"Isotropic"
"Pop14","Pop17",-0.038175084866458,-0.101659584037082,33,"Isotropic"
"Pop14","Pop18",-0.0384282168114102,-0.0136859278573621,33,"Isotropic"
"Pop14","Pop19",-0.00243793012320881,-0.0439102581404271,33,"Isotropic"
"Pop14","Pop20",-0.0184070501865806,-0.0698758645125403,33,"Isotropic"
"Pop14","Pop21",-0.0291483282130112,-0.0424060462610085,33,"Isotropic"
"Pop14","Pop22",-0.00633085578156498,-0.0524816237119109,33,"Isotropic"
"Pop15","Pop16",0.0335182017419663,-0.261675254568793,33,"Isotropic"
"Pop15","Pop17",-0.00209898659549568,-0.0338349768782782,33,"Isotropic"
"Pop15","Pop19",0.0325536260761222,-0.0864727805631349,33,"Isotropic"
"Pop15","Pop20",0.00682170394607227,-0.0278021053022981,33,"Isotropic"
"Pop15","Pop23",-0.0341521016151762,-0.0507108852138883,33,"Isotropic"
"Pop15","Pop25",-0.0420024756913427,-0.0520659854360278,33,"Isotropic"
"Pop16","Pop17",-0.026644960249118,-0.00209950305251327,33,"Isotropic"
"Pop16","Pop18",-0.0308407874128091,-0.0600080569902105,33,"Isotropic"
"Pop16","Pop19",0.00827959677309675,-0.0358386598790992,33,"Isotropic"
"Pop16","Pop20",-0.0024180870703391,0.0125128896888272,33,"Isotropic"
"Pop16","Pop23",-0.0371038755636177,-0.0376587595767727,33,"Isotropic"
"Pop17","Pop18",-0.0117418019618981,-0.00405806378333917,33,"Isotropic"
"Pop17","Pop21",0.0129845840201474,-0.0199969596806047,33,"Isotropic"
"Pop17","Pop25",-0.00938093926017301,-0.000827325476036186,33,"Isotropic"
"Pop18","Pop19",0.0454287576926989,-0.0187590966158784,33,"Isotropic"
"Pop18","Pop21",-0.00956875810366478,-0.00295097780186067,33,"Isotropic"
"Pop18","Pop22",0.0037277759612209,-0.00904839106811549,33,"Isotropic"
"Pop19","Pop20",-0.032793682997846,0.264709413831662,33,"Isotropic"
"Pop19","Pop21",-0.0441066451908756,0.00135131216699313,33,"Isotropic"
"Pop19","Pop22",-0.0262836476469259,-0.0907921436952367,33,"Isotropic"
"Pop19","Pop23",-0.0566656943777101,-0.0223522060627249,33,"Isotropic"
"Pop20","Pop21",-0.00236001856939436,-0.0834977423480866,33,"Isotropic"
"Pop20","Pop22",-0.00419622520485913,-0.0786624838427318,33,"Isotropic"
"Pop20","Pop24",-0.047998397548993,-0.0827950626211525,33,"Isotropic"
"Pop21","Pop22",0.00156054438045131,-0.10982114625186,33,"Isotropic"
"Pop21","Pop24",-0.0293550691369342,-0.000317578924631703,33,"Isotropic"
"Pop21","Pop25",-0.0201602463090826,-0.0214049382776063,33,"Isotropic"
"Pop22","Pop23",-0.0158984601481359,-0.0054545599752282,33,"Isotropic"
"Pop22","Pop24",-0.042019775082693,0.0480939030799158,33,"Isotropic"
"Pop22","Pop25",-0.0222692393296428,0.0474163261883133,33,"Isotropic"
"Pop23","Pop24",-0.0284672429281116,0.402575581659272,33,"Isotropic"
"Pop23","Pop25",0.00149026697497079,0.0506919438755793,33,"Isotropic"
"Pop24","Pop25",0.030126452977848,-0.137013707558288,33,"Isotropic"
"Pop01","Pop03",0.0166294972294243,0.000101359148221152,33,"Flux-conserved"
"Pop01","Pop14",0.0424301946528011,-0.000286366096799539,33,"Flux-conserved"
"Pop02","Pop04",-0.231058578630005,-0.000255872486269193,33,"Flux-conserved"
"Pop02","Pop10",-0.160756368765816,0.000143729537484329,33,"Flux-conserved"
"Pop03","Pop10",0.235939500702969,7.50218291339835e-06,33,"Flux-conserved"
"Pop04","Pop05",-0.0797037139639498,-0.000175458910871435,33,"Flux-conserved"
"Pop05","Pop06",4.44089209850063e-16,-0.000608870727813029,33,"Flux-conserved"
"Pop06","Pop09",-0.194723869936704,-0.00061229715061061,33,"Flux-conserved"
"Pop07","Pop08",0.136325112285114,0.499979747188906,33,"Flux-conserved"
"Pop08","Pop09",-0.320305882444236,0.00483110250747999,33,"Flux-conserved"
"Pop11","Pop12",0.0837041256773922,-0.00192910196575419,33,"Flux-conserved"
"Pop11","Pop13",-0.141867501734032,0.00191013222893757,33,"Flux-conserved"
"Pop12","Pop15",-0.112287156271487,-0.00316742773080628,33,"Flux-conserved"
"Pop12","Pop17",-0.173205015921106,0.0073101998306488,33,"Flux-conserved"
"Pop13","Pop14",-0.196690658562571,0.000480583612091516,33,"Flux-conserved"
"Pop15","Pop17",0.0181439076639043,NA,33,"Flux-conserved"
"Pop16","Pop17",0.318729824509639,-0.0024248108526422,33,"Flux-conserved"
"Pop16","Pop18",0.00273625865356608,5.93345069174832e-05,33,"Flux-conserved"
"Pop16","Pop20",0.075157037749936,4.7198381416052e-05,33,"Flux-conserved"
"Pop16","Pop22",0.0294085352042862,9.136060532379e-05,33,"Flux-conserved"
"Pop18","Pop19",0.0921994933349334,2.40316620610462e-06,33,"Flux-conserved"
"Pop18","Pop20",0.109529889884038,4.53617795404965e-06,33,"Flux-conserved"
"Pop18","Pop21",0.0178683607045585,6.22881493908817e-06,33,"Flux-conserved"
"Pop19","Pop20",0.12682610324395,0.000207766812813691,33,"Flux-conserved"
"Pop19","Pop21",0.0279580651257914,0.000112296996277032,33,"Flux-conserved"
"Pop19","Pop22",0.00608095532019073,5.18123164559894e-05,33,"Flux-conserved"
"Pop20","Pop21",-0.0222889036978243,-1.24402731878959e-05,33,"Flux-conserved"
"Pop20","Pop22",0.00912496746851568,6.47198897343913e-05,33,"Flux-conserved"
"Pop20","Pop23",-0.0826912475053579,2.38197726701885e-05,33,"Flux-conserved"
"Pop21","Pop22",0.0296104074192214,1.86243374815705e-05,33,"Flux-conserved"
"Pop21","Pop23",-0.0491189002597168,0.000137246939041874,33,"Flux-conserved"
"Pop21","Pop25",-0.0526121775876723,1.92718812378741e-05,33,"Flux-conserved"
"Pop22","Pop23",-0.071273245394535,1.10348030465691e-05,33,"Flux-conserved"
"Pop22","Pop24",-0.059815127197569,2.65936561241916e-05,33,"Flux-conserved"
"Pop22","Pop25",-0.100366706975836,6.02221956895514e-05,33,"Flux-conserved"
"Pop23","Pop24",-0.0883134674048914,-1.43303362155243e-05,33,"Flux-conserved"
"Pop23","Pop25",-0.0566838734843623,3.16867361857415e-05,33,"Flux-conserved"
"Pop24","Pop25",0.109126033146479,5.34735078106139e-05,33,"Flux-conserved"
"Pop01","Pop02",-0.0700152364135789,-0.000245085305414132,33,"Rate-conserved"
"Pop01","Pop04",0.0460454093971819,0.00739358025499835,33,"Rate-conserved"
"Pop01","Pop05",-0.031664688551092,-0.000733140924804482,33,"Rate-conserved"
"Pop02","Pop03",-0.246761135377181,-0.0021416882447623,33,"Rate-conserved"
"Pop03","Pop17",0.0720593439705987,0.00138739783753809,33,"Rate-conserved"
"Pop04","Pop05",-0.0709202087405518,-0.0039607218895007,33,"Rate-conserved"
"Pop04","Pop07",0.013320898745962,-0.122687342738303,33,"Rate-conserved"
"Pop04","Pop09",-0.10071331499136,2.49270195392866e-05,33,"Rate-conserved"
"Pop05","Pop06",-0.0159049362445098,-0.00397958244552808,33,"Rate-conserved"
"Pop06","Pop07",-0.0223999177465499,-0.115053395684047,33,"Rate-conserved"
"Pop06","Pop08",-0.0973806986836093,0.0024339245830036,33,"Rate-conserved"
"Pop07","Pop08",0.0174476687042353,0.00676988277680408,33,"Rate-conserved"
"Pop08","Pop09",-0.15465632824064,0.00242511716933691,33,"Rate-conserved"
"Pop08","Pop12",-0.100893867340114,0.000124519722415999,33,"Rate-conserved"
"Pop09","Pop10",0.0914371495376078,0.000507445436418907,33,"Rate-conserved"
"Pop10","Pop11",-0.0725178738240818,2.68723255451902e-05,33,"Rate-conserved"
"Pop10","Pop15",0.0849109571609547,2.57540262515939e-05,33,"Rate-conserved"
"Pop10","Pop16",0.0522878331935362,7.84609947747513e-05,33,"Rate-conserved"
"Pop10","Pop17",0.0286250697715629,4.82002944787079e-05,33,"Rate-conserved"
"Pop10","Pop19",-0.0286425740013261,4.24493514031986e-05,33,"Rate-conserved"
"Pop10","Pop23",-0.0514309104012048,1.81076799565927e-05,33,"Rate-conserved"
"Pop11","Pop12",0.1143805855038,3.5044502742671e-05,33,"Rate-conserved"
"Pop11","Pop15",0.135311181686585,3.67501758508606e-05,33,"Rate-conserved"
"Pop11","Pop21",0.0111830136133528,7.94255127058751e-05,33,"Rate-conserved"
"Pop11","Pop22",-0.0650005641481515,1.73942768670752e-05,33,"Rate-conserved"
"Pop12","Pop13",-0.0292463620985253,-0.00015960926573018,33,"Rate-conserved"
"Pop12","Pop15",0.0323752834350692,-2.24886567129092e-05,33,"Rate-conserved"
"Pop12","Pop16",0.00879322356640036,0.00013753324839471,33,"Rate-conserved"
"Pop12","Pop18",-0.0339628936914341,5.73326059979781e-05,33,"Rate-conserved"
"Pop12","Pop19",-0.0736540879946886,6.26867521522178e-05,33,"Rate-conserved"
"Pop12","Pop21",-0.0438967856886164,7.0586032680985e-05,33,"Rate-conserved"
"Pop13","Pop14",-0.0478680698238175,0.000551814382735328,33,"Rate-conserved"
"Pop13","Pop15",0.0629418889828427,0.000303089103917065,33,"Rate-conserved"
"Pop13","Pop16",0.0267844638644353,0.000184147901242745,33,"Rate-conserved"
"Pop13","Pop18",-0.0365748445182069,0.000355094760154934,33,"Rate-conserved"
"Pop13","Pop21",-0.057538516094736,8.64425645565604e-05,33,"Rate-conserved"
"Pop14","Pop15",0.105868924332677,0.000605417108558593,33,"Rate-conserved"
"Pop14","Pop16",0.0577153088672201,0.000287484480138202,33,"Rate-conserved"
"Pop14","Pop18",-0.0230611183446476,0.00036834786804459,33,"Rate-conserved"
"Pop14","Pop20",-0.067078235836967,0.000197362381487241,33,"Rate-conserved"
"Pop15","Pop16",-0.0142434165767741,0.000471479110336741,33,"Rate-conserved"
"Pop15","Pop17",-0.0759394579186409,0.000433297204330528,33,"Rate-conserved"
"Pop15","Pop20",-0.0875794041971018,0.000109210296143505,33,"Rate-conserved"
"Pop16","Pop17",-0.0667556785474344,5.18777720724743e-05,33,"Rate-conserved"
"Pop16","Pop21",-0.0530184771547794,8.76279799861344e-05,33,"Rate-conserved"
"Pop16","Pop22",-0.120268112442735,1.63822890438186e-05,33,"Rate-conserved"
"Pop17","Pop18",-0.0304410979385447,-5.73444755271105e-05,33,"Rate-conserved"
"Pop17","Pop20",-0.0378896858556601,3.00348809473646e-05,33,"Rate-conserved"
"Pop18","Pop19",0.00129641685963161,0.000133984166937395,33,"Rate-conserved"
"Pop19","Pop20",0.0344506237511072,6.08171424647163e-06,33,"Rate-conserved"
"Pop19","Pop21",0.0396167024466136,4.45309483859587e-07,33,"Rate-conserved"
"Pop19","Pop23",-0.0271668127411694,-1.60178535538408e-06,33,"Rate-conserved"
"Pop20","Pop21",0.017785124747089,-1.59203586886128e-05,33,"Rate-conserved"
"Pop20","Pop22",-0.0620472400847754,-3.09039558503645e-05,33,"Rate-conserved"
"Pop20","Pop23",-0.039880787899415,-9.43281588308213e-06,33,"Rate-conserved"
"Pop21","Pop22",-0.0710228126485495,-1.68429355563608e-05,33,"Rate-conserved"
"Pop21","Pop23",-0.0460688013721784,-1.12438613126328e-05,33,"Rate-conserved"
"Pop22","Pop23",0.0288017978125342,2.74184728703797e-05,33,"Rate-conserved"
"Pop22","Pop25",-0.0965857073353571,-1.32021027664367e-06,33,"Rate-conserved"
"Pop23","Pop24",-0.169766778154087,2.35670810201451e-05,33,"Rate-conserved"
"Pop23","Pop25",-0.189904531443795,4.77594923709294e-06,33,"Rate-conserved"
"Pop24","Pop25",0.178082269054994,-3.50135264548775e-05,33,"Rate-conserved"
"Pop01","Pop02",-0.107961088377895,0.0580952483238278,34,"Isotropic"
"Pop01","Pop04",-0.0430892412856875,0.00829847910447976,34,"Isotropic"
"Pop01","Pop06",0.0585138314380824,0.133634953905186,34,"Isotropic"
"Pop01","Pop10",0.0541764928032785,0.0353835141165703,34,"Isotropic"
"Pop01","Pop11",0.0769670577553099,0.0191824873530003,34,"Isotropic"
"Pop01","Pop14",0.0286169419438359,0.038720604943719,34,"Isotropic"
"Pop01","Pop19",0.0581794436844188,0.00861953352513944,34,"Isotropic"
"Pop01","Pop25",0.0442144706414526,-0.00386388015815669,34,"Isotropic"
"Pop02","Pop03",-0.00156760038790588,-0.320452530604815,34,"Isotropic"
"Pop02","Pop05",0.0466697431051181,0.0823264126915957,34,"Isotropic"
"Pop02","Pop06",0.00311338812043649,0.166395005515776,34,"Isotropic"
"Pop03","Pop04",0.0527829040647118,0.0845053582485475,34,"Isotropic"
"Pop03","Pop05",0.12270999918051,0.0729221431428981,34,"Isotropic"
"Pop03","Pop15",-0.0176257868944963,0.0171920933001446,34,"Isotropic"
"Pop04","Pop05",0.0799631566189022,0.119410253089771,34,"Isotropic"
"Pop04","Pop06",0.064784263696331,0.0595445669295985,34,"Isotropic"
"Pop04","Pop19",0.00474296924794222,0.00397222326025507,34,"Isotropic"
"Pop05","Pop06",0.000443823168672697,0.073373403034907,34,"Isotropic"
"Pop05","Pop07",-0.00850670842602716,-0.0110729407485984,34,"Isotropic"
"Pop05","Pop08",0.0119277296108447,0.0197025609799546,34,"Isotropic"
"Pop05","Pop14",-0.0531816838392161,0.0169042738079105,34,"Isotropic"
"Pop06","Pop07",-0.0039687763027921,-0.06132197465068,34,"Isotropic"
"Pop06","Pop08",0.0313564294433141,-0.00216308442786015,34,"Isotropic"
"Pop06","Pop10",-0.00155039832579341,-0.0149910176800775,34,"Isotropic"
"Pop07","Pop08",0.0426199958204957,0.111222162579984,34,"Isotropic"
"Pop07","Pop09",-0.0352997170352843,0.00575870136619224,34,"Isotropic"
"Pop07","Pop12",0.00405756963813851,0.0135925018169174,34,"Isotropic"
"Pop07","Pop13",-0.00194668188189794,0.0172375187271154,34,"Isotropic"
"Pop07","Pop19",-0.00367086471120185,-0.0275415899888151,34,"Isotropic"
"Pop08","Pop09",-0.0893271702778724,-0.0346913170958033,34,"Isotropic"
"Pop08","Pop11",-0.0166783198777762,-0.0115209941958284,34,"Isotropic"
"Pop08","Pop15",-0.0605210606299956,0.00297555493202819,34,"Isotropic"
"Pop08","Pop18",-0.00158680042573227,-0.00817799154117594,34,"Isotropic"
"Pop08","Pop19",0.00174153733300569,-0.0519309504577915,34,"Isotropic"
"Pop08","Pop20",0.00764322905452283,-0.0250923486032143,34,"Isotropic"
"Pop09","Pop10",0.103740210927147,-0.0381850129183934,34,"Isotropic"
"Pop09","Pop11",0.0633485386632362,-0.0207391181094599,34,"Isotropic"
"Pop09","Pop24",-0.0704101781491456,-0.0538767772685795,34,"Isotropic"
"Pop10","Pop11",-0.0559911337536841,0.150884679356136,34,"Isotropic"
"Pop10","Pop12",-0.0360463116784336,0.129551875761011,34,"Isotropic"
"Pop10","Pop13",-0.019788886340286,0.0151476362167255,34,"Isotropic"
"Pop10","Pop14",-0.0335640611473326,0.0116016006680801,34,"Isotropic"
"Pop10","Pop17",0.0412419520227827,0.00311293474547493,34,"Isotropic"
"Pop10","Pop18",0.0100010648391759,-0.00327454231316048,34,"Isotropic"
"Pop10","Pop19",0.00964867889302711,-0.0371258982056132,34,"Isotropic"
"Pop10","Pop20",0.017541276769951,-0.068153780436255,34,"Isotropic"
"Pop11","Pop12",0.0158764933243659,0.050303742232306,34,"Isotropic"
"Pop11","Pop13",-0.0011490881725903,0.0222746262386122,34,"Isotropic"
"Pop11","Pop21",0.0156221102669953,-0.0228196126605388,34,"Isotropic"
"Pop12","Pop13",-0.00339579574871107,0.016206569675815,34,"Isotropic"
"Pop12","Pop14",-0.0360824337711134,0.00739670972628685,34,"Isotropic"
"Pop12","Pop19",0.0191995669330612,-0.0892077815356334,34,"Isotropic"
"Pop12","Pop20",0.0117386707386349,-0.179481225016832,34,"Isotropic"
"Pop12","Pop25",-0.0232648035733601,-0.0579044139749204,34,"Isotropic"
"Pop13","Pop14",-0.0174614978947085,-0.0197417255362285,34,"Isotropic"
"Pop13","Pop16",0.027025840798225,-0.00747312362457197,34,"Isotropic"
"Pop13","Pop19",0.0167263834463462,-0.0655483428434222,34,"Isotropic"
"Pop13","Pop24",-0.0546501204281113,-0.0899118205642919,34,"Isotropic"
"Pop14","Pop15",-0.0398195763127078,-0.0167980144875869,34,"Isotropic"
"Pop14","Pop18",0.0454830833566696,-0.0405450292025998,34,"Isotropic"
"Pop14","Pop19",0.0509321399254881,-0.0449067311935199,34,"Isotropic"
"Pop15","Pop16",0.0597400820522603,0.00673290269838228,34,"Isotropic"
"Pop15","Pop17",0.0864266693591904,0.0412630989882321,34,"Isotropic"
"Pop15","Pop25",0.0264378294210778,-0.123598847968325,34,"Isotropic"
"Pop16","Pop17",0.0297797714445163,-0.0558969883760543,34,"Isotropic"
"Pop16","Pop18",0.01399106508182,-0.0298398547303533,34,"Isotropic"
"Pop16","Pop19",0.0171421407082958,-0.0288501770524045,34,"Isotropic"
"Pop16","Pop20",-0.00524256413950172,-0.0300535068291319,34,"Isotropic"
"Pop16","Pop22",-0.0131230474279928,-0.0366970273002497,34,"Isotropic"
"Pop17","Pop18",-0.00657277987779029,-0.0826233604675191,34,"Isotropic"
"Pop17","Pop19",0.0209233416621719,-0.0202338563006888,34,"Isotropic"
"Pop17","Pop20",-0.0186110453438843,-0.0370020718493099,34,"Isotropic"
"Pop17","Pop21",-0.0410789865947325,-0.0181750024880812,34,"Isotropic"
"Pop17","Pop22",-0.0420132268601756,-0.0310515927234472,34,"Isotropic"
"Pop18","Pop19",0.0341520566821523,-0.012991104200329,34,"Isotropic"
"Pop18","Pop20",-0.00960896722469792,-0.0442363719183451,34,"Isotropic"
"Pop18","Pop21",-0.0151438333614511,-0.00192934082037822,34,"Isotropic"
"Pop18","Pop23",0.0111768272093398,-0.0232589600991123,34,"Isotropic"
"Pop19","Pop20",-0.0629330229677689,-0.117162771923104,34,"Isotropic"
"Pop19","Pop23",-0.0234930376299538,-0.0252773775073031,34,"Isotropic"
"Pop20","Pop21",-0.045165985255305,0.0146611348801836,34,"Isotropic"
"Pop21","Pop22",-0.035895414874281,-0.0308775384526495,34,"Isotropic"
"Pop21","Pop25",-0.012678542047707,-0.197737713987711,34,"Isotropic"
"Pop22","Pop23",-0.0199927629507086,-0.0692674341459037,34,"Isotropic"
"Pop22","Pop25",0.033789711172704,-0.324466853445432,34,"Isotropic"
"Pop23","Pop24",-0.0944919283588047,-0.312291460368071,34,"Isotropic"
"Pop23","Pop25",0.0780450373185809,-0.0108969126247963,34,"Isotropic"
"Pop24","Pop25",0.159813452021985,0.140620781437586,34,"Isotropic"
"Pop01","Pop19",0.337327680471146,-26254110364.5872,34,"Flux-conserved"
"Pop01","Pop20",0.332293983629576,-26254110364.5758,34,"Flux-conserved"
"Pop01","Pop21",0.157590882466021,NA,34,"Flux-conserved"
"Pop01","Pop23",-0.0317277680495796,NA,34,"Flux-conserved"
"Pop02","Pop19",0.337327680471146,-26254110364.5872,34,"Flux-conserved"
"Pop02","Pop20",0.332293983629576,-26254110364.5758,34,"Flux-conserved"
"Pop02","Pop21",0.157590882466021,NA,34,"Flux-conserved"
"Pop02","Pop23",-0.0317277680495796,NA,34,"Flux-conserved"
"Pop03","Pop19",0.337327680471146,-26254110364.5872,34,"Flux-conserved"
"Pop03","Pop20",0.332293983629576,-26254110364.5758,34,"Flux-conserved"
"Pop03","Pop21",0.157590882466021,NA,34,"Flux-conserved"
"Pop03","Pop23",-0.0317277680495796,NA,34,"Flux-conserved"
"Pop04","Pop19",0.337327680471146,-26254110364.5872,34,"Flux-conserved"
"Pop04","Pop20",0.332293983629576,-26254110364.5758,34,"Flux-conserved"
"Pop04","Pop21",0.157590882466021,NA,34,"Flux-conserved"
"Pop04","Pop23",-0.0317277680495796,NA,34,"Flux-conserved"
"Pop05","Pop19",0.337327680471146,-26254110364.5872,34,"Flux-conserved"
"Pop05","Pop20",0.332293983629576,-26254110364.5758,34,"Flux-conserved"
"Pop05","Pop21",0.157590882466021,NA,34,"Flux-conserved"
"Pop05","Pop23",-0.0317277680495796,NA,34,"Flux-conserved"
"Pop06","Pop19",0.337327680471146,-26254110364.5872,34,"Flux-conserved"
"Pop06","Pop20",0.332293983629576,-26254110364.5758,34,"Flux-conserved"
"Pop06","Pop21",0.157590882466021,NA,34,"Flux-conserved"
"Pop06","Pop23",-0.0317277680495796,NA,34,"Flux-conserved"
"Pop07","Pop19",0.337327680471146,-26254110364.5872,34,"Flux-conserved"
"Pop07","Pop20",0.332293983629576,-26254110364.5758,34,"Flux-conserved"
"Pop07","Pop21",0.157590882466021,NA,34,"Flux-conserved"
"Pop07","Pop23",-0.0317277680495796,NA,34,"Flux-conserved"
"Pop08","Pop19",0.337327680471146,-26254110364.5872,34,"Flux-conserved"
"Pop08","Pop20",0.332293983629576,-26254110364.5758,34,"Flux-conserved"
"Pop08","Pop21",0.157590882466021,NA,34,"Flux-conserved"
"Pop08","Pop23",-0.0317277680495796,NA,34,"Flux-conserved"
"Pop09","Pop19",0.337327680471146,-26254110364.5872,34,"Flux-conserved"
"Pop09","Pop20",0.332293983629576,-26254110364.5758,34,"Flux-conserved"
"Pop09","Pop21",0.157590882466021,NA,34,"Flux-conserved"
"Pop09","Pop23",-0.0317277680495796,NA,34,"Flux-conserved"
"Pop10","Pop19",0.337327680471146,-26254110364.5872,34,"Flux-conserved"
"Pop10","Pop20",0.332293983629576,-26254110364.5758,34,"Flux-conserved"
"Pop10","Pop21",0.157590882466021,NA,34,"Flux-conserved"
"Pop10","Pop23",-0.0317277680495796,NA,34,"Flux-conserved"
"Pop11","Pop19",0.337327680471146,-26254110364.5872,34,"Flux-conserved"
"Pop11","Pop20",0.332293983629576,-26254110364.5758,34,"Flux-conserved"
"Pop11","Pop21",0.157590882466021,NA,34,"Flux-conserved"
"Pop11","Pop23",-0.0317277680495796,NA,34,"Flux-conserved"
"Pop12","Pop19",0.337327680471146,-26254110364.5872,34,"Flux-conserved"
"Pop12","Pop20",0.332293983629576,-26254110364.5758,34,"Flux-conserved"
"Pop12","Pop21",0.157590882466021,NA,34,"Flux-conserved"
"Pop12","Pop23",-0.0317277680495796,NA,34,"Flux-conserved"
"Pop13","Pop19",0.337327680471146,-26254110364.5872,34,"Flux-conserved"
"Pop13","Pop20",0.332293983629576,-26254110364.5758,34,"Flux-conserved"
"Pop13","Pop21",0.157590882466021,NA,34,"Flux-conserved"
"Pop13","Pop23",-0.0317277680495796,NA,34,"Flux-conserved"
"Pop14","Pop19",0.337327680471146,-26254110364.5872,34,"Flux-conserved"
"Pop14","Pop20",0.332293983629576,-26254110364.5758,34,"Flux-conserved"
"Pop14","Pop21",0.157590882466021,NA,34,"Flux-conserved"
"Pop14","Pop23",-0.0317277680495796,NA,34,"Flux-conserved"
"Pop15","Pop19",0.337327680471146,-26254110364.5872,34,"Flux-conserved"
"Pop15","Pop20",0.332293983629576,-26254110364.5758,34,"Flux-conserved"
"Pop15","Pop21",0.157590882466021,NA,34,"Flux-conserved"
"Pop15","Pop23",-0.0317277680495796,NA,34,"Flux-conserved"
"Pop16","Pop19",0.337327680471146,-26254110364.5872,34,"Flux-conserved"
"Pop16","Pop20",0.332293983629576,-26254110364.5758,34,"Flux-conserved"
"Pop16","Pop21",0.157590882466021,NA,34,"Flux-conserved"
"Pop16","Pop23",-0.0317277680495796,NA,34,"Flux-conserved"
"Pop17","Pop19",0.337327680471146,-26254110364.5872,34,"Flux-conserved"
"Pop17","Pop20",0.332293983629576,-26254110364.5758,34,"Flux-conserved"
"Pop17","Pop21",0.157590882466021,NA,34,"Flux-conserved"
"Pop17","Pop23",-0.0317277680495796,NA,34,"Flux-conserved"
"Pop18","Pop19",0.337327680471146,-26254110364.5872,34,"Flux-conserved"
"Pop18","Pop20",0.332293983629576,-26254110364.5758,34,"Flux-conserved"
"Pop18","Pop21",0.157590882466021,NA,34,"Flux-conserved"
"Pop18","Pop23",-0.0317277680495796,NA,34,"Flux-conserved"
"Pop19","Pop20",-0.0128082968694396,0.986447539652029,34,"Flux-conserved"
"Pop19","Pop22",-0.165301184584093,0.00928730881456732,34,"Flux-conserved"
"Pop20","Pop21",-0.0570640489471754,0.00135054396577591,34,"Flux-conserved"
"Pop21","Pop22",-0.211063434295943,0.000176403718339605,34,"Flux-conserved"
"Pop21","Pop24",-0.229369156225753,9.99580091900279e-05,34,"Flux-conserved"
"Pop21","Pop25",-0.290486407807299,0.000128623204851985,34,"Flux-conserved"
"Pop22","Pop23",0.131127441043579,8.47554024937657e-06,34,"Flux-conserved"
"Pop22","Pop24",-0.050387518248229,4.72396707391104e-05,34,"Flux-conserved"
"Pop22","Pop25",-0.0873724777508882,5.62004775405432e-05,34,"Flux-conserved"
"Pop23","Pop24",-0.139544842008616,0.000177962034279799,34,"Flux-conserved"
"Pop24","Pop25",-0.0689708880381164,-6.89232713780558e-05,34,"Flux-conserved"
"Pop01","Pop02",-0.0579979209213863,0.426718723338281,34,"Rate-conserved"
"Pop01","Pop03",0.0139724783063611,0.11502839980982,34,"Rate-conserved"
"Pop01","Pop04",0.0512227350220212,0.322673189904512,34,"Rate-conserved"
"Pop01","Pop05",0.0684863334614081,0.0839796069187606,34,"Rate-conserved"
"Pop01","Pop09",-0.0232253795875696,0.0179363854904012,34,"Rate-conserved"
"Pop01","Pop11",0.00012473030773949,0.0317021477261177,34,"Rate-conserved"
"Pop02","Pop04",0.100787600009987,0.120929177562358,34,"Rate-conserved"
"Pop02","Pop05",0.117993438925003,0.222607129962547,34,"Rate-conserved"
"Pop02","Pop06",-0.00782956163670653,0.226697602360253,34,"Rate-conserved"
"Pop02","Pop11",0.0287701039860062,0.0320078736766492,34,"Rate-conserved"
"Pop03","Pop04",0.0805894564079302,0.0249105945723038,34,"Rate-conserved"
"Pop03","Pop10",0.0542459126387246,0.00391130766171907,34,"Rate-conserved"
"Pop03","Pop11",0.0618199359675424,0.0096193707575985,34,"Rate-conserved"
"Pop03","Pop13",-0.00285665071399889,0.0310857052272162,34,"Rate-conserved"
"Pop03","Pop14",0.0143799167176032,0.0719122876160238,34,"Rate-conserved"
"Pop03","Pop15",-0.0312109296747366,0.218899899092786,34,"Rate-conserved"
"Pop04","Pop05",-0.00486918287103449,-0.0103742778751127,34,"Rate-conserved"
"Pop04","Pop06",-0.0311906030185516,0.00271729702481687,34,"Rate-conserved"
"Pop04","Pop07",-0.00327097264953291,-0.00683891893224806,34,"Rate-conserved"
"Pop04","Pop08",-0.00792417160301634,-0.0117118666668808,34,"Rate-conserved"
"Pop04","Pop09",-0.00890113714291162,-0.00187295177845642,34,"Rate-conserved"
"Pop04","Pop11",0.00409723407835016,0.0312407841795292,34,"Rate-conserved"
"Pop04","Pop13",-0.04969225199181,0.0128672559654099,34,"Rate-conserved"
"Pop04","Pop18",-0.0527762179258492,0.040384387439087,34,"Rate-conserved"
"Pop05","Pop06",-0.0604857592792343,0.0433217927534376,34,"Rate-conserved"
"Pop05","Pop07",-0.0488957854996106,-0.00499921789564933,34,"Rate-conserved"
"Pop05","Pop08",-0.067398409981433,-0.0287788694869727,34,"Rate-conserved"
"Pop05","Pop09",-0.0278317394027535,0.00621204355395738,34,"Rate-conserved"
"Pop05","Pop10",-0.0381990043955929,0.0145502628788621,34,"Rate-conserved"
"Pop05","Pop11",-0.0167545077438174,0.0215314477530016,34,"Rate-conserved"
"Pop06","Pop07",0.0127345154206896,-0.0352392977032692,34,"Rate-conserved"
"Pop06","Pop08",-0.0178703392904767,-0.0900121295868428,34,"Rate-conserved"
"Pop06","Pop09",0.0268843623780034,-0.00929370064400268,34,"Rate-conserved"
"Pop06","Pop10",0.0178020578548627,-0.00850025912351778,34,"Rate-conserved"
"Pop07","Pop08",-0.0308679801153356,-0.130065331715526,34,"Rate-conserved"
"Pop07","Pop09",0.0484196594993399,0.10869697627575,34,"Rate-conserved"
"Pop07","Pop10",0.0191231635993936,0.112840611132901,34,"Rate-conserved"
"Pop07","Pop14",-0.035217676545614,0.00580423182774752,34,"Rate-conserved"
"Pop08","Pop09",0.057330164329618,0.0458580309156041,34,"Rate-conserved"
"Pop08","Pop11",0.00279877990664949,0.0140667303169429,34,"Rate-conserved"
"Pop09","Pop10",-0.0417031293635333,0.0723051191424232,34,"Rate-conserved"
"Pop09","Pop11",0.0134422227926893,0.015466649840244,34,"Rate-conserved"
"Pop09","Pop12",-0.00272193880560992,0.00605695673072416,34,"Rate-conserved"
"Pop09","Pop25",-0.0645905178225561,0.000338908486262561,34,"Rate-conserved"
"Pop10","Pop11",0.0261498766874973,0.00874898161077679,34,"Rate-conserved"
"Pop10","Pop12",-0.0253584647215785,0.00741293008204773,34,"Rate-conserved"
"Pop10","Pop13",-0.0569322172861723,-0.000118527235736537,34,"Rate-conserved"
"Pop11","Pop12",-0.092097074501657,0.0125218215389277,34,"Rate-conserved"
"Pop11","Pop13",-0.0521883388408716,0.00396046043487119,34,"Rate-conserved"
"Pop11","Pop15",-0.0581712154365277,-0.00223260337319809,34,"Rate-conserved"
"Pop11","Pop18",-0.0734662457922303,-0.00134278529804807,34,"Rate-conserved"
"Pop12","Pop13",0.0686387301039907,-0.0142791573704752,34,"Rate-conserved"
"Pop12","Pop14",-0.00872834202394238,-0.0406339127215421,34,"Rate-conserved"
"Pop12","Pop15",0.00278342828367328,-0.0105973468162443,34,"Rate-conserved"
"Pop13","Pop14",-0.0714683681529109,0.0163682809597696,34,"Rate-conserved"
"Pop13","Pop19",0.0101086128809557,0.00601170467675648,34,"Rate-conserved"
"Pop13","Pop20",-0.0452013513992926,0.0079426621041598,34,"Rate-conserved"
"Pop13","Pop23",-0.0488635298245989,0.00391303347458716,34,"Rate-conserved"
"Pop14","Pop15",0.058724304175933,-0.00886302099241281,34,"Rate-conserved"
"Pop14","Pop16",-0.029962404724171,0.0236517215548529,34,"Rate-conserved"
"Pop15","Pop16",-0.0522704271673846,0.0454997203305236,34,"Rate-conserved"
"Pop15","Pop18",-0.0270615371764447,0.000426271892767336,34,"Rate-conserved"
"Pop15","Pop19",0.0184348786168578,0.000718328678749709,34,"Rate-conserved"
"Pop15","Pop22",-0.00583912442569586,0.00182886867014979,34,"Rate-conserved"
"Pop15","Pop23",-0.0295489438377381,0.00302787237090518,34,"Rate-conserved"
"Pop15","Pop25",-0.040966058168615,0.000782137825565027,34,"Rate-conserved"
"Pop16","Pop17",-0.0360636114105358,-0.0015256926128886,34,"Rate-conserved"
"Pop16","Pop19",0.0317980829173662,0.00121565187047601,34,"Rate-conserved"
"Pop16","Pop20",-0.0405446654611958,0.00229603145223393,34,"Rate-conserved"
"Pop16","Pop24",-0.0183013764094833,0.00171150032181646,34,"Rate-conserved"
"Pop16","Pop25",-0.0502353440214557,0.000622417785861349,34,"Rate-conserved"
"Pop17","Pop18",0.0517645067599586,-0.0267038332716978,34,"Rate-conserved"
"Pop17","Pop19",0.0615396412423352,0.00596382499561862,34,"Rate-conserved"
"Pop17","Pop21",-0.0261126011592853,0.00180626329319055,34,"Rate-conserved"
"Pop17","Pop24",-0.0110417888427459,0.00222678298537775,34,"Rate-conserved"
"Pop17","Pop25",-0.0451293406003774,0.00152554333726895,34,"Rate-conserved"
"Pop18","Pop19",0.0125165376810426,0.00569686354406264,34,"Rate-conserved"
"Pop18","Pop23",-0.0253024715834761,0.0024298541575254,34,"Rate-conserved"
"Pop18","Pop24",-0.00695919223127213,0.00537688870856252,34,"Rate-conserved"
"Pop18","Pop25",-0.0258910878696665,0.00158644747038073,34,"Rate-conserved"
"Pop19","Pop20",-0.0740641768797007,0.0057231933269918,34,"Rate-conserved"
"Pop19","Pop21",-0.0865971110484891,0.00062795421503571,34,"Rate-conserved"
"Pop19","Pop22",-0.0636901428475609,0.00138640045483965,34,"Rate-conserved"
"Pop20","Pop21",-0.0264359583735585,-0.00249670121703966,34,"Rate-conserved"
"Pop20","Pop23",0.00407936305566517,0.000664250853732884,34,"Rate-conserved"
"Pop20","Pop24",0.025425366933953,-7.44113679095803e-05,34,"Rate-conserved"
"Pop21","Pop22",0.0414016979559065,0.0419344283193289,34,"Rate-conserved"
"Pop21","Pop23",0.0181516781536111,0.00266347891636663,34,"Rate-conserved"
"Pop22","Pop23",0.0287993778820098,-0.000300829618502699,34,"Rate-conserved"
"Pop22","Pop24",0.0229624386081904,-0.000186347153390127,34,"Rate-conserved"
"Pop22","Pop25",0.00478200712648,-0.00393345917426503,34,"Rate-conserved"
"Pop23","Pop24",-0.0013387765648753,-7.91438100425715e-05,34,"Rate-conserved"
"Pop23","Pop25",-0.00482432541447295,-0.00122445703129069,34,"Rate-conserved"
"Pop24","Pop25",0.000632878314313051,-0.00369045429429206,34,"Rate-conserved"
"Pop01","Pop02",0.0580780691259634,-0.23225573794571,35,"Isotropic"
"Pop01","Pop03",-0.0422029148589149,0.243622494112707,35,"Isotropic"
"Pop01","Pop04",-0.0357365246426085,0.133826249935023,35,"Isotropic"
"Pop01","Pop05",-0.00767551642648853,0.0519386806761203,35,"Isotropic"
"Pop01","Pop06",-0.0521304795132373,0.0152935435241018,35,"Isotropic"
"Pop01","Pop07",-0.0523132355021128,0.138434636315679,35,"Isotropic"
"Pop02","Pop03",-0.0813596583893263,0.116109398454876,35,"Isotropic"
"Pop02","Pop04",-0.0431069872456928,0.249972915132002,35,"Isotropic"
"Pop02","Pop05",0.00177338855421244,0.122085720223071,35,"Isotropic"
"Pop02","Pop06",-0.0266868823882841,0.0320873973614617,35,"Isotropic"
"Pop02","Pop07",0.000886301768844522,0.0872151133340827,35,"Isotropic"
"Pop02","Pop09",-0.0179913917503711,0.0308763601681848,35,"Isotropic"
"Pop02","Pop25",-0.101892641443769,0.0121525022252876,35,"Isotropic"
"Pop03","Pop04",0.0665725602549298,0.215804837552555,35,"Isotropic"
"Pop03","Pop05",-0.0288998488274482,-0.00359254802703338,35,"Isotropic"
"Pop04","Pop05",0.0246284371843221,-0.00212964997576026,35,"Isotropic"
"Pop04","Pop08",-0.0336236323416347,0.0483502648015478,35,"Isotropic"
"Pop04","Pop09",-0.0418593763375322,0.0224797273644729,35,"Isotropic"
"Pop05","Pop06",-0.00325192002085192,0.0095262751915153,35,"Isotropic"
"Pop05","Pop07",-0.0328108545441925,0.049326922072616,35,"Isotropic"
"Pop06","Pop07",0.0341558154334468,0.0445312372594064,35,"Isotropic"
"Pop06","Pop08",-0.00109422729561068,0.0673137828151875,35,"Isotropic"
"Pop06","Pop14",-0.0149318894517927,0.0257798922338507,35,"Isotropic"
"Pop06","Pop18",0.0192710031685263,0.0313923797355137,35,"Isotropic"
"Pop07","Pop08",-0.0386219455297383,0.0381251221721718,35,"Isotropic"
"Pop07","Pop09",-0.0049747287865267,0.0106403958982854,35,"Isotropic"
"Pop07","Pop12",0.00125943780224277,0.00430786017048197,35,"Isotropic"
"Pop07","Pop13",0.0324003378294053,0.00677981528258807,35,"Isotropic"
"Pop07","Pop16",0.0204389645903613,0.0091552623526118,35,"Isotropic"
"Pop08","Pop09",0.0399205529716397,-0.0171804132955184,35,"Isotropic"
"Pop08","Pop11",0.0460634634987095,-0.0387456546945281,35,"Isotropic"
"Pop08","Pop16",0.0341611256888573,-0.0030234216360367,35,"Isotropic"
"Pop08","Pop17",0.0469458772684668,0.00633656826759437,35,"Isotropic"
"Pop09","Pop10",-0.038037577390951,0.0655676663908374,35,"Isotropic"
"Pop09","Pop11",-0.0336996856582516,0.00487661468162347,35,"Isotropic"
"Pop09","Pop13",0.0268923414317906,-0.00699128608592336,35,"Isotropic"
"Pop09","Pop15",0.000796700273988676,-0.0112972323848338,35,"Isotropic"
"Pop09","Pop16",0.0313541872651481,0.00138285869531933,35,"Isotropic"
"Pop09","Pop18",0.0261075057088106,-0.00165961317562047,35,"Isotropic"
"Pop09","Pop25",-0.0892693676613678,-0.0123935822136906,35,"Isotropic"
"Pop10","Pop11",-0.0148258292116945,-0.0117728243108312,35,"Isotropic"
"Pop10","Pop12",-0.0632031527418554,-0.00908635820561299,35,"Isotropic"
"Pop10","Pop13",0.0272246296329553,-0.00731371813462086,35,"Isotropic"
"Pop10","Pop14",-0.0263894999222136,-0.00222228596218085,35,"Isotropic"
"Pop10","Pop15",-0.0308058167673202,-0.0170319704068569,35,"Isotropic"
"Pop10","Pop16",0.0051789080947691,-0.0120279808645847,35,"Isotropic"
"Pop10","Pop17",0.00236292485355664,0.00566810642681634,35,"Isotropic"
"Pop11","Pop12",-0.0438652750125665,0.0873103876911788,35,"Isotropic"
"Pop11","Pop13",0.0405474557272898,-0.0300779048754791,35,"Isotropic"
"Pop11","Pop16",-0.00588484328880368,-0.00174873920141466,35,"Isotropic"
"Pop11","Pop17",0.00199490377252498,0.0103085029756325,35,"Isotropic"
"Pop12","Pop14",0.0244283110642543,-0.0150105321007878,35,"Isotropic"
"Pop12","Pop16",0.0395004125900906,-0.00392565168152368,35,"Isotropic"
"Pop12","Pop17",0.0420973086153635,0.00280308722917692,35,"Isotropic"
"Pop13","Pop14",-0.0382517463071689,-0.0148543424113382,35,"Isotropic"
"Pop13","Pop15",-0.0386591401195828,-0.0403751650516669,35,"Isotropic"
"Pop13","Pop16",-0.000880646284630929,-0.0111344305980138,35,"Isotropic"
"Pop13","Pop17",-0.00401546545068168,0.0425314767691052,35,"Isotropic"
"Pop13","Pop18",-0.0165188699352022,-0.00700912418317569,35,"Isotropic"
"Pop13","Pop20",0.00318043532909124,-0.0152427155691604,35,"Isotropic"
"Pop13","Pop21",-0.0159371337449348,-0.0213909428583932,35,"Isotropic"
"Pop14","Pop15",0.00534292716168025,0.0024546506478916,35,"Isotropic"
"Pop14","Pop17",0.0413823577869634,0.0221050052427709,35,"Isotropic"
"Pop14","Pop18",0.0346362735219645,0.0213006204643236,35,"Isotropic"
"Pop14","Pop23",-0.0101503907466563,-0.00137058155194621,35,"Isotropic"
"Pop14","Pop24",-0.0114101704954823,-0.00258645699025016,35,"Isotropic"
"Pop15","Pop16",0.040779589984389,0.0840947624366981,35,"Isotropic"
"Pop15","Pop17",0.0340624415158149,0.0263915748866473,35,"Isotropic"
"Pop15","Pop18",0.024426470235019,0.0132168779271951,35,"Isotropic"
"Pop15","Pop22",-0.00451154525117696,0.00381159282246378,35,"Isotropic"
"Pop15","Pop25",-0.125704449500938,-0.0182265187480095,35,"Isotropic"
"Pop16","Pop17",-0.00612497303123563,-0.000372765472448633,35,"Isotropic"
"Pop16","Pop18",-0.018336774474214,0.0016214722453571,35,"Isotropic"
"Pop16","Pop19",-0.0429047327901869,-0.00462595309746097,35,"Isotropic"
"Pop16","Pop21",-0.0465120580236298,-0.0281046049656098,35,"Isotropic"
"Pop17","Pop18",-0.0126753441316823,-0.0759414122637891,35,"Isotropic"
"Pop17","Pop21",-0.0269116489645732,-0.0420283324829062,35,"Isotropic"
"Pop17","Pop22",-0.0418516737701026,-0.0213260970809539,35,"Isotropic"
"Pop18","Pop19",-0.10844230753711,-0.0334028789361125,35,"Isotropic"
"Pop18","Pop20",-0.0841802306956145,-0.0108971065695531,35,"Isotropic"
"Pop18","Pop22",-0.040827496447242,-0.0233060664088058,35,"Isotropic"
"Pop19","Pop20",0.045786860796614,-0.041217318133177,35,"Isotropic"
"Pop19","Pop21",0.0563845748103154,-0.133529913896515,35,"Isotropic"
"Pop20","Pop21",0.0276891099499174,-0.0984056796793497,35,"Isotropic"
"Pop20","Pop22",-0.0165400201663136,-0.0822344095350536,35,"Isotropic"
"Pop21","Pop22",0.0115330475042593,0.0188474076530857,35,"Isotropic"
"Pop22","Pop23",-0.127918604583209,-0.0969097163812543,35,"Isotropic"
"Pop22","Pop24",-0.109225275771655,-0.117438470732304,35,"Isotropic"
"Pop23","Pop24",-0.00700407929180707,-0.120432106183625,35,"Isotropic"
"Pop23","Pop25",-0.013894106729667,-0.0965204734606208,35,"Isotropic"
"Pop24","Pop25",0.0407153108905169,0.00045545526914903,35,"Isotropic"
"Pop01","Pop03",0.0645038966029868,-0.00246485756944056,35,"Flux-conserved"
"Pop01","Pop07",0.0270449486886906,0.00123646383324342,35,"Flux-conserved"
"Pop01","Pop11",0.0645038966029869,-0.00246485756944056,35,"Flux-conserved"
"Pop01","Pop12",-0.0225783723708028,0.00125774166306119,35,"Flux-conserved"
"Pop01","Pop13",-0.0225783723708026,0.00125774166306119,35,"Flux-conserved"
"Pop01","Pop17",-0.176369748256154,0.00257225991042891,35,"Flux-conserved"
"Pop02","Pop12",0.0745450381834536,-0.00075608659904653,35,"Flux-conserved"
"Pop02","Pop13",0.0745450381834533,-0.00075608659904653,35,"Flux-conserved"
"Pop02","Pop15",0.081149605991817,0.000277055549130415,35,"Flux-conserved"
"Pop02","Pop18",0.089464650403859,-4.38228809002508e-05,35,"Flux-conserved"
"Pop02","Pop21",-0.0124175353682839,0.000716325440543794,35,"Flux-conserved"
"Pop02","Pop25",-0.159219868106435,0.000120290602480597,35,"Flux-conserved"
"Pop03","Pop07",-0.066402078384135,0.00961715514002178,35,"Flux-conserved"
"Pop03","Pop10",0.00404512589021189,-0.00815975830910162,35,"Flux-conserved"
"Pop03","Pop11",-5.55111512312578e-17,NA,35,"Flux-conserved"
"Pop04","Pop08",-0.13596331897099,0.0673868463483047,35,"Flux-conserved"
"Pop04","Pop09",0.0473218507960905,0.384139330418781,35,"Flux-conserved"
"Pop04","Pop16",0.106671005874837,0.0106118730351746,35,"Flux-conserved"
"Pop04","Pop19",-0.154746117783008,0.99992752193695,35,"Flux-conserved"
"Pop05","Pop06",-0.0104621227048694,-0.0200268719711629,35,"Flux-conserved"
"Pop05","Pop07",-0.0366586920676081,0.105837691266993,35,"Flux-conserved"
"Pop05","Pop10",-0.0259486385746672,0.00395271784710845,35,"Flux-conserved"
"Pop05","Pop14",-0.0105689588980901,0.164999487067012,35,"Flux-conserved"
"Pop06","Pop07",0.0318438762377486,0.0379904757960874,35,"Flux-conserved"
"Pop06","Pop08",-0.102559323377315,-0.00570524715313342,35,"Flux-conserved"
"Pop06","Pop14",0.0012723564375014,NA,35,"Flux-conserved"
"Pop07","Pop10",0.0260920059325346,-0.0291805291508524,35,"Flux-conserved"
"Pop07","Pop11",0.066402078384135,-0.00961715514002178,35,"Flux-conserved"
"Pop07","Pop14",-0.0209622183808574,-0.0138289201458459,35,"Flux-conserved"
"Pop07","Pop15",-0.134193101916165,0.00218374865232474,35,"Flux-conserved"
"Pop07","Pop16",-0.0883990416293276,-0.000474890464561442,35,"Flux-conserved"
"Pop07","Pop17",-0.171156943539317,0.0391119069659289,35,"Flux-conserved"
"Pop08","Pop09",0.0392556468419996,0.241311896059064,35,"Flux-conserved"
"Pop09","Pop15",-0.092724069187927,0.000832390779502198,35,"Flux-conserved"
"Pop09","Pop16",0.0853472903837106,0.00604909865060401,35,"Flux-conserved"
"Pop09","Pop18",-0.0680551975383914,0.00244668839747469,35,"Flux-conserved"
"Pop10","Pop11",-0.00404512589021194,0.00815975830910162,35,"Flux-conserved"
"Pop12","Pop13",0,NA,35,"Flux-conserved"
"Pop14","Pop16",-0.141524716076476,0.0285271762640912,35,"Flux-conserved"
"Pop15","Pop16",0.0988943179979486,-0.00126172719785566,35,"Flux-conserved"
"Pop15","Pop17",0.0515454155600157,-0.0004312313316157,35,"Flux-conserved"
"Pop15","Pop18",0.000380023442249799,2.6873825221178e-05,35,"Flux-conserved"
"Pop15","Pop19",-0.0237891614190211,5.1352885553823e-05,35,"Flux-conserved"
"Pop15","Pop21",-0.0499885049550135,0.00137897388041656,35,"Flux-conserved"
"Pop15","Pop24",-0.0840713707446782,0.000123602133857776,35,"Flux-conserved"
"Pop15","Pop25",-0.150666041656003,4.31292518759951e-05,35,"Flux-conserved"
"Pop16","Pop17",-0.075175886272704,0.00292626395499017,35,"Flux-conserved"
"Pop16","Pop18",-0.106189963242882,0.000337517419774577,35,"Flux-conserved"
"Pop17","Pop18",-0.0116232572165935,-0.000137480796551862,35,"Flux-conserved"
"Pop17","Pop19",-0.095815637041536,-5.55947246160122e-05,35,"Flux-conserved"
"Pop18","Pop19",-0.0536883355625249,-0.000338421043141915,35,"Flux-conserved"
"Pop18","Pop20",-0.115545453097046,0.000156166353221044,35,"Flux-conserved"
"Pop18","Pop21",-0.0746066379178779,0.000120999357011837,35,"Flux-conserved"
"Pop18","Pop24",-0.111793034000478,9.56720642797373e-05,35,"Flux-conserved"
"Pop19","Pop20",-0.0760051218756584,0.000272704327812067,35,"Flux-conserved"
"Pop19","Pop21",-0.032403914565695,0.000178155371057749,35,"Flux-conserved"
"Pop19","Pop24",-0.11007547006052,0.000123167593414374,35,"Flux-conserved"
"Pop20","Pop21",0.0800879312803509,0.000349387310794365,35,"Flux-conserved"
"Pop20","Pop22",-0.101573359987975,0.000114458041238235,35,"Flux-conserved"
"Pop20","Pop23",-0.168928524390023,0.000140290808188769,35,"Flux-conserved"
"Pop21","Pop22",-0.17696718262072,0.000245727255550693,35,"Flux-conserved"
"Pop21","Pop24",-0.0614531912127635,2.06736551673091e-05,35,"Flux-conserved"
"Pop21","Pop25",-0.149543472154795,1.06557068771417e-05,35,"Flux-conserved"
"Pop22","Pop23",-0.0859436056708654,9.02126678449611e-05,35,"Flux-conserved"
"Pop22","Pop24",-0.0240872342726188,-2.38657786547906e-06,35,"Flux-conserved"
"Pop23","Pop24",0.130870574417508,-2.10641821142374e-05,35,"Flux-conserved"
"Pop23","Pop25",-0.0816560744240075,-1.69007518044534e-06,35,"Flux-conserved"
"Pop24","Pop25",-0.115716185222369,3.05139452395488e-06,35,"Flux-conserved"
"Pop01","Pop02",-0.16594834782023,0.000434177040960796,35,"Rate-conserved"
"Pop01","Pop04",0.0259828234246095,0.000168710874067985,35,"Rate-conserved"
"Pop01","Pop05",0.0279948314330884,0.000389305651460119,35,"Rate-conserved"
"Pop01","Pop06",-0.00111045088589828,0.00199888904000095,35,"Rate-conserved"
"Pop01","Pop07",-0.00131925639111846,0.000358884587231006,35,"Rate-conserved"
"Pop01","Pop14",0.00865289804536178,0.00648445994211588,35,"Rate-conserved"
"Pop01","Pop16",0.0114100114504664,0.0133930244272249,35,"Rate-conserved"
"Pop01","Pop18",-0.0219570488294215,0.000588685063139442,35,"Rate-conserved"
"Pop01","Pop20",-0.0141127727628815,7.00789289564963e-06,35,"Rate-conserved"
"Pop01","Pop25",-0.0365155646800335,0.000588949156488557,35,"Rate-conserved"
"Pop02","Pop04",0.100072060263287,0.000106814783677165,35,"Rate-conserved"
"Pop02","Pop05",0.0975829300237103,9.1357626138785e-05,35,"Rate-conserved"
"Pop03","Pop04",-0.0279554627350391,-2.23216908245977e-05,35,"Rate-conserved"
"Pop03","Pop05",0.114816944573794,2.69934864318072e-05,35,"Rate-conserved"
"Pop03","Pop06",0.0364997873816907,6.00185191536437e-06,35,"Rate-conserved"
"Pop03","Pop07",0.0398986461284393,1.01452304485636e-05,35,"Rate-conserved"
"Pop03","Pop09",0.0138754395660848,2.36341301514388e-06,35,"Rate-conserved"
"Pop03","Pop13",0.0202984860742735,1.59721422292809e-05,35,"Rate-conserved"
"Pop04","Pop05",0.098493847909903,3.02595523955485e-05,35,"Rate-conserved"
"Pop05","Pop06",-0.0379588337277682,1.33292988738871e-05,35,"Rate-conserved"
"Pop05","Pop07",-0.0877389878198037,2.96612141610189e-05,35,"Rate-conserved"
"Pop05","Pop08",-0.0225205031353481,9.374147181678e-06,35,"Rate-conserved"
"Pop05","Pop11",-0.0529897191377771,9.70825311759892e-06,35,"Rate-conserved"
"Pop05","Pop14",-0.0397165869502309,1.98784889797609e-05,35,"Rate-conserved"
"Pop05","Pop15",-0.0435371726719895,2.45814646961232e-05,35,"Rate-conserved"
"Pop06","Pop07",-0.0989374803060799,7.25321621846856e-05,35,"Rate-conserved"
"Pop06","Pop08",0.0160655073423205,6.28801267778161e-06,35,"Rate-conserved"
"Pop06","Pop14",0.00932194710266335,8.66047382893732e-06,35,"Rate-conserved"
"Pop06","Pop15",0.0148813095075221,4.51811159932139e-06,35,"Rate-conserved"
"Pop06","Pop17",-0.0274895705891873,2.27536102315215e-06,35,"Rate-conserved"
"Pop06","Pop19",-0.0555438886889335,1.41374499814106e-05,35,"Rate-conserved"
"Pop06","Pop22",-0.0206217419376022,2.61278774077513e-06,35,"Rate-conserved"
"Pop07","Pop08",0.0722459372420981,-2.2805776605271e-06,35,"Rate-conserved"
"Pop07","Pop09",-0.0131820035203671,-3.20982995159595e-06,35,"Rate-conserved"
"Pop08","Pop09",-0.041886971188254,5.70201710637239e-06,35,"Rate-conserved"
"Pop08","Pop10",-0.0516142215115193,8.64767737004931e-07,35,"Rate-conserved"
"Pop08","Pop12",-0.0111069528429169,3.12994172287125e-05,35,"Rate-conserved"
"Pop08","Pop13",-0.0206563640588319,1.06551700127078e-05,35,"Rate-conserved"
"Pop08","Pop14",-0.0151148977967255,1.83777471096039e-06,35,"Rate-conserved"
"Pop08","Pop17",-0.0647571010768962,-3.6663914051591e-06,35,"Rate-conserved"
"Pop08","Pop19",-0.0768743305199033,1.83553805383913e-06,35,"Rate-conserved"
"Pop09","Pop10",-0.0232195069511305,2.73196897635082e-05,35,"Rate-conserved"
"Pop09","Pop11",0.00227235709597989,5.8080287360468e-06,35,"Rate-conserved"
"Pop09","Pop12",0.0349450868249202,1.07619383991819e-06,35,"Rate-conserved"
"Pop09","Pop13",0.00108043854342664,3.49867845892917e-07,35,"Rate-conserved"
"Pop09","Pop14",0.0203831971521239,-1.92170069971232e-06,35,"Rate-conserved"
"Pop10","Pop11",0.0161862922116189,-5.20840247270154e-07,35,"Rate-conserved"
"Pop10","Pop12",0.0280369251858143,1.91979564394725e-06,35,"Rate-conserved"
"Pop10","Pop13",-0.0115529882918993,-3.44834543210831e-07,35,"Rate-conserved"
"Pop10","Pop16",0.00397757327361502,-1.99124909186035e-05,35,"Rate-conserved"
"Pop10","Pop17",-0.0370682928219546,-2.38775944535541e-05,35,"Rate-conserved"
"Pop11","Pop12",0.0235772679833587,5.8070327938713e-06,35,"Rate-conserved"
"Pop11","Pop13",0.0203650462693625,-1.18191917850199e-06,35,"Rate-conserved"
"Pop11","Pop15",0.0169577092848238,-1.62097263957359e-05,35,"Rate-conserved"
"Pop11","Pop16",0.00420834710841742,-1.70947321966282e-05,35,"Rate-conserved"
"Pop11","Pop21",-0.0217790284902931,3.71572078514777e-06,35,"Rate-conserved"
"Pop12","Pop13",0.043542571523665,-1.75769926274691e-05,35,"Rate-conserved"
"Pop12","Pop14",0.00881233392496694,3.0049362371118e-06,35,"Rate-conserved"
"Pop12","Pop15",-0.00623295920952341,-1.75553086504498e-05,35,"Rate-conserved"
"Pop12","Pop16",-0.024966140963058,-1.53830057639982e-05,35,"Rate-conserved"
"Pop13","Pop14",-0.0157282750226537,1.0868694996454e-05,35,"Rate-conserved"
"Pop13","Pop15",-0.0153877859624064,6.6040914677047e-06,35,"Rate-conserved"
"Pop13","Pop17",-0.0296465397949977,-1.51489628721526e-05,35,"Rate-conserved"
"Pop13","Pop19",-0.0519330126016518,1.63516883486091e-06,35,"Rate-conserved"
"Pop13","Pop22",-0.0135438636999634,1.28275045149318e-06,35,"Rate-conserved"
"Pop13","Pop24",-0.0389204302782648,1.21957200068698e-06,35,"Rate-conserved"
"Pop14","Pop15",-0.0176004734701962,-0.000109244102737323,35,"Rate-conserved"
"Pop14","Pop21",-0.0335860126656508,2.18637522091796e-06,35,"Rate-conserved"
"Pop15","Pop16",-0.0314990251906058,-3.7900231747701e-05,35,"Rate-conserved"
"Pop15","Pop23",-0.0471913219740646,3.41797650742798e-06,35,"Rate-conserved"
"Pop16","Pop17",-0.00558757895900666,-4.61142083499681e-05,35,"Rate-conserved"
"Pop16","Pop18",-0.0390283827817581,5.441274432923e-06,35,"Rate-conserved"
"Pop17","Pop18",0.000772738100324355,4.50502154283235e-07,35,"Rate-conserved"
"Pop17","Pop21",0.00306129999132748,4.52807564660825e-06,35,"Rate-conserved"
"Pop18","Pop19",-0.023695289647832,3.00705015680583e-05,35,"Rate-conserved"
"Pop18","Pop20",0.0160644476479138,1.66148811747601e-05,35,"Rate-conserved"
"Pop18","Pop21",0.0147772483616177,6.41577878321539e-06,35,"Rate-conserved"
"Pop18","Pop22",-0.00500742482479985,1.03730192486292e-05,35,"Rate-conserved"
"Pop19","Pop20",0.0371674042965941,1.1073764650626e-05,35,"Rate-conserved"
"Pop19","Pop21",0.0571646405340007,-4.82871719919034e-06,35,"Rate-conserved"
"Pop19","Pop25",0.0280524906783113,-4.33136208094999e-06,35,"Rate-conserved"
"Pop20","Pop21",0.0249426926395972,-2.76941287746561e-06,35,"Rate-conserved"
"Pop20","Pop22",-0.0202230473272114,3.05310126768382e-06,35,"Rate-conserved"
"Pop20","Pop23",-0.0239015990351956,8.52924159598914e-07,35,"Rate-conserved"
"Pop20","Pop24",-0.0699635502260474,-2.73797470427922e-06,35,"Rate-conserved"
"Pop20","Pop25",-0.0157749448295194,-6.54390260898004e-06,35,"Rate-conserved"
"Pop21","Pop22",-0.0498262476308183,6.5492158255067e-06,35,"Rate-conserved"
"Pop21","Pop23",-0.0392038304389771,3.45232746192219e-06,35,"Rate-conserved"
"Pop21","Pop24",-0.0920912296437353,-3.48089250203382e-06,35,"Rate-conserved"
"Pop21","Pop25",-0.0309939589616702,-6.51008884946879e-06,35,"Rate-conserved"
"Pop22","Pop23",-0.0260990352609827,2.99295803633303e-06,35,"Rate-conserved"
"Pop22","Pop25",-0.00486067433582998,-4.81082051936023e-05,35,"Rate-conserved"
"Pop23","Pop24",-0.0536349382182633,-4.51668364950418e-06,35,"Rate-conserved"
"Pop23","Pop25",0.0236746651462063,-9.23332872999719e-06,35,"Rate-conserved"
"Pop24","Pop25",0.0736542851461733,-1.77345638935419e-05,35,"Rate-conserved"
"Pop01","Pop02",0.0129265095729707,0.00213164197042527,36,"Isotropic"
"Pop01","Pop03",-0.079141385011786,-0.00285693792922166,36,"Isotropic"
"Pop01","Pop04",-0.0622976737656772,0.0108078781346358,36,"Isotropic"
"Pop01","Pop05",-0.047840455241508,0.00322799445039314,36,"Isotropic"
"Pop01","Pop06",-0.00621369287451419,0.00514543684011016,36,"Isotropic"
"Pop01","Pop08",-0.0181012068875642,0.0103012387805281,36,"Isotropic"
"Pop01","Pop09",-0.0376866907187299,0.00951185609922987,36,"Isotropic"
"Pop02","Pop03",-0.0880319304007834,0.000673429995789405,36,"Isotropic"
"Pop02","Pop05",-0.0228769661392471,0.00681791376747082,36,"Isotropic"
"Pop02","Pop06",0.0277543247414112,0.00329082560554448,36,"Isotropic"
"Pop02","Pop07",-0.00224775511301971,0.00245264329746935,36,"Isotropic"
"Pop02","Pop08",0.0182089439835127,0.005743779209576,36,"Isotropic"
"Pop02","Pop10",-0.0168172789488176,0.0280194851225659,36,"Isotropic"
"Pop02","Pop13",0.00749739020867685,0.00213116253941138,36,"Isotropic"
"Pop03","Pop04",0.00651845896685332,0.00499940094032267,36,"Isotropic"
"Pop03","Pop06",0.0288565608502409,0.00413639541029889,36,"Isotropic"
"Pop03","Pop11",-0.0229324148880123,0.00630376859092096,36,"Isotropic"
"Pop04","Pop05",-0.011317095428483,0.0103021778180308,36,"Isotropic"
"Pop04","Pop06",0.0690790329810185,0.0049010288756931,36,"Isotropic"
"Pop04","Pop10",-0.0526310215920345,0.0029685055182662,36,"Isotropic"
"Pop05","Pop06",0.0919184308788923,0.00153014043573508,36,"Isotropic"
"Pop05","Pop07",-0.0247210939422688,0.00207357496634056,36,"Isotropic"
"Pop06","Pop07",-0.101824002241895,0.00387472530975191,36,"Isotropic"
"Pop06","Pop08",-0.0327687164872512,0.00520576403521697,36,"Isotropic"
"Pop06","Pop09",-0.0248201762433318,0.000173691918887637,36,"Isotropic"
"Pop06","Pop18",0.00910271179067543,-0.000531396815544794,36,"Isotropic"
"Pop07","Pop08",0.0828422727495448,0.00622240756831128,36,"Isotropic"
"Pop07","Pop09",0.046636433873431,0.00384737130305651,36,"Isotropic"
"Pop08","Pop09",0.00310563198062949,-0.00111854736307964,36,"Isotropic"
"Pop08","Pop10",-0.0376807566714145,0.00104518970471453,36,"Isotropic"
"Pop08","Pop11",-0.0135763776361061,0.00088293978177657,36,"Isotropic"
"Pop09","Pop10",-0.0303427739403106,0.00419196807330302,36,"Isotropic"
"Pop09","Pop11",0.00215094700549354,0.00199621396786945,36,"Isotropic"
"Pop09","Pop12",0.0303190745759362,-1.16228871817467e-06,36,"Isotropic"
"Pop09","Pop18",0.0314881685448864,-1.95099739268189e-05,36,"Isotropic"
"Pop10","Pop11",0.0309866350192088,0.00466915001897471,36,"Isotropic"
"Pop10","Pop13",0.0287891855506825,-0.000751579824619736,36,"Isotropic"
"Pop10","Pop17",0.0872557031665101,-0.0027925689197962,36,"Isotropic"
"Pop11","Pop12",0.0215342552356787,-0.00222469841651364,36,"Isotropic"
"Pop11","Pop14",0.0525614944533736,-0.00276061562929343,36,"Isotropic"
"Pop11","Pop15",0.0614749511602243,-0.00350571433141786,36,"Isotropic"
"Pop11","Pop16",0.0385889264450407,-0.00224076662531675,36,"Isotropic"
"Pop12","Pop13",-0.00598173921197373,-0.00301845556901107,36,"Isotropic"
"Pop12","Pop14",0.0361521695272369,-0.00121396324136952,36,"Isotropic"
"Pop12","Pop15",0.027254210188991,-0.000467457555632875,36,"Isotropic"
"Pop12","Pop17",0.0469598058758492,-0.00466844855938088,36,"Isotropic"
"Pop12","Pop18",0.0234600619713575,-0.002065571109354,36,"Isotropic"
"Pop12","Pop20",0.0588621652176062,-0.0136400783654049,36,"Isotropic"
"Pop13","Pop14",0.0461581077180276,0.00283515350020337,36,"Isotropic"
"Pop13","Pop15",0.0407417398842837,-0.00232882288087607,36,"Isotropic"
"Pop13","Pop16",0.0305044530335068,-0.00247157255496478,36,"Isotropic"
"Pop13","Pop17",0.0648364314569005,-0.00331295218087551,36,"Isotropic"
"Pop13","Pop23",0.0170482358776855,-0.00969999707440586,36,"Isotropic"
"Pop14","Pop15",-0.0242174179075219,-0.0066444957507052,36,"Isotropic"
"Pop14","Pop16",-0.027381009003076,-0.00228647634472025,36,"Isotropic"
"Pop14","Pop18",0.0039466146685492,-0.00584578986501321,36,"Isotropic"
"Pop14","Pop19",0.0253028490368313,-0.00519231291214546,36,"Isotropic"
"Pop14","Pop20",0.0292204710738097,-0.0100423461995114,36,"Isotropic"
"Pop14","Pop21",0.0476568226075625,-0.0120498738106625,36,"Isotropic"
"Pop14","Pop22",0.055841369682635,-0.0161004256414394,36,"Isotropic"
"Pop15","Pop16",-0.0176500400926826,0.00121009083344513,36,"Isotropic"
"Pop15","Pop17",0.0340162476885594,-0.00246235952014011,36,"Isotropic"
"Pop15","Pop18",0.0172445971217665,-0.00357955306847779,36,"Isotropic"
"Pop15","Pop19",0.0141829789602246,-0.00904056624693003,36,"Isotropic"
"Pop16","Pop17",0.0461090262223538,-0.0107525416682312,36,"Isotropic"
"Pop16","Pop18",0.0372858334863537,-0.00438692438289193,36,"Isotropic"
"Pop16","Pop20",0.0490795110668335,-0.0105638002555267,36,"Isotropic"
"Pop16","Pop21",0.0695562497184025,-0.00786391578466522,36,"Isotropic"
"Pop17","Pop18",-0.00481697874698678,-0.00215522892638444,36,"Isotropic"
"Pop17","Pop20",-0.00818012026789951,-0.0103449006464979,36,"Isotropic"
"Pop17","Pop21",0.0222527635934129,-0.0195050694140385,36,"Isotropic"
"Pop17","Pop23",-0.122218929868824,-0.0255230635184945,36,"Isotropic"
"Pop17","Pop24",0.034484678438936,-0.059116398560549,36,"Isotropic"
"Pop17","Pop25",0.0188265926238606,-0.0639378202877591,36,"Isotropic"
"Pop18","Pop19",-0.0382360838403456,-0.00973209055172612,36,"Isotropic"
"Pop18","Pop20",0.0069975916500189,-0.00720442253289701,36,"Isotropic"
"Pop18","Pop24",0.0291911951261262,-0.221058930119939,36,"Isotropic"
"Pop18","Pop25",0.0132437588766141,-0.132720521307586,36,"Isotropic"
"Pop19","Pop20",0.0399336336570891,-0.0185744857257127,36,"Isotropic"
"Pop19","Pop21",0.0505080557324148,-0.072924220067804,36,"Isotropic"
"Pop19","Pop24",0.0272989583567288,-0.0515085891603518,36,"Isotropic"
"Pop19","Pop25",0.00410692504165006,-0.0414374280275591,36,"Isotropic"
"Pop20","Pop21",0.0118159959319524,-0.00279698481380375,36,"Isotropic"
"Pop20","Pop22",-0.0269383440688776,-0.0203114800486331,36,"Isotropic"
"Pop20","Pop24",-0.00376606988842648,-0.155055084389078,36,"Isotropic"
"Pop21","Pop22",-0.0666772439985049,-0.0748746933978539,36,"Isotropic"
"Pop21","Pop23",-0.219081689047181,-0.100860732796392,36,"Isotropic"
"Pop21","Pop24",-0.0343200172026835,-0.0988717732333076,36,"Isotropic"
"Pop21","Pop25",-0.0672427485131299,-0.155364256821469,36,"Isotropic"
"Pop22","Pop23",-0.17182471504258,-0.107242524161772,36,"Isotropic"
"Pop22","Pop24",0.0080975991261168,-0.0741720719560763,36,"Isotropic"
"Pop22","Pop25",-0.0272074621641359,-0.195219280717234,36,"Isotropic"
"Pop24","Pop25",-0.0403203606179577,-0.0985612452676498,36,"Isotropic"
"Pop01","Pop03",0.276125399615635,-55323806768.178,36,"Flux-conserved"
"Pop01","Pop23",0.15337295429737,-55323806768.1479,36,"Flux-conserved"
"Pop01","Pop25",0.0279819414052858,-13796287652.7085,36,"Flux-conserved"
"Pop02","Pop03",0.276125399615635,-55323806768.178,36,"Flux-conserved"
"Pop02","Pop23",0.15337295429737,-55323806768.1479,36,"Flux-conserved"
"Pop02","Pop25",0.0279819414052858,-13796287652.7085,36,"Flux-conserved"
"Pop03","Pop04",-0.276125399615635,55323806768.178,36,"Flux-conserved"
"Pop03","Pop07",-0.265395406179472,0.0154614861337848,36,"Flux-conserved"
"Pop04","Pop23",0.15337295429737,-55323806768.1479,36,"Flux-conserved"
"Pop04","Pop25",0.0279819414052858,-13796287652.7085,36,"Flux-conserved"
"Pop05","Pop06",0.275769028603502,-0.0106556871260884,36,"Flux-conserved"
"Pop05","Pop08",-0.176245622638623,0.000681120332868606,36,"Flux-conserved"
"Pop06","Pop07",-0.247393108767449,-0.0119372968506551,36,"Flux-conserved"
"Pop08","Pop09",0.504157457344719,0.000368989633367964,36,"Flux-conserved"
"Pop09","Pop14",0.014776909647638,0.00376340282977461,36,"Flux-conserved"
"Pop10","Pop13",0.0182314919792423,0.00121571592311399,36,"Flux-conserved"
"Pop10","Pop18",0.0395394099801442,0.000264526353384302,36,"Flux-conserved"
"Pop10","Pop19",-0.234135820200462,-55323806768.1483,36,"Flux-conserved"
"Pop11","Pop12",-0.344527402843681,0.000148666635607073,36,"Flux-conserved"
"Pop11","Pop15",0.0269529266500378,-0.00376340282977461,36,"Flux-conserved"
"Pop12","Pop14",0.344527402843682,-0.000148666635607073,36,"Flux-conserved"
"Pop13","Pop15",0.279188619631003,0.000721877675228001,36,"Flux-conserved"
"Pop16","Pop17",-0.00128920161157275,-0.0189898531799805,36,"Flux-conserved"
"Pop16","Pop18",-0.135245880654217,9.54158748605136e-05,36,"Flux-conserved"
"Pop17","Pop18",-0.130996221375724,0.000395807201721502,36,"Flux-conserved"
"Pop18","Pop19",-0.220405578456283,0.00132782131857478,36,"Flux-conserved"
"Pop19","Pop20",-0.0070744547609573,0.000369833896774107,36,"Flux-conserved"
"Pop19","Pop23",-0.0642602170309684,7.41567741270506e-05,36,"Flux-conserved"
"Pop20","Pop21",-0.00166369422450602,0.000217312741888747,36,"Flux-conserved"
"Pop20","Pop22",-0.00582454719551898,2.19941950280317e-05,36,"Flux-conserved"
"Pop20","Pop23",0.0336828699983343,1.5114286058845e-05,36,"Flux-conserved"
"Pop20","Pop24",-0.0536069083934635,8.58053248387186e-05,36,"Flux-conserved"
"Pop21","Pop22",0.00191568687306154,-3.90522436632602e-06,36,"Flux-conserved"
"Pop21","Pop23",0.0858975623605659,3.64317316530486e-06,36,"Flux-conserved"
"Pop21","Pop24",-0.0398746549665399,1.43031165880532e-05,36,"Flux-conserved"
"Pop21","Pop25",-0.0453644721983413,2.84210130196276e-06,36,"Flux-conserved"
"Pop22","Pop23",0.0875407312045164,1.67221453970023e-05,36,"Flux-conserved"
"Pop22","Pop24",-0.03740532284195,3.40757482898924e-05,36,"Flux-conserved"
"Pop22","Pop25",-0.023928595213773,3.41058624216271e-06,36,"Flux-conserved"
"Pop23","Pop24",-0.0771157201880982,4.2903587710893e-06,36,"Flux-conserved"
"Pop23","Pop25",-0.0557507947231041,-6.61228495611813e-06,36,"Flux-conserved"
"Pop24","Pop25",0.0495717705198248,1.11651747725761e-05,36,"Flux-conserved"
"Pop01","Pop02",-0.113723891560208,-0.00138039263775411,36,"Rate-conserved"
"Pop01","Pop03",-0.0128028681888736,-0.000832567839340825,36,"Rate-conserved"
"Pop01","Pop04",-0.0405057946035761,0.000290217739077791,36,"Rate-conserved"
"Pop01","Pop07",0.0364602922098727,0.00352333983068225,36,"Rate-conserved"
"Pop02","Pop03",-0.0533719947186843,0.00350505279525526,36,"Rate-conserved"
"Pop02","Pop07",0.0171473694287092,0.00246447374970081,36,"Rate-conserved"
"Pop02","Pop08",0.0397237802745486,0.00137261180363452,36,"Rate-conserved"
"Pop02","Pop10",0.00258062706259549,0.00353918526855103,36,"Rate-conserved"
"Pop02","Pop15",-0.0654480725012766,0.00683179016389863,36,"Rate-conserved"
"Pop03","Pop07",0.0488221531359938,0.012224676646597,36,"Rate-conserved"
"Pop03","Pop08",-0.0871647877829916,0.00163951709801565,36,"Rate-conserved"
"Pop04","Pop05",-0.0272861042077964,0.00149886865368859,36,"Rate-conserved"
"Pop04","Pop06",-0.0383916467557739,0.000497673819563094,36,"Rate-conserved"
"Pop04","Pop08",-0.0545903932408727,0.0013503655979384,36,"Rate-conserved"
"Pop05","Pop06",0.315660243881624,0.00289503382583822,36,"Rate-conserved"
"Pop06","Pop08",0.091408024307746,0.000139633358428723,36,"Rate-conserved"
"Pop06","Pop11",-0.0214166855270054,9.01474262271603e-05,36,"Rate-conserved"
"Pop06","Pop12",-0.0572289047956046,3.72488241681945e-05,36,"Rate-conserved"
"Pop07","Pop08",-0.0162861367240328,0.000425066493404467,36,"Rate-conserved"
"Pop07","Pop10",-0.112166668033741,0.00148008612039247,36,"Rate-conserved"
"Pop08","Pop09",-0.125133562996009,7.12368119162373e-05,36,"Rate-conserved"
"Pop08","Pop10",-0.0384839151672382,3.9725261585454e-05,36,"Rate-conserved"
"Pop08","Pop12",-0.0552813150533769,9.02641192436593e-05,36,"Rate-conserved"
"Pop08","Pop15",-0.0673000258325446,1.49134332174901e-05,36,"Rate-conserved"
"Pop09","Pop10",0.084352609064942,-4.18600657489551e-05,36,"Rate-conserved"
"Pop09","Pop11",0.0841173708313846,1.61470653593492e-05,36,"Rate-conserved"
"Pop09","Pop12",0.0278279747578744,5.1743372298927e-05,36,"Rate-conserved"
"Pop09","Pop15",-0.0590107038652295,1.28427112147399e-05,36,"Rate-conserved"
"Pop10","Pop11",-0.00298954512498989,4.53739186527741e-05,36,"Rate-conserved"
"Pop10","Pop12",-0.0383245418181867,2.98010839984612e-05,36,"Rate-conserved"
"Pop10","Pop13",-0.0791362848275868,1.08306498967343e-05,36,"Rate-conserved"
"Pop11","Pop12",0.0165456544184116,2.30141935939874e-05,36,"Rate-conserved"
"Pop11","Pop13",-0.0214934089560714,1.26970765233599e-05,36,"Rate-conserved"
"Pop11","Pop14",-0.0241611180420217,4.07942569019083e-05,36,"Rate-conserved"
"Pop11","Pop16",-0.0963143257526592,8.45229766698332e-06,36,"Rate-conserved"
"Pop11","Pop18",-0.0480535174052668,1.33768443936663e-05,36,"Rate-conserved"
"Pop12","Pop13",-0.0368253837575967,1.84304972470858e-05,36,"Rate-conserved"
"Pop12","Pop14",-0.0281315367787754,8.17275094235488e-06,36,"Rate-conserved"
"Pop12","Pop15",-0.027570061063169,3.80462366446101e-06,36,"Rate-conserved"
"Pop12","Pop18",-0.0403524490763021,1.18361587837561e-05,36,"Rate-conserved"
"Pop12","Pop19",-0.0582428473377727,7.22270746336072e-06,36,"Rate-conserved"
"Pop13","Pop14",-0.00562046695164206,8.2503132424097e-06,36,"Rate-conserved"
"Pop13","Pop15",0.00272615138481502,4.12645820040511e-06,36,"Rate-conserved"
"Pop13","Pop16",-0.0672799279264406,5.68298396781467e-06,36,"Rate-conserved"
"Pop13","Pop18",-0.00797333209256412,1.36499440206397e-05,36,"Rate-conserved"
"Pop13","Pop19",-0.0504194383554217,5.19366255940576e-06,36,"Rate-conserved"
"Pop14","Pop15",0.00857163782407519,-3.01288564975505e-06,36,"Rate-conserved"
"Pop14","Pop16",-0.0674859928898045,3.68735936905366e-06,36,"Rate-conserved"
"Pop14","Pop17",-0.0585425449223184,8.55961060068103e-06,36,"Rate-conserved"
"Pop14","Pop18",0.0084617658419589,1.02267057098594e-05,36,"Rate-conserved"
"Pop15","Pop16",-0.0590655680799438,5.00884899006388e-06,36,"Rate-conserved"
"Pop15","Pop17",-0.0505942687496547,3.20088117609407e-06,36,"Rate-conserved"
"Pop15","Pop18",-0.00710683463804537,4.27921067594507e-06,36,"Rate-conserved"
"Pop16","Pop17",0.00404133012345759,-2.6484063230136e-06,36,"Rate-conserved"
"Pop16","Pop19",0.0192538463919877,1.83825131952772e-06,36,"Rate-conserved"
"Pop16","Pop25",-0.0383373354924794,-2.3432573546941e-06,36,"Rate-conserved"
"Pop17","Pop18",0.0439246717353988,-8.86479252756412e-07,36,"Rate-conserved"
"Pop17","Pop19",0.0100220763345774,5.15665700197939e-06,36,"Rate-conserved"
"Pop17","Pop21",-0.048137513129004,-4.90998926998902e-07,36,"Rate-conserved"
"Pop17","Pop23",-0.00734058116440168,-1.27922244777056e-06,36,"Rate-conserved"
"Pop18","Pop19",-0.0270742111627058,2.22292576890182e-06,36,"Rate-conserved"
"Pop18","Pop21",-0.0656656846168786,4.02117810833912e-07,36,"Rate-conserved"
"Pop18","Pop24",-0.0677646704461461,-1.02526470796421e-06,36,"Rate-conserved"
"Pop19","Pop20",-0.105490141757914,-1.495861417741e-06,36,"Rate-conserved"
"Pop19","Pop22",-0.0319192166485394,-2.24363135397527e-07,36,"Rate-conserved"
"Pop19","Pop23",-0.0142790577056659,1.39616052645598e-07,36,"Rate-conserved"
"Pop20","Pop21",0.0254863569401997,6.22529322422839e-06,36,"Rate-conserved"
"Pop20","Pop22",0.0328313652236721,1.4394889896632e-06,36,"Rate-conserved"
"Pop20","Pop23",0.0483878142464504,9.57560539808112e-07,36,"Rate-conserved"
"Pop20","Pop25",-0.0309761466202446,5.85925196211906e-07,36,"Rate-conserved"
"Pop21","Pop22",0.0192857570735463,2.2525225642006e-06,36,"Rate-conserved"
"Pop21","Pop23",0.0448042635903051,-2.79927543821911e-06,36,"Rate-conserved"
"Pop21","Pop25",-0.0202068227441014,-2.33375715257207e-06,36,"Rate-conserved"
"Pop22","Pop23",0.0365635113087026,-1.44692300048205e-07,36,"Rate-conserved"
"Pop22","Pop24",-0.0987053043980083,-3.2696186876321e-06,36,"Rate-conserved"
"Pop22","Pop25",-0.0495539650725036,-1.90495312682991e-06,36,"Rate-conserved"
"Pop23","Pop24",-0.13781619201111,-7.83908603722789e-06,36,"Rate-conserved"
"Pop23","Pop25",-0.0588003359326412,-4.27589217144708e-06,36,"Rate-conserved"
"Pop24","Pop25",0.112174498179064,-1.05958557209993e-06,36,"Rate-conserved"
"Pop01","Pop02",-0.089344500681616,0.289018677138661,37,"Isotropic"
"Pop01","Pop04",0.070251580235685,0.0558592765226603,37,"Isotropic"
"Pop01","Pop05",0.0668061319529718,0.00717712019845333,37,"Isotropic"
"Pop01","Pop06",0.0486222754603713,-0.0158837681012325,37,"Isotropic"
"Pop01","Pop08",0.0473039523038531,-0.00690598627848773,37,"Isotropic"
"Pop01","Pop15",0.0116456013634191,0.00923559211218876,37,"Isotropic"
"Pop02","Pop03",0.0527228963779359,0.0167457838577807,37,"Isotropic"
"Pop02","Pop04",0.0514899319054379,0.00785698623903779,37,"Isotropic"
"Pop02","Pop05",0.000271644297587803,0.00553950624897618,37,"Isotropic"
"Pop03","Pop04",0.076712433294733,-0.0165682171038042,37,"Isotropic"
"Pop03","Pop05",0.0644758693843173,-0.0211790118787472,37,"Isotropic"
"Pop03","Pop06",0.0411630227592051,-0.0154316510083575,37,"Isotropic"
"Pop03","Pop11",0.0442629475353826,0.00161920196084335,37,"Isotropic"
"Pop03","Pop17",0.0284048106721775,0.00224029976675314,37,"Isotropic"
"Pop04","Pop05",-0.00775131280602101,-0.0209679506877335,37,"Isotropic"
"Pop04","Pop08",0.0217474896975353,-0.0212810912802694,37,"Isotropic"
"Pop04","Pop10",0.0173359883360306,-0.00216804136307012,37,"Isotropic"
"Pop04","Pop11",0.027381334291353,0.0027742781133303,37,"Isotropic"
"Pop04","Pop13",0.0200212873150293,0.00302785902750995,37,"Isotropic"
"Pop04","Pop15",-0.00249679283409353,0.00540184484687219,37,"Isotropic"
"Pop05","Pop06",-0.0268850830315137,-0.0316588607427713,37,"Isotropic"
"Pop05","Pop08",0.0202264852311138,-0.0297926111788339,37,"Isotropic"
"Pop05","Pop12",0.0156731903807702,0.0153646111569942,37,"Isotropic"
"Pop05","Pop20",0.00427415237171842,0.00381905623922314,37,"Isotropic"
"Pop06","Pop07",-0.0653655758983787,0.0170651237393982,37,"Isotropic"
"Pop06","Pop08",0.0415555858629945,-0.0541618875605563,37,"Isotropic"
"Pop06","Pop09",0.0343351813334802,0.00807951488404328,37,"Isotropic"
"Pop06","Pop15",-0.0101197590841074,0.0345310580616342,37,"Isotropic"
"Pop07","Pop08",0.141618980554199,-0.0838621277361263,37,"Isotropic"
"Pop07","Pop09",0.114008367708571,-0.0556845956462347,37,"Isotropic"
"Pop07","Pop10",0.0207756686802751,0.0378011361534556,37,"Isotropic"
"Pop08","Pop09",-0.0339210057009851,0.242398713209835,37,"Isotropic"
"Pop08","Pop10",-0.024871983521489,0.0614831803309848,37,"Isotropic"
"Pop08","Pop12",0.0105170590846771,0.014167266315775,37,"Isotropic"
"Pop08","Pop13",0.00639782304980723,0.00594137814737491,37,"Isotropic"
"Pop08","Pop14",0.022333906913067,0.0149483974855897,37,"Isotropic"
"Pop09","Pop10",-0.00768268248272694,0.0200403888574735,37,"Isotropic"
"Pop09","Pop11",0.0203701898565647,0.037554505902725,37,"Isotropic"
"Pop09","Pop12",0.0218213819607598,0.00864697538300255,37,"Isotropic"
"Pop09","Pop13",-0.00241098902292643,0.00208629213301596,37,"Isotropic"
"Pop09","Pop14",0.0122927616462927,0.00824119380234934,37,"Isotropic"
"Pop10","Pop11",0.0472316258409491,0.0289340805624502,37,"Isotropic"
"Pop10","Pop13",0.0395947307150763,0.0090449967292654,37,"Isotropic"
"Pop10","Pop16",0.022627494839234,0.0181681081272504,37,"Isotropic"
"Pop10","Pop18",0.0155760904686541,0.00769885775735916,37,"Isotropic"
"Pop11","Pop12",0.00804015250360593,0.0276980976866729,37,"Isotropic"
"Pop11","Pop13",0.0193840356444537,-0.00840764808815605,37,"Isotropic"
"Pop11","Pop14",0.0145773228530333,0.00353812818007405,37,"Isotropic"
"Pop11","Pop15",-0.0198083336689114,0.0167305180404086,37,"Isotropic"
"Pop11","Pop16",0.00538084270699127,0.00489978583788606,37,"Isotropic"
"Pop11","Pop17",0.012256764886304,0.00872422267080557,37,"Isotropic"
"Pop11","Pop19",-0.0181464880645523,0.00696428821685741,37,"Isotropic"
"Pop12","Pop13",0.0134819414297138,-0.0228168480577574,37,"Isotropic"
"Pop12","Pop14",0.0118996159553564,-0.00263570830686711,37,"Isotropic"
"Pop12","Pop15",-0.0197308701648412,0.0105874295715542,37,"Isotropic"
"Pop12","Pop16",0.00644192704632993,0.00756511872995594,37,"Isotropic"
"Pop12","Pop17",0.0112439177543309,0.00912465618937198,37,"Isotropic"
"Pop12","Pop18",0.00325416068714124,-0.000107383434588212,37,"Isotropic"
"Pop12","Pop20",0.00841224264953377,0.00384763937078751,37,"Isotropic"
"Pop12","Pop23",-0.0165827442276487,-0.0020960481289819,37,"Isotropic"
"Pop13","Pop14",-0.00917710558244976,0.0251771331113529,37,"Isotropic"
"Pop13","Pop15",-0.0300915725791782,0.0169052965369237,37,"Isotropic"
"Pop13","Pop16",-0.00792716183860935,0.0106644097001135,37,"Isotropic"
"Pop13","Pop17",-2.90401555266134e-05,0.0166541535572164,37,"Isotropic"
"Pop13","Pop19",-0.0313564222376995,0.0163561192613237,37,"Isotropic"
"Pop13","Pop20",0.0033656450721903,0.0078118202930213,37,"Isotropic"
"Pop13","Pop21",0.00820403449956735,0.00211324143300088,37,"Isotropic"
"Pop13","Pop23",-0.0227908328359271,2.64003675927551e-05,37,"Isotropic"
"Pop14","Pop15",-0.0230866366446319,0.0380592718289116,37,"Isotropic"
"Pop14","Pop16",-0.0199783187816478,0.0250996695878552,37,"Isotropic"
"Pop14","Pop17",0.00220157004871768,-0.000359053089699284,37,"Isotropic"
"Pop14","Pop18",-0.0399042260715014,0.00352598568279636,37,"Isotropic"
"Pop14","Pop19",-0.0380075728060126,0.00836289737076611,37,"Isotropic"
"Pop14","Pop20",-0.00564782255495465,0.00710583852033589,37,"Isotropic"
"Pop14","Pop21",-0.00806048564269012,-0.00143156919683296,37,"Isotropic"
"Pop15","Pop16",0.00672478515360879,0.0033113749286387,37,"Isotropic"
"Pop15","Pop17",0.0306314544269979,-0.00376227740257928,37,"Isotropic"
"Pop15","Pop20",0.0302668115456492,-0.00464399001913506,37,"Isotropic"
"Pop15","Pop25",-0.0172556205238616,-0.0121408842641759,37,"Isotropic"
"Pop16","Pop17",0.0259580008805604,-0.0270287672172669,37,"Isotropic"
"Pop16","Pop18",-0.0276080552707544,-0.0233823249278727,37,"Isotropic"
"Pop16","Pop20",0.01515747885883,-0.00864486494970214,37,"Isotropic"
"Pop16","Pop21",0.00230563594721131,-0.00530783437995199,37,"Isotropic"
"Pop17","Pop18",-0.0523819285963029,-0.0122661939538944,37,"Isotropic"
"Pop17","Pop19",-0.0359283012455183,-0.00618980554225033,37,"Isotropic"
"Pop17","Pop20",-0.000390778285133772,-0.00356535947440557,37,"Isotropic"
"Pop17","Pop21",-0.00368738213147489,-0.0030685595079715,37,"Isotropic"
"Pop17","Pop22",0.00879105170895804,-0.00888482915163363,37,"Isotropic"
"Pop17","Pop23",-0.0412874792016504,-0.0117520351967291,37,"Isotropic"
"Pop18","Pop19",0.00983749180884816,-0.011868079920122,37,"Isotropic"
"Pop18","Pop20",0.0442108780095742,0.0102643921462302,37,"Isotropic"
"Pop18","Pop21",0.0182666434981082,-0.000550995178102469,37,"Isotropic"
"Pop19","Pop20",0.0422683485801418,0.0182376408221391,37,"Isotropic"
"Pop19","Pop21",0.0261171802833703,-0.000718639421032752,37,"Isotropic"
"Pop19","Pop22",0.0208790384867743,-0.00562195180370153,37,"Isotropic"
"Pop19","Pop25",-0.0652867627593015,-0.0586203593565633,37,"Isotropic"
"Pop20","Pop21",-0.0179646022078676,-0.0141817055441917,37,"Isotropic"
"Pop20","Pop22",-0.0524240034242256,-0.0453883923910149,37,"Isotropic"
"Pop20","Pop23",-0.0800959247043016,-0.096953133776834,37,"Isotropic"
"Pop20","Pop24",-0.0123289861183928,-0.0900915281832918,37,"Isotropic"
"Pop21","Pop22",-0.0559152618076043,-0.209194390999796,37,"Isotropic"
"Pop21","Pop23",-0.075106423756641,-0.0659009637340202,37,"Isotropic"
"Pop21","Pop24",-0.055126584662377,-0.196763205358824,37,"Isotropic"
"Pop21","Pop25",-0.139196325558364,-0.390439371565246,37,"Isotropic"
"Pop22","Pop23",-0.0172106822830455,-0.0287453469328863,37,"Isotropic"
"Pop22","Pop24",-0.0549028268047666,-0.371558159566539,37,"Isotropic"
"Pop22","Pop25",-0.116063840273683,-0.421032590508595,37,"Isotropic"
"Pop23","Pop24",-0.0320718536618146,-0.0640476260189868,37,"Isotropic"
"Pop24","Pop25",-0.029730170752888,-0.880260987026879,37,"Isotropic"
"Pop01","Pop13",0.0778263991693729,NA,37,"Flux-conserved"
"Pop01","Pop15",0.0776234546494145,NA,37,"Flux-conserved"
"Pop01","Pop17",0.0246620963967192,-35512270865.9039,37,"Flux-conserved"
"Pop01","Pop18",0.0736887843645948,-35512270865.904,37,"Flux-conserved"
"Pop01","Pop19",0.0784795224444816,NA,37,"Flux-conserved"
"Pop01","Pop20",0.0705295003216086,NA,37,"Flux-conserved"
"Pop01","Pop21",0.0443536164313819,-35512270865.904,37,"Flux-conserved"
"Pop01","Pop22",0.0500899836433402,-35512270865.9039,37,"Flux-conserved"
"Pop01","Pop24",-0.0514922766309736,-35512270865.9039,37,"Flux-conserved"
"Pop01","Pop25",-0.0585684638664028,NA,37,"Flux-conserved"
"Pop02","Pop13",0.0778263991693729,NA,37,"Flux-conserved"
"Pop02","Pop15",0.0776234546494145,NA,37,"Flux-conserved"
"Pop02","Pop17",0.0246620963967192,-35512270865.9039,37,"Flux-conserved"
"Pop02","Pop18",0.0736887843645948,-35512270865.904,37,"Flux-conserved"
"Pop02","Pop19",0.0784795224444816,NA,37,"Flux-conserved"
"Pop02","Pop20",0.0705295003216086,NA,37,"Flux-conserved"
"Pop02","Pop21",0.0443536164313819,-35512270865.904,37,"Flux-conserved"
"Pop02","Pop22",0.0500899836433402,-35512270865.9039,37,"Flux-conserved"
"Pop02","Pop24",-0.0514922766309736,-35512270865.9039,37,"Flux-conserved"
"Pop02","Pop25",-0.0585684638664028,NA,37,"Flux-conserved"
"Pop03","Pop13",0.0778263991693729,NA,37,"Flux-conserved"
"Pop03","Pop15",0.0776234546494145,NA,37,"Flux-conserved"
"Pop03","Pop17",0.0246620963967192,-35512270865.9039,37,"Flux-conserved"
"Pop03","Pop18",0.0736887843645948,-35512270865.904,37,"Flux-conserved"
"Pop03","Pop19",0.0784795224444816,NA,37,"Flux-conserved"
"Pop03","Pop20",0.0705295003216086,NA,37,"Flux-conserved"
"Pop03","Pop21",0.0443536164313819,-35512270865.904,37,"Flux-conserved"
"Pop03","Pop22",0.0500899836433402,-35512270865.9039,37,"Flux-conserved"
"Pop03","Pop24",-0.0514922766309736,-35512270865.9039,37,"Flux-conserved"
"Pop03","Pop25",-0.0585684638664028,NA,37,"Flux-conserved"
"Pop04","Pop13",0.0778263991693729,NA,37,"Flux-conserved"
"Pop04","Pop15",0.0776234546494145,NA,37,"Flux-conserved"
"Pop04","Pop17",0.0246620963967192,-35512270865.9039,37,"Flux-conserved"
"Pop04","Pop18",0.0736887843645948,-35512270865.904,37,"Flux-conserved"
"Pop04","Pop19",0.0784795224444816,NA,37,"Flux-conserved"
"Pop04","Pop20",0.0705295003216086,NA,37,"Flux-conserved"
"Pop04","Pop21",0.0443536164313819,-35512270865.904,37,"Flux-conserved"
"Pop04","Pop22",0.0500899836433402,-35512270865.9039,37,"Flux-conserved"
"Pop04","Pop24",-0.0514922766309736,-35512270865.9039,37,"Flux-conserved"
"Pop04","Pop25",-0.0585684638664028,NA,37,"Flux-conserved"
"Pop05","Pop13",0.0778263991693729,NA,37,"Flux-conserved"
"Pop05","Pop15",0.0776234546494145,NA,37,"Flux-conserved"
"Pop05","Pop17",0.0246620963967192,-35512270865.9039,37,"Flux-conserved"
"Pop05","Pop18",0.0736887843645948,-35512270865.904,37,"Flux-conserved"
"Pop05","Pop19",0.0784795224444816,NA,37,"Flux-conserved"
"Pop05","Pop20",0.0705295003216086,NA,37,"Flux-conserved"
"Pop05","Pop21",0.0443536164313819,-35512270865.904,37,"Flux-conserved"
"Pop05","Pop22",0.0500899836433402,-35512270865.9039,37,"Flux-conserved"
"Pop05","Pop24",-0.0514922766309736,-35512270865.9039,37,"Flux-conserved"
"Pop05","Pop25",-0.0585684638664028,NA,37,"Flux-conserved"
"Pop06","Pop13",0.0778263991693729,NA,37,"Flux-conserved"
"Pop06","Pop15",0.0776234546494145,NA,37,"Flux-conserved"
"Pop06","Pop17",0.0246620963967192,-35512270865.9039,37,"Flux-conserved"
"Pop06","Pop18",0.0736887843645948,-35512270865.904,37,"Flux-conserved"
"Pop06","Pop19",0.0784795224444816,NA,37,"Flux-conserved"
"Pop06","Pop20",0.0705295003216086,NA,37,"Flux-conserved"
"Pop06","Pop21",0.0443536164313819,-35512270865.904,37,"Flux-conserved"
"Pop06","Pop22",0.0500899836433402,-35512270865.9039,37,"Flux-conserved"
"Pop06","Pop24",-0.0514922766309736,-35512270865.9039,37,"Flux-conserved"
"Pop06","Pop25",-0.0585684638664028,NA,37,"Flux-conserved"
"Pop07","Pop13",0.0778263991693729,NA,37,"Flux-conserved"
"Pop07","Pop15",0.0776234546494145,NA,37,"Flux-conserved"
"Pop07","Pop17",0.0246620963967192,-35512270865.9039,37,"Flux-conserved"
"Pop07","Pop18",0.0736887843645948,-35512270865.904,37,"Flux-conserved"
"Pop07","Pop19",0.0784795224444816,NA,37,"Flux-conserved"
"Pop07","Pop20",0.0705295003216086,NA,37,"Flux-conserved"
"Pop07","Pop21",0.0443536164313819,-35512270865.904,37,"Flux-conserved"
"Pop07","Pop22",0.0500899836433402,-35512270865.9039,37,"Flux-conserved"
"Pop07","Pop24",-0.0514922766309736,-35512270865.9039,37,"Flux-conserved"
"Pop07","Pop25",-0.0585684638664028,NA,37,"Flux-conserved"
"Pop08","Pop13",0.0778263991693729,NA,37,"Flux-conserved"
"Pop08","Pop15",0.0776234546494145,NA,37,"Flux-conserved"
"Pop08","Pop17",0.0246620963967192,-35512270865.9039,37,"Flux-conserved"
"Pop08","Pop18",0.0736887843645948,-35512270865.904,37,"Flux-conserved"
"Pop08","Pop19",0.0784795224444816,NA,37,"Flux-conserved"
"Pop08","Pop20",0.0705295003216086,NA,37,"Flux-conserved"
"Pop08","Pop21",0.0443536164313819,-35512270865.904,37,"Flux-conserved"
"Pop08","Pop22",0.0500899836433402,-35512270865.9039,37,"Flux-conserved"
"Pop08","Pop24",-0.0514922766309736,-35512270865.9039,37,"Flux-conserved"
"Pop08","Pop25",-0.0585684638664028,NA,37,"Flux-conserved"
"Pop09","Pop13",0.0778263991693729,NA,37,"Flux-conserved"
"Pop09","Pop15",0.0776234546494145,NA,37,"Flux-conserved"
"Pop09","Pop17",0.0246620963967192,-35512270865.9039,37,"Flux-conserved"
"Pop09","Pop18",0.0736887843645948,-35512270865.904,37,"Flux-conserved"
"Pop09","Pop19",0.0784795224444816,NA,37,"Flux-conserved"
"Pop09","Pop20",0.0705295003216086,NA,37,"Flux-conserved"
"Pop09","Pop21",0.0443536164313819,-35512270865.904,37,"Flux-conserved"
"Pop09","Pop22",0.0500899836433402,-35512270865.9039,37,"Flux-conserved"
"Pop09","Pop24",-0.0514922766309736,-35512270865.9039,37,"Flux-conserved"
"Pop09","Pop25",-0.0585684638664028,NA,37,"Flux-conserved"
"Pop10","Pop13",0.0778263991693729,NA,37,"Flux-conserved"
"Pop10","Pop15",0.0776234546494145,NA,37,"Flux-conserved"
"Pop10","Pop17",0.0246620963967192,-35512270865.9039,37,"Flux-conserved"
"Pop10","Pop18",0.0736887843645948,-35512270865.904,37,"Flux-conserved"
"Pop10","Pop19",0.0784795224444816,NA,37,"Flux-conserved"
"Pop10","Pop20",0.0705295003216086,NA,37,"Flux-conserved"
"Pop10","Pop21",0.0443536164313819,-35512270865.904,37,"Flux-conserved"
"Pop10","Pop22",0.0500899836433402,-35512270865.9039,37,"Flux-conserved"
"Pop10","Pop24",-0.0514922766309736,-35512270865.9039,37,"Flux-conserved"
"Pop10","Pop25",-0.0585684638664028,NA,37,"Flux-conserved"
"Pop11","Pop13",0.0778263991693729,NA,37,"Flux-conserved"
"Pop11","Pop15",0.0776234546494145,NA,37,"Flux-conserved"
"Pop11","Pop17",0.0246620963967192,-35512270865.9039,37,"Flux-conserved"
"Pop11","Pop18",0.0736887843645948,-35512270865.904,37,"Flux-conserved"
"Pop11","Pop19",0.0784795224444816,NA,37,"Flux-conserved"
"Pop11","Pop20",0.0705295003216086,NA,37,"Flux-conserved"
"Pop11","Pop21",0.0443536164313819,-35512270865.904,37,"Flux-conserved"
"Pop11","Pop22",0.0500899836433402,-35512270865.9039,37,"Flux-conserved"
"Pop11","Pop24",-0.0514922766309736,-35512270865.9039,37,"Flux-conserved"
"Pop11","Pop25",-0.0585684638664028,NA,37,"Flux-conserved"
"Pop12","Pop13",0.0778263991693729,NA,37,"Flux-conserved"
"Pop12","Pop15",0.0776234546494145,NA,37,"Flux-conserved"
"Pop12","Pop17",0.0246620963967192,-35512270865.9039,37,"Flux-conserved"
"Pop12","Pop18",0.0736887843645948,-35512270865.904,37,"Flux-conserved"
"Pop12","Pop19",0.0784795224444816,NA,37,"Flux-conserved"
"Pop12","Pop20",0.0705295003216086,NA,37,"Flux-conserved"
"Pop12","Pop21",0.0443536164313819,-35512270865.904,37,"Flux-conserved"
"Pop12","Pop22",0.0500899836433402,-35512270865.9039,37,"Flux-conserved"
"Pop12","Pop24",-0.0514922766309736,-35512270865.9039,37,"Flux-conserved"
"Pop12","Pop25",-0.0585684638664028,NA,37,"Flux-conserved"
"Pop13","Pop14",-0.69704336086255,0.0375573832236751,37,"Flux-conserved"
"Pop13","Pop19",0.0231904054506971,0.0108455512158741,37,"Flux-conserved"
"Pop14","Pop15",0.0742804902597509,0.00446355699920318,37,"Flux-conserved"
"Pop15","Pop16",-0.100899880744463,0.000864285506586024,37,"Flux-conserved"
"Pop15","Pop18",0.00737598511107423,0.0374168641999108,37,"Flux-conserved"
"Pop16","Pop17",0.0867933246600601,0.000981195814230657,37,"Flux-conserved"
"Pop16","Pop18",0.111603811733015,0.00224455374947293,37,"Flux-conserved"
"Pop16","Pop19",0.148898538945593,-0.000302664336073042,37,"Flux-conserved"
"Pop16","Pop21",0.0642051919089485,-7.45654107585494e-05,37,"Flux-conserved"
"Pop16","Pop22",0.076714063979656,7.75452542642776e-06,37,"Flux-conserved"
"Pop16","Pop23",-0.0843881522878108,0.000182813488268332,37,"Flux-conserved"
"Pop16","Pop25",-0.0600339160258362,0.00103005240895854,37,"Flux-conserved"
"Pop17","Pop18",0.0266711397556296,-0.000200316379958849,37,"Flux-conserved"
"Pop17","Pop20",0.0539169014879359,-0.000580418667902882,37,"Flux-conserved"
"Pop17","Pop23",-0.123567502494071,-2.89178312576527e-05,37,"Flux-conserved"
"Pop17","Pop24",-0.0505775384241824,2.05630152896284e-05,37,"Flux-conserved"
"Pop17","Pop25",-0.0633308789001794,9.87503068267078e-05,37,"Flux-conserved"
"Pop18","Pop19",0.0208929059468465,-0.000931762116923134,37,"Flux-conserved"
"Pop18","Pop21",-0.0321334194281676,-5.18650799475702e-05,37,"Flux-conserved"
"Pop18","Pop22",-0.0256764527578597,-9.21173944583174e-05,37,"Flux-conserved"
"Pop18","Pop23",-0.168287046888593,3.96590836558568e-05,37,"Flux-conserved"
"Pop19","Pop20",-0.027374196986477,-0.00180692984036381,37,"Flux-conserved"
"Pop19","Pop21",-0.0563577495546647,0.00016958740212652,37,"Flux-conserved"
"Pop20","Pop21",-0.026720234565552,0.000353927673156312,37,"Flux-conserved"
"Pop20","Pop22",-0.026201848933858,0.000972462140727242,37,"Flux-conserved"
"Pop21","Pop22",-0.00718296073324899,0.00298745049944244,37,"Flux-conserved"
"Pop21","Pop23",-0.106201688721694,0.00020913001121283,37,"Flux-conserved"
"Pop21","Pop25",-0.0579199355400541,0.000172082095575577,37,"Flux-conserved"
"Pop22","Pop23",-0.153893218983128,3.17431611773631e-06,37,"Flux-conserved"
"Pop23","Pop24",0.120015774052913,0.000169876554379066,37,"Flux-conserved"
"Pop24","Pop25",-0.00555428665436086,5.34882746058472e-05,37,"Flux-conserved"
"Pop01","Pop02",-0.185904218780382,0.0013397127205156,37,"Rate-conserved"
"Pop01","Pop06",0.0839886111023148,0.000706509177081833,37,"Rate-conserved"
"Pop01","Pop08",-0.0030361104108893,0.0110856655269961,37,"Rate-conserved"
"Pop02","Pop05",0.00411030604538665,0.00017223613683488,37,"Rate-conserved"
"Pop03","Pop04",-0.0392537794175747,0.00269297387254862,37,"Rate-conserved"
"Pop03","Pop05",-0.0320443837422875,0.000342021202819239,37,"Rate-conserved"
"Pop03","Pop06",0.0415449801064233,0.000173755823519563,37,"Rate-conserved"
"Pop03","Pop07",0.0655282547162507,0.000150753650754727,37,"Rate-conserved"
"Pop03","Pop11",-0.0844698093822923,5.31358322615871e-06,37,"Rate-conserved"
"Pop04","Pop05",0.0431447789124161,-0.000159597997135654,37,"Rate-conserved"
"Pop04","Pop06",0.0341713121533709,0.000211717817319711,37,"Rate-conserved"
"Pop04","Pop08",-0.0547799452609614,2.32044943249042e-05,37,"Rate-conserved"
"Pop05","Pop07",-0.0466854530786536,9.65959150650521e-05,37,"Rate-conserved"
"Pop06","Pop07",0.0409945759630767,-2.60690399386768e-05,37,"Rate-conserved"
"Pop06","Pop09",-0.0644027815809169,8.11756273586893e-07,37,"Rate-conserved"
"Pop07","Pop08",-0.0205998724523015,-4.90645586615714e-05,37,"Rate-conserved"
"Pop07","Pop09",-0.0506269031862219,-1.60036910865125e-06,37,"Rate-conserved"
"Pop07","Pop10",-0.0674373015955037,1.36333388138905e-05,37,"Rate-conserved"
"Pop08","Pop09",-0.00414609873253205,0.000161452062506676,37,"Rate-conserved"
"Pop08","Pop10",-0.0248829238728198,4.47740958131521e-05,37,"Rate-conserved"
"Pop08","Pop11",-0.0741167438982686,1.44225045363146e-05,37,"Rate-conserved"
"Pop09","Pop10",-0.0230456376918032,2.61614363433864e-05,37,"Rate-conserved"
"Pop09","Pop11",-0.0132871612504099,1.56138776101601e-05,37,"Rate-conserved"
"Pop09","Pop18",-0.0324252284932489,3.42683317343527e-06,37,"Rate-conserved"
"Pop10","Pop11",0.0432412203506111,1.77001220075995e-05,37,"Rate-conserved"
"Pop10","Pop12",-0.0702685563171572,1.33697656812417e-05,37,"Rate-conserved"
"Pop11","Pop12",-0.0716639973515055,1.35637272715014e-07,37,"Rate-conserved"
"Pop11","Pop14",0.0197548549930272,-1.79022809179832e-06,37,"Rate-conserved"
"Pop11","Pop24",-0.0614713509144022,6.60069726301783e-06,37,"Rate-conserved"
"Pop12","Pop13",0.0626457709707846,7.16619363773529e-06,37,"Rate-conserved"
"Pop12","Pop14",0.0288920715003345,-2.03194877984257e-06,37,"Rate-conserved"
"Pop13","Pop14",0.0644350868992254,-1.92440600965904e-05,37,"Rate-conserved"
"Pop13","Pop15",0.0480655184080404,-4.15560925911612e-07,37,"Rate-conserved"
"Pop13","Pop16",-0.0364072140832474,-1.34956187905681e-06,37,"Rate-conserved"
"Pop13","Pop17",0.00614029311449507,-2.34406422684031e-06,37,"Rate-conserved"
"Pop14","Pop15",-0.0374622902425363,2.62518954014427e-05,37,"Rate-conserved"
"Pop14","Pop17",0.00796050596530604,5.11502618057165e-06,37,"Rate-conserved"
"Pop14","Pop18",-0.0289395648976074,2.05088378008784e-06,37,"Rate-conserved"
"Pop14","Pop19",-0.00800101218315112,3.98102157280817e-06,37,"Rate-conserved"
"Pop14","Pop25",-0.0794972995768596,1.19101521321782e-05,37,"Rate-conserved"
"Pop15","Pop16",-0.115690205375261,-3.19133113090335e-06,37,"Rate-conserved"
"Pop15","Pop17",-0.018018418812483,-8.85801248503614e-06,37,"Rate-conserved"
"Pop15","Pop18",-0.0392062208447325,-2.40444292137816e-06,37,"Rate-conserved"
"Pop15","Pop19",-0.0678603664294125,5.84286231369654e-06,37,"Rate-conserved"
"Pop16","Pop17",0.0974457911194664,-5.35859157161632e-05,37,"Rate-conserved"
"Pop16","Pop19",-0.000885635940650442,6.245285185258e-06,37,"Rate-conserved"
"Pop17","Pop18",0.00637663112565875,6.24583132247459e-06,37,"Rate-conserved"
"Pop17","Pop19",-0.0296056408087731,1.35766350769779e-05,37,"Rate-conserved"
"Pop18","Pop19",0.00565031684008768,1.08596154272179e-05,37,"Rate-conserved"
"Pop18","Pop20",-0.0190648017135746,3.32573543735556e-06,37,"Rate-conserved"
"Pop18","Pop21",-0.0238714359164931,5.02998438607368e-06,37,"Rate-conserved"
"Pop19","Pop20",-0.0411435174081448,7.3583854246566e-06,37,"Rate-conserved"
"Pop19","Pop21",-0.0363272252525793,6.07259911728035e-07,37,"Rate-conserved"
"Pop20","Pop21",0.0253615027575539,-7.60858989242892e-06,37,"Rate-conserved"
"Pop20","Pop22",-0.0435612118882051,-4.44705523275102e-06,37,"Rate-conserved"
"Pop20","Pop23",-0.0200402480470679,7.99085501768084e-06,37,"Rate-conserved"
"Pop20","Pop25",-0.0642326291615699,8.49037745483689e-07,37,"Rate-conserved"
"Pop21","Pop22",-0.0637033675082838,5.20007773881018e-06,37,"Rate-conserved"
"Pop21","Pop23",-0.0320157775566552,9.69608160484862e-06,37,"Rate-conserved"
"Pop21","Pop24",-0.0683136426088686,-2.14780625718392e-07,37,"Rate-conserved"
"Pop21","Pop25",-0.0530605258484366,4.22882443989731e-07,37,"Rate-conserved"
"Pop22","Pop23",0.0190904520256427,4.67881480819959e-06,37,"Rate-conserved"
"Pop22","Pop24",-0.0464872216461384,4.14267692883206e-07,37,"Rate-conserved"
"Pop22","Pop25",-0.0342795123610328,4.18623959772415e-07,37,"Rate-conserved"
"Pop23","Pop24",-0.0547471662908127,-2.61353418052895e-06,37,"Rate-conserved"
"Pop23","Pop25",-0.0445157547241656,-8.26894535150615e-07,37,"Rate-conserved"
"Pop24","Pop25",0.0440962470111384,-3.07005400672402e-06,37,"Rate-conserved"
"Pop01","Pop02",-0.100417602949882,0.259361321014405,38,"Isotropic"
"Pop01","Pop03",0.0106350188501496,0.242378274432207,38,"Isotropic"
"Pop01","Pop04",0.00726494616592849,0.0757363503851355,38,"Isotropic"
"Pop01","Pop05",0.0245101992556652,0.116458113525545,38,"Isotropic"
"Pop01","Pop07",0.0268914986005911,0.368595722803037,38,"Isotropic"
"Pop01","Pop11",0.0310620044455947,0.0179114300405777,38,"Isotropic"
"Pop01","Pop18",0.0449061120534665,0.0444396464059753,38,"Isotropic"
"Pop01","Pop25",-0.0240057807343372,-0.000535383731097468,38,"Isotropic"
"Pop02","Pop03",0.106295457309582,0.209015117478591,38,"Isotropic"
"Pop02","Pop04",0.068078670452233,0.0361257976485176,38,"Isotropic"
"Pop02","Pop07",0.0198168400616711,0.118919127685724,38,"Isotropic"
"Pop02","Pop10",0.0101154657572134,0.0420420894396396,38,"Isotropic"
"Pop03","Pop04",-0.00956171511289741,-0.0183286614416735,38,"Isotropic"
"Pop03","Pop05",0.00629195517018888,0.0931506672906146,38,"Isotropic"
"Pop03","Pop06",-0.0223611753544746,0.0560938643686318,38,"Isotropic"
"Pop03","Pop07",-0.000867720213063486,0.0410431211135811,38,"Isotropic"
"Pop03","Pop09",0.00266684702172959,0.00346141812781121,38,"Isotropic"
"Pop03","Pop15",0.00668258849342866,0.0142491823836307,38,"Isotropic"
"Pop04","Pop05",0.0197681716374755,0.0846149649997769,38,"Isotropic"
"Pop04","Pop06",-0.00522673663084564,0.0631175667866138,38,"Isotropic"
"Pop04","Pop12",0.00826156296007465,0.000582048717177925,38,"Isotropic"
"Pop04","Pop17",0.0446328623976953,0.0173391979570341,38,"Isotropic"
"Pop04","Pop19",0.0267023634478431,0.00453155409177018,38,"Isotropic"
"Pop05","Pop06",-0.022590510779705,0.038530564328444,38,"Isotropic"
"Pop05","Pop07",0.00282218418690819,0.0261186286925087,38,"Isotropic"
"Pop05","Pop09",0.0226888542893617,-0.0370194831370254,38,"Isotropic"
"Pop05","Pop10",0.0165759241851342,-0.0241303361856289,38,"Isotropic"
"Pop05","Pop16",0.0400461215454379,-0.0052609379535374,38,"Isotropic"
"Pop05","Pop24",0.00982673588527404,-0.0243248410701892,38,"Isotropic"
"Pop06","Pop07",0.0251724567392463,-0.0140266213388484,38,"Isotropic"
"Pop06","Pop09",0.0445518170012286,-0.0359355411199545,38,"Isotropic"
"Pop06","Pop10",0.0396154840803721,-0.0335995100708539,38,"Isotropic"
"Pop06","Pop13",0.0360250607838209,-0.018830499920455,38,"Isotropic"
"Pop06","Pop25",-0.0288614650118683,-0.028168252407151,38,"Isotropic"
"Pop07","Pop08",-0.0586349215855679,-0.0505625912867595,38,"Isotropic"
"Pop07","Pop09",0.0292213420536172,-0.0769858184723607,38,"Isotropic"
"Pop07","Pop10",0.0251874634838338,-0.0388842623721934,38,"Isotropic"
"Pop07","Pop25",-0.0446593512502321,-0.0353320262720282,38,"Isotropic"
"Pop08","Pop09",0.110615777030035,-0.056543287972303,38,"Isotropic"
"Pop08","Pop10",0.103593549467812,-0.0141716773391336,38,"Isotropic"
"Pop08","Pop11",0.0496346091272073,-0.0405485199898905,38,"Isotropic"
"Pop08","Pop14",0.00584034803206936,0.00822986863413937,38,"Isotropic"
"Pop08","Pop15",0.0275104232502339,0.0112346276382746,38,"Isotropic"
"Pop09","Pop10",-0.00146753197100134,0.106929448317136,38,"Isotropic"
"Pop09","Pop11",-0.0256145011683519,-0.0767918660128857,38,"Isotropic"
"Pop09","Pop12",-0.0569180503007873,-0.0195644100289614,38,"Isotropic"
"Pop09","Pop14",-0.00315568728831624,0.02334439806203,38,"Isotropic"
"Pop09","Pop15",0.0070371264092295,0.0407777459231636,38,"Isotropic"
"Pop09","Pop16",0.0267167299706181,0.0210806620213351,38,"Isotropic"
"Pop09","Pop18",0.007042347460952,0.0247467146857826,38,"Isotropic"
"Pop10","Pop11",-0.0298475782838552,-0.114142869977886,38,"Isotropic"
"Pop10","Pop13",-0.025863280301167,-0.0418605780907546,38,"Isotropic"
"Pop10","Pop14",0.00105621882145215,-0.0109347956258908,38,"Isotropic"
"Pop10","Pop15",0.011289966858204,-0.00279847677507648,38,"Isotropic"
"Pop10","Pop16",0.0297882692941726,0.00280052616214262,38,"Isotropic"
"Pop10","Pop19",0.0118584930370326,-0.00443160554646008,38,"Isotropic"
"Pop11","Pop12",-0.0619779231969175,0.0292390372093388,38,"Isotropic"
"Pop11","Pop13",-0.0286023169311854,0.121619013807146,38,"Isotropic"
"Pop11","Pop14",0.00602573244180192,0.0150880152641709,38,"Isotropic"
"Pop11","Pop17",0.0288103986086444,0.0350779297244037,38,"Isotropic"
"Pop11","Pop18",0.0126588089689212,0.0510349752532896,38,"Isotropic"
"Pop12","Pop13",0.0377200654950481,0.106038612572047,38,"Isotropic"
"Pop12","Pop14",0.0888592130622603,0.185615995826813,38,"Isotropic"
"Pop12","Pop16",0.0954474694981798,0.037185206449661,38,"Isotropic"
"Pop13","Pop14",0.0445736255315697,0.034483019302002,38,"Isotropic"
"Pop13","Pop15",0.0529809596180028,0.0291508496047859,38,"Isotropic"
"Pop13","Pop17",0.0453417869690051,0.0463556231924638,38,"Isotropic"
"Pop14","Pop15",0.00783317062690721,0.0389995349840616,38,"Isotropic"
"Pop14","Pop16",0.0310683353519364,0.00797373064891742,38,"Isotropic"
"Pop14","Pop17",0.0192581991051759,0.0203698741133526,38,"Isotropic"
"Pop14","Pop19",0.00484787866756425,-0.0148198033705189,38,"Isotropic"
"Pop14","Pop22",0.028196874320274,0.00501428679348849,38,"Isotropic"
"Pop15","Pop16",0.0228739861796352,-0.0956319240690786,38,"Isotropic"
"Pop15","Pop17",0.00422487768043595,0.0196478623493463,38,"Isotropic"
"Pop15","Pop18",-0.019726697427966,0.0212182714294035,38,"Isotropic"
"Pop15","Pop19",-0.00888826133071503,-0.0683823371327291,38,"Isotropic"
"Pop15","Pop20",0.0267195367165533,-0.018241243068593,38,"Isotropic"
"Pop16","Pop17",-0.0215947228913873,0.0160801108000931,38,"Isotropic"
"Pop16","Pop18",-0.0470953160048444,0.0642948310547045,38,"Isotropic"
"Pop16","Pop19",-0.0337013549143797,-0.0501681819189673,38,"Isotropic"
"Pop16","Pop20",-0.0203372875949669,-0.0376379710907035,38,"Isotropic"
"Pop16","Pop21",-0.0464461282778574,-0.0259990936681558,38,"Isotropic"
"Pop16","Pop22",-0.0281995651801471,-0.0422115648085584,38,"Isotropic"
"Pop16","Pop24",-0.0616834463322565,-0.0536654301844653,38,"Isotropic"
"Pop17","Pop18",-0.0289964327839374,0.0348456014763772,38,"Isotropic"
"Pop17","Pop19",-0.0148270160403872,-0.130039833067288,38,"Isotropic"
"Pop17","Pop20",-0.00297412324380016,-0.0878701174615465,38,"Isotropic"
"Pop17","Pop24",-0.0476045745494074,-0.185668994375402,38,"Isotropic"
"Pop17","Pop25",-0.0994966420941479,-0.19628264602991,38,"Isotropic"
"Pop18","Pop19",0.0129155495917248,-0.064557312800749,38,"Isotropic"
"Pop18","Pop20",0.0270605602822366,-0.0791137958557005,38,"Isotropic"
"Pop18","Pop22",0.0075925690573619,-0.0350288494785905,38,"Isotropic"
"Pop19","Pop20",-0.00712459284453176,0.0556259778799046,38,"Isotropic"
"Pop19","Pop23",0.0365477319250644,-0.0279831849124935,38,"Isotropic"
"Pop19","Pop24",-0.0348354079863684,-0.096573012336779,38,"Isotropic"
"Pop20","Pop21",-0.0990755772040106,0.143286507111808,38,"Isotropic"
"Pop20","Pop22",-0.0309920893087597,0.028861022005078,38,"Isotropic"
"Pop20","Pop23",-0.0188516883592698,-0.0315157382811457,38,"Isotropic"
"Pop21","Pop22",0.0658583096433645,-0.0595488364308425,38,"Isotropic"
"Pop21","Pop23",0.0307377928842369,-0.0772425468373538,38,"Isotropic"
"Pop21","Pop25",-0.107783604220022,-0.106559564930819,38,"Isotropic"
"Pop22","Pop23",-0.00698105749924893,-0.0649805713242645,38,"Isotropic"
"Pop22","Pop24",-0.0286699327579489,-0.0469286533229265,38,"Isotropic"
"Pop23","Pop24",0.0104010669149137,-0.504229900868342,38,"Isotropic"
"Pop23","Pop25",-0.044757592516603,-0.493822027167738,38,"Isotropic"
"Pop24","Pop25",-0.0161916039075113,-0.044202625830533,38,"Isotropic"
"Pop01","Pop08",0.376226891468875,NA,38,"Flux-conserved"
"Pop01","Pop10",0.376226891468875,NA,38,"Flux-conserved"
"Pop01","Pop14",-0.0850933457718614,NA,38,"Flux-conserved"
"Pop02","Pop08",0.376226891468875,NA,38,"Flux-conserved"
"Pop02","Pop10",0.376226891468875,NA,38,"Flux-conserved"
"Pop02","Pop14",-0.0850933457718614,NA,38,"Flux-conserved"
"Pop03","Pop08",0.376226891468875,NA,38,"Flux-conserved"
"Pop03","Pop10",0.376226891468875,NA,38,"Flux-conserved"
"Pop03","Pop14",-0.0850933457718614,NA,38,"Flux-conserved"
"Pop04","Pop08",0.376226891468875,NA,38,"Flux-conserved"
"Pop04","Pop10",0.376226891468875,NA,38,"Flux-conserved"
"Pop04","Pop14",-0.0850933457718614,NA,38,"Flux-conserved"
"Pop05","Pop08",0.376226891468875,NA,38,"Flux-conserved"
"Pop05","Pop10",0.376226891468875,NA,38,"Flux-conserved"
"Pop05","Pop14",-0.0850933457718614,NA,38,"Flux-conserved"
"Pop06","Pop08",0.376226891468875,NA,38,"Flux-conserved"
"Pop06","Pop10",0.376226891468875,NA,38,"Flux-conserved"
"Pop06","Pop14",-0.0850933457718614,NA,38,"Flux-conserved"
"Pop07","Pop08",0.376226891468875,NA,38,"Flux-conserved"
"Pop07","Pop10",0.376226891468875,NA,38,"Flux-conserved"
"Pop07","Pop14",-0.0850933457718614,NA,38,"Flux-conserved"
"Pop08","Pop10",-1.66533453693773e-16,NA,38,"Flux-conserved"
"Pop08","Pop11",-0.28752325480304,0.214112499983077,38,"Flux-conserved"
"Pop09","Pop12",0.325251658646584,-0.0239581914336916,38,"Flux-conserved"
"Pop09","Pop23",0.0362950574003676,0.000342330963280077,38,"Flux-conserved"
"Pop10","Pop11",-0.28752325480304,0.214112499983077,38,"Flux-conserved"
"Pop11","Pop12",-0.0791349666735672,0.0129276632483921,38,"Flux-conserved"
"Pop11","Pop13",-0.211393247199195,0.111497045595413,38,"Flux-conserved"
"Pop11","Pop14",-0.0611834400695031,0.996601274303178,38,"Flux-conserved"
"Pop12","Pop13",-0.0340468711706434,-0.00195453154662865,38,"Flux-conserved"
"Pop13","Pop14",0.0833752292438709,0.0177627564547922,38,"Flux-conserved"
"Pop14","Pop16",-0.102633398273991,0.000346803194529445,38,"Flux-conserved"
"Pop14","Pop18",-0.233109920146995,0.0015203555437858,38,"Flux-conserved"
"Pop14","Pop23",-0.0714714078183541,0.000594777439687947,38,"Flux-conserved"
"Pop15","Pop16",0.0664393063805747,0.000513907572253943,38,"Flux-conserved"
"Pop15","Pop18",-0.0161939756650326,-0.00166570870499378,38,"Flux-conserved"
"Pop15","Pop19",0.0180318304592224,0.00282032057627405,38,"Flux-conserved"
"Pop15","Pop25",-0.0794070099404746,-6.09143281562213e-05,38,"Flux-conserved"
"Pop16","Pop17",-0.0399212193925683,-0.00042021262953564,38,"Flux-conserved"
"Pop16","Pop18",-0.0325493613604104,-0.000277819655941682,38,"Flux-conserved"
"Pop16","Pop20",-0.00446399967125213,0.000149577387331636,38,"Flux-conserved"
"Pop16","Pop21",-0.026240609883745,0.000414117879751815,38,"Flux-conserved"
"Pop16","Pop23",0.0342835093415207,-0.000295810438236486,38,"Flux-conserved"
"Pop16","Pop25",-0.0357158485081124,-0.000174136114088713,38,"Flux-conserved"
"Pop17","Pop19",-0.0624433548499355,-0.00151286967398413,38,"Flux-conserved"
"Pop17","Pop20",0.00645874045410447,0.000349893793393912,38,"Flux-conserved"
"Pop17","Pop22",-0.0908382129633858,0.000213325682316172,38,"Flux-conserved"
"Pop17","Pop23",0.104970289353564,-0.000536536558622662,38,"Flux-conserved"
"Pop18","Pop23",0.0145918337978787,7.51367291150561e-05,38,"Flux-conserved"
"Pop19","Pop20",-0.0825297988156632,0.000290665409124127,38,"Flux-conserved"
"Pop19","Pop23",0.0677710452513217,-0.000344844417931806,38,"Flux-conserved"
"Pop20","Pop21",-0.0326369983317467,-8.40329562841214e-05,38,"Flux-conserved"
"Pop20","Pop22",-0.0810782498033565,-1.27613089009621e-06,38,"Flux-conserved"
"Pop20","Pop24",-0.0759443561872059,-0.00296618697660848,38,"Flux-conserved"
"Pop20","Pop25",-0.0386868906639631,-0.0005473171687197,38,"Flux-conserved"
"Pop21","Pop22",-0.0522060349437379,-8.01339392458493e-05,38,"Flux-conserved"
"Pop21","Pop23",0.0744655789724208,-0.00094878875288445,38,"Flux-conserved"
"Pop21","Pop24",-0.0406659916482004,-0.000181895507506046,38,"Flux-conserved"
"Pop21","Pop25",-0.00833000653612503,-0.000462755743897642,38,"Flux-conserved"
"Pop22","Pop24",0.00395088093400428,-0.00229759653862841,38,"Flux-conserved"
"Pop22","Pop25",0.0319067390568475,-0.000261445397837848,38,"Flux-conserved"
"Pop23","Pop24",-0.120499720100254,0.000304959061398789,38,"Flux-conserved"
"Pop23","Pop25",-0.0712408717572277,-0.000199307764673446,38,"Flux-conserved"
"Pop24","Pop25",0.0297678200613081,-6.29777406075786e-05,38,"Flux-conserved"
"Pop01","Pop02",0.288360409964769,-0.00109553091632401,38,"Rate-conserved"
"Pop01","Pop06",0.0519452794036276,0.00115146078941017,38,"Rate-conserved"
"Pop02","Pop03",0.0870587543452555,0.000260972140725451,38,"Rate-conserved"
"Pop02","Pop06",-0.0486669989776713,0.00254442302212264,38,"Rate-conserved"
"Pop03","Pop04",-0.0354350260999259,-0.0145939054086826,38,"Rate-conserved"
"Pop03","Pop05",0.028939973055042,-0.00424791123043674,38,"Rate-conserved"
"Pop03","Pop06",-0.0417470032483933,0.0898392869204975,38,"Rate-conserved"
"Pop04","Pop05",0.128692489902503,0.0322975887692981,38,"Rate-conserved"
"Pop04","Pop06",0.0950658867845384,0.0227022829288297,38,"Rate-conserved"
"Pop04","Pop08",-0.0843265666787954,0.0365668630376584,38,"Rate-conserved"
"Pop05","Pop06",0.0425074149646912,0.00362424412880074,38,"Rate-conserved"
"Pop05","Pop07",0.0136615493899866,0.00240182398552566,38,"Rate-conserved"
"Pop05","Pop08",-0.0268277220712119,0.000420781135845992,38,"Rate-conserved"
"Pop05","Pop10",-0.0511384882687477,0.000619787954561329,38,"Rate-conserved"
"Pop05","Pop11",-0.0782706367703881,0.000293072910241114,38,"Rate-conserved"
"Pop06","Pop07",-0.0846644251258697,0.000102807853531438,38,"Rate-conserved"
"Pop06","Pop10",-0.107626071703523,0.000204273937877918,38,"Rate-conserved"
"Pop07","Pop08",-0.03451085786543,0.000102491553039897,38,"Rate-conserved"
"Pop07","Pop09",-0.0578304342260073,5.9302993494787e-05,38,"Rate-conserved"
"Pop07","Pop10",-0.0294621636266966,0.000693135874070446,38,"Rate-conserved"
"Pop08","Pop09",0.0153959468661826,-0.000908917623485292,38,"Rate-conserved"
"Pop08","Pop11",-0.0453568631460953,0.0050874754249337,38,"Rate-conserved"
"Pop09","Pop10",0.0892507698037164,0.00120466833638962,38,"Rate-conserved"
"Pop09","Pop12",0.030107622114078,0.00268635103860979,38,"Rate-conserved"
"Pop09","Pop19",-0.0450564982348584,2.00651770983015e-05,38,"Rate-conserved"
"Pop10","Pop11",-0.0621713819796131,7.05359809298052e-05,38,"Rate-conserved"
"Pop10","Pop12",0.018410426700594,0.00134912708813109,38,"Rate-conserved"
"Pop10","Pop14",-0.0325203644410389,5.02059029701827e-05,38,"Rate-conserved"
"Pop10","Pop20",-0.0452710343632994,2.31164798159676e-05,38,"Rate-conserved"
"Pop11","Pop12",0.0730705356431538,0.000241980414775956,38,"Rate-conserved"
"Pop11","Pop13",-0.0247278646673067,0.000141531571171759,38,"Rate-conserved"
"Pop11","Pop18",-0.0209808865908867,1.99938131636953e-05,38,"Rate-conserved"
"Pop12","Pop13",-0.147694523689443,3.88486293730395e-06,38,"Rate-conserved"
"Pop12","Pop14",-0.0685162807710423,-3.171677274823e-06,38,"Rate-conserved"
"Pop12","Pop15",-0.123182681391584,9.73835178013572e-07,38,"Rate-conserved"
"Pop12","Pop16",-0.0522548474414299,4.74737117845752e-05,38,"Rate-conserved"
"Pop12","Pop17",-0.0772229003893244,8.49375332327751e-05,38,"Rate-conserved"
"Pop12","Pop18",-0.0399853652227942,6.29106624362468e-06,38,"Rate-conserved"
"Pop12","Pop20",-0.0469871111518863,8.03798694442453e-06,38,"Rate-conserved"
"Pop13","Pop14",0.0820778588062494,-0.000121996526379081,38,"Rate-conserved"
"Pop13","Pop16",-0.0207441855699247,7.66727539356549e-05,38,"Rate-conserved"
"Pop14","Pop15",-0.106756236946485,5.33133283154819e-05,38,"Rate-conserved"
"Pop14","Pop16",-0.0214790806304501,0.000362756050539966,38,"Rate-conserved"
"Pop14","Pop20",-0.0333233577821123,1.99429557789388e-05,38,"Rate-conserved"
"Pop15","Pop16",0.0460729642505919,0.000118063620275996,38,"Rate-conserved"
"Pop15","Pop18",0.0166738559633073,1.41663007759561e-05,38,"Rate-conserved"
"Pop16","Pop17",0.00557761421915512,-1.13389771449657e-07,38,"Rate-conserved"
"Pop17","Pop18",0.0470451703070646,-1.08857192500752e-05,38,"Rate-conserved"
"Pop17","Pop19",-0.0309255828940479,-9.68301673681681e-05,38,"Rate-conserved"
"Pop17","Pop20",0.044945204971253,-4.37542429704237e-05,38,"Rate-conserved"
"Pop17","Pop25",-0.0470595635883684,-1.23428880688861e-05,38,"Rate-conserved"
"Pop18","Pop19",-0.0944098963727006,-0.000282210556941933,38,"Rate-conserved"
"Pop18","Pop20",0.0068466792554979,-1.32672071216522e-05,38,"Rate-conserved"
"Pop18","Pop21",-0.0723724983161473,-5.15887557346616e-05,38,"Rate-conserved"
"Pop18","Pop22",-0.0502077625472037,-1.63030254278632e-05,38,"Rate-conserved"
"Pop19","Pop20",0.0873894233548676,4.9671121269013e-07,38,"Rate-conserved"
"Pop19","Pop21",-0.0226030353924273,9.17839888264358e-06,38,"Rate-conserved"
"Pop20","Pop21",-0.134141531573157,-0.000133404750122946,38,"Rate-conserved"
"Pop20","Pop22",-0.0746813275985199,-2.42167561925969e-05,38,"Rate-conserved"
"Pop20","Pop24",-0.0230751241094963,2.04446837885387e-06,38,"Rate-conserved"
"Pop20","Pop25",-0.0453225010974897,-4.92606903331593e-06,38,"Rate-conserved"
"Pop21","Pop22",-0.0100904201684469,4.181263053947e-05,38,"Rate-conserved"
"Pop21","Pop25",-0.0477756258528361,5.78858612905539e-06,38,"Rate-conserved"
"Pop22","Pop23",-0.0375222914351083,4.38120150367577e-05,38,"Rate-conserved"
"Pop22","Pop25",-0.00851221120854298,3.61112702821628e-06,38,"Rate-conserved"
"Pop23","Pop24",-0.0844136313240217,-5.38222190453173e-06,38,"Rate-conserved"
"Pop23","Pop25",0.0828392603215354,-6.34218232604112e-05,38,"Rate-conserved"
"Pop24","Pop25",0.210908596436759,-5.65272634366388e-05,38,"Rate-conserved"
"Pop01","Pop02",-0.0328146666473612,-0.00679894749104272,39,"Isotropic"
"Pop01","Pop11",0.190940269005177,0.00292647779267719,39,"Isotropic"
"Pop01","Pop12",0.179528673130672,0.0037561531447855,39,"Isotropic"
"Pop01","Pop25",0.085621057745484,-0.000617366879548726,39,"Isotropic"
"Pop02","Pop03",0.0719891040418619,0.0116536371885211,39,"Isotropic"
"Pop02","Pop06",0.100287104974019,0.0086536001774015,39,"Isotropic"
"Pop03","Pop04",0.0982338041344178,0.0276448060154779,39,"Isotropic"
"Pop03","Pop05",0.0792979829703687,0.00334745480852174,39,"Isotropic"
"Pop03","Pop08",0.055537478606041,0.0010016202953209,39,"Isotropic"
"Pop04","Pop05",0.0118592729967589,0.0020824744483072,39,"Isotropic"
"Pop04","Pop06",0.0267137832566392,0.00410405262485205,39,"Isotropic"
"Pop04","Pop07",-0.0747390879274706,0.00861345251762905,39,"Isotropic"
"Pop04","Pop08",-0.0102911602720206,0.00104410032297829,39,"Isotropic"
"Pop05","Pop06",0.0275361316535009,0.00337586451643808,39,"Isotropic"
"Pop05","Pop08",0.0329322876487285,0.0065175955507877,39,"Isotropic"
"Pop05","Pop10",-0.000695220735560539,0.00338528673876562,39,"Isotropic"
"Pop05","Pop11",-0.0470558537952019,-0.000307174128789129,39,"Isotropic"
"Pop06","Pop07",-0.0915080803328046,-0.0046004171947331,39,"Isotropic"
"Pop06","Pop08",0.00636064911411732,-9.60641229794165e-05,39,"Isotropic"
"Pop06","Pop10",-0.0060491292470075,0.00303138660471337,39,"Isotropic"
"Pop06","Pop12",-0.0312502338641187,0.000946902133820673,39,"Isotropic"
"Pop07","Pop08",0.0960751759266904,0.00826900068645705,39,"Isotropic"
"Pop07","Pop11",0.0181840336885833,-0.000198662623981958,39,"Isotropic"
"Pop07","Pop13",0.0179429068911796,0.000703894899821988,39,"Isotropic"
"Pop08","Pop09",-0.149307657959112,0.00557858217839998,39,"Isotropic"
"Pop08","Pop10",-0.0146349616683236,0.00344136593081755,39,"Isotropic"
"Pop09","Pop10",0.141009644491927,-0.0237102504846577,39,"Isotropic"
"Pop09","Pop11",0.0926272266624946,-0.0167677166478365,39,"Isotropic"
"Pop09","Pop21",0.0183454448539881,-0.00279080896679696,39,"Isotropic"
"Pop10","Pop11",-0.0434900067222141,-0.0165075876435766,39,"Isotropic"
"Pop10","Pop12",0.00417506727444605,0.00185246808919968,39,"Isotropic"
"Pop10","Pop13",-0.0252736590784144,0.00348786940873897,39,"Isotropic"
"Pop11","Pop12",0.0510931297515938,0.00802996011862716,39,"Isotropic"
"Pop12","Pop13",-0.0546939794433393,-0.00199236725844161,39,"Isotropic"
"Pop12","Pop14",-0.00257239744830917,0.0004306678145337,39,"Isotropic"
"Pop12","Pop15",0.00388348413684231,0.000330951013468926,39,"Isotropic"
"Pop12","Pop16",-0.013172257926414,0.000471626945139412,39,"Isotropic"
"Pop12","Pop18",0.0176870584817061,-0.00130546737698339,39,"Isotropic"
"Pop13","Pop14",-0.0268408794261637,0.00262948085416005,39,"Isotropic"
"Pop13","Pop15",-0.0006328488450906,-0.000206509963508527,39,"Isotropic"
"Pop13","Pop16",0.0027997479776958,-8.12213752038639e-05,39,"Isotropic"
"Pop14","Pop15",-0.0205062995868141,-0.0053132786609764,39,"Isotropic"
"Pop14","Pop16",-0.0021347163123917,-0.0012112427994628,39,"Isotropic"
"Pop14","Pop17",-0.0893024490511446,-0.00206464745791113,39,"Isotropic"
"Pop15","Pop16",0.0265392155349075,-0.00341287801572817,39,"Isotropic"
"Pop15","Pop18",0.0119331966826414,-0.00969325163010733,39,"Isotropic"
"Pop16","Pop18",0.0208027410885417,-0.00670398340383989,39,"Isotropic"
"Pop16","Pop19",-0.051934872358008,-0.0048224534569628,39,"Isotropic"
"Pop17","Pop18",0.109871151201119,-0.0340356339894923,39,"Isotropic"
"Pop17","Pop19",-0.0321339484966625,-0.0099928377661335,39,"Isotropic"
"Pop17","Pop21",0.0524636186419117,-0.00334611695683914,39,"Isotropic"
"Pop17","Pop22",0.0423448172308416,-0.00756263319157746,39,"Isotropic"
"Pop18","Pop19",-0.102689297991168,-0.00972125573584544,39,"Isotropic"
"Pop18","Pop20",-0.013183990555195,-0.0110066522108697,39,"Isotropic"
"Pop18","Pop21",0.00846430540915619,-0.00168755399960184,39,"Isotropic"
"Pop18","Pop22",-0.00116410611143244,-0.00287662729837596,39,"Isotropic"
"Pop19","Pop20",0.0426848461101485,0.0365723131162715,39,"Isotropic"
"Pop19","Pop25",0.00460263290645166,-0.00248539583296871,39,"Isotropic"
"Pop20","Pop21",0.0647568616150904,0.00689286091213065,39,"Isotropic"
"Pop20","Pop22",0.00520048400035825,-0.0189889142646007,39,"Isotropic"
"Pop20","Pop23",0.0693563738778299,0.0055884464934977,39,"Isotropic"
"Pop21","Pop22",-0.0702399377463405,-0.0263392457297279,39,"Isotropic"
"Pop21","Pop23",-0.0205505769605822,-0.00301129326558753,39,"Isotropic"
"Pop21","Pop24",-0.00508911502918202,-0.0044049772489012,39,"Isotropic"
"Pop21","Pop25",-0.0666270535709398,-0.00988743089243832,39,"Isotropic"
"Pop22","Pop24",0.0656023052174697,0.00945178087416161,39,"Isotropic"
"Pop22","Pop25",-0.0432226641870555,-0.00433132844090768,39,"Isotropic"
"Pop23","Pop24",-0.00085245017473945,-0.16200981505956,39,"Isotropic"
"Pop23","Pop25",0.0578149451067332,-0.319023444402139,39,"Isotropic"
"Pop24","Pop25",0.0725897406966131,-0.163509284937329,39,"Isotropic"
"Pop01","Pop03",-0.410724194908366,-2.72903375497444e-05,39,"Flux-conserved"
"Pop01","Pop06",-0.147774923831222,-0.0004096180268294,39,"Flux-conserved"
"Pop02","Pop07",-0.200262409708281,-0.00219147617428048,39,"Flux-conserved"
"Pop02","Pop08",-0.331120156231289,0.0010575297263254,39,"Flux-conserved"
"Pop03","Pop08",1.11022302462516e-15,-0.000202610872119424,39,"Flux-conserved"
"Pop04","Pop05",0.15826267265569,-0.000608289765461021,39,"Flux-conserved"
"Pop04","Pop06",0.308557798427176,0.00018741755057895,39,"Flux-conserved"
"Pop04","Pop11",-0.0323568859629121,0.999892763486883,39,"Flux-conserved"
"Pop05","Pop10",0.035127028404278,6.22625337718429e-05,39,"Flux-conserved"
"Pop05","Pop12",0.118967791327447,0.00268666135259848,39,"Flux-conserved"
"Pop05","Pop13",0.0834136694942059,0.00173839210907631,39,"Flux-conserved"
"Pop05","Pop16",0.137624780218229,0.000736951499277585,39,"Flux-conserved"
"Pop05","Pop19",-0.0123071721200629,0.000418938138442852,39,"Flux-conserved"
"Pop05","Pop24",-0.0864608364329509,0.000169677890260914,39,"Flux-conserved"
"Pop07","Pop09",-0.514094316887328,0.00278337471456035,39,"Flux-conserved"
"Pop09","Pop10",0.0983123239728213,0.000330724910274727,39,"Flux-conserved"
"Pop10","Pop11",0.0476837553144789,4.48401829272983e-05,39,"Flux-conserved"
"Pop10","Pop12",0.083058345906585,1.15877807035042e-05,39,"Flux-conserved"
"Pop10","Pop15",0.0999548464609813,1.73320092932458e-05,39,"Flux-conserved"
"Pop10","Pop16",0.0956372985261418,2.52278548334796e-05,39,"Flux-conserved"
"Pop10","Pop20",-0.0570274069399221,0.000400801873937506,39,"Flux-conserved"
"Pop11","Pop13",0.00416492278576142,-0.00101469105421955,39,"Flux-conserved"
"Pop11","Pop16",0.0927433723231471,0.000103982373336952,39,"Flux-conserved"
"Pop12","Pop13",-0.0379314022467891,-7.47989560632999e-05,39,"Flux-conserved"
"Pop12","Pop14",-0.0839013897155323,0.00208533945186199,39,"Flux-conserved"
"Pop12","Pop15",-0.0742503202560255,3.17920262756529e-05,39,"Flux-conserved"
"Pop12","Pop16",-0.0201061913635286,0.00038585825697982,39,"Flux-conserved"
"Pop12","Pop17",-0.113906129636797,0.000152314389562629,39,"Flux-conserved"
"Pop12","Pop18",-0.184064549936155,0.000301485190459916,39,"Flux-conserved"
"Pop13","Pop14",0.0477352036023325,0.000498110219077612,39,"Flux-conserved"
"Pop14","Pop15",-0.0144688498785228,3.28918934762437e-06,39,"Flux-conserved"
"Pop14","Pop16",0.06735144639539,-0.000236074649345289,39,"Flux-conserved"
"Pop14","Pop18",-0.214773473693517,9.0314832116021e-05,39,"Flux-conserved"
"Pop15","Pop16",0.0695418868597689,6.72917917298372e-05,39,"Flux-conserved"
"Pop15","Pop17",-0.051952451145032,0.000125988345863402,39,"Flux-conserved"
"Pop16","Pop17",-0.127535088942264,3.2252554625256e-05,39,"Flux-conserved"
"Pop17","Pop18",-0.0925260391445728,0.00038484851062126,39,"Flux-conserved"
"Pop17","Pop24",-0.121859329556635,1.58481121461371e-05,39,"Flux-conserved"
"Pop18","Pop19",-0.0371799074763594,1.70619136898068e-05,39,"Flux-conserved"
"Pop19","Pop20",-0.0104792619058915,-4.26369906085438e-05,39,"Flux-conserved"
"Pop19","Pop21",0.120501638515716,-5.6379508848669e-06,39,"Flux-conserved"
"Pop20","Pop21",0.137444563103062,-4.00102410994652e-06,39,"Flux-conserved"
"Pop20","Pop25",0.0226060159777805,5.39169819261417e-05,39,"Flux-conserved"
"Pop21","Pop22",-0.179722170961199,4.07265356566007e-06,39,"Flux-conserved"
"Pop21","Pop23",-0.0748738434453904,0.00012143899767274,39,"Flux-conserved"
"Pop21","Pop24",-0.144898875903018,0.000132749141722092,39,"Flux-conserved"
"Pop21","Pop25",-0.0741970303897734,0.000249083019852043,39,"Flux-conserved"
"Pop22","Pop23",0.102926236373255,7.63337211663899e-05,39,"Flux-conserved"
"Pop22","Pop25",-0.0637612377084901,6.55775580878019e-05,39,"Flux-conserved"
"Pop23","Pop24",-0.115191063936811,2.43648009511898e-05,39,"Flux-conserved"
"Pop23","Pop25",-0.0359030668470033,1.43553302491785e-05,39,"Flux-conserved"
"Pop24","Pop25",0.0356904214967296,-1.53091999181399e-05,39,"Flux-conserved"
"Pop01","Pop02",0.14466179710266,0.12393398333693,39,"Rate-conserved"
"Pop01","Pop05",0.136093770752304,0.182723021211815,39,"Rate-conserved"
"Pop02","Pop03",0.0472544371386921,0.0444999196949384,39,"Rate-conserved"
"Pop02","Pop04",0.106556114784216,0.0549548478186524,39,"Rate-conserved"
"Pop03","Pop04",0.0200709371203793,0.0146594642171615,39,"Rate-conserved"
"Pop03","Pop05",0.0567557235519823,0.00264835688219975,39,"Rate-conserved"
"Pop03","Pop06",-0.0805954357572101,0.0133398367845476,39,"Rate-conserved"
"Pop03","Pop07",0.0772105863410877,0.0191966172475063,39,"Rate-conserved"
"Pop03","Pop09",0.0445929191410178,0.077419400850815,39,"Rate-conserved"
"Pop03","Pop11",-0.0178022560938595,0.0487780816210185,39,"Rate-conserved"
"Pop03","Pop14",-0.0627154943732391,0.0143391287304188,39,"Rate-conserved"
"Pop03","Pop17",-0.0275087796167704,0.0156868531039765,39,"Rate-conserved"
"Pop04","Pop05",-0.00798544251837144,-0.151869299556003,39,"Rate-conserved"
"Pop04","Pop07",0.00312080241373974,0.190343666060465,39,"Rate-conserved"
"Pop04","Pop08",-0.0784508284267513,0.557476591802765,39,"Rate-conserved"
"Pop04","Pop09",0.00694534421525647,0.0467189211695233,39,"Rate-conserved"
"Pop04","Pop12",-0.0524207832501405,0.00972002699230871,39,"Rate-conserved"
"Pop05","Pop06",-0.135393914077667,0.0257525499454286,39,"Rate-conserved"
"Pop05","Pop07",0.0026815531401134,0.0480097533375515,39,"Rate-conserved"
"Pop05","Pop08",-0.0060196714832329,0.052916050892872,39,"Rate-conserved"
"Pop05","Pop09",-0.0200354908737299,0.0240802382431679,39,"Rate-conserved"
"Pop06","Pop07",0.0691732152248477,0.0691886960508781,39,"Rate-conserved"
"Pop06","Pop09",0.124950146746565,0.0118270359391706,39,"Rate-conserved"
"Pop06","Pop24",-0.103565094779144,0.00406597707951777,39,"Rate-conserved"
"Pop07","Pop08",-0.143107312264529,-0.0876420022019987,39,"Rate-conserved"
"Pop07","Pop09",0.0166959391703364,0.0353907192766318,39,"Rate-conserved"
"Pop07","Pop10",-0.0862672650288429,0.00194211026954424,39,"Rate-conserved"
"Pop08","Pop09",0.0291491740121765,0.0305334844543481,39,"Rate-conserved"
"Pop09","Pop10",-0.116361899329193,-0.000366346084678698,39,"Rate-conserved"
"Pop09","Pop11",-0.0894568873517354,-0.000660802978696107,39,"Rate-conserved"
"Pop09","Pop12",-0.0500010299904869,-0.000208443679072383,39,"Rate-conserved"
"Pop10","Pop11",0.074149211822368,-0.0358177856942193,39,"Rate-conserved"
"Pop10","Pop12",0.0992774616996654,0.0150136398981893,39,"Rate-conserved"
"Pop11","Pop12",0.0766451309486895,0.0239755112664928,39,"Rate-conserved"
"Pop11","Pop13",0.0147142402785554,0.00556390824663607,39,"Rate-conserved"
"Pop12","Pop13",-0.00605838063300021,-0.00281740557884971,39,"Rate-conserved"
"Pop12","Pop14",-0.056270686975671,0.00163179515883578,39,"Rate-conserved"
"Pop12","Pop15",0.0322075404195129,-0.00822022467296747,39,"Rate-conserved"
"Pop12","Pop17",-0.0179141140463349,1.43184500626375e-05,39,"Rate-conserved"
"Pop12","Pop19",0.0151412966759031,0.00614660636806297,39,"Rate-conserved"
"Pop13","Pop14",-0.0072675621911594,-0.00805012492772851,39,"Rate-conserved"
"Pop13","Pop15",-0.0179570846737387,-0.0287784360855045,39,"Rate-conserved"
"Pop13","Pop17",-0.000709749012786809,0.0244324051113107,39,"Rate-conserved"
"Pop13","Pop18",-0.0229389334798035,0.00653685724172364,39,"Rate-conserved"
"Pop13","Pop19",0.0197188581620879,0.0378754789009323,39,"Rate-conserved"
"Pop13","Pop20",-0.0798763453548891,0.00693536138583628,39,"Rate-conserved"
"Pop14","Pop15",0.00177597321128739,0.0264118864138119,39,"Rate-conserved"
"Pop14","Pop16",0.0266327035966275,0.00608503287427609,39,"Rate-conserved"
"Pop14","Pop19",0.0563717581495393,0.00946657607369319,39,"Rate-conserved"
"Pop14","Pop20",0.00181078887435433,0.00503023539543463,39,"Rate-conserved"
"Pop14","Pop22",-0.0272678694351724,0.0096385419695208,39,"Rate-conserved"
"Pop14","Pop23",-0.0251015799744599,0.00223902627694436,39,"Rate-conserved"
"Pop14","Pop25",-0.0983293254764502,0.00309078818706047,39,"Rate-conserved"
"Pop15","Pop16",-0.0285596883424142,0.0283190843016589,39,"Rate-conserved"
"Pop15","Pop17",-0.00188423511164426,0.0308031029439027,39,"Rate-conserved"
"Pop15","Pop18",-0.0464836125662099,0.0109028149163715,39,"Rate-conserved"
"Pop15","Pop19",0.00935295586255695,0.0229579858648256,39,"Rate-conserved"
"Pop16","Pop17",0.0444219165680126,0.0357972786033049,39,"Rate-conserved"
"Pop16","Pop18",0.0254431650714798,0.0342668640330617,39,"Rate-conserved"
"Pop16","Pop19",0.0700382741770316,0.0318928284367972,39,"Rate-conserved"
"Pop16","Pop20",-0.108239789145834,0.0162837438153012,39,"Rate-conserved"
"Pop17","Pop18",-0.0178329380409766,0.0135667133667915,39,"Rate-conserved"
"Pop17","Pop19",0.0189409616205777,0.00778381244923709,39,"Rate-conserved"
"Pop17","Pop22",-0.0764649741545935,0.00905419182583506,39,"Rate-conserved"
"Pop17","Pop25",-0.128883855183318,0.00319162458885851,39,"Rate-conserved"
"Pop18","Pop19",0.0382328299839277,0.0190067316468863,39,"Rate-conserved"
"Pop18","Pop20",-0.0545619824862389,0.0201763368148455,39,"Rate-conserved"
"Pop18","Pop21",-0.0865667248559298,0.0567276790108236,39,"Rate-conserved"
"Pop18","Pop23",-0.0953553935873406,0.00354326975395874,39,"Rate-conserved"
"Pop19","Pop20",-0.0864551529215832,0.000718762668232561,39,"Rate-conserved"
"Pop19","Pop21",-0.118761771180422,0.0198955386521279,39,"Rate-conserved"
"Pop19","Pop22",-0.109072884691649,0.0143895831770009,39,"Rate-conserved"
"Pop20","Pop21",-0.0640034735575696,0.0088963268435699,39,"Rate-conserved"
"Pop20","Pop23",-0.0529434985822303,0.00076860052321173,39,"Rate-conserved"
"Pop21","Pop22",0.0174419062795925,0.0193289409099812,39,"Rate-conserved"
"Pop21","Pop23",0.0169850649881814,-0.00265547059948113,39,"Rate-conserved"
"Pop22","Pop23",-0.000140777737714315,-0.0154665170295268,39,"Rate-conserved"
"Pop22","Pop24",-0.126084519611,0.000703442334896523,39,"Rate-conserved"
"Pop22","Pop25",-0.128267303626233,-0.00163472476121446,39,"Rate-conserved"
"Pop23","Pop24",-0.123779426264261,0.00918888617570039,39,"Rate-conserved"
"Pop23","Pop25",-0.124811481256457,-0.00079394012831487,39,"Rate-conserved"
"Pop24","Pop25",0.0309485979911794,-0.00965938061408983,39,"Rate-conserved"
"Pop01","Pop02",-0.0639177327611367,-0.00525585319798035,40,"Isotropic"
"Pop01","Pop03",0.0309773384546289,-0.00308258852251002,40,"Isotropic"
"Pop01","Pop06",0.0876891149271607,0.000760844075422094,40,"Isotropic"
"Pop01","Pop07",0.089068411023784,0.0017304460508147,40,"Isotropic"
"Pop01","Pop08",0.0925071941137433,0.0018633770525172,40,"Isotropic"
"Pop01","Pop10",0.056997106235599,0.00386599207603775,40,"Isotropic"
"Pop02","Pop03",0.0446789276770439,0.000699335490486952,40,"Isotropic"
"Pop02","Pop04",0.0241647138672395,0.00923986886918133,40,"Isotropic"
"Pop02","Pop06",0.0298197513343756,0.00198120802638205,40,"Isotropic"
"Pop03","Pop04",0.0076869466444382,0.00247221897696086,40,"Isotropic"
"Pop03","Pop05",-0.051357936152145,0.00429304828249195,40,"Isotropic"
"Pop03","Pop06",0.06070651785191,-0.000732637085170592,40,"Isotropic"
"Pop03","Pop12",0.0271326742044002,9.90528727576087e-05,40,"Isotropic"
"Pop03","Pop15",0.0398267796767179,0.000629190221684637,40,"Isotropic"
"Pop04","Pop05",-0.0245521793508365,0.0208136622919109,40,"Isotropic"
"Pop04","Pop06",0.048091612586401,0.004011798960601,40,"Isotropic"
"Pop05","Pop06",0.173124567494752,0.00113598975736617,40,"Isotropic"
"Pop05","Pop13",0.0172593478390026,0.000572659700408842,40,"Isotropic"
"Pop06","Pop07",-0.0663404017925249,0.00489158633760055,40,"Isotropic"
"Pop06","Pop08",0.0194992806158076,0.0134061200527123,40,"Isotropic"
"Pop06","Pop09",-0.00575631298233112,0.00261775351137635,40,"Isotropic"
"Pop06","Pop15",-0.014830262205008,-0.00108188929197994,40,"Isotropic"
"Pop07","Pop08",0.0843079837477431,0.00553669415495007,40,"Isotropic"
"Pop07","Pop11",0.0105848692015747,0.00195986992191631,40,"Isotropic"
"Pop07","Pop12",0.0205794737290379,0.000253393662331045,40,"Isotropic"
"Pop07","Pop13",0.0152331318430725,-0.00116642833237992,40,"Isotropic"
"Pop08","Pop09",-0.0838177656465569,0.00235594706815421,40,"Isotropic"
"Pop08","Pop10",-0.0553350513579369,0.000371211119999458,40,"Isotropic"
"Pop08","Pop11",-0.0649871348736544,0.00211487916205529,40,"Isotropic"
"Pop08","Pop12",-0.029896579276511,-0.00847536274820976,40,"Isotropic"
"Pop08","Pop15",-0.0356592133828759,-0.00643765654558286,40,"Isotropic"
"Pop08","Pop17",0.0103526781996804,-0.00222267110388583,40,"Isotropic"
"Pop08","Pop20",0.0127548590607656,-0.00399283552066276,40,"Isotropic"
"Pop09","Pop10",0.012931094298029,0.00495159465495375,40,"Isotropic"
"Pop09","Pop11",0.00473908266140127,0.00677503258343017,40,"Isotropic"
"Pop09","Pop12",0.0177013843673806,-0.00364517582238453,40,"Isotropic"
"Pop09","Pop14",0.0200997016206315,-0.00190018550252978,40,"Isotropic"
"Pop10","Pop11",-0.0281418005584856,-0.0287441552060178,40,"Isotropic"
"Pop10","Pop12",0.0235346315609768,-0.00619095793876236,40,"Isotropic"
"Pop10","Pop13",0.0248401023427837,-0.0189262717629823,40,"Isotropic"
"Pop10","Pop20",0.0329239851860786,-0.00885366520905096,40,"Isotropic"
"Pop11","Pop13",0.0087623820633275,-0.0116962348015479,40,"Isotropic"
"Pop11","Pop19",-0.0153627711470409,-0.00219209868589821,40,"Isotropic"
"Pop12","Pop13",0.00139171886825221,0.0106298362570824,40,"Isotropic"
"Pop12","Pop16",0.0295038709285072,-0.00169669814319715,40,"Isotropic"
"Pop12","Pop19",0.023705648569546,-0.00200666051855357,40,"Isotropic"
"Pop12","Pop25",0.0202113231134556,-0.0114950150845475,40,"Isotropic"
"Pop13","Pop14",0.0037381316350004,-0.00100344116158219,40,"Isotropic"
"Pop13","Pop16",0.0141224077689056,-0.00208864208002141,40,"Isotropic"
"Pop13","Pop17",0.0337554370234135,0.00200757891087573,40,"Isotropic"
"Pop13","Pop25",0.00905123236761303,-0.00695876572936311,40,"Isotropic"
"Pop14","Pop15",0.094263589793568,-0.0347482848820569,40,"Isotropic"
"Pop14","Pop16",0.069897290097896,0.00314340793227899,40,"Isotropic"
"Pop14","Pop17",0.091244435743837,0.0123976964242322,40,"Isotropic"
"Pop15","Pop16",-0.0194177357971227,0.0375272739036468,40,"Isotropic"
"Pop15","Pop17",0.0383274944319737,0.0172986800055013,40,"Isotropic"
"Pop15","Pop20",0.0530304275916736,0.00255377527023077,40,"Isotropic"
"Pop15","Pop21",0.0557815758174812,-0.00108634000334726,40,"Isotropic"
"Pop16","Pop17",0.0451766118833951,0.00514520805664024,40,"Isotropic"
"Pop16","Pop20",0.0423525909914191,-0.00490049856293351,40,"Isotropic"
"Pop16","Pop21",0.0316932325256112,-0.00984036227663316,40,"Isotropic"
"Pop17","Pop18",0.0300909405553493,-0.0199343422072588,40,"Isotropic"
"Pop17","Pop20",0.0325270020708967,-0.0164869866605361,40,"Isotropic"
"Pop17","Pop24",0.0189581524716768,-0.00822846821616938,40,"Isotropic"
"Pop17","Pop25",-0.0318820552348913,-0.0165712480028175,40,"Isotropic"
"Pop18","Pop19",-0.0748884820655168,0.0154600187615995,40,"Isotropic"
"Pop18","Pop20",0.0320413466700895,1.35738428710293e-05,40,"Isotropic"
"Pop18","Pop21",-0.0135669634702326,-0.0651266418632766,40,"Isotropic"
"Pop18","Pop22",-0.0468400053726558,-0.01707339351216,40,"Isotropic"
"Pop18","Pop23",-0.0347107500407601,-0.0205546384307026,40,"Isotropic"
"Pop18","Pop24",-0.0555044048877353,-0.0144823321231417,40,"Isotropic"
"Pop18","Pop25",-0.068085512169448,-0.0134853295323185,40,"Isotropic"
"Pop19","Pop20",0.119401810283241,-0.0300827764223286,40,"Isotropic"
"Pop19","Pop21",0.0696606294918798,-0.0233333117896433,40,"Isotropic"
"Pop19","Pop24",0.0529161814686589,-0.00934368393965802,40,"Isotropic"
"Pop20","Pop21",-0.041145425429629,-0.040978686631406,40,"Isotropic"
"Pop20","Pop22",-0.0262932374684405,-0.0108124588163811,40,"Isotropic"
"Pop20","Pop23",-0.0219589267472649,-0.0134677569702226,40,"Isotropic"
"Pop20","Pop24",-0.0520147616124517,-0.0150218545085785,40,"Isotropic"
"Pop20","Pop25",-0.0548858493939379,-0.016479169766232,40,"Isotropic"
"Pop21","Pop22",-0.0612768451899174,-0.0196077125872361,40,"Isotropic"
"Pop21","Pop23",-0.0503258735765909,-0.0189648985011656,40,"Isotropic"
"Pop21","Pop25",-0.0369304499153658,0.0124301335899058,40,"Isotropic"
"Pop22","Pop23",0.00136536308742635,-0.555586572002718,40,"Isotropic"
"Pop22","Pop25",-7.70083693907297e-05,0.0213038225908617,40,"Isotropic"
"Pop23","Pop24",0.0121677650801087,0.0249663037335888,40,"Isotropic"
"Pop24","Pop25",0.05557470037462,-0.101312436920622,40,"Isotropic"
"Pop01","Pop12",0.250717173285308,NA,40,"Flux-conserved"
"Pop01","Pop15",0.246231067190578,NA,40,"Flux-conserved"
"Pop01","Pop16",0.238350081918074,NA,40,"Flux-conserved"
"Pop01","Pop19",-0.0186609908165212,-27769591520.6502,40,"Flux-conserved"
"Pop01","Pop21",-0.0337261030322543,-27769591520.6502,40,"Flux-conserved"
"Pop02","Pop12",0.250717173285308,NA,40,"Flux-conserved"
"Pop02","Pop15",0.246231067190578,NA,40,"Flux-conserved"
"Pop02","Pop16",0.238350081918074,NA,40,"Flux-conserved"
"Pop02","Pop19",-0.0186609908165212,-27769591520.6502,40,"Flux-conserved"
"Pop02","Pop21",-0.0337261030322543,-27769591520.6502,40,"Flux-conserved"
"Pop03","Pop12",0.250717173285308,NA,40,"Flux-conserved"
"Pop03","Pop15",0.246231067190578,NA,40,"Flux-conserved"
"Pop03","Pop16",0.238350081918074,NA,40,"Flux-conserved"
"Pop03","Pop19",-0.0186609908165212,-27769591520.6502,40,"Flux-conserved"
"Pop03","Pop21",-0.0337261030322543,-27769591520.6502,40,"Flux-conserved"
"Pop04","Pop12",0.250717173285308,NA,40,"Flux-conserved"
"Pop04","Pop15",0.246231067190578,NA,40,"Flux-conserved"
"Pop04","Pop16",0.238350081918074,NA,40,"Flux-conserved"
"Pop04","Pop19",-0.0186609908165212,-27769591520.6502,40,"Flux-conserved"
"Pop04","Pop21",-0.0337261030322543,-27769591520.6502,40,"Flux-conserved"
"Pop05","Pop12",0.250717173285308,NA,40,"Flux-conserved"
"Pop05","Pop15",0.246231067190578,NA,40,"Flux-conserved"
"Pop05","Pop16",0.238350081918074,NA,40,"Flux-conserved"
"Pop05","Pop19",-0.0186609908165212,-27769591520.6502,40,"Flux-conserved"
"Pop05","Pop21",-0.0337261030322543,-27769591520.6502,40,"Flux-conserved"
"Pop06","Pop12",0.250717173285308,NA,40,"Flux-conserved"
"Pop06","Pop15",0.246231067190578,NA,40,"Flux-conserved"
"Pop06","Pop16",0.238350081918074,NA,40,"Flux-conserved"
"Pop06","Pop19",-0.0186609908165212,-27769591520.6502,40,"Flux-conserved"
"Pop06","Pop21",-0.0337261030322543,-27769591520.6502,40,"Flux-conserved"
"Pop07","Pop12",0.250717173285308,NA,40,"Flux-conserved"
"Pop07","Pop15",0.246231067190578,NA,40,"Flux-conserved"
"Pop07","Pop16",0.238350081918074,NA,40,"Flux-conserved"
"Pop07","Pop19",-0.0186609908165212,-27769591520.6502,40,"Flux-conserved"
"Pop07","Pop21",-0.0337261030322543,-27769591520.6502,40,"Flux-conserved"
"Pop08","Pop12",0.250717173285308,NA,40,"Flux-conserved"
"Pop08","Pop15",0.246231067190578,NA,40,"Flux-conserved"
"Pop08","Pop16",0.238350081918074,NA,40,"Flux-conserved"
"Pop08","Pop19",-0.0186609908165212,-27769591520.6502,40,"Flux-conserved"
"Pop08","Pop21",-0.0337261030322543,-27769591520.6502,40,"Flux-conserved"
"Pop09","Pop12",0.250717173285308,NA,40,"Flux-conserved"
"Pop09","Pop15",0.246231067190578,NA,40,"Flux-conserved"
"Pop09","Pop16",0.238350081918074,NA,40,"Flux-conserved"
"Pop09","Pop19",-0.0186609908165212,-27769591520.6502,40,"Flux-conserved"
"Pop09","Pop21",-0.0337261030322543,-27769591520.6502,40,"Flux-conserved"
"Pop10","Pop12",0.250717173285308,NA,40,"Flux-conserved"
"Pop10","Pop15",0.246231067190578,NA,40,"Flux-conserved"
"Pop10","Pop16",0.238350081918074,NA,40,"Flux-conserved"
"Pop10","Pop19",-0.0186609908165212,-27769591520.6502,40,"Flux-conserved"
"Pop10","Pop21",-0.0337261030322543,-27769591520.6502,40,"Flux-conserved"
"Pop11","Pop12",0.250717173285308,NA,40,"Flux-conserved"
"Pop11","Pop15",0.246231067190578,NA,40,"Flux-conserved"
"Pop11","Pop16",0.238350081918074,NA,40,"Flux-conserved"
"Pop11","Pop19",-0.0186609908165212,-27769591520.6502,40,"Flux-conserved"
"Pop11","Pop21",-0.0337261030322543,-27769591520.6502,40,"Flux-conserved"
"Pop12","Pop13",-0.250717173285308,NA,40,"Flux-conserved"
"Pop12","Pop14",-0.250717173285308,NA,40,"Flux-conserved"
"Pop12","Pop15",0.0683032430624563,-0.0736632769344307,40,"Flux-conserved"
"Pop12","Pop16",-0.0612225548439768,0.9986358438468,40,"Flux-conserved"
"Pop13","Pop15",0.246231067190578,NA,40,"Flux-conserved"
"Pop13","Pop16",0.238350081918074,NA,40,"Flux-conserved"
"Pop13","Pop19",-0.0186609908165212,-27769591520.6502,40,"Flux-conserved"
"Pop13","Pop21",-0.0337261030322543,-27769591520.6502,40,"Flux-conserved"
"Pop14","Pop15",0.246231067190578,NA,40,"Flux-conserved"
"Pop14","Pop16",0.238350081918074,NA,40,"Flux-conserved"
"Pop14","Pop19",-0.0186609908165212,-27769591520.6502,40,"Flux-conserved"
"Pop14","Pop21",-0.0337261030322543,-27769591520.6502,40,"Flux-conserved"
"Pop16","Pop17",-0.292329720818651,0.000440461553021814,40,"Flux-conserved"
"Pop17","Pop18",0.134063503637927,0.00428086478335476,40,"Flux-conserved"
"Pop17","Pop19",0.0772785952222052,0.000234142201116536,40,"Flux-conserved"
"Pop18","Pop19",0.213327321331851,0.000215502392003303,40,"Flux-conserved"
"Pop18","Pop21",0.130663755577617,0.000456844121645693,40,"Flux-conserved"
"Pop18","Pop22",-0.0635908044028732,9.25385414082173e-05,40,"Flux-conserved"
"Pop19","Pop20",-0.21812921995598,2.26744233384507e-05,40,"Flux-conserved"
"Pop19","Pop21",-0.00692793654163523,0.000194497463941783,40,"Flux-conserved"
"Pop19","Pop22",-0.12985565883422,0.000119844135916253,40,"Flux-conserved"
"Pop19","Pop23",-0.118497084868603,8.41555140351719e-05,40,"Flux-conserved"
"Pop20","Pop21",0.180460411110455,5.65231112747096e-07,40,"Flux-conserved"
"Pop20","Pop22",0.0829018154231396,9.4223317171947e-07,40,"Flux-conserved"
"Pop20","Pop24",-0.0714217991512683,8.99276764524835e-06,40,"Flux-conserved"
"Pop20","Pop25",-0.111012113961328,6.52687521859334e-05,40,"Flux-conserved"
"Pop21","Pop22",-0.201013119510193,6.38945431156459e-06,40,"Flux-conserved"
"Pop21","Pop23",-0.181502412910622,-5.32916227950457e-08,40,"Flux-conserved"
"Pop22","Pop23",-0.0298709828544615,3.58430820288262e-06,40,"Flux-conserved"
"Pop23","Pop24",-0.143873286510234,2.68186592447157e-05,40,"Flux-conserved"
"Pop23","Pop25",-0.141588668528388,1.08888742132776e-05,40,"Flux-conserved"
"Pop24","Pop25",-0.0170892630585997,2.91665912416322e-05,40,"Flux-conserved"
"Pop01","Pop02",0.0330601886994144,0.995147392062576,40,"Rate-conserved"
"Pop01","Pop03",0.0783331229172804,0.549063350005902,40,"Rate-conserved"
"Pop01","Pop06",-0.0557584355220974,0.0135007818967559,40,"Rate-conserved"
"Pop02","Pop03",0.106440304577458,-0.0382186088591566,40,"Rate-conserved"
"Pop02","Pop06",-0.096406599940132,0.00152586576373689,40,"Rate-conserved"
"Pop03","Pop04",-0.102047811521858,0.00149040906353084,40,"Rate-conserved"
"Pop03","Pop10",-0.0807015204570074,0.000784919332112375,40,"Rate-conserved"
"Pop04","Pop05",0.147443556160364,0.00280407665472943,40,"Rate-conserved"
"Pop04","Pop10",0.0732916345126063,0.0014273676644837,40,"Rate-conserved"
"Pop05","Pop06",0.121831278197089,4.41816975532895e-05,40,"Rate-conserved"
"Pop05","Pop07",-0.0573635684369657,0.000138347797381547,40,"Rate-conserved"
"Pop05","Pop09",-0.0427085703630921,0.00217585146702581,40,"Rate-conserved"
"Pop06","Pop07",-0.0581449449938818,0.00010321121219193,40,"Rate-conserved"
"Pop06","Pop08",-0.075744873595907,0.00055588121450229,40,"Rate-conserved"
"Pop06","Pop09",-0.0644928262792737,0.00149434311083953,40,"Rate-conserved"
"Pop06","Pop10",-0.0429244873570225,0.000168571870786603,40,"Rate-conserved"
"Pop06","Pop12",-0.0771350072243661,0.000142205149755023,40,"Rate-conserved"
"Pop07","Pop08",-0.0247878148347685,0.00125277899957874,40,"Rate-conserved"
"Pop07","Pop10",0.051361292043411,8.01830652444677e-05,40,"Rate-conserved"
"Pop07","Pop12",0.0267761294422464,0.00013995960009503,40,"Rate-conserved"
"Pop07","Pop14",-0.0431274204151935,-2.34956286137012e-06,40,"Rate-conserved"
"Pop07","Pop25",-0.0308114364013166,2.01797788193316e-05,40,"Rate-conserved"
"Pop08","Pop09",-0.0640879004985961,0.00163489229921334,40,"Rate-conserved"
"Pop08","Pop10",0.0277073442629467,-0.000148336705794888,40,"Rate-conserved"
"Pop08","Pop12",-0.0720771475686389,-4.34465235489125e-05,40,"Rate-conserved"
"Pop09","Pop10",0.0419787415414948,-0.000143095576603878,40,"Rate-conserved"
"Pop10","Pop11",-0.0801343213070282,-1.33549697465906e-05,40,"Rate-conserved"
"Pop10","Pop12",-0.0146778381344001,-2.51005661744269e-05,40,"Rate-conserved"
"Pop10","Pop13",-0.015156864232777,-4.78761653531499e-05,40,"Rate-conserved"
"Pop10","Pop23",-0.061459835225066,2.47946706102526e-06,40,"Rate-conserved"
"Pop11","Pop12",0.0397185040328161,-1.65420720541447e-05,40,"Rate-conserved"
"Pop11","Pop13",0.0632961402841009,3.15496007099046e-05,40,"Rate-conserved"
"Pop11","Pop20",0.0684771909454194,1.64915597457872e-05,40,"Rate-conserved"
"Pop11","Pop21",0.0548528963267544,3.06071033876319e-05,40,"Rate-conserved"
"Pop11","Pop23",-0.0548155535684593,2.43202769279488e-05,40,"Rate-conserved"
"Pop12","Pop13",0.0253030580911236,-0.000520429894565524,40,"Rate-conserved"
"Pop12","Pop21",0.00543237680961209,4.58534364066205e-05,40,"Rate-conserved"
"Pop13","Pop14",-0.0496234983776126,0.000267838320893602,40,"Rate-conserved"
"Pop13","Pop15",0.00174577387997883,0.000112192172606894,40,"Rate-conserved"
"Pop13","Pop19",0.0235006605064393,-3.92289478369673e-05,40,"Rate-conserved"
"Pop13","Pop20",0.023544054751686,6.47577448757049e-06,40,"Rate-conserved"
"Pop13","Pop24",-0.0317634632519224,-1.74665218648212e-05,40,"Rate-conserved"
"Pop14","Pop15",0.0417347323173072,-6.30016117441899e-06,40,"Rate-conserved"
"Pop14","Pop18",0.058817273901549,2.02950582293673e-05,40,"Rate-conserved"
"Pop14","Pop19",0.084397130302683,-3.03048694192514e-05,40,"Rate-conserved"
"Pop14","Pop20",0.080681257158745,-3.80929123191437e-05,40,"Rate-conserved"
"Pop14","Pop23",-0.0254061663030634,6.19682182625524e-07,40,"Rate-conserved"
"Pop15","Pop16",-0.201720904690864,-3.32519671933859e-05,40,"Rate-conserved"
"Pop15","Pop17",-0.012994224482256,-3.63803531130795e-05,40,"Rate-conserved"
"Pop15","Pop18",-0.0122146837626768,1.98818072436055e-06,40,"Rate-conserved"
"Pop15","Pop19",0.020028234606347,-0.000119684096678319,40,"Rate-conserved"
"Pop15","Pop21",-0.00354194325833079,-3.76659519117505e-05,40,"Rate-conserved"
"Pop16","Pop17",0.230241503624333,5.17912206173981e-05,40,"Rate-conserved"
"Pop16","Pop19",0.0389185353337305,-7.45684491406654e-05,40,"Rate-conserved"
"Pop17","Pop18",-0.000845670599202264,1.77188980422335e-05,40,"Rate-conserved"
"Pop17","Pop20",0.0514611208134069,-4.317002118747e-05,40,"Rate-conserved"
"Pop17","Pop22",0.0325050441822846,-5.77917229464223e-06,40,"Rate-conserved"
"Pop17","Pop24",-0.0143571606849845,-2.08953232332044e-05,40,"Rate-conserved"
"Pop17","Pop25",-0.0366801038577403,6.91342459890198e-06,40,"Rate-conserved"
"Pop18","Pop19",0.0565238155274791,-0.000147862535304946,40,"Rate-conserved"
"Pop18","Pop20",0.063385153977073,-0.000163869963172205,40,"Rate-conserved"
"Pop18","Pop24",-0.0443374271993733,-2.10470893610067e-05,40,"Rate-conserved"
"Pop19","Pop20",0.0175501127092769,-0.000247308603730207,40,"Rate-conserved"
"Pop19","Pop21",0.00685056711300838,0.00022929910473095,40,"Rate-conserved"
"Pop19","Pop22",-0.0234483965829579,6.52927119126803e-05,40,"Rate-conserved"
"Pop20","Pop21",-0.00275693405189528,0.00330573797369152,40,"Rate-conserved"
"Pop20","Pop22",-0.0314092560310615,0.000199331894772147,40,"Rate-conserved"
"Pop20","Pop25",-0.0783229808385695,0.000130323558555666,40,"Rate-conserved"
"Pop21","Pop22",-0.0196334456262469,4.86673077329961e-05,40,"Rate-conserved"
"Pop21","Pop23",-0.0886200152311674,3.63330484781205e-05,40,"Rate-conserved"
"Pop21","Pop24",-0.0501963146087866,-0.000153914969041171,40,"Rate-conserved"
"Pop21","Pop25",-0.0647879140487628,8.31287058856744e-05,40,"Rate-conserved"
"Pop22","Pop23",-0.0448188183917569,-1.91851014497493e-06,40,"Rate-conserved"
"Pop22","Pop24",-0.0234776005175679,-9.12100913483761e-05,40,"Rate-conserved"
"Pop22","Pop25",-0.0419213936382354,4.41296581499677e-05,40,"Rate-conserved"
"Pop23","Pop24",0.0318875146154684,-5.33489698302955e-05,40,"Rate-conserved"
"Pop23","Pop25",0.0151627052991609,9.03228371774193e-05,40,"Rate-conserved"
"Pop24","Pop25",-0.0115595263441354,0.000176699717896769,40,"Rate-conserved"
"Pop01","Pop02",-0.0810233860234405,0.207693024774601,41,"Isotropic"
"Pop01","Pop03",0.0909308203374053,0.915026503607328,41,"Isotropic"
"Pop01","Pop12",0.0872901889913401,0.476973718935228,41,"Isotropic"
"Pop01","Pop13",0.118091743572143,0.231124337545984,41,"Isotropic"
"Pop01","Pop18",0.0865899969294777,0.0289117385405117,41,"Isotropic"
"Pop02","Pop03",0.176588430901435,0.124959096977896,41,"Isotropic"
"Pop02","Pop06",-0.0427665040775368,0.12135128883273,41,"Isotropic"
"Pop03","Pop04",-0.0488238877899518,0.0289210694318368,41,"Isotropic"
"Pop03","Pop05",-0.0791145367534141,0.0683303167432525,41,"Isotropic"
"Pop03","Pop07",-0.084708953579776,0.0307242702699261,41,"Isotropic"
"Pop04","Pop05",0.00351119080095763,0.0580165123074785,41,"Isotropic"
"Pop04","Pop06",-0.0229882163461145,0.0276471076141483,41,"Isotropic"
"Pop04","Pop07",-0.0640022910985725,0.0251563625763893,41,"Isotropic"
"Pop05","Pop06",0.00868270711836877,0.0497109588688781,41,"Isotropic"
"Pop05","Pop08",-0.0131554108798749,0.0213542824536695,41,"Isotropic"
"Pop06","Pop07",-0.00691601496877503,0.0660038917536597,41,"Isotropic"
"Pop06","Pop09",-0.0170682401399702,-0.00470193478606614,41,"Isotropic"
"Pop07","Pop08",0.106024241914023,-0.021585266672807,41,"Isotropic"
"Pop07","Pop12",0.0265772886341464,-0.00607205703010657,41,"Isotropic"
"Pop08","Pop09",-0.0426047570175581,-0.00547227217882097,41,"Isotropic"
"Pop08","Pop10",-0.0270025214091766,-0.0307061728214608,41,"Isotropic"
"Pop08","Pop11",-0.00481811122663184,0.0189312911502654,41,"Isotropic"
"Pop08","Pop12",0.00664694804457909,-0.00707936475379581,41,"Isotropic"
"Pop08","Pop13",0.0311314260250892,0.0139093824832571,41,"Isotropic"
"Pop08","Pop14",0.0143110518055124,-0.00167189770461195,41,"Isotropic"
"Pop08","Pop15",0.00357761905340312,-0.00172945541732386,41,"Isotropic"
"Pop09","Pop10",-0.0191921357889707,0.0428640943354934,41,"Isotropic"
"Pop09","Pop11",0.00141205282192991,0.174990370364481,41,"Isotropic"
"Pop09","Pop13",0.0606495536332528,0.0145308315141873,41,"Isotropic"
"Pop09","Pop15",0.0263810283973803,-0.00100654300580255,41,"Isotropic"
"Pop09","Pop25",-0.0153429904636221,-0.0149339223246721,41,"Isotropic"
"Pop10","Pop11",0.000773512482815542,0.122298109050708,41,"Isotropic"
"Pop10","Pop12",0.0631148555685848,-0.0153373161726599,41,"Isotropic"
"Pop10","Pop13",0.0481463092278592,0.00790846318929743,41,"Isotropic"
"Pop10","Pop24",-0.0247228298634514,-0.0272893186965694,41,"Isotropic"
"Pop11","Pop12",0.0564958976354953,-0.0615841443390786,41,"Isotropic"
"Pop11","Pop13",0.0519829951976759,-0.00813360649381423,41,"Isotropic"
"Pop11","Pop16",-0.013766792609586,-0.00988720264705005,41,"Isotropic"
"Pop12","Pop13",0.0346478623251014,0.0115163701232666,41,"Isotropic"
"Pop12","Pop14",0.00160319397050981,0.0441819935515853,41,"Isotropic"
"Pop12","Pop15",-0.017280812720007,0.0120151920729306,41,"Isotropic"
"Pop12","Pop16",0.0107951926532229,0.00240516124174968,41,"Isotropic"
"Pop12","Pop21",0.0349138957164658,-0.0134629249546287,41,"Isotropic"
"Pop13","Pop14",-0.0390827704190532,-0.0430673130756103,41,"Isotropic"
"Pop13","Pop15",-0.0552395566754087,-0.0229069672581581,41,"Isotropic"
"Pop13","Pop16",-0.0218640767258507,-0.0178220608349417,41,"Isotropic"
"Pop13","Pop18",-0.0453434954929211,-0.0048887824219905,41,"Isotropic"
"Pop13","Pop19",0.00590043652033772,-0.00636614497465477,41,"Isotropic"
"Pop13","Pop21",0.00991230387094498,-0.0216638004388407,41,"Isotropic"
"Pop13","Pop24",-0.025863802786666,-0.032376551244938,41,"Isotropic"
"Pop13","Pop25",-0.0523633694384944,-0.0629685217492766,41,"Isotropic"
"Pop14","Pop15",-0.0309871058240248,0.00299994858802147,41,"Isotropic"
"Pop14","Pop16",-0.00203374175488705,0.00615087175817986,41,"Isotropic"
"Pop14","Pop17",-0.0191587442290077,0.0343355534428215,41,"Isotropic"
"Pop14","Pop19",0.0112780555938998,0.00213412107297252,41,"Isotropic"
"Pop14","Pop20",0.0162681452120826,0.00124042318137294,41,"Isotropic"
"Pop14","Pop21",0.0263749257584034,-0.0142732870586806,41,"Isotropic"
"Pop14","Pop25",-0.0608662693691453,-0.0504616776239656,41,"Isotropic"
"Pop15","Pop16",0.0224467195261166,0.0840126025461315,41,"Isotropic"
"Pop15","Pop18",-0.0243161833001335,-0.00341888433567721,41,"Isotropic"
"Pop15","Pop21",0.0503802025760296,0.0117912791227588,41,"Isotropic"
"Pop16","Pop17",-0.0444999190667712,0.0183832127874962,41,"Isotropic"
"Pop16","Pop20",-0.0275790806777174,0.00451110994865246,41,"Isotropic"
"Pop16","Pop21",0.0279456006295451,0.00185488775611163,41,"Isotropic"
"Pop16","Pop22",-0.0137103784933534,-0.0163979644709603,41,"Isotropic"
"Pop17","Pop18",0.0136691674993856,-0.00722604642300392,41,"Isotropic"
"Pop17","Pop19",0.044666857898706,-0.0399172839630266,41,"Isotropic"
"Pop17","Pop20",0.0173433530935896,0.0055742172958908,41,"Isotropic"
"Pop17","Pop22",-0.00237781595760349,-0.0289789489398278,41,"Isotropic"
"Pop18","Pop19",0.0301824736109593,-0.0554759999485633,41,"Isotropic"
"Pop18","Pop21",0.0772110210247154,-0.0147312856944844,41,"Isotropic"
"Pop18","Pop25",-0.041949203172267,-0.137589547968973,41,"Isotropic"
"Pop19","Pop20",-0.0378839384279321,0.0259712355140294,41,"Isotropic"
"Pop19","Pop21",0.0368537117485649,-0.0272140197364653,41,"Isotropic"
"Pop19","Pop22",-0.0331453584202514,-0.0351701662388257,41,"Isotropic"
"Pop19","Pop24",-0.0668530932630777,-0.0905301692625963,41,"Isotropic"
"Pop20","Pop21",0.0782727118162915,-0.0527175394295717,41,"Isotropic"
"Pop20","Pop22",-0.0245088225237547,-0.0656617428297552,41,"Isotropic"
"Pop21","Pop22",-0.102133890936426,-0.107203949052105,41,"Isotropic"
"Pop21","Pop23",-0.0269815332368152,-0.120624175074045,41,"Isotropic"
"Pop21","Pop24",-0.0981599972671874,-0.066037146492903,41,"Isotropic"
"Pop22","Pop23",-0.0294656684953156,-0.136677686680646,41,"Isotropic"
"Pop23","Pop24",0.011482171325333,-0.165487144336426,41,"Isotropic"
"Pop23","Pop25",0.0469202572256755,-0.496257558396712,41,"Isotropic"
"Pop24","Pop25",-0.0111938135403922,-0.082007202417822,41,"Isotropic"
"Pop01","Pop07",0.445806611861188,NA,41,"Flux-conserved"
"Pop01","Pop23",0.124921572813789,NA,41,"Flux-conserved"
"Pop01","Pop25",0.103554321389049,-38222619592.923,41,"Flux-conserved"
"Pop02","Pop07",0.445806611861188,NA,41,"Flux-conserved"
"Pop02","Pop23",0.124921572813789,NA,41,"Flux-conserved"
"Pop02","Pop25",0.103554321389049,-38222619592.923,41,"Flux-conserved"
"Pop03","Pop07",0.445806611861188,NA,41,"Flux-conserved"
"Pop03","Pop23",0.124921572813789,NA,41,"Flux-conserved"
"Pop03","Pop25",0.103554321389049,-38222619592.923,41,"Flux-conserved"
"Pop04","Pop07",0.445806611861188,NA,41,"Flux-conserved"
"Pop04","Pop23",0.124921572813789,NA,41,"Flux-conserved"
"Pop04","Pop25",0.103554321389049,-38222619592.923,41,"Flux-conserved"
"Pop05","Pop07",0.445806611861188,NA,41,"Flux-conserved"
"Pop05","Pop23",0.124921572813789,NA,41,"Flux-conserved"
"Pop05","Pop25",0.103554321389049,-38222619592.923,41,"Flux-conserved"
"Pop06","Pop07",0.445806611861188,NA,41,"Flux-conserved"
"Pop06","Pop23",0.124921572813789,NA,41,"Flux-conserved"
"Pop06","Pop25",0.103554321389049,-38222619592.923,41,"Flux-conserved"
"Pop07","Pop09",-0.336567609879909,0.0042301966870769,41,"Flux-conserved"
"Pop08","Pop10",0.332061236013655,-0.000970677745646284,41,"Flux-conserved"
"Pop08","Pop11",0.00960331706967565,6.29564061943851e-05,41,"Flux-conserved"
"Pop09","Pop10",-0.0144161257575754,0.00243162896758497,41,"Flux-conserved"
"Pop11","Pop12",0.0637153444282401,-0.000212397432859445,41,"Flux-conserved"
"Pop11","Pop15",0.0954319211174914,0.00120266829848889,41,"Flux-conserved"
"Pop11","Pop19",0.101928756285021,0.000893808939264454,41,"Flux-conserved"
"Pop11","Pop24",-0.122477294378046,0.000353805935427263,41,"Flux-conserved"
"Pop12","Pop14",0.0329852018099105,0.000457670386344405,41,"Flux-conserved"
"Pop12","Pop15",0.0525551687497303,0.00041955553079057,41,"Flux-conserved"
"Pop12","Pop17",-0.19111089696759,-0.00118334940899209,41,"Flux-conserved"
"Pop12","Pop18",-0.0184956070710298,0.000906017292261135,41,"Flux-conserved"
"Pop12","Pop19",0.081558160037941,0.000687383046233368,41,"Flux-conserved"
"Pop12","Pop23",-0.0770506981278541,0.000193014024766262,41,"Flux-conserved"
"Pop12","Pop24",-0.105280589487329,4.10828001431828e-05,41,"Flux-conserved"
"Pop13","Pop16",-0.00250640590512641,0.0185440769722428,41,"Flux-conserved"
"Pop13","Pop17",-0.173678113178489,-0.00214637825769624,41,"Flux-conserved"
"Pop14","Pop15",-0.0481100980081289,4.46507167642588e-05,41,"Flux-conserved"
"Pop14","Pop16",-0.0180502344063885,-0.00228021202686815,41,"Flux-conserved"
"Pop14","Pop18",-0.0506264152876851,-0.000786162835052598,41,"Flux-conserved"
"Pop14","Pop19",0.0067843883431388,-5.41619617959746e-05,41,"Flux-conserved"
"Pop14","Pop20",-0.118111595170498,0.00177150986897761,41,"Flux-conserved"
"Pop14","Pop21",-0.0882267473862351,0.00049978735223006,41,"Flux-conserved"
"Pop14","Pop25",-0.10684655011344,4.19989750575055e-05,41,"Flux-conserved"
"Pop15","Pop19",0.00253195657696059,-0.00259466807430967,41,"Flux-conserved"
"Pop15","Pop20",0.0019452851064953,-0.00022982541092309,41,"Flux-conserved"
"Pop15","Pop21",-0.131699193608102,0.0004937175076437,41,"Flux-conserved"
"Pop17","Pop18",0.0881064374065784,0.999646760045344,41,"Flux-conserved"
"Pop18","Pop19",-0.00261904394040291,0.000381880725604323,41,"Flux-conserved"
"Pop18","Pop20",-0.0409210047513728,0.001115118898098,41,"Flux-conserved"
"Pop18","Pop21",-0.155388051440788,0.000274816777518807,41,"Flux-conserved"
"Pop19","Pop20",-0.0139001993336716,0.000151766022928894,41,"Flux-conserved"
"Pop20","Pop21",-0.157945651094993,0.000260477322862612,41,"Flux-conserved"
"Pop21","Pop22",-0.19772162996121,6.33270778938834e-05,41,"Flux-conserved"
"Pop21","Pop23",-0.0535925230875614,5.53443055116464e-05,41,"Flux-conserved"
"Pop21","Pop24",-0.0915468848420838,1.45973744953757e-05,41,"Flux-conserved"
"Pop21","Pop25",-0.0765894074343945,4.88760202152847e-05,41,"Flux-conserved"
"Pop22","Pop23",0.177483112476337,5.425799139101e-05,41,"Flux-conserved"
"Pop22","Pop24",0.136365188174556,8.45326962055247e-06,41,"Flux-conserved"
"Pop23","Pop24",-0.0878512475956399,-1.13722856981997e-06,41,"Flux-conserved"
"Pop23","Pop25",-0.0178577180704553,4.17365396314956e-06,41,"Flux-conserved"
"Pop24","Pop25",0.00158831404438427,1.97976690575601e-05,41,"Flux-conserved"
"Pop01","Pop02",-0.29960207627391,0.00566597576123772,41,"Rate-conserved"
"Pop01","Pop03",0.0662383610500563,-0.0112212549361438,41,"Rate-conserved"
"Pop01","Pop04",-0.0447987626028283,-0.0254394161537266,41,"Rate-conserved"
"Pop01","Pop05",-0.0447987626028283,-0.0254394161537266,41,"Rate-conserved"
"Pop01","Pop06",-0.00347557718083244,0.00292113537951703,41,"Rate-conserved"
"Pop02","Pop08",0.0756839164642465,0.0121369657451197,41,"Rate-conserved"
"Pop02","Pop12",0.0379272121393394,0.000264313928699706,41,"Rate-conserved"
"Pop03","Pop04",-0.0360558561245032,-0.052681320444296,41,"Rate-conserved"
"Pop03","Pop05",-0.0360558561245032,-0.052681320444296,41,"Rate-conserved"
"Pop03","Pop06",-0.072195705993915,0.0478855374644296,41,"Rate-conserved"
"Pop03","Pop07",-0.081808212165719,0.846253095959391,41,"Rate-conserved"
"Pop04","Pop05",0,NA,41,"Rate-conserved"
"Pop04","Pop06",-0.00895212466219478,0.129950288378542,41,"Rate-conserved"
"Pop04","Pop07",-0.00406467026211577,0.0617110567546752,41,"Rate-conserved"
"Pop04","Pop12",-0.0981729554227554,0.00229419567703419,41,"Rate-conserved"
"Pop04","Pop13",-0.124616718846638,0.00307627062972188,41,"Rate-conserved"
"Pop05","Pop06",-0.00895212466219478,0.129950288378542,41,"Rate-conserved"
"Pop05","Pop07",-0.00406467026211571,0.0617110567546752,41,"Rate-conserved"
"Pop05","Pop12",-0.0981729554227554,0.00229419567703419,41,"Rate-conserved"
"Pop05","Pop13",-0.124616718846638,0.00307627062972188,41,"Rate-conserved"
"Pop06","Pop07",0.0314099824526787,-0.0139329203948296,41,"Rate-conserved"
"Pop06","Pop08",-0.219266833891464,0.00114713218590073,41,"Rate-conserved"
"Pop08","Pop09",-0.0336806952056175,0.000210790041307968,41,"Rate-conserved"
"Pop08","Pop11",-0.00623234431441058,0.000243904006482435,41,"Rate-conserved"
"Pop08","Pop12",-0.0134614974455012,0.000143822138611131,41,"Rate-conserved"
"Pop09","Pop10",0.0112795143667138,2.13726246407942e-05,41,"Rate-conserved"
"Pop09","Pop11",-0.155562338630118,0.0468395528817072,41,"Rate-conserved"
"Pop09","Pop12",-0.0505769170353982,-7.15066955480966e-06,41,"Rate-conserved"
"Pop10","Pop11",0.0530676376486209,-1.45691994239021e-05,41,"Rate-conserved"
"Pop10","Pop13",0.0582320852048962,4.72894425906347e-06,41,"Rate-conserved"
"Pop10","Pop15",0.0271923499408628,5.79609997221392e-06,41,"Rate-conserved"
"Pop10","Pop21",0.0226728154740413,0.00017360301947148,41,"Rate-conserved"
"Pop10","Pop23",0.0198250775903099,3.26573951450924e-05,41,"Rate-conserved"
"Pop10","Pop25",-0.0832804233186796,1.59374947992025e-05,41,"Rate-conserved"
"Pop12","Pop13",-0.0424409189724088,0.000115945293085403,41,"Rate-conserved"
"Pop12","Pop15",-0.080181290949895,2.55009544363329e-05,41,"Rate-conserved"
"Pop12","Pop16",-0.0895997989401614,2.34531769360551e-05,41,"Rate-conserved"
"Pop12","Pop17",-0.0651181816062607,8.70884891076447e-05,41,"Rate-conserved"
"Pop12","Pop18",-0.0655305687792039,0.000109448708060282,41,"Rate-conserved"
"Pop12","Pop19",-0.069066770762575,7.87353676591849e-05,41,"Rate-conserved"
"Pop13","Pop14",-0.150752637488075,1.60093321867562e-05,41,"Rate-conserved"
"Pop13","Pop15",-0.0219987329950402,4.0759090641201e-06,41,"Rate-conserved"
"Pop13","Pop16",-0.0595879766986124,5.65461633291264e-05,41,"Rate-conserved"
"Pop13","Pop18",-0.00297999435619896,3.03112715128171e-05,41,"Rate-conserved"
"Pop13","Pop22",-0.00945440401062347,2.84173175103234e-05,41,"Rate-conserved"
"Pop13","Pop25",-0.0862457641385524,6.11397684623931e-06,41,"Rate-conserved"
"Pop14","Pop15",0.189115919547377,-0.000391507380111192,41,"Rate-conserved"
"Pop14","Pop16",0.0824038784348382,8.0112139462608e-05,41,"Rate-conserved"
"Pop14","Pop25",-0.0770968389691615,1.35821133287229e-05,41,"Rate-conserved"
"Pop15","Pop17",0.0111604812176283,9.62803430269294e-05,41,"Rate-conserved"
"Pop15","Pop18",-0.0021851971267324,8.34294439669332e-05,41,"Rate-conserved"
"Pop15","Pop21",0.000110585512041017,1.26945715326388e-05,41,"Rate-conserved"
"Pop15","Pop22",0.00828466908205995,1.56258925970192e-05,41,"Rate-conserved"
"Pop15","Pop25",-0.0806374410338606,1.37336203977443e-05,41,"Rate-conserved"
"Pop16","Pop17",0.0193642496555739,1.00610497697941e-06,41,"Rate-conserved"
"Pop16","Pop18",0.045263875318985,2.47838740469734e-05,41,"Rate-conserved"
"Pop17","Pop18",-0.0124713146632492,2.38650246421486e-05,41,"Rate-conserved"
"Pop17","Pop19",-0.0382440290493317,8.42523016980485e-05,41,"Rate-conserved"
"Pop17","Pop20",-0.0459366809802256,0.000132484621019751,41,"Rate-conserved"
"Pop17","Pop21",-0.0243212513398686,1.03602871584008e-05,41,"Rate-conserved"
"Pop17","Pop22",-0.0197541622105,1.02157259095122e-05,41,"Rate-conserved"
"Pop17","Pop23",-0.022661820770274,1.39611216491038e-05,41,"Rate-conserved"
"Pop18","Pop19",-0.0293435064900313,2.23861804236556e-06,41,"Rate-conserved"
"Pop18","Pop22",-0.0252547729691375,1.45987288740118e-06,41,"Rate-conserved"
"Pop18","Pop24",-0.0634302508464538,8.00228653596507e-07,41,"Rate-conserved"
"Pop19","Pop20",-0.0313640961268977,6.2448230571094e-06,41,"Rate-conserved"
"Pop19","Pop21",0.00645029677295736,-1.61793086871493e-06,41,"Rate-conserved"
"Pop19","Pop22",0.00678014913343274,4.97606395178764e-07,41,"Rate-conserved"
"Pop19","Pop23",-0.010681317702051,2.13007002895604e-08,41,"Rate-conserved"
"Pop20","Pop21",0.0417210248801453,-6.53680495866803e-06,41,"Rate-conserved"
"Pop20","Pop22",0.0600827591491271,-1.24447273140542e-05,41,"Rate-conserved"
"Pop20","Pop23",0.0420403471365268,9.8962005442211e-07,41,"Rate-conserved"
"Pop20","Pop25",-0.0996402663522929,3.40813966407266e-06,41,"Rate-conserved"
"Pop21","Pop22",0.00467380895666478,6.91292757126569e-07,41,"Rate-conserved"
"Pop21","Pop23",-0.00832923924340825,3.80726713375339e-06,41,"Rate-conserved"
"Pop21","Pop24",-0.0862624114660723,4.25608019218247e-06,41,"Rate-conserved"
"Pop21","Pop25",-0.0885629477094778,5.34850751572811e-06,41,"Rate-conserved"
"Pop22","Pop23",-0.019369781143684,-2.47212765264377e-07,41,"Rate-conserved"
"Pop22","Pop24",-0.106206316266413,-2.56560508648792e-06,41,"Rate-conserved"
"Pop23","Pop24",-0.107781517456998,-2.08587653875519e-05,41,"Rate-conserved"
"Pop23","Pop25",-0.0866251216964816,5.61312821652194e-06,41,"Rate-conserved"
"Pop24","Pop25",0.00833010986925625,2.89274072848857e-06,41,"Rate-conserved"
"Pop01","Pop02",-0.0958901751604424,0.21059311756885,42,"Isotropic"
"Pop01","Pop03",-0.012979904102278,0.0807915039404221,42,"Isotropic"
"Pop01","Pop06",0.0245667932165101,0.0176083177412557,42,"Isotropic"
"Pop01","Pop08",0.0304123540532933,0.0140049933802849,42,"Isotropic"
"Pop01","Pop09",0.0569968311906963,0.010479271358501,42,"Isotropic"
"Pop01","Pop11",0.0359898432892557,0.00330410539176379,42,"Isotropic"
"Pop01","Pop14",0.0568451304447674,0.00245020813872084,42,"Isotropic"
"Pop01","Pop16",0.0318620000572506,0.00214697815275536,42,"Isotropic"
"Pop02","Pop03",0.119009534692664,0.0517622541922485,42,"Isotropic"
"Pop02","Pop04",0.0502144860435629,0.0124880444848579,42,"Isotropic"
"Pop02","Pop05",-0.0268091421051114,0.0201564360916731,42,"Isotropic"
"Pop03","Pop04",0.0574709056724436,0.00327625881415193,42,"Isotropic"
"Pop03","Pop05",-0.0156514912600936,0.00475346325405527,42,"Isotropic"
"Pop03","Pop10",0.0311193190094808,0.00259195965733444,42,"Isotropic"
"Pop03","Pop11",0.0111978390102274,0.000226185174060405,42,"Isotropic"
"Pop03","Pop13",0.0188046713427359,-0.00324517286620362,42,"Isotropic"
"Pop04","Pop05",-0.0876105602027853,-0.0077334400699794,42,"Isotropic"
"Pop04","Pop06",-0.0657018337575133,0.00165079507593648,42,"Isotropic"
"Pop04","Pop07",-0.0344286244042875,0.00381876404030213,42,"Isotropic"
"Pop04","Pop09",0.0104055991025775,-0.00312020528283859,42,"Isotropic"
"Pop04","Pop11",-0.00593271680777183,-1.10676590101772e-05,42,"Isotropic"
"Pop04","Pop15",0.0152465359233279,-0.000371508548904284,42,"Isotropic"
"Pop04","Pop16",-0.00336340184197962,-2.49666321436304e-07,42,"Isotropic"
"Pop04","Pop19",0.0160223759070212,-0.00816413438496334,42,"Isotropic"
"Pop05","Pop06",0.00811234087961205,0.00539993953975509,42,"Isotropic"
"Pop05","Pop11",0.00446447995481956,-0.00103648711653298,42,"Isotropic"
"Pop05","Pop14",0.0188195467541564,-0.00842633360070237,42,"Isotropic"
"Pop06","Pop07",0.0274078270084981,0.0356074426074153,42,"Isotropic"
"Pop06","Pop09",0.0435690840296283,0.00156236938878136,42,"Isotropic"
"Pop06","Pop20",0.0185086946258042,-0.000888647063046877,42,"Isotropic"
"Pop07","Pop08",-0.0378407057976147,-0.0253248226279622,42,"Isotropic"
"Pop07","Pop11",0.00833721947738995,-0.00540625705433209,42,"Isotropic"
"Pop07","Pop13",0.00351712431115461,-0.00219521443056892,42,"Isotropic"
"Pop07","Pop14",0.0308839254717854,-0.00535448324645896,42,"Isotropic"
"Pop07","Pop19",0.012069279715911,-0.00618552702514454,42,"Isotropic"
"Pop08","Pop09",0.0833592718001822,-0.0165541584418491,42,"Isotropic"
"Pop08","Pop10",0.0606273631246316,-0.0123714517568796,42,"Isotropic"
"Pop08","Pop21",0.0723165976649578,-0.00346769718935117,42,"Isotropic"
"Pop08","Pop25",0.0563769006548469,-0.00468152607791867,42,"Isotropic"
"Pop09","Pop10",-0.0182102974875547,0.0294024071854749,42,"Isotropic"
"Pop09","Pop11",-0.0101136361027332,0.0128939863234042,42,"Isotropic"
"Pop09","Pop12",0.00107943340478153,0.00048979014177741,42,"Isotropic"
"Pop09","Pop15",0.00247694257962908,0.00299515319946814,42,"Isotropic"
"Pop09","Pop16",-0.0150956521862202,-5.61077611098797e-05,42,"Isotropic"
"Pop10","Pop11",0.00948678484294849,-0.00525995359900688,42,"Isotropic"
"Pop10","Pop12",-0.0079935580028643,-0.0304066692131603,42,"Isotropic"
"Pop10","Pop16",-0.00337093947354983,-0.0101931225178497,42,"Isotropic"
"Pop10","Pop18",0.0425670293130521,-0.0111706858762703,42,"Isotropic"
"Pop10","Pop19",0.00869542503030551,-0.00996350037730307,42,"Isotropic"
"Pop11","Pop12",-0.0440055221908275,0.00662750944118098,42,"Isotropic"
"Pop11","Pop13",0.00661468346511854,0.00181685817719179,42,"Isotropic"
"Pop12","Pop13",0.0480119662235591,0.0116389176028702,42,"Isotropic"
"Pop12","Pop14",0.0645590705391609,-0.0101330732381561,42,"Isotropic"
"Pop12","Pop17",0.0119606333434636,0.000192894143626688,42,"Isotropic"
"Pop13","Pop14",0.0374727222546789,0.00301536496660202,42,"Isotropic"
"Pop13","Pop15",0.00613636003431477,-0.00272184909496057,42,"Isotropic"
"Pop13","Pop16",0.000644840023987209,-0.0100969779458583,42,"Isotropic"
"Pop13","Pop17",0.047427050945595,-0.00132665076181403,42,"Isotropic"
"Pop13","Pop20",0.0269966218165679,-0.0040098016032709,42,"Isotropic"
"Pop14","Pop15",-0.0342584472419117,-0.0174660951563094,42,"Isotropic"
"Pop14","Pop16",-0.0287448295302467,-0.00207104548477866,42,"Isotropic"
"Pop14","Pop17",0.00738674743094411,-0.00406544483551624,42,"Isotropic"
"Pop14","Pop18",0.0222481333602972,-0.00753855197228871,42,"Isotropic"
"Pop14","Pop19",-0.0191697752979964,-0.0117917126280998,42,"Isotropic"
"Pop14","Pop20",-0.00309805902687006,-0.00262549080116658,42,"Isotropic"
"Pop14","Pop23",0.0201421643310663,-0.00367197382972367,42,"Isotropic"
"Pop15","Pop16",0.00829951907536727,-0.0303875375112391,42,"Isotropic"
"Pop15","Pop17",0.0343437421149122,0.00539089167076668,42,"Isotropic"
"Pop15","Pop18",0.0414355419550283,-0.00677854617453628,42,"Isotropic"
"Pop15","Pop19",1.96951250228533e-05,-0.00675329604300868,42,"Isotropic"
"Pop15","Pop22",0.0801063018629246,-0.0041926891530043,42,"Isotropic"
"Pop16","Pop17",0.0393876202534022,0.000208952191224951,42,"Isotropic"
"Pop16","Pop18",0.0491512976727603,-0.00970361563164945,42,"Isotropic"
"Pop16","Pop23",0.0452867869895828,-0.00285046742606122,42,"Isotropic"
"Pop17","Pop18",0.0124108625497214,0.0257694023477689,42,"Isotropic"
"Pop17","Pop19",-0.0273958946116201,-0.0438456107689726,42,"Isotropic"
"Pop17","Pop20",-0.0203202275802331,0.00385827697156325,42,"Isotropic"
"Pop17","Pop21",-0.0124441878285881,0.0169911865031701,42,"Isotropic"
"Pop17","Pop24",0.0278016138736789,-0.00526560807063443,42,"Isotropic"
"Pop18","Pop19",-0.0386457034582988,-0.00813128764040644,42,"Isotropic"
"Pop18","Pop20",-0.0288334690672738,0.0160591654290481,42,"Isotropic"
"Pop18","Pop21",-0.0211025793862926,0.0236186274016589,42,"Isotropic"
"Pop18","Pop22",0.0012418868740281,0.00768478804944179,42,"Isotropic"
"Pop18","Pop23",-0.0433555726629722,-0.0097183210869086,42,"Isotropic"
"Pop18","Pop25",-0.0379687753640253,-0.0359766834893053,42,"Isotropic"
"Pop19","Pop20",0.0104082062764502,0.0575349828241247,42,"Isotropic"
"Pop19","Pop21",0.0196791645085168,0.0263096661264558,42,"Isotropic"
"Pop20","Pop21",-0.0110915398738297,-0.0311977179649326,42,"Isotropic"
"Pop20","Pop22",0.0221841025081989,0.0100300826206411,42,"Isotropic"
"Pop20","Pop25",-0.00439761258412341,-0.0864389231500998,42,"Isotropic"
"Pop21","Pop22",0.00121227737904347,0.00818845664977733,42,"Isotropic"
"Pop21","Pop23",-0.0224193751839698,-0.0119236497633467,42,"Isotropic"
"Pop21","Pop25",-0.019907568044143,-0.150282165263562,42,"Isotropic"
"Pop22","Pop23",-0.024290890550406,-0.0759914713543156,42,"Isotropic"
"Pop22","Pop24",-0.167368022164684,-0.225153532133121,42,"Isotropic"
"Pop22","Pop25",-0.0367032210800014,-0.230318867962912,42,"Isotropic"
"Pop23","Pop24",-0.0823173291369735,-0.0376034721485595,42,"Isotropic"
"Pop23","Pop25",0.000428651155815918,-0.0688570524722531,42,"Isotropic"
"Pop24","Pop25",0.0401647492482717,-0.325530465675751,42,"Isotropic"
"Pop01","Pop10",0.768537018238085,NA,42,"Flux-conserved"
"Pop01","Pop24",0.0364395378046614,NA,42,"Flux-conserved"
"Pop02","Pop10",0.768537018238085,NA,42,"Flux-conserved"
"Pop02","Pop24",0.0364395378046614,NA,42,"Flux-conserved"
"Pop03","Pop10",0.768537018238085,NA,42,"Flux-conserved"
"Pop03","Pop24",0.0364395378046614,NA,42,"Flux-conserved"
"Pop04","Pop10",0.768537018238085,NA,42,"Flux-conserved"
"Pop04","Pop24",0.0364395378046614,NA,42,"Flux-conserved"
"Pop05","Pop10",0.768537018238085,NA,42,"Flux-conserved"
"Pop05","Pop24",0.0364395378046614,NA,42,"Flux-conserved"
"Pop06","Pop10",0.768537018238085,NA,42,"Flux-conserved"
"Pop06","Pop24",0.0364395378046614,NA,42,"Flux-conserved"
"Pop07","Pop10",0.768537018238085,NA,42,"Flux-conserved"
"Pop07","Pop24",0.0364395378046614,NA,42,"Flux-conserved"
"Pop08","Pop10",0.768537018238085,NA,42,"Flux-conserved"
"Pop08","Pop24",0.0364395378046614,NA,42,"Flux-conserved"
"Pop09","Pop10",0.768537018238085,NA,42,"Flux-conserved"
"Pop09","Pop24",0.0364395378046614,NA,42,"Flux-conserved"
"Pop10","Pop11",-0.597375928263466,0.510514320887248,42,"Flux-conserved"
"Pop11","Pop12",-0.362268703122789,0.0865159689906139,42,"Flux-conserved"
"Pop12","Pop17",-0.0389118540921273,0.00766558742621409,42,"Flux-conserved"
"Pop13","Pop15",0.139661050442266,0.000982341407492344,42,"Flux-conserved"
"Pop13","Pop17",-0.321945411377112,-0.00863379849510653,42,"Flux-conserved"
"Pop13","Pop18",0.139661050442266,0.000982341407492344,42,"Flux-conserved"
"Pop13","Pop20",0.0527893169996461,0.00559811092448258,42,"Flux-conserved"
"Pop14","Pop16",0.179172283749848,-0.00249761594073483,42,"Flux-conserved"
"Pop14","Pop19",0.0273291895126507,0.212630587782863,42,"Flux-conserved"
"Pop14","Pop20",-0.091545029437484,0.00177024826596339,42,"Flux-conserved"
"Pop15","Pop16",0.0956749530708623,0.00224278780736697,42,"Flux-conserved"
"Pop15","Pop18",0,NA,42,"Flux-conserved"
"Pop15","Pop20",-0.0568753149923885,0.0082327641566176,42,"Flux-conserved"
"Pop16","Pop18",-0.0956749530708618,-0.00224278780736697,42,"Flux-conserved"
"Pop16","Pop19",-0.282606576240735,0.0350526682654266,42,"Flux-conserved"
"Pop18","Pop20",-0.0568753149923885,0.0082327641566176,42,"Flux-conserved"
"Pop19","Pop20",0.0870193020584291,-0.000132893710160876,42,"Flux-conserved"
"Pop19","Pop21",-0.294376450184425,0.00555533378971054,42,"Flux-conserved"
"Pop20","Pop21",-0.29622258646039,0.000603886455186004,42,"Flux-conserved"
"Pop21","Pop22",-0.0451138352196975,0.00220628751748725,42,"Flux-conserved"
"Pop22","Pop23",-0.0713977167480105,0.00012417135452007,42,"Flux-conserved"
"Pop22","Pop25",-0.172959272061218,7.64849164293082e-05,42,"Flux-conserved"
"Pop23","Pop24",0.0650455392548216,0.000251826495988903,42,"Flux-conserved"
"Pop23","Pop25",-0.045258300023753,9.30726474741667e-05,42,"Flux-conserved"
"Pop24","Pop25",-0.102180232391745,-0.000118306816803318,42,"Flux-conserved"
"Pop01","Pop05",0.625427303867764,NA,42,"Rate-conserved"
"Pop01","Pop23",0.0397384221783161,1.02971557123556e-05,42,"Rate-conserved"
"Pop02","Pop05",0.625427303867764,NA,42,"Rate-conserved"
"Pop02","Pop23",0.0397384221783161,1.02971557123556e-05,42,"Rate-conserved"
"Pop03","Pop05",0.625427303867764,NA,42,"Rate-conserved"
"Pop03","Pop23",0.0397384221783161,1.02971557123556e-05,42,"Rate-conserved"
"Pop04","Pop05",0.625427303867764,NA,42,"Rate-conserved"
"Pop04","Pop23",0.0397384221783161,1.02971557123556e-05,42,"Rate-conserved"
"Pop05","Pop07",-0.149326649146245,0.00120287116537498,42,"Rate-conserved"
"Pop06","Pop07",0.00978817511934726,-0.00274264269007285,42,"Rate-conserved"
"Pop06","Pop08",0.0532440005977292,-1.75125544853753e-05,42,"Rate-conserved"
"Pop08","Pop09",0.048157446265178,0.0173949117185305,42,"Rate-conserved"
"Pop08","Pop10",0.0732900718594051,-0.000115642403805008,42,"Rate-conserved"
"Pop08","Pop12",0.0993005547404385,0.00530882842905975,42,"Rate-conserved"
"Pop09","Pop10",-0.0438340063644559,-0.00130792351211522,42,"Rate-conserved"
"Pop09","Pop11",-0.0972532167189218,0.00532155101241282,42,"Rate-conserved"
"Pop09","Pop12",-0.0332891708816537,0.00247537101984609,42,"Rate-conserved"
"Pop10","Pop11",0.0459451660685331,0.000789468049080828,42,"Rate-conserved"
"Pop10","Pop12",-0.0154231500842867,0.000762971692226022,42,"Rate-conserved"
"Pop10","Pop13",-0.0370767591205286,0.000611082144204707,42,"Rate-conserved"
"Pop10","Pop14",-0.0591124910776856,0.000247554547210023,42,"Rate-conserved"
"Pop10","Pop18",-0.0273750992299331,7.61282750910522e-05,42,"Rate-conserved"
"Pop10","Pop25",-0.0651752483111749,0.000271394441094273,42,"Rate-conserved"
"Pop11","Pop12",0.156771934801813,0.00476407739467911,42,"Rate-conserved"
"Pop12","Pop13",-0.12952253808428,0.000245072618619213,42,"Rate-conserved"
"Pop13","Pop14",0.0134996423405165,-5.87005582204118e-05,42,"Rate-conserved"
"Pop13","Pop15",-0.00543529444376498,6.26115943775937e-05,42,"Rate-conserved"
"Pop13","Pop16",-0.031547506093905,7.10731291225223e-05,42,"Rate-conserved"
"Pop13","Pop18",-0.0190051840096621,4.84412975472158e-05,42,"Rate-conserved"
"Pop13","Pop19",-0.060308891246828,1.11677704268952e-05,42,"Rate-conserved"
"Pop14","Pop15",0.010747705999857,0.000232583309282709,42,"Rate-conserved"
"Pop14","Pop17",0.0195900743449479,0.000118261579759122,42,"Rate-conserved"
"Pop14","Pop18",0.0339454563924275,4.65260089151175e-05,42,"Rate-conserved"
"Pop14","Pop20",0.0189507656456021,4.07285556685913e-05,42,"Rate-conserved"
"Pop14","Pop23",-0.0840666952861902,1.84011772802103e-05,42,"Rate-conserved"
"Pop14","Pop25",-0.0378301047392339,3.46264316124297e-05,42,"Rate-conserved"
"Pop15","Pop16",-0.00444190822604734,3.64620980604085e-05,42,"Rate-conserved"
"Pop15","Pop17",-0.0140349295008715,3.07158359054634e-05,42,"Rate-conserved"
"Pop15","Pop18",0.00337916317552137,3.86553620659997e-05,42,"Rate-conserved"
"Pop15","Pop19",-0.0109533323206459,1.29242840529434e-05,42,"Rate-conserved"
"Pop15","Pop20",-0.026255929669467,3.89671647676487e-05,42,"Rate-conserved"
"Pop15","Pop21",-0.0502329678815749,8.76742610896876e-06,42,"Rate-conserved"
"Pop16","Pop17",0.0158888589333138,2.89805340689358e-05,42,"Rate-conserved"
"Pop16","Pop18",0.00393823567450527,1.08069769932589e-05,42,"Rate-conserved"
"Pop16","Pop19",-0.00223491240861093,1.33152695698438e-05,42,"Rate-conserved"
"Pop16","Pop20",-0.018633664217327,5.90903927339021e-05,42,"Rate-conserved"
"Pop16","Pop21",-0.048865778227149,1.10102437764767e-05,42,"Rate-conserved"
"Pop16","Pop22",-0.0278928373245423,4.81259366232826e-06,42,"Rate-conserved"
"Pop17","Pop18",-0.00318451240842682,-1.9775318149007e-05,42,"Rate-conserved"
"Pop17","Pop19",0.00441883774668926,3.88018715254192e-06,42,"Rate-conserved"
"Pop17","Pop20",-0.0010885875347677,2.24640753266807e-05,42,"Rate-conserved"
"Pop17","Pop21",-0.0183622123744075,7.75807105003282e-06,42,"Rate-conserved"
"Pop17","Pop23",-0.0858033413912564,4.38979685688002e-06,42,"Rate-conserved"
"Pop17","Pop24",-0.0892249890769933,4.34025481221308e-06,42,"Rate-conserved"
"Pop17","Pop25",-0.0579252460402294,3.4558079046622e-06,42,"Rate-conserved"
"Pop18","Pop19",-0.0192450687558114,7.3863376921318e-06,42,"Rate-conserved"
"Pop18","Pop20",-0.0375477278407928,8.15090349658473e-05,42,"Rate-conserved"
"Pop19","Pop20",-0.0268220463499256,3.44026847482269e-06,42,"Rate-conserved"
"Pop19","Pop21",-0.0435900973554162,-1.99403689136307e-06,42,"Rate-conserved"
"Pop19","Pop22",-0.0229967330436664,-2.30385542611353e-06,42,"Rate-conserved"
"Pop19","Pop23",-0.090191597734518,3.42386603030638e-06,42,"Rate-conserved"
"Pop19","Pop25",-0.0605401313965422,-1.73545453093209e-06,42,"Rate-conserved"
"Pop20","Pop21",-0.0324890120541205,-2.94518605615853e-06,42,"Rate-conserved"
"Pop20","Pop22",-0.0169722333099122,2.37754061624571e-06,42,"Rate-conserved"
"Pop21","Pop22",0.00978619246629922,1.724820168126e-06,42,"Rate-conserved"
"Pop21","Pop25",-0.0209402757181605,1.93711496771774e-06,42,"Rate-conserved"
"Pop22","Pop23",-0.0796338471280073,-7.31801418401707e-06,42,"Rate-conserved"
"Pop22","Pop24",-0.141296541337187,1.11857827097708e-05,42,"Rate-conserved"
"Pop22","Pop25",-0.0338691134844116,2.03578561578166e-06,42,"Rate-conserved"
"Pop23","Pop24",-0.0224379338813815,1.62964609723578e-05,42,"Rate-conserved"
"Pop24","Pop25",0.118420180360707,-1.01127763054275e-05,42,"Rate-conserved"
"Pop01","Pop02",0.0201344036472514,0.00902012628765906,43,"Isotropic"
"Pop01","Pop03",-0.0931497691356597,0.0195166142711082,43,"Isotropic"
"Pop01","Pop04",0.00310971107436214,0.0334810395546218,43,"Isotropic"
"Pop01","Pop05",0.0199257468475955,0.0140806900597714,43,"Isotropic"
"Pop01","Pop07",0.0407291701082384,0.0259467288081357,43,"Isotropic"
"Pop01","Pop08",0.0231256712137129,0.0158269920201181,43,"Isotropic"
"Pop01","Pop11",0.0429782439157194,0.0503103454492386,43,"Isotropic"
"Pop01","Pop12",0.039023732938037,0.0690119438069514,43,"Isotropic"
"Pop02","Pop03",-0.116004497027652,-0.0342627013678501,43,"Isotropic"
"Pop02","Pop04",-0.0185174842164992,0.0257300501225364,43,"Isotropic"
"Pop02","Pop05",-0.00391459009088158,0.0130557391536969,43,"Isotropic"
"Pop02","Pop06",-0.0179341935104174,0.0213385432448304,43,"Isotropic"
"Pop02","Pop09",0.0251921044822496,-0.0131134687169443,43,"Isotropic"
"Pop02","Pop10",0.0216179875784394,-0.0110130649550625,43,"Isotropic"
"Pop02","Pop11",0.0312794040709426,0.000979198537246727,43,"Isotropic"
"Pop02","Pop12",0.0274159946054777,0.0052128794696857,43,"Isotropic"
"Pop03","Pop04",0.0933756636734165,0.0450371307322926,43,"Isotropic"
"Pop03","Pop05",0.0773521503480459,0.00360576681689263,43,"Isotropic"
"Pop03","Pop14",-0.00125672897699478,0.00999659871574572,43,"Isotropic"
"Pop04","Pop05",0.0135758116444628,-0.0257264485384919,43,"Isotropic"
"Pop04","Pop06",0.00144208552892428,-0.011576427923869,43,"Isotropic"
"Pop04","Pop10",0.0319445894873483,-0.0257015795930443,43,"Isotropic"
"Pop04","Pop13",0.0379518744178345,0.00694288347709144,43,"Isotropic"
"Pop04","Pop20",0.0228122700920769,-0.012021957978127,43,"Isotropic"
"Pop05","Pop06",-0.0631583866948443,0.168523517554251,43,"Isotropic"
"Pop05","Pop08",0.0118065497707871,-0.00160959533152533,43,"Isotropic"
"Pop05","Pop11",0.0319563476350191,-0.00614056423033482,43,"Isotropic"
"Pop05","Pop12",0.0244450168391545,0.00774663084816685,43,"Isotropic"
"Pop06","Pop07",0.0767029168485158,-0.0138173665335488,43,"Isotropic"
"Pop06","Pop09",0.0333576116040848,-0.0468796701690623,43,"Isotropic"
"Pop06","Pop12",0.0270674304336158,0.00451875825781579,43,"Isotropic"
"Pop07","Pop08",-0.017950506562095,-0.661085209627683,43,"Isotropic"
"Pop07","Pop09",-0.00801216660107021,-0.0695381585611641,43,"Isotropic"
"Pop07","Pop11",0.0195506217036379,-0.0109345032521198,43,"Isotropic"
"Pop07","Pop12",0.00463009454553352,0.00120365848377108,43,"Isotropic"
"Pop07","Pop13",0.00217865664604958,0.0400314039588772,43,"Isotropic"
"Pop07","Pop14",-0.0591195294879104,0.0139430161085435,43,"Isotropic"
"Pop07","Pop15",0.00953851405354168,-0.0136617980645257,43,"Isotropic"
"Pop07","Pop19",0.0297188014921609,-0.0151962981853357,43,"Isotropic"
"Pop08","Pop09",0.0102101564852747,-0.14893841342397,43,"Isotropic"
"Pop08","Pop10",0.0375442188527195,-0.0678616944764847,43,"Isotropic"
"Pop08","Pop12",0.025394728394538,0.00932247001072007,43,"Isotropic"
"Pop08","Pop14",-0.0408592712120666,0.0171869392476522,43,"Isotropic"
"Pop08","Pop18",0.0537725139942398,-0.0132233617558154,43,"Isotropic"
"Pop08","Pop24",-0.0261516810294849,6.17127274826872e-05,43,"Isotropic"
"Pop09","Pop10",0.0417769728345275,-0.0069214512131521,43,"Isotropic"
"Pop09","Pop11",0.0375070772461467,0.0474633324419522,43,"Isotropic"
"Pop09","Pop12",0.00999342342391184,0.0261955261394858,43,"Isotropic"
"Pop09","Pop14",-0.0565530038340766,0.105673244469403,43,"Isotropic"
"Pop09","Pop17",0.00787741582771941,0.0164113649370052,43,"Isotropic"
"Pop10","Pop11",0.00299902870695498,0.0751026983867585,43,"Isotropic"
"Pop10","Pop12",-0.0114047015922859,0.045428260419327,43,"Isotropic"
"Pop10","Pop13",-0.0121764789942104,0.0531612659749308,43,"Isotropic"
"Pop10","Pop14",-0.0647767389309203,0.148531827743266,43,"Isotropic"
"Pop10","Pop15",0.00200249863919356,0.0140172844752501,43,"Isotropic"
"Pop10","Pop16",0.0115074129713583,0.00871718954194447,43,"Isotropic"
"Pop10","Pop17",-0.00525613836202603,0.0153179095859348,43,"Isotropic"
"Pop10","Pop19",0.0257811320782185,0.0051834582303366,43,"Isotropic"
"Pop10","Pop22",0.0262298744596767,0.00539752939854373,43,"Isotropic"
"Pop11","Pop12",-0.0204621356360841,0.00350234112705237,43,"Isotropic"
"Pop11","Pop13",-0.0247390947785775,0.0370300399187991,43,"Isotropic"
"Pop11","Pop15",-0.00857540422866913,-0.00891111709873992,43,"Isotropic"
"Pop11","Pop16",0.000411353100971457,-0.00622437292339415,43,"Isotropic"
"Pop11","Pop17",-0.0312613607682377,0.00339718974106493,43,"Isotropic"
"Pop11","Pop20",-0.022350121745887,-0.00541743856139516,43,"Isotropic"
"Pop11","Pop23",0.0314611837188695,-0.00737464162363459,43,"Isotropic"
"Pop12","Pop13",-0.00921556527738548,0.025356559328398,43,"Isotropic"
"Pop12","Pop15",0.00664654020072691,-0.0103438309893705,43,"Isotropic"
"Pop13","Pop14",-0.0541538436551135,-0.00779434881167673,43,"Isotropic"
"Pop13","Pop15",0.00980621237082636,-0.0402479842520757,43,"Isotropic"
"Pop13","Pop16",0.0160463309498776,-0.0502129470181477,43,"Isotropic"
"Pop13","Pop18",0.0324875718735129,-0.0139525916578522,43,"Isotropic"
"Pop13","Pop19",0.0285947382635224,-0.0140102282623265,43,"Isotropic"
"Pop14","Pop15",0.067628011520813,-0.0730129432104639,43,"Isotropic"
"Pop14","Pop24",0.0113685512238415,-0.00615118609387414,43,"Isotropic"
"Pop15","Pop16",-0.0209532037862197,-0.0120799726899514,43,"Isotropic"
"Pop15","Pop17",-0.0886265463593447,-0.103124927159551,43,"Isotropic"
"Pop15","Pop19",0.0209453755175044,-0.00201985303734065,43,"Isotropic"
"Pop15","Pop21",0.0384325995449221,-0.0313001714892838,43,"Isotropic"
"Pop15","Pop24",-0.0578302404051259,-0.0100503246312345,43,"Isotropic"
"Pop16","Pop17",-0.0698326517497031,0.0171343734889669,43,"Isotropic"
"Pop16","Pop18",0.00852000273019712,-0.0318010803439853,43,"Isotropic"
"Pop16","Pop19",0.0278289536791685,-0.00383240150824482,43,"Isotropic"
"Pop16","Pop20",-0.0381473390077826,-0.0295225643485091,43,"Isotropic"
"Pop16","Pop22",-0.00310407368336915,-0.0435858963567709,43,"Isotropic"
"Pop17","Pop18",0.0725681247665966,-0.0578249835171003,43,"Isotropic"
"Pop18","Pop19",0.0321365388063903,0.0923184534174266,43,"Isotropic"
"Pop18","Pop20",-0.043551278208384,-0.0276619919051963,43,"Isotropic"
"Pop18","Pop22",-0.0185346463661501,-0.308768532738029,43,"Isotropic"
"Pop18","Pop23",-0.00616780490784738,-0.0609741118020455,43,"Isotropic"
"Pop18","Pop25",-0.0378221144470733,0.0014771853130652,43,"Isotropic"
"Pop19","Pop20",-0.0627630336718334,-0.0769533408747732,43,"Isotropic"
"Pop19","Pop21",-0.0633976050509318,-0.0405122419174223,43,"Isotropic"
"Pop19","Pop22",-0.0384268785881162,-0.145437421697679,43,"Isotropic"
"Pop19","Pop23",-0.0345075610666999,-0.521323843193354,43,"Isotropic"
"Pop19","Pop24",-0.0831471729758107,-0.0374484117501673,43,"Isotropic"
"Pop19","Pop25",-0.057671363757917,-0.0297759916344981,43,"Isotropic"
"Pop20","Pop21",-0.0336779363431345,0.103990104528328,43,"Isotropic"
"Pop20","Pop23",0.0332393341096966,-0.077257288048248,43,"Isotropic"
"Pop20","Pop24",-0.0379672758148072,0.0183483284199868,43,"Isotropic"
"Pop21","Pop22",0.0389504357992786,-0.104867529938617,43,"Isotropic"
"Pop21","Pop23",0.0508985602701839,-0.0746531092123816,43,"Isotropic"
"Pop21","Pop25",-0.0424931656100137,0.0233016319348453,43,"Isotropic"
"Pop22","Pop23",0.00776005998580614,0.234708660154921,43,"Isotropic"
"Pop22","Pop24",-0.0649603160102831,0.00882525592009536,43,"Isotropic"
"Pop22","Pop25",-0.0390588766012503,-0.00134202191345056,43,"Isotropic"
"Pop23","Pop24",-0.0867209358109998,0.0331066593148216,43,"Isotropic"
"Pop23","Pop25",-0.0618675735884997,0.114526860024564,43,"Isotropic"
"Pop24","Pop25",-0.0181289988215723,-0.0300704575840639,43,"Isotropic"
"Pop01","Pop09",0.251556994318151,NA,43,"Flux-conserved"
"Pop01","Pop15",0.251556994318151,NA,43,"Flux-conserved"
"Pop01","Pop16",0.267120273909345,NA,43,"Flux-conserved"
"Pop01","Pop25",-0.0591226808691892,-113152933262.273,43,"Flux-conserved"
"Pop02","Pop09",0.251556994318151,NA,43,"Flux-conserved"
"Pop02","Pop15",0.251556994318151,NA,43,"Flux-conserved"
"Pop02","Pop16",0.267120273909345,NA,43,"Flux-conserved"
"Pop02","Pop25",-0.0591226808691892,-113152933262.273,43,"Flux-conserved"
"Pop03","Pop09",0.251556994318151,NA,43,"Flux-conserved"
"Pop03","Pop15",0.251556994318151,NA,43,"Flux-conserved"
"Pop03","Pop16",0.267120273909345,NA,43,"Flux-conserved"
"Pop03","Pop25",-0.0591226808691892,-113152933262.273,43,"Flux-conserved"
"Pop04","Pop09",0.251556994318151,NA,43,"Flux-conserved"
"Pop04","Pop15",0.251556994318151,NA,43,"Flux-conserved"
"Pop04","Pop16",0.267120273909345,NA,43,"Flux-conserved"
"Pop04","Pop25",-0.0591226808691892,-113152933262.273,43,"Flux-conserved"
"Pop05","Pop09",0.251556994318151,NA,43,"Flux-conserved"
"Pop05","Pop15",0.251556994318151,NA,43,"Flux-conserved"
"Pop05","Pop16",0.267120273909345,NA,43,"Flux-conserved"
"Pop05","Pop25",-0.0591226808691892,-113152933262.273,43,"Flux-conserved"
"Pop06","Pop09",0.251556994318151,NA,43,"Flux-conserved"
"Pop06","Pop15",0.251556994318151,NA,43,"Flux-conserved"
"Pop06","Pop16",0.267120273909345,NA,43,"Flux-conserved"
"Pop06","Pop25",-0.0591226808691892,-113152933262.273,43,"Flux-conserved"
"Pop07","Pop09",0.251556994318151,NA,43,"Flux-conserved"
"Pop07","Pop15",0.251556994318151,NA,43,"Flux-conserved"
"Pop07","Pop16",0.267120273909345,NA,43,"Flux-conserved"
"Pop07","Pop25",-0.0591226808691892,-113152933262.273,43,"Flux-conserved"
"Pop08","Pop09",0.251556994318151,NA,43,"Flux-conserved"
"Pop08","Pop15",0.251556994318151,NA,43,"Flux-conserved"
"Pop08","Pop16",0.267120273909345,NA,43,"Flux-conserved"
"Pop08","Pop25",-0.0591226808691892,-113152933262.273,43,"Flux-conserved"
"Pop09","Pop10",-0.251556994318151,NA,43,"Flux-conserved"
"Pop09","Pop11",-0.180293793966079,0.212232877769795,43,"Flux-conserved"
"Pop09","Pop13",-0.251556994318151,NA,43,"Flux-conserved"
"Pop09","Pop14",-0.251556994318151,NA,43,"Flux-conserved"
"Pop09","Pop15",-1.38777878078145e-17,NA,43,"Flux-conserved"
"Pop09","Pop16",-0.0680173872883238,0.345102462486209,43,"Flux-conserved"
"Pop10","Pop15",0.251556994318151,NA,43,"Flux-conserved"
"Pop10","Pop16",0.267120273909345,NA,43,"Flux-conserved"
"Pop10","Pop25",-0.0591226808691892,-113152933262.273,43,"Flux-conserved"
"Pop11","Pop12",-0.13194338700414,0.116333213265262,43,"Flux-conserved"
"Pop11","Pop15",0.180293793966079,-0.212232877769795,43,"Flux-conserved"
"Pop11","Pop16",0.191803325755643,0.786475589253088,43,"Flux-conserved"
"Pop12","Pop16",0.402538428499158,0.0902996999022404,43,"Flux-conserved"
"Pop12","Pop17",-0.224363808924674,0.00316711125156259,43,"Flux-conserved"
"Pop13","Pop15",0.251556994318151,NA,43,"Flux-conserved"
"Pop13","Pop16",0.267120273909345,NA,43,"Flux-conserved"
"Pop13","Pop25",-0.0591226808691892,-113152933262.273,43,"Flux-conserved"
"Pop14","Pop15",0.251556994318151,NA,43,"Flux-conserved"
"Pop14","Pop16",0.267120273909345,NA,43,"Flux-conserved"
"Pop14","Pop25",-0.0591226808691892,-113152933262.273,43,"Flux-conserved"
"Pop15","Pop16",-0.0680173872883238,0.345102462486209,43,"Flux-conserved"
"Pop16","Pop18",-0.271421216106982,0.00169313358865568,43,"Flux-conserved"
"Pop17","Pop18",-0.0537333417965122,0.000592045120723514,43,"Flux-conserved"
"Pop17","Pop19",-6.21059475681696e-05,0.000440570902269044,43,"Flux-conserved"
"Pop17","Pop20",0.00681497384758509,0.0001232137367486,43,"Flux-conserved"
"Pop17","Pop21",-0.00766909698229623,9.78933593769887e-05,43,"Flux-conserved"
"Pop17","Pop24",-0.0725315519748057,0.000178267755344237,43,"Flux-conserved"
"Pop18","Pop19",-0.00744747713206753,0.000278968559472029,43,"Flux-conserved"
"Pop18","Pop20",-0.0331774480567666,8.14784688736767e-05,43,"Flux-conserved"
"Pop18","Pop21",-0.0438175159965365,6.37043146919153e-05,43,"Flux-conserved"
"Pop19","Pop20",0.0700889488239505,-0.000150484994384337,43,"Flux-conserved"
"Pop19","Pop21",0.00322754729863961,0.000212834590586516,43,"Flux-conserved"
"Pop19","Pop22",-0.0560115614291166,0.000152534640754161,43,"Flux-conserved"
"Pop20","Pop21",-0.00523736955898577,0.000135299077273426,43,"Flux-conserved"
"Pop20","Pop22",-0.0315873798218771,0.000243280051533564,43,"Flux-conserved"
"Pop20","Pop23",-0.0747367307300791,0.000355901335677216,43,"Flux-conserved"
"Pop20","Pop24",-0.0792960231045688,4.65140242615825e-05,43,"Flux-conserved"
"Pop21","Pop22",-0.036127007697863,0.00021158231872714,43,"Flux-conserved"
"Pop21","Pop24",-0.0722236326423672,4.04574612730323e-05,43,"Flux-conserved"
"Pop21","Pop25",-0.0245405648065828,2.09670707945757e-05,43,"Flux-conserved"
"Pop22","Pop23",-0.0933164553196516,4.96400565341467e-05,43,"Flux-conserved"
"Pop22","Pop24",-0.0633781281542042,1.48489513085142e-05,43,"Flux-conserved"
"Pop22","Pop25",-0.00264225089223045,-4.82404951280977e-07,43,"Flux-conserved"
"Pop23","Pop24",0.0683440252235125,-5.29703412340114e-06,43,"Flux-conserved"
"Pop23","Pop25",0.112534304201253,-3.73536549302734e-07,43,"Flux-conserved"
"Pop24","Pop25",0.127135922182747,8.79297272959173e-06,43,"Flux-conserved"
"Pop01","Pop03",0.379375017724472,0.00126312740249601,43,"Rate-conserved"
"Pop01","Pop07",0.281767223491017,0.000379489619459958,43,"Rate-conserved"
"Pop01","Pop15",0.0181076480230441,0.00115613294472542,43,"Rate-conserved"
"Pop02","Pop03",-0.0597396681229869,-0.00529115743187253,43,"Rate-conserved"
"Pop02","Pop04",-0.221376088256465,0.000578728251104256,43,"Rate-conserved"
"Pop04","Pop05",-0.0833087162774614,-0.000475023425845317,43,"Rate-conserved"
"Pop04","Pop06",-0.0660014610746935,0.0042632759611259,43,"Rate-conserved"
"Pop05","Pop06",-0.0749488644622869,0.0597794881045525,43,"Rate-conserved"
"Pop05","Pop09",0.00234013332135549,0.000334443498946746,43,"Rate-conserved"
"Pop05","Pop10",0.0156751925065399,0.000252433117442977,43,"Rate-conserved"
"Pop05","Pop12",-0.0368673158188606,0.00164699676380179,43,"Rate-conserved"
"Pop06","Pop07",-0.0374745818099859,0.000726585906463322,43,"Rate-conserved"
"Pop06","Pop11",-0.04447575791717,0.000698299197107595,43,"Rate-conserved"
"Pop07","Pop08",0.014947149624346,-0.00024805106184048,43,"Rate-conserved"
"Pop07","Pop10",0.0111251280647676,-0.00115367459317267,43,"Rate-conserved"
"Pop07","Pop11",0.0045683287977849,0.00566354415547862,43,"Rate-conserved"
"Pop07","Pop12",-0.0255910458027338,0.000457580133207547,43,"Rate-conserved"
"Pop07","Pop13",-0.0252293416719064,0.00244799101422185,43,"Rate-conserved"
"Pop08","Pop09",-0.0326480212126462,-0.000692237562466306,43,"Rate-conserved"
"Pop08","Pop10",7.82059799973589e-05,-0.001819891528724,43,"Rate-conserved"
"Pop08","Pop12",0.0130825130712997,0.000417790043293129,43,"Rate-conserved"
"Pop08","Pop13",0.0196998502290337,0.00100209125551453,43,"Rate-conserved"
"Pop08","Pop14",-0.0686823117745209,0.000229195586353182,43,"Rate-conserved"
"Pop08","Pop15",-0.066504680320166,0.000386762194959741,43,"Rate-conserved"
"Pop08","Pop17",-0.088841462977652,0.000289091191792355,43,"Rate-conserved"
"Pop09","Pop10",0.0385429584523715,-0.00507716216586426,43,"Rate-conserved"
"Pop09","Pop11",0.0136507708572422,0.000397726420153499,43,"Rate-conserved"
"Pop09","Pop12",-0.0118420044206114,0.00300488163394195,43,"Rate-conserved"
"Pop09","Pop13",-0.0363695300904243,0.000329981223306459,43,"Rate-conserved"
"Pop10","Pop11",-0.0113530706233656,0.0032896001004399,43,"Rate-conserved"
"Pop10","Pop12",-0.0378534403092834,0.00143307521322612,43,"Rate-conserved"
"Pop10","Pop13",-0.0526914604830834,0.000609420071386237,43,"Rate-conserved"
"Pop11","Pop12",0.00449316537055219,0.000104362229124732,43,"Rate-conserved"
"Pop11","Pop13",-0.00909257177327832,0.000961126452659751,43,"Rate-conserved"
"Pop11","Pop14",-0.101828474076579,0.00037759632277423,43,"Rate-conserved"
"Pop12","Pop13",0.00541125063726976,0.000229352420230187,43,"Rate-conserved"
"Pop12","Pop14",-0.0753212023610916,9.64088693347271e-05,43,"Rate-conserved"
"Pop12","Pop15",-0.0674797078877657,7.40356428101986e-05,43,"Rate-conserved"
"Pop13","Pop14",-0.0489659845354154,-2.13485972884658e-05,43,"Rate-conserved"
"Pop13","Pop15",-0.0563196268215662,0.000308833013602214,43,"Rate-conserved"
"Pop13","Pop16",-0.124493900868425,6.62070093892766e-05,43,"Rate-conserved"
"Pop13","Pop17",-0.0962650425041866,0.000544352016462102,43,"Rate-conserved"
"Pop14","Pop15",-0.00336580254145749,0.000129882160445566,43,"Rate-conserved"
"Pop14","Pop16",-0.0492166723279678,0.000181687206121023,43,"Rate-conserved"
"Pop14","Pop17",-0.0268393291858844,0.000420993816290698,43,"Rate-conserved"
"Pop14","Pop21",-0.0631278402262699,4.17993799562237e-05,43,"Rate-conserved"
"Pop15","Pop16",-0.0539715076213194,5.35808216578842e-05,43,"Rate-conserved"
"Pop15","Pop17",-0.0329796818543837,5.47558398413496e-05,43,"Rate-conserved"
"Pop15","Pop18",-0.0580635110149456,2.06613205789622e-05,43,"Rate-conserved"
"Pop16","Pop17",-0.00893903160051576,2.14659017123836e-05,43,"Rate-conserved"
"Pop16","Pop18",-0.00226994509714112,7.81254057184837e-06,43,"Rate-conserved"
"Pop16","Pop21",-0.00829404638655501,9.03569614590641e-06,43,"Rate-conserved"
"Pop16","Pop22",-0.0208084930803987,-2.42597270022198e-07,43,"Rate-conserved"
"Pop16","Pop25",-0.0166135584250811,4.55316274745503e-06,43,"Rate-conserved"
"Pop17","Pop18",-0.035928025808567,5.19194922588602e-06,43,"Rate-conserved"
"Pop18","Pop19",-0.112015075544581,6.73039810173474e-05,43,"Rate-conserved"
"Pop18","Pop20",-0.0657057927730531,8.02574003771092e-05,43,"Rate-conserved"
"Pop18","Pop21",-0.0358433244804133,2.38399118788954e-05,43,"Rate-conserved"
"Pop19","Pop20",0.0603532894931052,0.000270607485775206,43,"Rate-conserved"
"Pop19","Pop21",0.055099052487855,2.21420835234447e-05,43,"Rate-conserved"
"Pop19","Pop22",-0.0458681484424867,3.56420926574524e-06,43,"Rate-conserved"
"Pop20","Pop21",0.0613394208157775,8.59330347935766e-06,43,"Rate-conserved"
"Pop20","Pop22",-0.0210989101412462,-5.56711173716239e-06,43,"Rate-conserved"
"Pop20","Pop25",-0.0208864451113075,-3.09001630917605e-06,43,"Rate-conserved"
"Pop21","Pop23",-0.0262608100823774,-4.40123366921951e-05,43,"Rate-conserved"
"Pop21","Pop24",-0.0465495935886231,-5.61872648270961e-06,43,"Rate-conserved"
"Pop21","Pop25",-0.0375091439492777,1.01816971597477e-06,43,"Rate-conserved"
"Pop22","Pop23",-0.102408959323026,1.49879475175294e-05,43,"Rate-conserved"
"Pop22","Pop24",-0.0536299019590889,-3.70077852980809e-06,43,"Rate-conserved"
"Pop22","Pop25",0.00260919840958493,1.50030224630971e-05,43,"Rate-conserved"
"Pop23","Pop24",-0.0697198239559679,-6.36169211827174e-05,43,"Rate-conserved"
"Pop23","Pop25",0.0171775705508571,-4.20303906297075e-06,43,"Rate-conserved"
"Pop24","Pop25",0.0785587958130373,2.20179433340381e-05,43,"Rate-conserved"
"Pop01","Pop02",0.058124429873603,0.510155430592702,44,"Isotropic"
"Pop01","Pop03",0.139282209062323,0.417573284915501,44,"Isotropic"
"Pop01","Pop04",0.104198326386793,0.15247510368384,44,"Isotropic"
"Pop01","Pop25",-0.050686990731158,0.00527005462768388,44,"Isotropic"
"Pop02","Pop03",0.0644770826600662,0.427682026093413,44,"Isotropic"
"Pop02","Pop06",0.0830376012527918,0.197368836384591,44,"Isotropic"
"Pop02","Pop10",0.0635312660181486,0.109644958918743,44,"Isotropic"
"Pop02","Pop20",-0.00134605566526838,0.0125228506544163,44,"Isotropic"
"Pop03","Pop04",0.0371365375656748,0.0315932247074034,44,"Isotropic"
"Pop03","Pop05",-0.0165948810475764,0.0370012289506581,44,"Isotropic"
"Pop03","Pop06",-0.0449046206720744,0.0388815900745699,44,"Isotropic"
"Pop04","Pop05",-0.0289274973312234,0.110884497380869,44,"Isotropic"
"Pop04","Pop06",0.0353055652152227,0.0254449817819796,44,"Isotropic"
"Pop04","Pop10",0.0266569477082297,0.0246827473665157,44,"Isotropic"
"Pop04","Pop20",0.00510046956121633,0.0107397548335018,44,"Isotropic"
"Pop04","Pop22",-0.0059304958839318,-0.000345927370631923,44,"Isotropic"
"Pop05","Pop06",0.0613747015557528,-0.0267182566201267,44,"Isotropic"
"Pop05","Pop08",0.0770905706264898,0.0101570996356139,44,"Isotropic"
"Pop05","Pop21",0.00747182951085789,0.0034093308006872,44,"Isotropic"
"Pop05","Pop22",-0.00773556582170941,-0.000356734178519922,44,"Isotropic"
"Pop06","Pop07",-0.0169399684926022,-0.0357169118155324,44,"Isotropic"
"Pop06","Pop08",0.0283890494855802,0.0157215303267246,44,"Isotropic"
"Pop06","Pop11",-0.0103439986470493,0.00399924887599349,44,"Isotropic"
"Pop06","Pop22",-0.0268948327992505,-0.000131931749249631,44,"Isotropic"
"Pop07","Pop08",0.0589471322101675,0.0202839697613095,44,"Isotropic"
"Pop07","Pop10",0.0309423828516597,0.000892005170700198,44,"Isotropic"
"Pop07","Pop12",0.0257104446995349,0.00880046580059938,44,"Isotropic"
"Pop07","Pop13",0.0422854902012075,0.00764036680741004,44,"Isotropic"
"Pop07","Pop16",0.0615572813742125,0.00351661684961921,44,"Isotropic"
"Pop07","Pop18",0.0491827601205611,0.00488472656186947,44,"Isotropic"
"Pop07","Pop19",0.0340068695417219,0.00296244024798999,44,"Isotropic"
"Pop08","Pop09",-0.0572713620191866,0.0186640034401051,44,"Isotropic"
"Pop08","Pop10",-0.0389670544814712,-0.0155966914419093,44,"Isotropic"
"Pop08","Pop11",-0.0189776482888311,0.0164020643709149,44,"Isotropic"
"Pop08","Pop12",-0.0268515002389268,0.000728754682228999,44,"Isotropic"
"Pop08","Pop13",-0.00635304565759408,0.0126763730541558,44,"Isotropic"
"Pop08","Pop14",-0.0163785741725463,0.00607487283283505,44,"Isotropic"
"Pop08","Pop17",0.0170205878783223,0.0058934997963167,44,"Isotropic"
"Pop08","Pop19",-0.00501643344093559,0.00132581191445269,44,"Isotropic"
"Pop09","Pop10",0.00626006919891298,-0.2178064140739,44,"Isotropic"
"Pop09","Pop11",0.0238873170634055,9.67250134088077e-06,44,"Isotropic"
"Pop09","Pop15",0.0443900824059809,-0.00222407703954456,44,"Isotropic"
"Pop09","Pop18",0.0438772817757564,0.000176231317607133,44,"Isotropic"
"Pop09","Pop20",0.0357670111882962,0.00142303343013892,44,"Isotropic"
"Pop09","Pop22",0.0219506668882321,-0.00861130185018454,44,"Isotropic"
"Pop09","Pop23",0.0111167500877177,-0.00945611800569981,44,"Isotropic"
"Pop10","Pop11",-0.00180131139489012,0.0104427705971885,44,"Isotropic"
"Pop10","Pop12",-0.0126726752069425,0.00228699585527354,44,"Isotropic"
"Pop10","Pop20",-0.00463457117524067,0.00193017923194158,44,"Isotropic"
"Pop11","Pop12",0.00930407854991411,0.0167168884517597,44,"Isotropic"
"Pop11","Pop13",0.0202156763270651,-0.00863574212156135,44,"Isotropic"
"Pop11","Pop15",0.014288356117752,-0.00406400391091055,44,"Isotropic"
"Pop11","Pop16",0.0416706861766784,-0.000347676609035712,44,"Isotropic"
"Pop12","Pop13",0.019721461363219,0.00867018791692772,44,"Isotropic"
"Pop12","Pop14",0.0023367329523809,-0.00687273313826137,44,"Isotropic"
"Pop12","Pop15",0.0240094765238303,-0.00329686513770235,44,"Isotropic"
"Pop12","Pop19",0.0141438655018049,0.00408337212652836,44,"Isotropic"
"Pop12","Pop25",-0.0533296218942956,-0.00959728209433265,44,"Isotropic"
"Pop13","Pop14",-0.0317075481561903,-0.00918724230807695,44,"Isotropic"
"Pop13","Pop15",-0.00482764769074967,0.00141595200615763,44,"Isotropic"
"Pop13","Pop16",0.0230133252755393,-0.00448676727829031,44,"Isotropic"
"Pop13","Pop18",0.00622014481084089,0.0271800835862422,44,"Isotropic"
"Pop13","Pop22",-0.0124127952306192,0.000113368214951571,44,"Isotropic"
"Pop13","Pop24",-0.0290960694000004,-0.0157805087597602,44,"Isotropic"
"Pop14","Pop15",0.0242444857607254,0.0174185710380057,44,"Isotropic"
"Pop14","Pop16",0.0550974810565925,0.0146792085640471,44,"Isotropic"
"Pop14","Pop17",0.0337228537229325,0.0169036593818946,44,"Isotropic"
"Pop14","Pop20",0.0230455627870181,0.00379696628804013,44,"Isotropic"
"Pop14","Pop25",-0.072481398003933,0.0023426483355525,44,"Isotropic"
"Pop15","Pop16",0.0331023427012498,-0.013054781504711,44,"Isotropic"
"Pop15","Pop17",0.00562131710036706,0.00954057726941685,44,"Isotropic"
"Pop15","Pop20",0.0149572285869723,0.0022327084816123,44,"Isotropic"
"Pop15","Pop23",-0.0293315212533159,-0.0290264980472448,44,"Isotropic"
"Pop16","Pop17",-0.0291184026296102,0.0119688661953098,44,"Isotropic"
"Pop16","Pop18",-0.0175729845941523,0.0375011954395128,44,"Isotropic"
"Pop16","Pop19",-0.0349845336770658,0.000255608953360277,44,"Isotropic"
"Pop16","Pop20",-0.0081928280432985,0.00401521683175161,44,"Isotropic"
"Pop16","Pop22",-0.0326676791135947,-0.00171873953011364,44,"Isotropic"
"Pop16","Pop25",-0.100571843450459,0.000229993655818099,44,"Isotropic"
"Pop17","Pop18",0.00994922628260747,0.020970719266247,44,"Isotropic"
"Pop17","Pop19",-0.0131802058851443,0.00122089459130129,44,"Isotropic"
"Pop17","Pop20",0.0120149796879003,0.0017711948532518,44,"Isotropic"
"Pop17","Pop21",-0.0317950473995572,-0.0073668723190485,44,"Isotropic"
"Pop17","Pop22",-0.0321804729341499,-0.00539255617829495,44,"Isotropic"
"Pop18","Pop19",-0.01728745999015,-0.0182106852860704,44,"Isotropic"
"Pop18","Pop20",0.0172819366022002,-0.0122582686832793,44,"Isotropic"
"Pop18","Pop21",-0.0299397138328516,-0.0184388683058444,44,"Isotropic"
"Pop18","Pop22",-0.0157961781706834,-0.0097432727160572,44,"Isotropic"
"Pop18","Pop23",-0.0352213313255595,-0.0243281975563361,44,"Isotropic"
"Pop19","Pop20",0.0386564443618893,0.00472303572765655,44,"Isotropic"
"Pop19","Pop21",-0.0134890987435815,0.00625377787096688,44,"Isotropic"
"Pop19","Pop23",-0.0208594920249783,-0.017520801964848,44,"Isotropic"
"Pop20","Pop21",-0.0539471003439757,-0.00983113202410643,44,"Isotropic"
"Pop20","Pop22",-0.0137068902102338,-0.0134209729942411,44,"Isotropic"
"Pop20","Pop24",-0.0530542872136055,-0.00892047964957002,44,"Isotropic"
"Pop21","Pop22",0.0407128317963274,-0.0186105104827052,44,"Isotropic"
"Pop21","Pop23",-0.0125569313633438,-0.0298639330182308,44,"Isotropic"
"Pop21","Pop25",-0.0737711709407407,-0.0160233226469306,44,"Isotropic"
"Pop22","Pop23",-0.046725230492517,-0.0265288219719745,44,"Isotropic"
"Pop22","Pop24",-0.123402869848467,-0.0258064316508202,44,"Isotropic"
"Pop23","Pop24",-0.113888264097061,0.0429554223224358,44,"Isotropic"
"Pop23","Pop25",-0.0461822853784008,0.019929308035426,44,"Isotropic"
"Pop24","Pop25",0.0556406932103745,0.0193352062743654,44,"Isotropic"
"Pop01","Pop20",0.373051662324966,NA,44,"Flux-conserved"
"Pop01","Pop22",0.305567070023606,NA,44,"Flux-conserved"
"Pop01","Pop24",0.122864826548822,NA,44,"Flux-conserved"
"Pop01","Pop25",0.017060244182265,-113152933262.274,44,"Flux-conserved"
"Pop02","Pop20",0.373051662324966,NA,44,"Flux-conserved"
"Pop02","Pop22",0.305567070023606,NA,44,"Flux-conserved"
"Pop02","Pop24",0.122864826548822,NA,44,"Flux-conserved"
"Pop02","Pop25",0.017060244182265,-113152933262.274,44,"Flux-conserved"
"Pop03","Pop20",0.373051662324966,NA,44,"Flux-conserved"
"Pop03","Pop22",0.305567070023606,NA,44,"Flux-conserved"
"Pop03","Pop24",0.122864826548822,NA,44,"Flux-conserved"
"Pop03","Pop25",0.017060244182265,-113152933262.274,44,"Flux-conserved"
"Pop04","Pop20",0.373051662324966,NA,44,"Flux-conserved"
"Pop04","Pop22",0.305567070023606,NA,44,"Flux-conserved"
"Pop04","Pop24",0.122864826548822,NA,44,"Flux-conserved"
"Pop04","Pop25",0.017060244182265,-113152933262.274,44,"Flux-conserved"
"Pop05","Pop20",0.373051662324966,NA,44,"Flux-conserved"
"Pop05","Pop22",0.305567070023606,NA,44,"Flux-conserved"
"Pop05","Pop24",0.122864826548822,NA,44,"Flux-conserved"
"Pop05","Pop25",0.017060244182265,-113152933262.274,44,"Flux-conserved"
"Pop06","Pop20",0.373051662324966,NA,44,"Flux-conserved"
"Pop06","Pop22",0.305567070023606,NA,44,"Flux-conserved"
"Pop06","Pop24",0.122864826548822,NA,44,"Flux-conserved"
"Pop06","Pop25",0.017060244182265,-113152933262.274,44,"Flux-conserved"
"Pop07","Pop20",0.373051662324966,NA,44,"Flux-conserved"
"Pop07","Pop22",0.305567070023606,NA,44,"Flux-conserved"
"Pop07","Pop24",0.122864826548822,NA,44,"Flux-conserved"
"Pop07","Pop25",0.017060244182265,-113152933262.274,44,"Flux-conserved"
"Pop08","Pop20",0.373051662324966,NA,44,"Flux-conserved"
"Pop08","Pop22",0.305567070023606,NA,44,"Flux-conserved"
"Pop08","Pop24",0.122864826548822,NA,44,"Flux-conserved"
"Pop08","Pop25",0.017060244182265,-113152933262.274,44,"Flux-conserved"
"Pop09","Pop20",0.373051662324966,NA,44,"Flux-conserved"
"Pop09","Pop22",0.305567070023606,NA,44,"Flux-conserved"
"Pop09","Pop24",0.122864826548822,NA,44,"Flux-conserved"
"Pop09","Pop25",0.017060244182265,-113152933262.274,44,"Flux-conserved"
"Pop10","Pop20",0.373051662324966,NA,44,"Flux-conserved"
"Pop10","Pop22",0.305567070023606,NA,44,"Flux-conserved"
"Pop10","Pop24",0.122864826548822,NA,44,"Flux-conserved"
"Pop10","Pop25",0.017060244182265,-113152933262.274,44,"Flux-conserved"
"Pop11","Pop20",0.373051662324966,NA,44,"Flux-conserved"
"Pop11","Pop22",0.305567070023606,NA,44,"Flux-conserved"
"Pop11","Pop24",0.122864826548822,NA,44,"Flux-conserved"
"Pop11","Pop25",0.017060244182265,-113152933262.274,44,"Flux-conserved"
"Pop12","Pop20",0.373051662324966,NA,44,"Flux-conserved"
"Pop12","Pop22",0.305567070023606,NA,44,"Flux-conserved"
"Pop12","Pop24",0.122864826548822,NA,44,"Flux-conserved"
"Pop12","Pop25",0.017060244182265,-113152933262.274,44,"Flux-conserved"
"Pop13","Pop20",0.373051662324966,NA,44,"Flux-conserved"
"Pop13","Pop22",0.305567070023606,NA,44,"Flux-conserved"
"Pop13","Pop24",0.122864826548822,NA,44,"Flux-conserved"
"Pop13","Pop25",0.017060244182265,-113152933262.274,44,"Flux-conserved"
"Pop14","Pop20",0.373051662324966,NA,44,"Flux-conserved"
"Pop14","Pop22",0.305567070023606,NA,44,"Flux-conserved"
"Pop14","Pop24",0.122864826548822,NA,44,"Flux-conserved"
"Pop14","Pop25",0.017060244182265,-113152933262.274,44,"Flux-conserved"
"Pop15","Pop20",0.373051662324966,NA,44,"Flux-conserved"
"Pop15","Pop22",0.305567070023606,NA,44,"Flux-conserved"
"Pop15","Pop24",0.122864826548822,NA,44,"Flux-conserved"
"Pop15","Pop25",0.017060244182265,-113152933262.274,44,"Flux-conserved"
"Pop16","Pop20",0.373051662324966,NA,44,"Flux-conserved"
"Pop16","Pop22",0.305567070023606,NA,44,"Flux-conserved"
"Pop16","Pop24",0.122864826548822,NA,44,"Flux-conserved"
"Pop16","Pop25",0.017060244182265,-113152933262.274,44,"Flux-conserved"
"Pop17","Pop20",0.373051662324966,NA,44,"Flux-conserved"
"Pop17","Pop22",0.305567070023606,NA,44,"Flux-conserved"
"Pop17","Pop24",0.122864826548822,NA,44,"Flux-conserved"
"Pop17","Pop25",0.017060244182265,-113152933262.274,44,"Flux-conserved"
"Pop18","Pop20",0.373051662324966,NA,44,"Flux-conserved"
"Pop18","Pop22",0.305567070023606,NA,44,"Flux-conserved"
"Pop18","Pop24",0.122864826548822,NA,44,"Flux-conserved"
"Pop18","Pop25",0.017060244182265,-113152933262.274,44,"Flux-conserved"
"Pop19","Pop20",0.373051662324966,NA,44,"Flux-conserved"
"Pop19","Pop22",0.305567070023606,NA,44,"Flux-conserved"
"Pop19","Pop24",0.122864826548822,NA,44,"Flux-conserved"
"Pop19","Pop25",0.017060244182265,-113152933262.274,44,"Flux-conserved"
"Pop20","Pop21",-0.242748365302373,0.0106163247771166,44,"Flux-conserved"
"Pop20","Pop22",-0.0456277740597953,0.035488757982445,44,"Flux-conserved"
"Pop21","Pop22",0.242824563841351,0.000683318604104383,44,"Flux-conserved"
"Pop21","Pop23",-0.0121249325008174,0.00184891698793817,44,"Flux-conserved"
"Pop21","Pop24",0.144591545279025,0.00174166694310055,44,"Flux-conserved"
"Pop21","Pop25",0.0524293737621964,0.000225605649752295,44,"Flux-conserved"
"Pop22","Pop23",-0.245909141521709,0.000493722278717885,44,"Flux-conserved"
"Pop22","Pop24",-0.0300475532618778,0.000428432751571766,44,"Flux-conserved"
"Pop22","Pop25",-0.0431154834967967,0.000440007427386199,44,"Flux-conserved"
"Pop23","Pop24",0.275727366817438,-0.000179746150398041,44,"Flux-conserved"
"Pop23","Pop25",0.136772595032349,-2.12639653113384e-05,44,"Flux-conserved"
"Pop24","Pop25",-0.011091080933046,2.10441696685364e-05,44,"Flux-conserved"
"Pop01","Pop05",0.39113426459741,NA,44,"Rate-conserved"
"Pop01","Pop10",0.0376858098362957,NA,44,"Rate-conserved"
"Pop02","Pop05",0.39113426459741,NA,44,"Rate-conserved"
"Pop02","Pop10",0.0376858098362957,NA,44,"Rate-conserved"
"Pop03","Pop05",0.333212554173092,-0.0257689369897682,44,"Rate-conserved"
"Pop03","Pop06",0.0124290442278367,0.0138628533796344,44,"Rate-conserved"
"Pop03","Pop10",-0.0454310131662739,0.0089618832455428,44,"Rate-conserved"
"Pop04","Pop07",-0.051021599717882,-0.00177500112315398,44,"Rate-conserved"
"Pop04","Pop08",0.00641642162072723,0.0286674584937075,44,"Rate-conserved"
"Pop04","Pop09",-0.0644622873796016,0.0286518042226737,44,"Rate-conserved"
"Pop04","Pop10",0.12125186004983,0.00247825991047746,44,"Rate-conserved"
"Pop04","Pop11",-0.158362064038304,3.98004577538465e-05,44,"Rate-conserved"
"Pop06","Pop07",-0.0493426410414806,0.006656378806708,44,"Rate-conserved"
"Pop06","Pop10",-0.0541036518960567,0.0220782423780385,44,"Rate-conserved"
"Pop07","Pop10",0.045923673453907,NA,44,"Rate-conserved"
"Pop08","Pop09",0.177070215802803,-0.000454429065790653,44,"Rate-conserved"
"Pop08","Pop10",0.105883466677967,-0.00238736122414293,44,"Rate-conserved"
"Pop09","Pop10",0.186817903012596,-0.00238086115688672,44,"Rate-conserved"
"Pop09","Pop11",-0.15387500402372,5.28395350020697e-06,44,"Rate-conserved"
"Pop10","Pop13",-0.0962516094712268,-5.6474128135871e-06,44,"Rate-conserved"
"Pop11","Pop12",-0.0148908187793882,-9.300316723244e-06,44,"Rate-conserved"
"Pop11","Pop15",0.105056348256363,1.24043218350631e-05,44,"Rate-conserved"
"Pop11","Pop17",0.0710201905800945,5.93789913126973e-06,44,"Rate-conserved"
"Pop11","Pop19",0.0303427108988426,6.58310314519685e-06,44,"Rate-conserved"
"Pop11","Pop22",-0.0631912401916195,2.41698262081157e-05,44,"Rate-conserved"
"Pop11","Pop24",-0.0865157316019639,5.08697857317305e-05,44,"Rate-conserved"
"Pop11","Pop25",-0.101995564253931,0.000207476897730834,44,"Rate-conserved"
"Pop12","Pop13",0.076996983201692,9.09490676580566e-05,44,"Rate-conserved"
"Pop12","Pop14",0.0935211267933278,7.61944333829854e-05,44,"Rate-conserved"
"Pop12","Pop18",0.047113627720547,3.05239965791815e-05,44,"Rate-conserved"
"Pop13","Pop14",0.0487792192105507,0.000134355152332388,44,"Rate-conserved"
"Pop13","Pop15",0.0576308609206196,8.46704572527903e-05,44,"Rate-conserved"
"Pop13","Pop17",0.0300379216661327,5.19287442310295e-05,44,"Rate-conserved"
"Pop14","Pop15",0.0142833080177839,1.90724013029051e-05,44,"Rate-conserved"
"Pop14","Pop17",0.0380915084313814,3.08209441585426e-05,44,"Rate-conserved"
"Pop14","Pop18",0.0179951165045525,3.03213793188899e-05,44,"Rate-conserved"
"Pop14","Pop20",-0.0826899363012434,2.71668189051596e-06,44,"Rate-conserved"
"Pop15","Pop16",-0.00432695821277126,-2.19962830506303e-05,44,"Rate-conserved"
"Pop15","Pop17",0.0534149273406967,1.56040661202502e-06,44,"Rate-conserved"
"Pop15","Pop18",0.0133244983108498,0.000106609420519599,44,"Rate-conserved"
"Pop16","Pop17",0.0478785771794265,7.77775148760089e-05,44,"Rate-conserved"
"Pop16","Pop18",0.0466921672757694,1.4665110699069e-05,44,"Rate-conserved"
"Pop16","Pop19",-0.0245161223918317,1.40436932895142e-06,44,"Rate-conserved"
"Pop16","Pop20",0.0110279942278195,1.26641146668401e-05,44,"Rate-conserved"
"Pop16","Pop24",-0.12537156437839,8.3962105410146e-06,44,"Rate-conserved"
"Pop16","Pop25",-0.120113959139451,3.26125200569507e-06,44,"Rate-conserved"
"Pop17","Pop18",-0.0213643993347397,9.56122514207738e-06,44,"Rate-conserved"
"Pop17","Pop19",-0.0826500750607487,-4.0534196021171e-06,44,"Rate-conserved"
"Pop17","Pop20",-0.0596345131942549,5.29297071976307e-06,44,"Rate-conserved"
"Pop17","Pop21",-0.147522651311923,2.71210532299896e-06,44,"Rate-conserved"
"Pop18","Pop19",-0.0776367360391418,-7.95204250273834e-06,44,"Rate-conserved"
"Pop18","Pop20",-0.0740107855271427,-8.84764235870075e-07,44,"Rate-conserved"
"Pop19","Pop20",0.051357609372169,7.56866793941037e-06,44,"Rate-conserved"
"Pop19","Pop23",-0.109103474960953,5.26978852109896e-06,44,"Rate-conserved"
"Pop20","Pop21",-0.123021780338996,6.10062730312774e-06,44,"Rate-conserved"
"Pop20","Pop22",-0.128100245721086,9.44191490615992e-07,44,"Rate-conserved"
"Pop20","Pop24",-0.135020007402696,1.13580638863747e-05,44,"Rate-conserved"
"Pop20","Pop25",-0.122779187421868,5.36296587517903e-06,44,"Rate-conserved"
"Pop21","Pop22",-0.00735728058612029,-1.34960827307489e-05,44,"Rate-conserved"
"Pop21","Pop23",0.000739984440832675,-5.08246875182957e-06,44,"Rate-conserved"
"Pop21","Pop25",-0.0868622231273359,6.13560570275745e-06,44,"Rate-conserved"
"Pop22","Pop23",0.0132381544330877,-5.11789256458852e-06,44,"Rate-conserved"
"Pop22","Pop25",-0.0708511984043464,3.16118274092641e-06,44,"Rate-conserved"
"Pop23","Pop24",-0.0207718117332867,1.18282388883963e-05,44,"Rate-conserved"
"Pop23","Pop25",-0.0846488638112601,5.28323443241278e-06,44,"Rate-conserved"
"Pop24","Pop25",-0.0241349668458044,-1.31570623151265e-06,44,"Rate-conserved"
"Pop01","Pop02",-0.375795920102791,0.520814615266081,45,"Isotropic"
"Pop01","Pop03",0.0401390102176584,0.152343856881438,45,"Isotropic"
"Pop01","Pop05",0.0381319845502827,0.120973201808221,45,"Isotropic"
"Pop01","Pop06",0.0683099249570308,0.0908398460114481,45,"Isotropic"
"Pop01","Pop07",-0.00311955547917603,0.032482578289335,45,"Isotropic"
"Pop01","Pop10",0.0382030394871622,0.0308414707990426,45,"Isotropic"
"Pop01","Pop11",0.0493835438691955,0.0352533424241997,45,"Isotropic"
"Pop02","Pop03",0.229438669518506,0.106268431745929,45,"Isotropic"
"Pop03","Pop04",-0.0612015084140768,-0.123171676402441,45,"Isotropic"
"Pop03","Pop05",-0.000665801963118093,0.0152068181974876,45,"Isotropic"
"Pop03","Pop07",-0.0428053201843805,-0.014407819816247,45,"Isotropic"
"Pop03","Pop08",0.0131414753776796,-0.00958242946071026,45,"Isotropic"
"Pop03","Pop09",0.0413183170568374,0.0469798526578497,45,"Isotropic"
"Pop03","Pop11",0.0106349047792133,0.0291781243129271,45,"Isotropic"
"Pop04","Pop05",0.0393872643001417,-0.0110981951620676,45,"Isotropic"
"Pop04","Pop07",-0.0105984164645779,-0.044219276856853,45,"Isotropic"
"Pop04","Pop10",0.0691226235246261,-0.00459177927503407,45,"Isotropic"
"Pop04","Pop11",0.06055821314881,0.0424383211841084,45,"Isotropic"
"Pop04","Pop15",-0.0550021795519054,0.0284382916580736,45,"Isotropic"
"Pop05","Pop06",0.0176578980494164,-0.00713548533926832,45,"Isotropic"
"Pop05","Pop08",0.000915344111270325,-0.0449291300321221,45,"Isotropic"
"Pop05","Pop09",0.0311378807793794,0.0578611295319801,45,"Isotropic"
"Pop05","Pop10",0.00935501248971479,0.000292045410253683,45,"Isotropic"
"Pop05","Pop11",0.00967925755580183,0.0376344456094409,45,"Isotropic"
"Pop05","Pop12",-0.00374528597480424,0.0111315765155864,45,"Isotropic"
"Pop06","Pop07",-0.035771094465564,-0.061764174208825,45,"Isotropic"
"Pop06","Pop08",-0.0548876070596244,-0.0852848362835993,45,"Isotropic"
"Pop06","Pop09",0.00561964493483708,-0.0525744687756859,45,"Isotropic"
"Pop06","Pop10",-0.00434442361725978,0.00301861173158025,45,"Isotropic"
"Pop06","Pop11",-0.0135615926118654,0.0154066100622506,45,"Isotropic"
"Pop06","Pop12",-0.0448154733788595,0.00769037941307079,45,"Isotropic"
"Pop07","Pop08",-0.034670396896908,-0.23820122998711,45,"Isotropic"
"Pop07","Pop09",0.0518030863832874,0.187010339538141,45,"Isotropic"
"Pop07","Pop25",-0.0446430926414142,-0.0307311465074814,45,"Isotropic"
"Pop08","Pop09",0.0601449022270834,0.0634701272559695,45,"Isotropic"
"Pop08","Pop10",0.0195862079546593,0.0266649371669219,45,"Isotropic"
"Pop09","Pop10",-0.00786740888249371,-0.0152209700273477,45,"Isotropic"
"Pop09","Pop11",-0.020253637203156,0.0195701712031551,45,"Isotropic"
"Pop09","Pop12",-0.067328261496371,-0.0032058013110611,45,"Isotropic"
"Pop10","Pop11",-0.014825753797427,0.023218175999187,45,"Isotropic"
"Pop10","Pop12",-0.036167115842234,0.00440034432235722,45,"Isotropic"
"Pop10","Pop20",-0.056299002257892,0.0400727004329026,45,"Isotropic"
"Pop11","Pop12",-0.0353422039131165,0.0245233507593601,45,"Isotropic"
"Pop12","Pop13",-0.169129595976225,0.035508441852193,45,"Isotropic"
"Pop12","Pop14",-0.0786721677953893,0.0564903875985673,45,"Isotropic"
"Pop13","Pop14",0.0430280580085887,0.102590284779827,45,"Isotropic"
"Pop13","Pop16",0.0272694347026333,0.0313864811666462,45,"Isotropic"
"Pop13","Pop18",-0.00461452902389337,0.0079187929921667,45,"Isotropic"
"Pop14","Pop15",0.00202772011727476,0.0660947834114601,45,"Isotropic"
"Pop14","Pop19",0.00998672385931887,-0.0022619705654094,45,"Isotropic"
"Pop14","Pop20",-0.0147755508243053,0.00182513564873464,45,"Isotropic"
"Pop15","Pop16",-0.0548389776095444,-0.00787993843129894,45,"Isotropic"
"Pop15","Pop17",0.0124652622362569,-0.00887373386769548,45,"Isotropic"
"Pop15","Pop24",-0.0223143204685473,-0.0323519477413141,45,"Isotropic"
"Pop16","Pop17",0.0570339549874534,0.00155861201702667,45,"Isotropic"
"Pop16","Pop19",-0.00371675838589089,-0.00296843516904147,45,"Isotropic"
"Pop17","Pop18",0.0215667325549671,0.000742223545406505,45,"Isotropic"
"Pop17","Pop19",0.0226428333009599,-0.00393285584190775,45,"Isotropic"
"Pop17","Pop24",-0.0338436858195844,-0.0258462404467816,45,"Isotropic"
"Pop18","Pop19",0.00134329358218022,-0.112127669680551,45,"Isotropic"
"Pop18","Pop20",0.0180823224701354,-0.00290972795451132,45,"Isotropic"
"Pop18","Pop22",-0.0109295530755591,-0.00798419828953576,45,"Isotropic"
"Pop18","Pop23",0.0103677260529187,-0.0235710901923467,45,"Isotropic"
"Pop19","Pop20",0.0163042954219353,-0.00537671221277345,45,"Isotropic"
"Pop19","Pop23",0.00211780712137245,-0.0470696291026344,45,"Isotropic"
"Pop20","Pop21",-0.0512411918256281,-0.0233395466297707,45,"Isotropic"
"Pop20","Pop23",0.0239756461472584,-0.039590421950911,45,"Isotropic"
"Pop20","Pop24",-0.00822429059952864,-0.0196669591554322,45,"Isotropic"
"Pop21","Pop22",-0.044492851928938,-0.00232947981258513,45,"Isotropic"
"Pop21","Pop23",0.0535372089691096,-0.0398742667362595,45,"Isotropic"
"Pop21","Pop24",0.0113986016738095,-0.0305028416674763,45,"Isotropic"
"Pop21","Pop25",-0.0950481229368365,-0.0519838237139248,45,"Isotropic"
"Pop22","Pop23",0.116869465959339,-0.0882776287965951,45,"Isotropic"
"Pop22","Pop24",0.0729884400249015,-0.0739181270782358,45,"Isotropic"
"Pop23","Pop24",-0.0135147179755527,-0.0557397208713402,45,"Isotropic"
"Pop23","Pop25",-0.160052127959973,-0.168096168608761,45,"Isotropic"
"Pop24","Pop25",-0.149787271864369,-0.381708359679671,45,"Isotropic"
"Pop01","Pop14",0.207868016863569,NA,45,"Flux-conserved"
"Pop01","Pop17",0.177380654872238,NA,45,"Flux-conserved"
"Pop01","Pop22",0.032030566474082,NA,45,"Flux-conserved"
"Pop01","Pop23",0.114253729487597,NA,45,"Flux-conserved"
"Pop01","Pop24",0.0808117475343127,NA,45,"Flux-conserved"
"Pop01","Pop25",0.0243579874524566,NA,45,"Flux-conserved"
"Pop02","Pop14",0.207868016863569,NA,45,"Flux-conserved"
"Pop02","Pop17",0.177380654872238,NA,45,"Flux-conserved"
"Pop02","Pop22",0.032030566474082,NA,45,"Flux-conserved"
"Pop02","Pop23",0.114253729487597,NA,45,"Flux-conserved"
"Pop02","Pop24",0.0808117475343127,NA,45,"Flux-conserved"
"Pop02","Pop25",0.0243579874524566,NA,45,"Flux-conserved"
"Pop03","Pop14",0.207868016863569,NA,45,"Flux-conserved"
"Pop03","Pop17",0.177380654872238,NA,45,"Flux-conserved"
"Pop03","Pop22",0.032030566474082,NA,45,"Flux-conserved"
"Pop03","Pop23",0.114253729487597,NA,45,"Flux-conserved"
"Pop03","Pop24",0.0808117475343127,NA,45,"Flux-conserved"
"Pop03","Pop25",0.0243579874524566,NA,45,"Flux-conserved"
"Pop04","Pop14",0.207868016863569,NA,45,"Flux-conserved"
"Pop04","Pop17",0.177380654872238,NA,45,"Flux-conserved"
"Pop04","Pop22",0.032030566474082,NA,45,"Flux-conserved"
"Pop04","Pop23",0.114253729487597,NA,45,"Flux-conserved"
"Pop04","Pop24",0.0808117475343127,NA,45,"Flux-conserved"
"Pop04","Pop25",0.0243579874524566,NA,45,"Flux-conserved"
"Pop05","Pop14",0.207868016863569,NA,45,"Flux-conserved"
"Pop05","Pop17",0.177380654872238,NA,45,"Flux-conserved"
"Pop05","Pop22",0.032030566474082,NA,45,"Flux-conserved"
"Pop05","Pop23",0.114253729487597,NA,45,"Flux-conserved"
"Pop05","Pop24",0.0808117475343127,NA,45,"Flux-conserved"
"Pop05","Pop25",0.0243579874524566,NA,45,"Flux-conserved"
"Pop06","Pop14",0.207868016863569,NA,45,"Flux-conserved"
"Pop06","Pop17",0.177380654872238,NA,45,"Flux-conserved"
"Pop06","Pop22",0.032030566474082,NA,45,"Flux-conserved"
"Pop06","Pop23",0.114253729487597,NA,45,"Flux-conserved"
"Pop06","Pop24",0.0808117475343127,NA,45,"Flux-conserved"
"Pop06","Pop25",0.0243579874524566,NA,45,"Flux-conserved"
"Pop07","Pop14",0.207868016863569,NA,45,"Flux-conserved"
"Pop07","Pop17",0.177380654872238,NA,45,"Flux-conserved"
"Pop07","Pop22",0.032030566474082,NA,45,"Flux-conserved"
"Pop07","Pop23",0.114253729487597,NA,45,"Flux-conserved"
"Pop07","Pop24",0.0808117475343127,NA,45,"Flux-conserved"
"Pop07","Pop25",0.0243579874524566,NA,45,"Flux-conserved"
"Pop08","Pop14",0.207868016863569,NA,45,"Flux-conserved"
"Pop08","Pop17",0.177380654872238,NA,45,"Flux-conserved"
"Pop08","Pop22",0.032030566474082,NA,45,"Flux-conserved"
"Pop08","Pop23",0.114253729487597,NA,45,"Flux-conserved"
"Pop08","Pop24",0.0808117475343127,NA,45,"Flux-conserved"
"Pop08","Pop25",0.0243579874524566,NA,45,"Flux-conserved"
"Pop09","Pop14",0.207868016863569,NA,45,"Flux-conserved"
"Pop09","Pop17",0.177380654872238,NA,45,"Flux-conserved"
"Pop09","Pop22",0.032030566474082,NA,45,"Flux-conserved"
"Pop09","Pop23",0.114253729487597,NA,45,"Flux-conserved"
"Pop09","Pop24",0.0808117475343127,NA,45,"Flux-conserved"
"Pop09","Pop25",0.0243579874524566,NA,45,"Flux-conserved"
"Pop10","Pop14",0.207868016863569,NA,45,"Flux-conserved"
"Pop10","Pop17",0.177380654872238,NA,45,"Flux-conserved"
"Pop10","Pop22",0.032030566474082,NA,45,"Flux-conserved"
"Pop10","Pop23",0.114253729487597,NA,45,"Flux-conserved"
"Pop10","Pop24",0.0808117475343127,NA,45,"Flux-conserved"
"Pop10","Pop25",0.0243579874524566,NA,45,"Flux-conserved"
"Pop11","Pop14",0.207868016863569,NA,45,"Flux-conserved"
"Pop11","Pop17",0.177380654872238,NA,45,"Flux-conserved"
"Pop11","Pop22",0.032030566474082,NA,45,"Flux-conserved"
"Pop11","Pop23",0.114253729487597,NA,45,"Flux-conserved"
"Pop11","Pop24",0.0808117475343127,NA,45,"Flux-conserved"
"Pop11","Pop25",0.0243579874524566,NA,45,"Flux-conserved"
"Pop12","Pop14",0.207868016863569,NA,45,"Flux-conserved"
"Pop12","Pop17",0.177380654872238,NA,45,"Flux-conserved"
"Pop12","Pop22",0.032030566474082,NA,45,"Flux-conserved"
"Pop12","Pop23",0.114253729487597,NA,45,"Flux-conserved"
"Pop12","Pop24",0.0808117475343127,NA,45,"Flux-conserved"
"Pop12","Pop25",0.0243579874524566,NA,45,"Flux-conserved"
"Pop13","Pop14",0.207868016863569,NA,45,"Flux-conserved"
"Pop13","Pop17",0.177380654872238,NA,45,"Flux-conserved"
"Pop13","Pop22",0.032030566474082,NA,45,"Flux-conserved"
"Pop13","Pop23",0.114253729487597,NA,45,"Flux-conserved"
"Pop13","Pop24",0.0808117475343127,NA,45,"Flux-conserved"
"Pop13","Pop25",0.0243579874524566,NA,45,"Flux-conserved"
"Pop14","Pop18",-0.223681004131273,0.0177259779926078,45,"Flux-conserved"
"Pop15","Pop16",-0.34589446787233,0.0115317177802779,45,"Flux-conserved"
"Pop15","Pop19",0.0903547674156427,-0.0382846600943867,45,"Flux-conserved"
"Pop16","Pop17",0.259690561412052,0.00438679784902364,45,"Flux-conserved"
"Pop17","Pop21",-0.0755607903789242,0.000853714216764769,45,"Flux-conserved"
"Pop18","Pop19",0.378378458961516,0.0275410180450904,45,"Flux-conserved"
"Pop20","Pop21",-0.0417534342001092,-0.000253627119014305,45,"Flux-conserved"
"Pop20","Pop22",0.114228770050318,-0.00055353129028198,45,"Flux-conserved"
"Pop20","Pop23",0.291728120312541,0.610958680614155,45,"Flux-conserved"
"Pop20","Pop24",-0.0393142388928186,0.00557281667304631,45,"Flux-conserved"
"Pop21","Pop23",0.318920499772701,0.00456273795199987,45,"Flux-conserved"
"Pop22","Pop23",0.00693048608537553,0.000516386232779137,45,"Flux-conserved"
"Pop22","Pop24",0.0118831970225407,0.000515017457507819,45,"Flux-conserved"
"Pop22","Pop25",-0.00882911092532758,8.4406169678279e-05,45,"Flux-conserved"
"Pop23","Pop24",-0.0105683141109643,0.00245666328051645,45,"Flux-conserved"
"Pop24","Pop25",-0.0195077458916127,-0.00026615696190579,45,"Flux-conserved"
"Pop01","Pop02",-0.0575282788265394,-0.000107460193404633,45,"Rate-conserved"
"Pop01","Pop06",0.0956155505789302,-0.000125945974215073,45,"Rate-conserved"
"Pop01","Pop07",-0.0277358856270359,0.000673229939258044,45,"Rate-conserved"
"Pop01","Pop08",-0.0139991977332943,0.000253549240031235,45,"Rate-conserved"
"Pop01","Pop09",0.00876419850675651,0.000295149589082305,45,"Rate-conserved"
"Pop01","Pop10",-0.00996636828250606,0.000847123635922579,45,"Rate-conserved"
"Pop01","Pop14",-0.026747692022841,0.000784961479813417,45,"Rate-conserved"
"Pop01","Pop17",-0.00187366532016481,0.000259935544592488,45,"Rate-conserved"
"Pop01","Pop21",-0.0240648627839237,0.000296781477572253,45,"Rate-conserved"
"Pop01","Pop23",-0.000317438013857904,0.000163167470876775,45,"Rate-conserved"
"Pop01","Pop25",-0.117319251891803,0.0133087285391348,45,"Rate-conserved"
"Pop02","Pop03",0.221403442598826,-0.000882576229294506,45,"Rate-conserved"
"Pop02","Pop06",0.116309946851403,0.000165756697371152,45,"Rate-conserved"
"Pop02","Pop07",0.0382788023480647,0.00383187113319011,45,"Rate-conserved"
"Pop03","Pop04",-0.00339315088037495,-0.015353180598996,45,"Rate-conserved"
"Pop03","Pop06",0.144509929202338,0.134910833663173,45,"Rate-conserved"
"Pop04","Pop05",-0.0982387733426877,-0.0211393647387852,45,"Rate-conserved"
"Pop04","Pop06",0.121434653643111,NA,45,"Rate-conserved"
"Pop05","Pop06",0.026810603750859,0.0215138546606851,45,"Rate-conserved"
"Pop05","Pop07",0.0731100065806578,0.0046174841760286,45,"Rate-conserved"
"Pop05","Pop09",0.0525474496165504,0.00708386668111156,45,"Rate-conserved"
"Pop05","Pop17",0.00995317711537223,0.00816623140511211,45,"Rate-conserved"
"Pop05","Pop19",-0.049859169036986,0.00499391691591976,45,"Rate-conserved"
"Pop05","Pop21",-0.0191577201766454,0.000744924983304782,45,"Rate-conserved"
"Pop05","Pop23",0.012328728611166,0.0115755225464155,45,"Rate-conserved"
"Pop06","Pop07",-0.0676158228746939,0.000338345797997727,45,"Rate-conserved"
"Pop06","Pop08",-0.0930602528121522,0.000354295257617081,45,"Rate-conserved"
"Pop07","Pop08",-0.0280262531135371,0.000541073511707893,45,"Rate-conserved"
"Pop07","Pop09",-0.047947800359565,0.000175192780313442,45,"Rate-conserved"
"Pop07","Pop11",-0.0454629152309472,0.000311986521686844,45,"Rate-conserved"
"Pop07","Pop22",-0.0945143466584239,0.000242178149772975,45,"Rate-conserved"
"Pop08","Pop09",-0.0151286924517826,0.000113351061071251,45,"Rate-conserved"
"Pop08","Pop10",-0.0622972797689073,0.000217756277961144,45,"Rate-conserved"
"Pop08","Pop11",-0.0216675675487603,0.000154980378295341,45,"Rate-conserved"
"Pop08","Pop12",0.0259516323650328,0.000121270362915284,45,"Rate-conserved"
"Pop09","Pop10",0.0120494131788896,0.000139821808092529,45,"Rate-conserved"
"Pop09","Pop11",-0.018967546045788,6.90291558103477e-05,45,"Rate-conserved"
"Pop09","Pop12",0.0214373308680658,9.72790082682479e-05,45,"Rate-conserved"
"Pop09","Pop13",-0.00428863874776854,1.16134928781878e-05,45,"Rate-conserved"
"Pop09","Pop14",-0.0559657627010141,8.10541256609975e-07,45,"Rate-conserved"
"Pop09","Pop16",-0.0660393999982471,6.24677738741396e-05,45,"Rate-conserved"
"Pop10","Pop11",-0.00485806400998545,-2.3347661575151e-05,45,"Rate-conserved"
"Pop10","Pop12",0.0317863680373009,-3.61394599623421e-05,45,"Rate-conserved"
"Pop10","Pop13",0.0312943404491064,-4.34132259521707e-06,45,"Rate-conserved"
"Pop10","Pop15",-0.0229931361526938,1.1597114380153e-05,45,"Rate-conserved"
"Pop10","Pop16",-0.0289813362007495,3.03870844777415e-05,45,"Rate-conserved"
"Pop10","Pop23",0.0119324594563601,-9.28062796599967e-06,45,"Rate-conserved"
"Pop10","Pop24",-0.0300722954173601,8.31103043386392e-06,45,"Rate-conserved"
"Pop10","Pop25",-0.116544129643294,7.63641941968257e-06,45,"Rate-conserved"
"Pop11","Pop12",0.0973016899710655,-0.000441119398546706,45,"Rate-conserved"
"Pop11","Pop13",0.0301652950976846,-8.17738865036107e-06,45,"Rate-conserved"
"Pop11","Pop23",-0.0434111229166264,1.86078924261648e-06,45,"Rate-conserved"
"Pop12","Pop13",0.00151083248438991,3.89353122124634e-05,45,"Rate-conserved"
"Pop12","Pop14",-0.0616382115645969,2.66498963404615e-06,45,"Rate-conserved"
"Pop12","Pop15",-0.0604819465756541,2.39919044560528e-05,45,"Rate-conserved"
"Pop12","Pop16",-0.0751262278394227,6.50555551897506e-05,45,"Rate-conserved"
"Pop12","Pop17",-0.046579549975123,0.000211137706517475,45,"Rate-conserved"
"Pop12","Pop19",-0.0939339239456017,3.22593860622752e-05,45,"Rate-conserved"
"Pop12","Pop22",-0.0529562988556472,3.054595407899e-05,45,"Rate-conserved"
"Pop12","Pop23",-0.0187810793266364,5.95383283503974e-06,45,"Rate-conserved"
"Pop12","Pop24",-0.0718233494349505,3.10451655852625e-05,45,"Rate-conserved"
"Pop13","Pop14",-0.0635625223439505,4.32164431964465e-05,45,"Rate-conserved"
"Pop13","Pop15",-0.0473106714581577,1.13973368229921e-05,45,"Rate-conserved"
"Pop13","Pop17",-0.0407106932536489,5.66607563396847e-06,45,"Rate-conserved"
"Pop13","Pop18",-0.0355671623415805,-2.32368422508286e-06,45,"Rate-conserved"
"Pop13","Pop19",-0.0863230145433059,2.91158481136843e-05,45,"Rate-conserved"
"Pop13","Pop20",-0.0734620279135307,1.38767881479303e-05,45,"Rate-conserved"
"Pop13","Pop21",-0.0487819373261339,1.94690970242475e-05,45,"Rate-conserved"
"Pop13","Pop22",-0.049533803247992,8.26895390800568e-07,45,"Rate-conserved"
"Pop13","Pop23",-0.00969263696802698,2.69429852199551e-05,45,"Rate-conserved"
"Pop13","Pop24",-0.0609780557647281,0.00019268141123165,45,"Rate-conserved"
"Pop14","Pop15",-0.00188123796768329,9.10413772237823e-05,45,"Rate-conserved"
"Pop14","Pop18",0.0238896561755347,-6.4456539101756e-05,45,"Rate-conserved"
"Pop14","Pop20",-0.0549503928436822,2.93961651131506e-05,45,"Rate-conserved"
"Pop14","Pop21",-0.000355146236984377,7.79161094688614e-05,45,"Rate-conserved"
"Pop14","Pop24",-0.0188141073098338,3.01128946369212e-05,45,"Rate-conserved"
"Pop15","Pop16",-0.00293872556338104,-4.01009384311668e-06,45,"Rate-conserved"
"Pop15","Pop17",0.0285674890426869,-8.08716513837729e-06,45,"Rate-conserved"
"Pop15","Pop18",0.0140021877554007,-6.49583963306456e-05,45,"Rate-conserved"
"Pop15","Pop19",-0.0441324898138556,-7.82491317140845e-06,45,"Rate-conserved"
"Pop15","Pop20",-0.0292536694823354,8.60684814305702e-06,45,"Rate-conserved"
"Pop15","Pop22",0.0278243419913275,-8.23212727270998e-06,45,"Rate-conserved"
"Pop15","Pop23",0.0311808610736068,-1.40633616377882e-05,45,"Rate-conserved"
"Pop15","Pop25",-0.103891939614169,1.53941903060124e-05,45,"Rate-conserved"
"Pop16","Pop17",0.0254821689549385,-2.13516936555612e-05,45,"Rate-conserved"
"Pop16","Pop18",0.0399070857919243,-2.50540745427403e-05,45,"Rate-conserved"
"Pop16","Pop20",-0.0545421435729442,1.46323665613814e-05,45,"Rate-conserved"
"Pop16","Pop23",0.0325213077714245,-7.13191782417802e-06,45,"Rate-conserved"
"Pop17","Pop18",0.0157354849838674,-1.210535455068e-05,45,"Rate-conserved"
"Pop17","Pop19",-0.062023513075479,2.05613223138285e-05,45,"Rate-conserved"
"Pop17","Pop23",0.0184404692716078,-1.85703546587051e-05,45,"Rate-conserved"
"Pop18","Pop19",-0.0695729437582877,4.63493231826785e-06,45,"Rate-conserved"
"Pop18","Pop21",-0.0194982997231337,5.99654116888469e-05,45,"Rate-conserved"
"Pop18","Pop22",-0.00401337938770265,2.0118879497114e-06,45,"Rate-conserved"
"Pop18","Pop24",-0.0325331758823315,1.00809477923825e-05,45,"Rate-conserved"
"Pop18","Pop25",-0.125503187359379,1.35195518047044e-05,45,"Rate-conserved"
"Pop19","Pop20",-0.0179354631010133,2.38137985389923e-05,45,"Rate-conserved"
"Pop20","Pop21",0.0277825185236255,-2.71108827835435e-06,45,"Rate-conserved"
"Pop20","Pop22",0.063926075125706,-5.76470439822276e-06,45,"Rate-conserved"
"Pop20","Pop23",0.0628896592187413,-7.26131566068614e-06,45,"Rate-conserved"
"Pop20","Pop24",0.0261509554821571,-2.29221819618605e-06,45,"Rate-conserved"
"Pop20","Pop25",-0.0936743318052442,4.87706875678642e-06,45,"Rate-conserved"
"Pop21","Pop22",0.00934196132774781,-1.55650952667068e-05,45,"Rate-conserved"
"Pop21","Pop23",0.0435171033664265,-3.19886700268858e-05,45,"Rate-conserved"
"Pop21","Pop24",-0.0151043383059001,1.04993269278939e-05,45,"Rate-conserved"
"Pop22","Pop23",0.050517776868767,-4.06808546252783e-06,45,"Rate-conserved"
"Pop22","Pop24",-0.0301667988732113,7.08460804929873e-05,45,"Rate-conserved"
"Pop23","Pop24",-0.0469006676576285,4.42539917010572e-05,45,"Rate-conserved"
"Pop23","Pop25",-0.143863875683771,9.30980507576883e-06,45,"Rate-conserved"
"Pop24","Pop25",-0.119340098418531,2.50775153438306e-06,45,"Rate-conserved"
"Pop01","Pop02",-0.0206930918790924,-0.0268179304795336,46,"Isotropic"
"Pop01","Pop03",-0.076339746919536,0.0110723747524202,46,"Isotropic"
"Pop01","Pop04",0.00555074223447535,0.0507884411611593,46,"Isotropic"
"Pop01","Pop05",0.00925987003579368,0.101425983401703,46,"Isotropic"
"Pop01","Pop06",-0.0409103834312279,0.203175408068621,46,"Isotropic"
"Pop01","Pop07",-0.051300396835389,0.021739865435038,46,"Isotropic"
"Pop01","Pop09",-0.0809526621407742,0.0475419627392946,46,"Isotropic"
"Pop02","Pop03",-0.0471330567205366,0.0411236737176018,46,"Isotropic"
"Pop02","Pop04",0.0313302171304951,0.0171176961683699,46,"Isotropic"
"Pop02","Pop05",0.0340185778164341,0.051261420244726,46,"Isotropic"
"Pop02","Pop06",0.0123423237310598,0.0542208267828621,46,"Isotropic"
"Pop02","Pop10",0.0127857499906997,0.0148783524512677,46,"Isotropic"
"Pop02","Pop16",-0.00844314636416031,0.00405527654151398,46,"Isotropic"
"Pop03","Pop04",0.0822231287873374,0.069838055076519,46,"Isotropic"
"Pop03","Pop05",0.0573501527537623,0.0355872415233915,46,"Isotropic"
"Pop03","Pop08",-0.0383153888024024,0.0443248360927653,46,"Isotropic"
"Pop04","Pop05",0.00259304680478936,0.0653522885150487,46,"Isotropic"
"Pop04","Pop06",-0.034262576354824,0.0286387137975156,46,"Isotropic"
"Pop04","Pop07",-0.0388416426774547,0.00527380829988614,46,"Isotropic"
"Pop04","Pop10",-0.0211196327224809,0.0293400987025987,46,"Isotropic"
"Pop04","Pop12",-0.0459383795419913,0.0132943938105612,46,"Isotropic"
"Pop05","Pop06",-0.0466341403641307,0.0202946630507563,46,"Isotropic"
"Pop05","Pop07",-0.0315309887910527,0.00299418411938733,46,"Isotropic"
"Pop05","Pop09",-0.0596935372996605,0.0207043680463146,46,"Isotropic"
"Pop05","Pop12",-0.0524951161955449,0.00723895969542598,46,"Isotropic"
"Pop06","Pop07",0.0359453009179417,-0.0339110263835082,46,"Isotropic"
"Pop06","Pop08",-0.036156064120048,0.0119492262601138,46,"Isotropic"
"Pop07","Pop08",0.0258204136654269,0.0119444614447294,46,"Isotropic"
"Pop07","Pop10",0.0331701212928075,0.0302044716800061,46,"Isotropic"
"Pop07","Pop15",0.0112705311679935,-0.00253303533299212,46,"Isotropic"
"Pop07","Pop18",0.0107772763407802,-0.0105303500359497,46,"Isotropic"
"Pop07","Pop20",0.0176156098767252,-0.00952131042885063,46,"Isotropic"
"Pop08","Pop09",-0.0411725974339582,0.000374681181367895,46,"Isotropic"
"Pop08","Pop10",0.00473705730067986,0.0147241897864907,46,"Isotropic"
"Pop08","Pop11",0.0205958469966002,0.011692510515385,46,"Isotropic"
"Pop08","Pop12",-0.0420474492969175,-0.00774548169903176,46,"Isotropic"
"Pop08","Pop14",0.0292497376745224,-0.00170369749285058,46,"Isotropic"
"Pop08","Pop18",-0.0199882558376219,-0.00965697370311703,46,"Isotropic"
"Pop08","Pop20",0.00132163013233288,-0.0104881244886773,46,"Isotropic"
"Pop09","Pop10",0.0429386694510447,0.0141179931189305,46,"Isotropic"
"Pop09","Pop11",0.0534728279210459,0.00609341050286041,46,"Isotropic"
"Pop09","Pop14",0.0556761913114215,-0.00604907782610988,46,"Isotropic"
"Pop09","Pop16",0.00960003182327696,-0.00677129893725921,46,"Isotropic"
"Pop09","Pop25",0.0187940984673374,-0.286841481075366,46,"Isotropic"
"Pop10","Pop11",-0.00239179307845871,0.0211847424644966,46,"Isotropic"
"Pop10","Pop12",-0.0587413020940024,-0.0189664576033034,46,"Isotropic"
"Pop10","Pop14",0.0202845705401587,-0.00867138538919403,46,"Isotropic"
"Pop10","Pop15",-0.0264152571641168,-0.015764603216387,46,"Isotropic"
"Pop10","Pop20",-0.00740393742196191,-0.0131119578639567,46,"Isotropic"
"Pop11","Pop12",-0.0591807041046568,-0.0371431898208215,46,"Isotropic"
"Pop11","Pop13",-0.07111587918066,-0.0153837019710834,46,"Isotropic"
"Pop11","Pop14",0.0185001829361824,-0.030160684944846,46,"Isotropic"
"Pop11","Pop15",-0.0367125368383597,-0.027183934305071,46,"Isotropic"
"Pop11","Pop16",-0.0399445306552138,-0.0130196677047479,46,"Isotropic"
"Pop11","Pop20",-0.0265493940862266,-0.0222690019900519,46,"Isotropic"
"Pop12","Pop13",0.00263586135541252,0.0161939361072735,46,"Isotropic"
"Pop12","Pop18",-0.0064626955484794,-0.0169188931869678,46,"Isotropic"
"Pop13","Pop14",0.0918120682308379,-0.0105604931963815,46,"Isotropic"
"Pop13","Pop16",-0.00509175190704166,-0.0172329436539197,46,"Isotropic"
"Pop13","Pop17",0.0144189040529938,-0.0416523191969353,46,"Isotropic"
"Pop13","Pop19",0.0166761190094086,-0.0166492778001758,46,"Isotropic"
"Pop14","Pop15",-0.0396892238456563,0.00486671363241882,46,"Isotropic"
"Pop14","Pop16",-0.0375594605249991,-0.00818251462121136,46,"Isotropic"
"Pop14","Pop17",-0.0398594441165174,-0.00399799259632267,46,"Isotropic"
"Pop14","Pop18",-0.0582252816485817,-0.00581869975023556,46,"Isotropic"
"Pop14","Pop19",0.00262778906670143,-0.00499740308440767,46,"Isotropic"
"Pop14","Pop25",-0.0298067527038087,-0.033662936846312,46,"Isotropic"
"Pop15","Pop16",0.00563108892213612,-0.0145567335264896,46,"Isotropic"
"Pop15","Pop17",0.0102960796075513,0.00274357926396741,46,"Isotropic"
"Pop15","Pop20",0.0214246442176776,-0.00554110326117293,46,"Isotropic"
"Pop15","Pop21",0.0592386568829626,-0.00372403128088324,46,"Isotropic"
"Pop15","Pop25",0.0150651787620182,-0.0233272981045062,46,"Isotropic"
"Pop16","Pop17",-0.0252379650659312,0.0568915502147559,46,"Isotropic"
"Pop16","Pop19",0.0303566729582261,-0.000160558407086807,46,"Isotropic"
"Pop16","Pop25",0.00799543549657046,-0.0644123894690506,46,"Isotropic"
"Pop17","Pop18",0.00327305878380854,-0.0298438314443528,46,"Isotropic"
"Pop17","Pop19",0.0296243127609519,-0.00962613660052961,46,"Isotropic"
"Pop17","Pop22",0.0165836361360742,-0.0273118514030113,46,"Isotropic"
"Pop18","Pop19",0.0401759101644169,0.00996615186496063,46,"Isotropic"
"Pop18","Pop20",0.0437060087833697,-0.0073323397372615,46,"Isotropic"
"Pop18","Pop22",0.0673329266044427,-0.0362499173756727,46,"Isotropic"
"Pop19","Pop20",0.0207634385330713,-0.0175243081732816,46,"Isotropic"
"Pop19","Pop21",-0.0434730355346862,-0.017800860690704,46,"Isotropic"
"Pop19","Pop22",0.00258262805820475,-0.0761863690283615,46,"Isotropic"
"Pop19","Pop25",-0.0317730298863724,-0.322422316222011,46,"Isotropic"
"Pop20","Pop21",-0.0659813506515136,-0.0014045675739712,46,"Isotropic"
"Pop20","Pop22",-0.00220505479924067,-0.0377093500507652,46,"Isotropic"
"Pop20","Pop23",-0.0138699174618749,-0.059134596703708,46,"Isotropic"
"Pop20","Pop25",-0.0201626815299086,-0.321513823256601,46,"Isotropic"
"Pop21","Pop22",0.047581740599479,-0.7725009027913,46,"Isotropic"
"Pop21","Pop23",-0.0234819037467044,-0.0643223859839609,46,"Isotropic"
"Pop21","Pop24",0.0117689742890917,-0.0921036752490706,46,"Isotropic"
"Pop22","Pop23",-0.100881724864652,-0.0406559145836227,46,"Isotropic"
"Pop22","Pop24",-0.107458734189744,-0.0750239357858538,46,"Isotropic"
"Pop22","Pop25",-0.010025664539532,-0.843597640188511,46,"Isotropic"
"Pop23","Pop24",0.0208780366240902,0.00428452171357252,46,"Isotropic"
"Pop23","Pop25",0.0106968672425685,-0.0942007027270634,46,"Isotropic"
"Pop24","Pop25",0.149205363812109,-0.493675114646437,46,"Isotropic"
"Pop01","Pop08",0.85752816679397,NA,46,"Flux-conserved"
"Pop02","Pop08",0.85752816679397,NA,46,"Flux-conserved"
"Pop03","Pop08",0.85752816679397,NA,46,"Flux-conserved"
"Pop04","Pop08",0.85752816679397,NA,46,"Flux-conserved"
"Pop05","Pop08",0.85752816679397,NA,46,"Flux-conserved"
"Pop06","Pop08",0.85752816679397,NA,46,"Flux-conserved"
"Pop07","Pop08",0.85752816679397,NA,46,"Flux-conserved"
"Pop08","Pop09",-0.630383201697043,0.179937384922447,46,"Flux-conserved"
"Pop09","Pop10",-0.100374108597809,0.0236234459035804,46,"Flux-conserved"
"Pop10","Pop11",0.00462390629102599,0.00463917224775962,46,"Flux-conserved"
"Pop10","Pop16",0.0455025471447097,0.00550406545280844,46,"Flux-conserved"
"Pop11","Pop14",0.164532557909949,0.00138208800101269,46,"Flux-conserved"
"Pop11","Pop16",0.140225565152393,0.224551642154125,46,"Flux-conserved"
"Pop11","Pop20",-0.104201206135377,0.026548700636009,46,"Flux-conserved"
"Pop12","Pop13",0.126629402416458,-0.000737768775566902,46,"Flux-conserved"
"Pop12","Pop15",0.119085783803444,0.0208730521476579,46,"Flux-conserved"
"Pop12","Pop16",-0.089633402479668,0.000128524503270782,46,"Flux-conserved"
"Pop12","Pop18",0.108902833833791,0.0153436363225812,46,"Flux-conserved"
"Pop13","Pop14",0.0114293795361666,-0.0015542624989854,46,"Flux-conserved"
"Pop13","Pop15",-0.066766252385306,0.00232690752255044,46,"Flux-conserved"
"Pop13","Pop16",-0.130487485762254,0.000619702190422534,46,"Flux-conserved"
"Pop13","Pop17",-0.00199286664912637,0.300157766002554,46,"Flux-conserved"
"Pop13","Pop18",-0.000745216590943898,0.708964093037625,46,"Flux-conserved"
"Pop14","Pop15",-0.0280102363724437,0.000668124270200559,46,"Flux-conserved"
"Pop14","Pop16",-0.0426185444785364,0.00243997865112718,46,"Flux-conserved"
"Pop14","Pop17",-0.0124841587022925,0.0505207683294041,46,"Flux-conserved"
"Pop14","Pop18",-0.00863031334831768,0.0376503247964096,46,"Flux-conserved"
"Pop14","Pop20",-0.130280133723293,0.00999157349847735,46,"Flux-conserved"
"Pop15","Pop17",0.00628328195778649,-0.000146997731783277,46,"Flux-conserved"
"Pop15","Pop18",0.0437482419803404,0.000266863083963341,46,"Flux-conserved"
"Pop15","Pop19",-0.166235417497719,0.00799745639191863,46,"Flux-conserved"
"Pop15","Pop20",-0.121491220466749,0.000802562258253815,46,"Flux-conserved"
"Pop16","Pop17",0.0275930289973202,0.000839053417260279,46,"Flux-conserved"
"Pop16","Pop20",-0.111450963224221,0.00471422680357279,46,"Flux-conserved"
"Pop17","Pop18",-0.0174577338065944,0.776600389516729,46,"Flux-conserved"
"Pop17","Pop19",-0.1804689436249,0.0209761427846725,46,"Flux-conserved"
"Pop17","Pop20",-0.130629227694905,0.00143444040816234,46,"Flux-conserved"
"Pop18","Pop19",-0.213639000266563,0.00751367480025195,46,"Flux-conserved"
"Pop19","Pop20",0.0588954009658117,0.000171038976418318,46,"Flux-conserved"
"Pop19","Pop21",-0.0668520006439759,0.000238832414988768,46,"Flux-conserved"
"Pop19","Pop25",-0.0897810252931291,5.22700008694632e-05,46,"Flux-conserved"
"Pop20","Pop21",-0.103536545544883,0.000750418744941235,46,"Flux-conserved"
"Pop20","Pop22",-0.107096293939795,0.000256286933937362,46,"Flux-conserved"
"Pop20","Pop25",-0.101435282442997,4.69569607217659e-05,46,"Flux-conserved"
"Pop21","Pop22",-0.0395434031299002,0.000948350778607263,46,"Flux-conserved"
"Pop21","Pop23",-0.075031130171121,7.74742703748995e-05,46,"Flux-conserved"
"Pop21","Pop24",-0.0888968547351965,2.77904514818577e-05,46,"Flux-conserved"
"Pop21","Pop25",-0.0513043493670614,8.8480078832757e-05,46,"Flux-conserved"
"Pop22","Pop23",-0.071091931376158,0.000547697811943619,46,"Flux-conserved"
"Pop22","Pop24",-0.127283744014892,2.28242425793766e-05,46,"Flux-conserved"
"Pop22","Pop25",-0.0381685831546998,7.52975957652775e-05,46,"Flux-conserved"
"Pop23","Pop24",-0.11063607574666,5.84224281841055e-06,46,"Flux-conserved"
"Pop23","Pop25",0.000423342925715303,2.11701672802826e-05,46,"Flux-conserved"
"Pop24","Pop25",0.122856771969381,2.249912528277e-05,46,"Flux-conserved"
"Pop01","Pop04",0.20562999726544,NA,46,"Rate-conserved"
"Pop01","Pop05",0.132446900276541,NA,46,"Rate-conserved"
"Pop01","Pop08",0.0828832735847137,-41478167265.9704,46,"Rate-conserved"
"Pop01","Pop09",-0.0444988032281862,-41478167265.9704,46,"Rate-conserved"
"Pop02","Pop04",0.20562999726544,NA,46,"Rate-conserved"
"Pop02","Pop05",0.132446900276541,NA,46,"Rate-conserved"
"Pop02","Pop08",0.0828832735847137,-41478167265.9704,46,"Rate-conserved"
"Pop02","Pop09",-0.0444988032281862,-41478167265.9704,46,"Rate-conserved"
"Pop03","Pop04",0.20562999726544,NA,46,"Rate-conserved"
"Pop03","Pop05",0.132446900276541,NA,46,"Rate-conserved"
"Pop03","Pop08",0.0828832735847137,-41478167265.9704,46,"Rate-conserved"
"Pop03","Pop09",-0.0444988032281862,-41478167265.9704,46,"Rate-conserved"
"Pop04","Pop05",-0.137799409897685,0.00200330170922637,46,"Rate-conserved"
"Pop04","Pop06",-0.154763668998062,0.0145413166041622,46,"Rate-conserved"
"Pop04","Pop07",-0.271881563706945,0.147560869404363,46,"Rate-conserved"
"Pop05","Pop06",0.00695249896866842,0.00129656072538129,46,"Rate-conserved"
"Pop05","Pop07",0.0805973920396347,-0.00135898198455263,46,"Rate-conserved"
"Pop05","Pop09",-0.0628441171623368,0.00178458276820189,46,"Rate-conserved"
"Pop06","Pop07",-0.0550141685153034,-0.00431104160374099,46,"Rate-conserved"
"Pop06","Pop08",0.0135695207845442,0.0034631201117899,46,"Rate-conserved"
"Pop08","Pop09",-0.0301527232932016,0.000239464005641548,46,"Rate-conserved"
"Pop08","Pop10",-0.123651657602207,3.48370192539211e-05,46,"Rate-conserved"
"Pop08","Pop11",-0.106229822047002,5.77952020645182e-05,46,"Rate-conserved"
"Pop08","Pop12",-0.0921331155667849,4.08884394811034e-05,46,"Rate-conserved"
"Pop09","Pop11",-0.0892302307967973,0.000118952052552845,46,"Rate-conserved"
"Pop09","Pop12",-0.0677476437589605,4.39919504531845e-05,46,"Rate-conserved"
"Pop10","Pop11",-0.0289999675567267,2.70007917027743e-05,46,"Rate-conserved"
"Pop10","Pop12",0.0440124770066368,3.68892940406251e-06,46,"Rate-conserved"
"Pop10","Pop13",-0.0248252952384288,9.52591512852547e-06,46,"Rate-conserved"
"Pop10","Pop15",-0.0242794974334345,1.49731200483436e-05,46,"Rate-conserved"
"Pop10","Pop17",0.00739367375537633,0.000163447518840694,46,"Rate-conserved"
"Pop10","Pop22",-0.0898200804847248,1.30183382290742e-05,46,"Rate-conserved"
"Pop11","Pop12",0.0491727885678233,1.04230228524244e-05,46,"Rate-conserved"
"Pop11","Pop15",-0.0723755997144385,8.09501002819372e-06,46,"Rate-conserved"
"Pop11","Pop18",-0.0355897937709509,3.65302352751973e-05,46,"Rate-conserved"
"Pop12","Pop13",-0.0486119774417326,1.82720674080695e-05,46,"Rate-conserved"
"Pop12","Pop15",-0.0504636224619168,1.58702214663994e-05,46,"Rate-conserved"
"Pop12","Pop17",-0.0217996749049871,1.96788698484022e-05,46,"Rate-conserved"
"Pop12","Pop18",-0.0234084794816912,2.1068598094122e-05,46,"Rate-conserved"
"Pop12","Pop21",-0.0748798213943284,1.25274788349965e-05,46,"Rate-conserved"
"Pop13","Pop14",-0.0542340140541111,5.99240155353956e-07,46,"Rate-conserved"
"Pop13","Pop15",0.000772791449312832,-6.85885923099027e-06,46,"Rate-conserved"
"Pop13","Pop16",-0.0650128410212825,1.02525054828689e-05,46,"Rate-conserved"
"Pop13","Pop17",0.017343029720219,8.3860025869656e-06,46,"Rate-conserved"
"Pop13","Pop19",-0.0840748526210457,5.66686223359935e-06,46,"Rate-conserved"
"Pop14","Pop15",0.0582836838111515,-2.02405808989686e-05,46,"Rate-conserved"
"Pop14","Pop16",0.00916130175026136,2.41407084263681e-05,46,"Rate-conserved"
"Pop14","Pop18",0.104553271987444,3.85804816203221e-06,46,"Rate-conserved"
"Pop14","Pop21",0.0295981033713655,5.32967994965801e-06,46,"Rate-conserved"
"Pop14","Pop24",-0.123868115265282,2.15205418022682e-06,46,"Rate-conserved"
"Pop15","Pop17",0.0306625547291344,1.27118881234232e-05,46,"Rate-conserved"
"Pop15","Pop23",-0.0799879100623811,2.31852715888424e-06,46,"Rate-conserved"
"Pop16","Pop17",0.0878989953401502,1.27134943352117e-07,46,"Rate-conserved"
"Pop16","Pop18",0.0830101228200435,-8.81264114220951e-06,46,"Rate-conserved"
"Pop16","Pop21",0.0287760067957163,2.64383905917207e-06,46,"Rate-conserved"
"Pop16","Pop25",-0.161573591972837,2.09832066747559e-06,46,"Rate-conserved"
"Pop17","Pop18",-0.0171761053361445,-3.73971026173763e-06,46,"Rate-conserved"
"Pop17","Pop20",-0.0609402852578838,5.23831829188905e-06,46,"Rate-conserved"
"Pop17","Pop21",-0.0565826621907705,7.71289830947005e-06,46,"Rate-conserved"
"Pop17","Pop22",-0.0722752359761484,1.54602849878466e-06,46,"Rate-conserved"
"Pop18","Pop19",-0.0794289168908571,1.43498994291981e-05,46,"Rate-conserved"
"Pop18","Pop20",-0.0634472104251456,3.38044203712863e-05,46,"Rate-conserved"
"Pop18","Pop21",-0.0566688795535514,1.24074604826774e-05,46,"Rate-conserved"
"Pop19","Pop20",0.0130435015741749,4.18509764317834e-05,46,"Rate-conserved"
"Pop19","Pop22",0.0269453639251932,1.26754510904121e-05,46,"Rate-conserved"
"Pop19","Pop23",-0.0361303319045556,1.11107663059902e-05,46,"Rate-conserved"
"Pop19","Pop25",-0.177454709563916,1.00636668581683e-05,46,"Rate-conserved"
"Pop20","Pop21",0.00736279360068107,-2.45764289411676e-06,46,"Rate-conserved"
"Pop20","Pop22",-0.00651776178104124,1.51686201064106e-05,46,"Rate-conserved"
"Pop20","Pop23",-0.0863353664317642,2.53618948947175e-06,46,"Rate-conserved"
"Pop21","Pop22",-0.0177279759339718,4.28273640833192e-06,46,"Rate-conserved"
"Pop21","Pop23",-0.0664349806475666,2.34211035466003e-06,46,"Rate-conserved"
"Pop22","Pop23",-0.0503814330199657,-1.69506746339644e-06,46,"Rate-conserved"
"Pop22","Pop25",-0.201690349180939,-4.10692599315721e-07,46,"Rate-conserved"
"Pop23","Pop24",-0.224578687373848,1.52147523471345e-05,46,"Rate-conserved"
"Pop24","Pop25",0.0855511833405302,-3.50095025258937e-06,46,"Rate-conserved"
"Pop01","Pop02",0.065431080675886,0.377550935754522,47,"Isotropic"
"Pop01","Pop03",0.101873125324588,0.090766879292047,47,"Isotropic"
"Pop01","Pop06",0.138283008253551,0.0287774406385526,47,"Isotropic"
"Pop01","Pop19",0.0580858241420938,-0.00692523052588797,47,"Isotropic"
"Pop01","Pop25",0.0231089488886527,-0.00123888570505217,47,"Isotropic"
"Pop02","Pop03",0.00961133389650445,0.160585615029354,47,"Isotropic"
"Pop02","Pop04",0.0161676226160197,0.0268285138246906,47,"Isotropic"
"Pop02","Pop05",0.0332020402090973,0.0247791510022209,47,"Isotropic"
"Pop02","Pop06",0.0166503645375709,0.0346116037131647,47,"Isotropic"
"Pop02","Pop07",-0.000406997637250953,0.022254365281798,47,"Isotropic"
"Pop03","Pop04",0.0261969562255118,-0.0294891786488389,47,"Isotropic"
"Pop03","Pop05",0.0272370903388954,-0.080491205118039,47,"Isotropic"
"Pop03","Pop06",0.0418474659896951,-0.00317714414359429,47,"Isotropic"
"Pop03","Pop11",-0.00871826787913348,-0.0073518226952284,47,"Isotropic"
"Pop04","Pop05",-0.00346807045590294,0.0190211987883605,47,"Isotropic"
"Pop04","Pop07",0.0418351663597581,0.00268265085839913,47,"Isotropic"
"Pop04","Pop08",0.0687551393823483,0.0225150153126197,47,"Isotropic"
"Pop04","Pop11",0.0409165452640762,-0.000699605831531488,47,"Isotropic"
"Pop04","Pop12",0.0348237092359869,0.0171239951922782,47,"Isotropic"
"Pop04","Pop19",0.0137742823675325,-0.00753325485071215,47,"Isotropic"
"Pop05","Pop06",0.0312837255744806,0.0103152416724305,47,"Isotropic"
"Pop05","Pop07",0.00557655961255973,-0.0326961411644515,47,"Isotropic"
"Pop05","Pop08",0.0203959317974338,0.0114155604943713,47,"Isotropic"
"Pop05","Pop09",0.0177056634563733,-0.00856131368690926,47,"Isotropic"
"Pop06","Pop07",-0.00447477370020907,-0.0199503313876366,47,"Isotropic"
"Pop06","Pop08",-0.026568918140548,-0.0289613969261488,47,"Isotropic"
"Pop06","Pop09",-0.0837982826073146,0.0756175511897564,47,"Isotropic"
"Pop06","Pop10",-0.00303243850845561,-0.0102796269494306,47,"Isotropic"
"Pop06","Pop11",-0.0012421562608832,-0.00501883748472138,47,"Isotropic"
"Pop06","Pop13",-0.00193529067792066,0.00584399813266116,47,"Isotropic"
"Pop06","Pop25",-0.0541000334155453,-0.0153294023459714,47,"Isotropic"
"Pop07","Pop08",-0.030491262250352,0.113748180567352,47,"Isotropic"
"Pop07","Pop09",-0.035096828771629,0.0673807782176939,47,"Isotropic"
"Pop07","Pop10",-0.00666570234946783,0.0088078003111048,47,"Isotropic"
"Pop07","Pop11",0.00676959339460509,-0.00475190598560109,47,"Isotropic"
"Pop07","Pop12",-0.00385884233560091,0.0199644481910756,47,"Isotropic"
"Pop07","Pop19",0.00168259212148104,-0.00471133366937983,47,"Isotropic"
"Pop07","Pop21",0.0148894124851211,-0.00737292881624272,47,"Isotropic"
"Pop08","Pop09",-0.0511295316327556,0.150130180083789,47,"Isotropic"
"Pop08","Pop10",0.00671534754327846,-0.0480817175302181,47,"Isotropic"
"Pop08","Pop11",0.0111809133321989,-0.00887230496738545,47,"Isotropic"
"Pop08","Pop13",-0.028056940055771,0.00395754722395194,47,"Isotropic"
"Pop09","Pop10",0.0135968531859893,-0.0432576993562121,47,"Isotropic"
"Pop09","Pop11",0.00323260019553638,-0.0507282808901126,47,"Isotropic"
"Pop10","Pop11",0.0153455215958738,-0.0256119585853518,47,"Isotropic"
"Pop10","Pop12",-0.0113617486491881,0.0546126762500584,47,"Isotropic"
"Pop10","Pop13",-0.0107365709675737,0.00889237951010625,47,"Isotropic"
"Pop10","Pop14",-0.0173706132245948,0.00277708096111174,47,"Isotropic"
"Pop10","Pop15",-0.00362034941943603,-0.010044873472916,47,"Isotropic"
"Pop11","Pop12",-0.0240009741422196,0.0464651279695251,47,"Isotropic"
"Pop11","Pop13",-0.0181678363327886,0.00913808421629551,47,"Isotropic"
"Pop11","Pop15",0.000755975554733335,0.0059228438120398,47,"Isotropic"
"Pop11","Pop25",-0.0638089628793378,-0.00902950170693757,47,"Isotropic"
"Pop12","Pop13",0.000252645672202761,-0.0310271644241138,47,"Isotropic"
"Pop12","Pop14",-0.00222714958136763,-0.0227332287265243,47,"Isotropic"
"Pop12","Pop15",0.00679823187759049,-0.0226763702002844,47,"Isotropic"
"Pop12","Pop20",0.0523524429957172,-0.0251316360477177,47,"Isotropic"
"Pop12","Pop21",0.0207484710675814,-0.0351920580567745,47,"Isotropic"
"Pop13","Pop14",-0.00284906546346236,-0.107223128827514,47,"Isotropic"
"Pop13","Pop15",0.00350340771085864,-0.0690363309026586,47,"Isotropic"
"Pop13","Pop21",0.0183971406303806,-0.0559260289811121,47,"Isotropic"
"Pop13","Pop25",-0.0615983761420184,-0.0247755843018554,47,"Isotropic"
"Pop14","Pop15",0.00287249480309212,-0.0941965342650968,47,"Isotropic"
"Pop14","Pop16",-0.0271244947102591,0.0239965298732453,47,"Isotropic"
"Pop14","Pop19",0.0114427148294671,-0.0202193883274619,47,"Isotropic"
"Pop14","Pop21",0.0265999169174315,-0.0881652236070562,47,"Isotropic"
"Pop14","Pop23",0.0479800901258306,-0.00984584036681165,47,"Isotropic"
"Pop14","Pop25",-0.0591801447749641,-0.000320082829705807,47,"Isotropic"
"Pop15","Pop16",-0.0531279228903694,0.0586605584070219,47,"Isotropic"
"Pop15","Pop19",0.00199125317259308,-0.0211708665721297,47,"Isotropic"
"Pop15","Pop20",0.0407476043444596,-0.0419552961082299,47,"Isotropic"
"Pop15","Pop21",0.0177191890585658,-0.111496846428333,47,"Isotropic"
"Pop16","Pop17",0.0222026857882458,-0.102755560605831,47,"Isotropic"
"Pop16","Pop18",0.0850028685131759,-0.0185985595076032,47,"Isotropic"
"Pop16","Pop19",0.0532822630860148,-0.0254763070800143,47,"Isotropic"
"Pop16","Pop23",0.0625143805099665,-0.0514640939927658,47,"Isotropic"
"Pop17","Pop18",0.0468911605301067,-0.0577100662651313,47,"Isotropic"
"Pop17","Pop19",0.0486667084606306,-0.027711037751184,47,"Isotropic"
"Pop17","Pop20",0.0512002257360278,-0.120250830968628,47,"Isotropic"
"Pop17","Pop22",0.0538227312853587,-0.183097395194642,47,"Isotropic"
"Pop17","Pop23",0.0329337777285913,-0.0957271119305319,47,"Isotropic"
"Pop18","Pop19",0.058517458622771,0.00576479812700173,47,"Isotropic"
"Pop18","Pop20",0.017745809674447,-0.033719257973093,47,"Isotropic"
"Pop18","Pop21",0.0336341028813118,-0.101801761927752,47,"Isotropic"
"Pop18","Pop23",0.0205911371149803,-0.0190941894307267,47,"Isotropic"
"Pop18","Pop24",-0.0478495869043829,-0.0101185963717784,47,"Isotropic"
"Pop19","Pop20",-0.0248234677458332,-0.0780368727110099,47,"Isotropic"
"Pop19","Pop21",-0.00439832611016786,-0.0544016004254791,47,"Isotropic"
"Pop19","Pop23",-0.00560571414754846,-0.0190174339878297,47,"Isotropic"
"Pop19","Pop24",-0.0109021260764753,0.0124076689085246,47,"Isotropic"
"Pop19","Pop25",-0.0704246592764739,0.00765266110422242,47,"Isotropic"
"Pop20","Pop21",0.033937776188445,-0.0676624824916801,47,"Isotropic"
"Pop20","Pop22",-0.085688807704332,-0.0289647505162094,47,"Isotropic"
"Pop20","Pop23",0.0102222898205252,-0.0243583923292699,47,"Isotropic"
"Pop21","Pop22",-0.12643467925319,0.0334788016032033,47,"Isotropic"
"Pop21","Pop23",-0.0125907064731237,0.00659666797500301,47,"Isotropic"
"Pop21","Pop24",-0.0380224843778265,0.0127720662784491,47,"Isotropic"
"Pop21","Pop25",-0.0824252763631625,0.0178179564765305,47,"Isotropic"
"Pop22","Pop23",0.0852154803925433,-0.0177377500821743,47,"Isotropic"
"Pop22","Pop24",-0.0443604698369705,0.0174498047974478,47,"Isotropic"
"Pop23","Pop24",-0.0739983861366467,0.144599317751442,47,"Isotropic"
"Pop24","Pop25",0.0121044975073442,0.0313240284269126,47,"Isotropic"
"Pop01","Pop10",0.178831334323363,NA,47,"Flux-conserved"
"Pop01","Pop20",0.168388575743179,-55819083230.5239,47,"Flux-conserved"
"Pop01","Pop21",0.100956512546256,NA,47,"Flux-conserved"
"Pop01","Pop22",0.0432364701974303,NA,47,"Flux-conserved"
"Pop01","Pop23",0.0859320356349156,NA,47,"Flux-conserved"
"Pop01","Pop25",0.0146046282506668,-13919796444.7046,47,"Flux-conserved"
"Pop02","Pop10",0.178831334323363,NA,47,"Flux-conserved"
"Pop02","Pop20",0.168388575743179,-55819083230.5239,47,"Flux-conserved"
"Pop02","Pop21",0.100956512546256,NA,47,"Flux-conserved"
"Pop02","Pop22",0.0432364701974303,NA,47,"Flux-conserved"
"Pop02","Pop23",0.0859320356349156,NA,47,"Flux-conserved"
"Pop02","Pop25",0.0146046282506668,-13919796444.7046,47,"Flux-conserved"
"Pop03","Pop10",0.178831334323363,NA,47,"Flux-conserved"
"Pop03","Pop20",0.168388575743179,-55819083230.5239,47,"Flux-conserved"
"Pop03","Pop21",0.100956512546256,NA,47,"Flux-conserved"
"Pop03","Pop22",0.0432364701974303,NA,47,"Flux-conserved"
"Pop03","Pop23",0.0859320356349156,NA,47,"Flux-conserved"
"Pop03","Pop25",0.0146046282506668,-13919796444.7046,47,"Flux-conserved"
"Pop04","Pop10",0.178831334323363,NA,47,"Flux-conserved"
"Pop04","Pop20",0.168388575743179,-55819083230.5239,47,"Flux-conserved"
"Pop04","Pop21",0.100956512546256,NA,47,"Flux-conserved"
"Pop04","Pop22",0.0432364701974303,NA,47,"Flux-conserved"
"Pop04","Pop23",0.0859320356349156,NA,47,"Flux-conserved"
"Pop04","Pop25",0.0146046282506668,-13919796444.7046,47,"Flux-conserved"
"Pop05","Pop10",0.178831334323363,NA,47,"Flux-conserved"
"Pop05","Pop20",0.168388575743179,-55819083230.5239,47,"Flux-conserved"
"Pop05","Pop21",0.100956512546256,NA,47,"Flux-conserved"
"Pop05","Pop22",0.0432364701974303,NA,47,"Flux-conserved"
"Pop05","Pop23",0.0859320356349156,NA,47,"Flux-conserved"
"Pop05","Pop25",0.0146046282506668,-13919796444.7046,47,"Flux-conserved"
"Pop06","Pop10",0.178831334323363,NA,47,"Flux-conserved"
"Pop06","Pop20",0.168388575743179,-55819083230.5239,47,"Flux-conserved"
"Pop06","Pop21",0.100956512546256,NA,47,"Flux-conserved"
"Pop06","Pop22",0.0432364701974303,NA,47,"Flux-conserved"
"Pop06","Pop23",0.0859320356349156,NA,47,"Flux-conserved"
"Pop06","Pop25",0.0146046282506668,-13919796444.7046,47,"Flux-conserved"
"Pop07","Pop10",0.178831334323363,NA,47,"Flux-conserved"
"Pop07","Pop20",0.168388575743179,-55819083230.5239,47,"Flux-conserved"
"Pop07","Pop21",0.100956512546256,NA,47,"Flux-conserved"
"Pop07","Pop22",0.0432364701974303,NA,47,"Flux-conserved"
"Pop07","Pop23",0.0859320356349156,NA,47,"Flux-conserved"
"Pop07","Pop25",0.0146046282506668,-13919796444.7046,47,"Flux-conserved"
"Pop08","Pop10",0.178831334323363,NA,47,"Flux-conserved"
"Pop08","Pop20",0.168388575743179,-55819083230.5239,47,"Flux-conserved"
"Pop08","Pop21",0.100956512546256,NA,47,"Flux-conserved"
"Pop08","Pop22",0.0432364701974303,NA,47,"Flux-conserved"
"Pop08","Pop23",0.0859320356349156,NA,47,"Flux-conserved"
"Pop08","Pop25",0.0146046282506668,-13919796444.7046,47,"Flux-conserved"
"Pop09","Pop10",0.178831334323363,NA,47,"Flux-conserved"
"Pop09","Pop20",0.168388575743179,-55819083230.5239,47,"Flux-conserved"
"Pop09","Pop21",0.100956512546256,NA,47,"Flux-conserved"
"Pop09","Pop22",0.0432364701974303,NA,47,"Flux-conserved"
"Pop09","Pop23",0.0859320356349156,NA,47,"Flux-conserved"
"Pop09","Pop25",0.0146046282506668,-13919796444.7046,47,"Flux-conserved"
"Pop10","Pop17",-0.240581837163248,0.00107301506618699,47,"Flux-conserved"
"Pop11","Pop13",-0.0405744589058685,-0.00255304314664073,47,"Flux-conserved"
"Pop11","Pop15",-0.184494106938812,0.00019198151718524,47,"Flux-conserved"
"Pop12","Pop15",-0.10616410214657,7.44056503450621e-05,47,"Flux-conserved"
"Pop12","Pop19",0.00942230677814071,-0.000220990717439577,47,"Flux-conserved"
"Pop12","Pop20",-0.0209150223583262,0.0085456439405157,47,"Flux-conserved"
"Pop13","Pop16",-0.28296580316236,-0.000306558378667167,47,"Flux-conserved"
"Pop14","Pop18",0.0747697652881527,-0.00174787106522793,47,"Flux-conserved"
"Pop14","Pop19",-0.0280391857082821,0.00139899935810989,47,"Flux-conserved"
"Pop16","Pop17",-0.0622181300855831,-0.000889530822560923,47,"Flux-conserved"
"Pop18","Pop20",0.260364241835712,0.00755745995649608,47,"Flux-conserved"
"Pop18","Pop21",0.0175323999584357,0.000538176389429455,47,"Flux-conserved"
"Pop18","Pop23",-0.011088363571354,9.98736615908386e-06,47,"Flux-conserved"
"Pop19","Pop20",-0.0132511421405362,0.111021876009687,47,"Flux-conserved"
"Pop20","Pop21",-0.0329491759221778,0.000169016641263856,47,"Flux-conserved"
"Pop20","Pop23",-0.0251373427883602,-0.000234659307474464,47,"Flux-conserved"
"Pop20","Pop24",-0.171292084359857,-1.05430734601408e-05,47,"Flux-conserved"
"Pop21","Pop22",-0.00683874660176131,7.35073589497223e-05,47,"Flux-conserved"
"Pop21","Pop23",0.00981557747415281,-0.000270576278963506,47,"Flux-conserved"
"Pop22","Pop23",0.0237595793530932,-0.000698991128372189,47,"Flux-conserved"
"Pop22","Pop24",-0.0960238502936701,0.000285571663209084,47,"Flux-conserved"
"Pop22","Pop25",-0.0162404657846021,0.000254180144121194,47,"Flux-conserved"
"Pop23","Pop24",-0.242456216544361,0.00198734934733249,47,"Flux-conserved"
"Pop23","Pop25",-0.037601709177556,0.000494247475826761,47,"Flux-conserved"
"Pop24","Pop25",0.122021797943774,0.000666289867467472,47,"Flux-conserved"
"Pop01","Pop02",0.147214464760069,-0.0131749180587238,47,"Rate-conserved"
"Pop01","Pop03",-0.0630676129136764,-0.00205819811141201,47,"Rate-conserved"
"Pop01","Pop04",0.0719452789887232,0.0358385204045008,47,"Rate-conserved"
"Pop01","Pop06",-0.0647365757704588,-0.00279207271608377,47,"Rate-conserved"
"Pop02","Pop03",-0.12308239982872,0.00279831423923697,47,"Rate-conserved"
"Pop02","Pop04",-0.0524183949024682,0.0122981971218425,47,"Rate-conserved"
"Pop02","Pop05",-0.126176288325945,0.0158678281798004,47,"Rate-conserved"
"Pop02","Pop06",-0.0492425429471718,-0.00167312902039647,47,"Rate-conserved"
"Pop02","Pop07",-0.090293879272958,0.000715320766974564,47,"Rate-conserved"
"Pop02","Pop12",-0.089783423820851,0.00735777133971965,47,"Rate-conserved"
"Pop03","Pop05",0.0200078896230728,0.0141084038869207,47,"Rate-conserved"
"Pop03","Pop10",-0.096698646413689,0.0127919605256307,47,"Rate-conserved"
"Pop04","Pop05",-0.0558190889923991,-0.00175943788523739,47,"Rate-conserved"
"Pop04","Pop06",-0.0634772472234103,-0.00347896146750957,47,"Rate-conserved"
"Pop04","Pop07",-0.0612812003087058,-0.000971683352377955,47,"Rate-conserved"
"Pop05","Pop06",-0.0884861884726485,-0.00106805591032894,47,"Rate-conserved"
"Pop06","Pop07",-0.080852091654734,0.038350927434583,47,"Rate-conserved"
"Pop06","Pop08",-0.0997752606601135,0.060769558871555,47,"Rate-conserved"
"Pop06","Pop11",-0.0272818759171947,0.00310360918645454,47,"Rate-conserved"
"Pop06","Pop12",-0.0121352720354876,0.00143938874923676,47,"Rate-conserved"
"Pop06","Pop14",-0.0620462647601345,0.0011323311267285,47,"Rate-conserved"
"Pop06","Pop15",-0.0393199138920606,0.000232093599244317,47,"Rate-conserved"
"Pop06","Pop25",-0.0914048249843577,0.000127793472597017,47,"Rate-conserved"
"Pop07","Pop08",-0.0163142748501635,0.0269312027462967,47,"Rate-conserved"
"Pop07","Pop11",0.00943937290005331,0.00286543048427953,47,"Rate-conserved"
"Pop07","Pop24",-0.0892271880767554,0.000321187741595736,47,"Rate-conserved"
"Pop08","Pop09",-0.00300609387017287,0.000946686504392177,47,"Rate-conserved"
"Pop08","Pop10",0.0450781953059978,0.000744979446233068,47,"Rate-conserved"
"Pop08","Pop12",0.0393953024639758,0.000442175953090989,47,"Rate-conserved"
"Pop08","Pop21",-0.0510660775109305,8.91892185740158e-05,47,"Rate-conserved"
"Pop09","Pop10",-0.0133757416771399,-0.0013460157272383,47,"Rate-conserved"
"Pop09","Pop11",0.0490942983365683,8.89436603759041e-05,47,"Rate-conserved"
"Pop09","Pop12",0.0732745630804442,0.000733821390063867,47,"Rate-conserved"
"Pop09","Pop15",0.00202064885940532,0.00023007001340434,47,"Rate-conserved"
"Pop09","Pop18",-0.033504183573208,3.7406734452046e-05,47,"Rate-conserved"
"Pop09","Pop24",-0.0836468279318954,2.95725940005923e-05,47,"Rate-conserved"
"Pop10","Pop11",0.049235562551809,0.000636229047713111,47,"Rate-conserved"
"Pop10","Pop12",0.082348901237877,0.000963866374387599,47,"Rate-conserved"
"Pop10","Pop13",-0.0557417602241612,0.000520039330370667,47,"Rate-conserved"
"Pop11","Pop12",0.0251105188911042,0.000564651441588575,47,"Rate-conserved"
"Pop11","Pop13",-0.00348161923553915,0.000276500497363532,47,"Rate-conserved"
"Pop11","Pop17",-0.0394094084576966,6.09368052624783e-05,47,"Rate-conserved"
"Pop11","Pop21",-0.0516106685760552,5.93767594208301e-05,47,"Rate-conserved"
"Pop11","Pop22",-0.0439424613685369,0.000180829156342289,47,"Rate-conserved"
"Pop12","Pop13",-0.0150284899914783,0.000194777891619734,47,"Rate-conserved"
"Pop12","Pop14",-0.0526208436851465,0.000232339185697986,47,"Rate-conserved"
"Pop12","Pop15",-0.0280813955753844,0.000215403753627533,47,"Rate-conserved"
"Pop12","Pop21",-0.051574647510696,3.66201160035971e-05,47,"Rate-conserved"
"Pop12","Pop23",-0.074283488294978,3.63207200438252e-05,47,"Rate-conserved"
"Pop13","Pop14",-0.0378390933418482,-4.67789083311416e-05,47,"Rate-conserved"
"Pop13","Pop15",-0.0151193915815281,6.60205274946577e-06,47,"Rate-conserved"
"Pop13","Pop17",-0.0311715861177884,1.16200459039534e-05,47,"Rate-conserved"
"Pop13","Pop18",-0.0153980063116125,-3.5792060588038e-06,47,"Rate-conserved"
"Pop13","Pop21",-0.0194541101536361,3.01433214202924e-05,47,"Rate-conserved"
"Pop13","Pop22",-0.0148561188072448,6.28402040070263e-05,47,"Rate-conserved"
"Pop13","Pop23",-0.0437845864226567,3.33179007904926e-05,47,"Rate-conserved"
"Pop13","Pop24",-0.05820038253362,1.04853885540245e-05,47,"Rate-conserved"
"Pop13","Pop25",-0.0737454707309872,8.69591828847993e-06,47,"Rate-conserved"
"Pop14","Pop15",0.0205550012964181,-0.000108624221607244,47,"Rate-conserved"
"Pop14","Pop16",-0.0451312821333028,1.44965177693069e-05,47,"Rate-conserved"
"Pop14","Pop17",-0.000599090775384836,7.74306795980392e-06,47,"Rate-conserved"
"Pop14","Pop18",0.000451349418209512,1.23903839390537e-07,47,"Rate-conserved"
"Pop14","Pop19",0.00250623089117796,-2.36640494686247e-05,47,"Rate-conserved"
"Pop14","Pop20",-0.0189264916747108,-1.25934532283556e-05,47,"Rate-conserved"
"Pop15","Pop16",-0.0698302124395385,0.000174817554456618,47,"Rate-conserved"
"Pop15","Pop17",-0.0479191125144166,0.000133257526058289,47,"Rate-conserved"
"Pop15","Pop18",-0.0195919168165455,1.00335464879973e-05,47,"Rate-conserved"
"Pop15","Pop20",-0.0424180678615281,-3.1858640985948e-05,47,"Rate-conserved"
"Pop15","Pop21",-0.0261939041351238,-4.92569989941612e-06,47,"Rate-conserved"
"Pop16","Pop17",0.015663687595171,0.000109149403912282,47,"Rate-conserved"
"Pop16","Pop18",0.0270645260703336,3.96129432298955e-06,47,"Rate-conserved"
"Pop16","Pop21",0.00297326528408064,4.23277478168132e-06,47,"Rate-conserved"
"Pop16","Pop22",0.0257158149905543,8.05973310509367e-05,47,"Rate-conserved"
"Pop16","Pop24",-0.0362281553065389,1.75146247801154e-05,47,"Rate-conserved"
"Pop17","Pop18",0.00882898923688596,-1.59833353218121e-07,47,"Rate-conserved"
"Pop17","Pop22",-0.0105490569268318,0.000102639889296767,47,"Rate-conserved"
"Pop18","Pop19",-0.0770373777978808,-6.88579615366529e-05,47,"Rate-conserved"
"Pop18","Pop20",-0.118779058530425,-8.11143866883629e-05,47,"Rate-conserved"
"Pop18","Pop21",0.00329959407572319,-9.11893413696336e-06,47,"Rate-conserved"
"Pop18","Pop25",-0.043088451605988,-2.41379335202974e-05,47,"Rate-conserved"
"Pop19","Pop20",-0.052976031381177,-3.01174562345828e-05,47,"Rate-conserved"
"Pop19","Pop21",0.0806687142176756,6.6099082385689e-05,47,"Rate-conserved"
"Pop19","Pop22",0.0498879727889727,0.000142315634444298,47,"Rate-conserved"
"Pop19","Pop23",-0.0220006903109312,3.30543838701796e-05,47,"Rate-conserved"
"Pop20","Pop21",0.148000376641689,0.000252831692341661,47,"Rate-conserved"
"Pop21","Pop22",-0.00667613982599956,0.000190589999645527,47,"Rate-conserved"
"Pop21","Pop23",-0.0281406344045709,-3.02629147066115e-05,47,"Rate-conserved"
"Pop22","Pop23",-0.0495860621658823,-0.000104621706806817,47,"Rate-conserved"
"Pop22","Pop24",-0.0613824638134129,-4.52362658822943e-05,47,"Rate-conserved"
"Pop22","Pop25",-0.0841285090247055,-0.000288343632635233,47,"Rate-conserved"
"Pop23","Pop24",-0.00869535401237567,-1.14827024013102e-06,47,"Rate-conserved"
"Pop23","Pop25",-0.0371010104708563,3.52994237248553e-05,47,"Rate-conserved"
"Pop24","Pop25",-0.0300193700158646,-2.31799993045576e-05,47,"Rate-conserved"
"Pop01","Pop02",0.00498997781924154,0.171598275134459,48,"Isotropic"
"Pop01","Pop03",0.000957747494230304,0.226526157166569,48,"Isotropic"
"Pop01","Pop04",-0.0105513771534601,0.146486114019044,48,"Isotropic"
"Pop01","Pop05",0.00875760007511056,0.0397059840365815,48,"Isotropic"
"Pop01","Pop07",-0.0116814071803093,0.0408620676797417,48,"Isotropic"
"Pop01","Pop09",0.00181934350355459,0.0788059353518798,48,"Isotropic"
"Pop01","Pop10",0.0368296188458984,0.0906872220547659,48,"Isotropic"
"Pop01","Pop11",-0.0172513185385047,0.0712276747348757,48,"Isotropic"
"Pop01","Pop12",-0.0146588411987972,0.070967355056441,48,"Isotropic"
"Pop02","Pop03",-0.00420869213940392,0.0304263168939958,48,"Isotropic"
"Pop02","Pop04",-0.0181070123805022,-0.0924823052847578,48,"Isotropic"
"Pop02","Pop06",-0.00290691829672043,0.0195152530812149,48,"Isotropic"
"Pop02","Pop07",-0.0154286504474336,0.0151381489121513,48,"Isotropic"
"Pop02","Pop08",0.00836715391390971,0.0341494680772992,48,"Isotropic"
"Pop02","Pop09",-0.00215594865824278,0.0103504481443995,48,"Isotropic"
"Pop02","Pop10",0.0346855626271075,-0.0258631214689595,48,"Isotropic"
"Pop02","Pop17",-0.0250594712076519,0.0124217127130982,48,"Isotropic"
"Pop03","Pop04",-0.0165141293267346,-0.00872847937702093,48,"Isotropic"
"Pop03","Pop05",0.00569743093254232,0.0463868744182628,48,"Isotropic"
"Pop03","Pop06",0.000202527590969601,0.0244077201747807,48,"Isotropic"
"Pop03","Pop09",-0.00272205862334697,0.0235844113358134,48,"Isotropic"
"Pop03","Pop10",0.0294054549456492,0.018365108888271,48,"Isotropic"
"Pop03","Pop11",-0.0210447066225162,0.0306121543637449,48,"Isotropic"
"Pop03","Pop12",-0.0185103648181944,0.0570156566630089,48,"Isotropic"
"Pop04","Pop05",0.0101717634092828,0.110258204071297,48,"Isotropic"
"Pop04","Pop08",0.00151240282355128,0.0226203614105842,48,"Isotropic"
"Pop04","Pop10",0.0350318151442864,0.0231988274431045,48,"Isotropic"
"Pop04","Pop11",-0.0339640687817402,0.0183131362113804,48,"Isotropic"
"Pop04","Pop12",-0.0304494940922694,0.0568152917817017,48,"Isotropic"
"Pop05","Pop06",-0.00339035641023336,-0.0294892107767634,48,"Isotropic"
"Pop05","Pop07",-0.0128439544910913,0.0178937576263469,48,"Isotropic"
"Pop05","Pop08",0.00611792829690409,0.0103711664485099,48,"Isotropic"
"Pop05","Pop09",-0.00614030306564443,-0.00687307538810984,48,"Isotropic"
"Pop05","Pop10",0.0270915453872955,-0.0650418416596713,48,"Isotropic"
"Pop05","Pop14",-0.0174264969491999,0.025417417830413,48,"Isotropic"
"Pop06","Pop07",-0.00222822032325093,0.0727483625901266,48,"Isotropic"
"Pop06","Pop08",0.0139602132093937,0.055887345936731,48,"Isotropic"
"Pop06","Pop09",0.000219087741775356,0.00282077826710066,48,"Isotropic"
"Pop06","Pop10",0.0401124793821098,-0.146522454781987,48,"Isotropic"
"Pop06","Pop13",-0.0120413894491092,0.0124982476035082,48,"Isotropic"
"Pop06","Pop15",0.000881784352641704,0.0149906028394907,48,"Isotropic"
"Pop07","Pop08",0.0207535277801035,0.00455813272037427,48,"Isotropic"
"Pop07","Pop10",0.0502043639219005,-0.242129781674833,48,"Isotropic"
"Pop07","Pop12",-0.00217761645605949,-0.0257392492797146,48,"Isotropic"
"Pop07","Pop20",0.00166452957927891,-0.00693712083587282,48,"Isotropic"
"Pop07","Pop25",0.00283281458900121,-0.0242581401740978,48,"Isotropic"
"Pop08","Pop09",0.0153015793886006,-0.0189893487580792,48,"Isotropic"
"Pop08","Pop10",0.0319542491706537,-0.0292365824638417,48,"Isotropic"
"Pop08","Pop11",-0.0285408948451678,-0.00320382081237776,48,"Isotropic"
"Pop08","Pop12",-0.0269372273419959,-0.0304653791021684,48,"Isotropic"
"Pop08","Pop13",-0.0215127235647803,-0.0164413686505216,48,"Isotropic"
"Pop09","Pop10",0.0150749663180502,-0.0374451735888208,48,"Isotropic"
"Pop09","Pop11",-0.0415655082401631,0.0283016143803963,48,"Isotropic"
"Pop09","Pop12",-0.025088754700952,-0.0137117029773404,48,"Isotropic"
"Pop09","Pop13",-0.00838785500775314,0.00758164119664633,48,"Isotropic"
"Pop09","Pop15",0.0194959135614825,-0.000499552360563347,48,"Isotropic"
"Pop09","Pop17",-0.00613461924022126,0.00146005840263791,48,"Isotropic"
"Pop09","Pop19",0.0138363533360748,-0.00705500628400212,48,"Isotropic"
"Pop09","Pop22",0.0266625129774886,-0.00740696292469343,48,"Isotropic"
"Pop10","Pop11",-0.0579385503336226,0.0371976689740712,48,"Isotropic"
"Pop10","Pop12",-0.0549799735523179,0.0281809582012159,48,"Isotropic"
"Pop10","Pop13",-0.0491008333930671,0.0937240940978634,48,"Isotropic"
"Pop10","Pop14",-0.0549518297421367,0.0930063656625432,48,"Isotropic"
"Pop10","Pop17",-0.0352852950151487,0.0089272678465464,48,"Isotropic"
"Pop11","Pop12",0.000848010128468579,-0.0238917282141997,48,"Isotropic"
"Pop11","Pop13",0.00485969265983707,0.0187809379541172,48,"Isotropic"
"Pop11","Pop17",-0.0057119725159589,-0.00342241978892315,48,"Isotropic"
"Pop12","Pop13",0.00195188778009986,0.0490605114798009,48,"Isotropic"
"Pop13","Pop14",-0.0182016506457107,-0.00435740195993176,48,"Isotropic"
"Pop13","Pop17",-0.0117704803057542,-0.0032116816132854,48,"Isotropic"
"Pop13","Pop20",-0.0020816923403848,-0.0191222185520362,48,"Isotropic"
"Pop14","Pop15",0.0214805327730708,-0.0264289630691529,48,"Isotropic"
"Pop14","Pop16",-0.00221891145233297,-6.62894930246807e-05,48,"Isotropic"
"Pop14","Pop17",-0.00512406402691531,0.000771742747305841,48,"Isotropic"
"Pop14","Pop20",-2.96860098005225e-05,-0.0407065541362537,48,"Isotropic"
"Pop14","Pop25",-0.0126825616933051,-0.0766579095891767,48,"Isotropic"
"Pop15","Pop16",-0.0403922117522743,0.130172842632986,48,"Isotropic"
"Pop15","Pop20",-0.010082527708175,-0.0413405452033079,48,"Isotropic"
"Pop15","Pop22",0.0112982181190884,-0.0805794931752482,48,"Isotropic"
"Pop15","Pop23",-0.0142773916205521,-0.196429925722912,48,"Isotropic"
"Pop15","Pop24",-0.0441817572926984,-0.217480983896481,48,"Isotropic"
"Pop15","Pop25",-0.032550766005498,-0.0996350915385706,48,"Isotropic"
"Pop16","Pop17",0.0418715078563792,-0.0701498057820518,48,"Isotropic"
"Pop16","Pop18",-0.0659819534648082,-0.1256557802422,48,"Isotropic"
"Pop16","Pop21",-0.0407968907846803,-0.0605849549228351,48,"Isotropic"
"Pop16","Pop23",0.0238279037854155,-0.112413530179521,48,"Isotropic"
"Pop16","Pop24",-0.0277696846029566,-0.145630325661545,48,"Isotropic"
"Pop17","Pop18",-0.161834388474615,-0.217463640566901,48,"Isotropic"
"Pop17","Pop19",-0.0497998341571059,-0.0972780644311218,48,"Isotropic"
"Pop17","Pop22",0.0230566312742197,-0.0879277934005703,48,"Isotropic"
"Pop18","Pop19",0.0605268125106833,0.0779135682552854,48,"Isotropic"
"Pop18","Pop22",0.0734711840276397,0.0172434502390858,48,"Isotropic"
"Pop19","Pop20",0.0567032675168033,-0.0111047988610335,48,"Isotropic"
"Pop19","Pop21",-0.0126825141004696,-0.038053303702131,48,"Isotropic"
"Pop19","Pop22",0.0737954026946359,0.147112611109589,48,"Isotropic"
"Pop20","Pop21",-0.0685863687193377,-0.0316413896427777,48,"Isotropic"
"Pop20","Pop22",0.0192874924211885,0.110910991044182,48,"Isotropic"
"Pop20","Pop23",0.0110533854954828,0.00880745302985306,48,"Isotropic"
"Pop20","Pop24",-0.0124585522021308,-0.0562812855410796,48,"Isotropic"
"Pop21","Pop22",0.0885959192859426,0.205929793077361,48,"Isotropic"
"Pop21","Pop24",0.0170393453513483,-0.0344255421219784,48,"Isotropic"
"Pop21","Pop25",0.0216218343625621,-0.031065902427824,48,"Isotropic"
"Pop22","Pop23",-0.0618655687891838,-0.155698105803087,48,"Isotropic"
"Pop22","Pop25",-0.050364476567693,-0.102198017870994,48,"Isotropic"
"Pop23","Pop24",-0.0305545341841199,-0.141733534563638,48,"Isotropic"
"Pop23","Pop25",-0.00758015266910758,-0.0640116157317251,48,"Isotropic"
"Pop24","Pop25",0.0372176199202759,0.200417889952635,48,"Isotropic"
"Pop01","Pop08",0.5,NA,48,"Flux-conserved"
"Pop02","Pop05",-0.0496891471145893,0.280209406287774,48,"Flux-conserved"
"Pop02","Pop08",-3.33066907387547e-16,-0.499979747188906,48,"Flux-conserved"
"Pop03","Pop04",0.229943834848811,-0.0060394876982527,48,"Flux-conserved"
"Pop03","Pop11",0.229943834848811,-0.0060394876982527,48,"Flux-conserved"
"Pop03","Pop12",-0.0276840710313445,0.00340876580160216,48,"Flux-conserved"
"Pop04","Pop05",0.102523146835989,-0.0285449407857216,48,"Flux-conserved"
"Pop04","Pop11",1.11022302462516e-16,NA,48,"Flux-conserved"
"Pop05","Pop11",-0.102523146835988,0.0285449407857216,48,"Flux-conserved"
"Pop06","Pop07",0.050510162792516,0.00205870673313302,48,"Flux-conserved"
"Pop06","Pop12",-0.0308088720002103,-0.00377695176263454,48,"Flux-conserved"
"Pop07","Pop10",-0.158311103419122,0.00285833307333056,48,"Flux-conserved"
"Pop09","Pop10",0.393250004738135,-0.000374287350833756,48,"Flux-conserved"
"Pop09","Pop14",0.148299971188493,0.000113848758099579,48,"Flux-conserved"
"Pop13","Pop14",0.0940036955431107,1.63272137129154e-05,48,"Flux-conserved"
"Pop13","Pop16",0.132290116267819,0.00756863466562093,48,"Flux-conserved"
"Pop13","Pop17",-0.0712741459069755,0.00240560633708954,48,"Flux-conserved"
"Pop13","Pop18",0.0203922997108612,0.000478410692682443,48,"Flux-conserved"
"Pop14","Pop15",-0.055750322384611,0.000696600251986296,48,"Flux-conserved"
"Pop14","Pop16",0.0179170669669053,0.000434616189483292,48,"Flux-conserved"
"Pop14","Pop18",-0.0617692125150122,0.000130942140822358,48,"Flux-conserved"
"Pop15","Pop16",0.0363463219783964,8.60880197530864e-05,48,"Flux-conserved"
"Pop15","Pop18",0.0698733801317798,0.000218071892548335,48,"Flux-conserved"
"Pop15","Pop20",-0.047877630715839,1.13266370815604e-05,48,"Flux-conserved"
"Pop15","Pop21",0.0303910263230299,1.96504221406151e-05,48,"Flux-conserved"
"Pop15","Pop25",-0.0490283125846143,2.47199975967147e-05,48,"Flux-conserved"
"Pop16","Pop17",-0.0765428617468397,0.000221867874341548,48,"Flux-conserved"
"Pop16","Pop18",-0.00728863239434199,0.000112100279926561,48,"Flux-conserved"
"Pop16","Pop21",-0.0807281770202277,2.26865988073269e-05,48,"Flux-conserved"
"Pop17","Pop18",0.0484370212204066,3.20786458559021e-06,48,"Flux-conserved"
"Pop17","Pop19",-0.0356643618610093,1.52573758796089e-05,48,"Flux-conserved"
"Pop17","Pop21",0.00968189822773735,7.5861560184918e-06,48,"Flux-conserved"
"Pop17","Pop25",-0.0773131905004057,5.78831429334019e-06,48,"Flux-conserved"
"Pop18","Pop19",-0.105813885148217,1.35661455769807e-05,48,"Flux-conserved"
"Pop18","Pop21",-0.0456112581565288,1.33593234850004e-05,48,"Flux-conserved"
"Pop19","Pop20",-0.0203878633689834,-4.98938626750361e-05,48,"Flux-conserved"
"Pop19","Pop21",0.0555224540105125,-2.65391106809725e-05,48,"Flux-conserved"
"Pop19","Pop23",-0.225638736559733,2.06546021405665e-05,48,"Flux-conserved"
"Pop19","Pop25",-0.0171846032133486,1.50164406278241e-05,48,"Flux-conserved"
"Pop20","Pop21",0.0717790097101258,-2.17590558118399e-05,48,"Flux-conserved"
"Pop20","Pop22",-0.071061820856824,-8.48233599485796e-07,48,"Flux-conserved"
"Pop20","Pop23",-0.175198380004988,1.08574899868785e-05,48,"Flux-conserved"
"Pop20","Pop25",0.000924947335853299,-2.22149842235798e-06,48,"Flux-conserved"
"Pop21","Pop22",-0.148150309702869,1.50607488799927e-05,48,"Flux-conserved"
"Pop21","Pop25",-0.065596113138601,-2.10336734268917e-06,48,"Flux-conserved"
"Pop22","Pop24",-0.0830396544323435,1.1605164141643e-05,48,"Flux-conserved"
"Pop22","Pop25",0.103876911141804,2.15154895943421e-06,48,"Flux-conserved"
"Pop23","Pop24",0.0645420163049229,-1.69327758701726e-05,48,"Flux-conserved"
"Pop24","Pop25",0.1759436181143,-2.03674548663765e-05,48,"Flux-conserved"
"Pop01","Pop03",-0.10458603842369,0.00141548060845955,48,"Rate-conserved"
"Pop01","Pop04",0.039773810032438,-0.00814321847429123,48,"Rate-conserved"
"Pop01","Pop05",-0.0965550312968948,0.982929663140767,48,"Rate-conserved"
"Pop02","Pop04",0.163535531967511,0.000507643495454622,48,"Rate-conserved"
"Pop02","Pop05",0.110951327942455,0.000572625854424528,48,"Rate-conserved"
"Pop02","Pop06",0.017591401516347,0.00594827612023182,48,"Rate-conserved"
"Pop02","Pop07",0.0664405215102837,0.00052406868228969,48,"Rate-conserved"
"Pop02","Pop09",-0.0393898586162722,0.000983411142401705,48,"Rate-conserved"
"Pop02","Pop10",-0.0194990111985673,0.00145393940463502,48,"Rate-conserved"
"Pop02","Pop11",-0.0402452423102,0.00275224622266383,48,"Rate-conserved"
"Pop02","Pop14",-0.0622766766313918,0.00805501957520564,48,"Rate-conserved"
"Pop03","Pop05",0.170848522010812,0.0224221789086267,48,"Rate-conserved"
"Pop03","Pop06",-0.0749895733478139,0.000739614124786855,48,"Rate-conserved"
"Pop03","Pop07",-0.0700662435945593,0.019768348028075,48,"Rate-conserved"
"Pop04","Pop05",0.230455635051118,NA,48,"Rate-conserved"
"Pop05","Pop06",-0.108159709985293,0.000373422998155099,48,"Rate-conserved"
"Pop05","Pop07",-0.132993110857479,0.000853719156867962,48,"Rate-conserved"
"Pop05","Pop08",-0.192245947128697,0.00531922341560306,48,"Rate-conserved"
"Pop06","Pop07",-0.0384945291656585,0.000298051786077735,48,"Rate-conserved"
"Pop06","Pop08",-0.0966366849132833,0.000304350266539563,48,"Rate-conserved"
"Pop06","Pop09",-0.0986476359075175,2.97079634881474e-05,48,"Rate-conserved"
"Pop06","Pop10",-0.0971048609015062,9.89016631977398e-05,48,"Rate-conserved"
"Pop07","Pop08",-0.0207940318669175,0.000168200677681064,48,"Rate-conserved"
"Pop08","Pop12",-0.0410675467438366,9.32807439047804e-05,48,"Rate-conserved"
"Pop08","Pop13",-0.0159128986989846,1.74126444196273e-05,48,"Rate-conserved"
"Pop09","Pop10",-0.0337869001701229,0.00188168111242405,48,"Rate-conserved"
"Pop09","Pop11",0.0264360861438099,0.000435491681471305,48,"Rate-conserved"
"Pop09","Pop12",0.0182262667287863,4.94543472671293e-05,48,"Rate-conserved"
"Pop09","Pop13",0.0376698553523174,6.08993242090032e-06,48,"Rate-conserved"
"Pop09","Pop18",-0.063561663538262,6.68481087442468e-06,48,"Rate-conserved"
"Pop10","Pop11",0.0448043334618428,2.28904794912527e-05,48,"Rate-conserved"
"Pop10","Pop12",0.0105918172950083,2.37150920292621e-05,48,"Rate-conserved"
"Pop10","Pop13",0.0157674971184359,-1.67626143470846e-05,48,"Rate-conserved"
"Pop11","Pop12",0.012118425594303,4.98669052146725e-05,48,"Rate-conserved"
"Pop11","Pop13",0.0164256601321262,-2.21824518388884e-05,48,"Rate-conserved"
"Pop11","Pop14",-0.0181728893167959,-3.21134101975655e-05,48,"Rate-conserved"
"Pop11","Pop15",-0.0289590676541534,-9.73319677996995e-05,48,"Rate-conserved"
"Pop11","Pop23",-0.0914839991931436,2.1141019601184e-05,48,"Rate-conserved"
"Pop12","Pop13",-0.0131973007472152,-0.000265415611490693,48,"Rate-conserved"
"Pop12","Pop14",-0.0259331814420312,-1.91041719016782e-05,48,"Rate-conserved"
"Pop12","Pop15",-0.057694741933469,-7.2140518204631e-05,48,"Rate-conserved"
"Pop12","Pop18",-0.0598995354263873,3.30120702774095e-05,48,"Rate-conserved"
"Pop12","Pop20",-0.0640163820104108,1.51412799065e-05,48,"Rate-conserved"
"Pop13","Pop14",-4.46072741245584e-05,0.000398324801339368,48,"Rate-conserved"
"Pop13","Pop15",-0.059717151421603,2.95629875997759e-06,48,"Rate-conserved"
"Pop13","Pop16",-0.110251088916667,5.24290643004043e-05,48,"Rate-conserved"
"Pop14","Pop15",-0.0430692959847565,-6.92345814946129e-05,48,"Rate-conserved"
"Pop14","Pop16",-0.0483755673693312,4.67913091921007e-05,48,"Rate-conserved"
"Pop14","Pop19",-0.0745212666841433,1.77292689775315e-05,48,"Rate-conserved"
"Pop14","Pop22",-0.0498420124948343,1.03511030215153e-05,48,"Rate-conserved"
"Pop15","Pop16",-0.0165035528679577,4.52243487899786e-05,48,"Rate-conserved"
"Pop15","Pop20",-0.0695101266701563,3.05707930584029e-05,48,"Rate-conserved"
"Pop16","Pop17",-0.00855854337355347,-2.94377845219619e-06,48,"Rate-conserved"
"Pop16","Pop18",0.0360929393736088,5.14681573311451e-06,48,"Rate-conserved"
"Pop16","Pop23",-0.0518465515997418,2.41858559997473e-05,48,"Rate-conserved"
"Pop16","Pop24",-0.0724085157638334,-7.89136074375787e-07,48,"Rate-conserved"
"Pop17","Pop18",0.0571406041565593,1.95390035048159e-05,48,"Rate-conserved"
"Pop17","Pop19",-0.00785458828753299,3.46296972871917e-05,48,"Rate-conserved"
"Pop17","Pop20",0.0391636605650287,2.8292189393704e-05,48,"Rate-conserved"
"Pop17","Pop22",0.0171738321441777,4.24270202863532e-05,48,"Rate-conserved"
"Pop17","Pop24",-0.0638454281165466,6.24741534566688e-06,48,"Rate-conserved"
"Pop17","Pop25",-0.0599124617967955,7.69812940436599e-06,48,"Rate-conserved"
"Pop18","Pop19",-0.0600358661496944,1.96384088093041e-05,48,"Rate-conserved"
"Pop18","Pop20",-0.00503636652108891,7.10367643122819e-07,48,"Rate-conserved"
"Pop18","Pop21",-0.123136868101756,1.56409962827792e-05,48,"Rate-conserved"
"Pop18","Pop22",-0.0248548460624543,1.11934211996263e-05,48,"Rate-conserved"
"Pop18","Pop24",-0.0750319175172431,1.00195351503968e-06,48,"Rate-conserved"
"Pop18","Pop25",-0.071678737746266,1.80260337271421e-06,48,"Rate-conserved"
"Pop19","Pop20",0.0568567813539682,-3.16033097344979e-06,48,"Rate-conserved"
"Pop19","Pop22",0.0259982428697156,1.32052168957875e-05,48,"Rate-conserved"
"Pop19","Pop24",-0.052046573563285,-3.7795672454401e-06,48,"Rate-conserved"
"Pop19","Pop25",-0.0484187492812237,-1.62140281674274e-06,48,"Rate-conserved"
"Pop20","Pop21",-0.193059341223645,5.50546983534557e-06,48,"Rate-conserved"
"Pop20","Pop22",-0.0179061973264137,8.81221793926381e-06,48,"Rate-conserved"
"Pop20","Pop23",-0.0526632615469178,5.23478149708077e-06,48,"Rate-conserved"
"Pop20","Pop24",-0.0645565113054046,-2.22276755936891e-06,48,"Rate-conserved"
"Pop20","Pop25",-0.06122530443474,-8.38637218365928e-07,48,"Rate-conserved"
"Pop21","Pop22",0.12395608161061,3.91599761745554e-07,48,"Rate-conserved"
"Pop21","Pop23",0.0439298407127001,-7.41927600193426e-06,48,"Rate-conserved"
"Pop22","Pop23",-0.0412867674923887,-1.46880477041847e-05,48,"Rate-conserved"
"Pop22","Pop25",-0.0645726473353717,-3.33829517071234e-06,48,"Rate-conserved"
"Pop23","Pop24",-0.0156098618094575,-2.47285779336997e-06,48,"Rate-conserved"
"Pop23","Pop25",-0.0162155026667372,-5.49117602770029e-06,48,"Rate-conserved"
"Pop24","Pop25",0.00128322165456068,-3.71516554035359e-06,48,"Rate-conserved"
"Pop01","Pop02",-0.066588631078528,0.142684183270531,49,"Isotropic"
"Pop01","Pop05",0.094610302512573,0.13715674970696,49,"Isotropic"
"Pop01","Pop07",0.100662045943715,-0.014522654165928,49,"Isotropic"
"Pop01","Pop08",0.0663176628264203,-0.0347602069374528,49,"Isotropic"
"Pop01","Pop12",0.0772511752593139,0.00216977020124033,49,"Isotropic"
"Pop01","Pop13",0.0466053888815494,0.0146995790701139,49,"Isotropic"
"Pop02","Pop03",0.156739576349755,-0.267998164827012,49,"Isotropic"
"Pop02","Pop04",0.13203809671838,0.0637500685939802,49,"Isotropic"
"Pop02","Pop09",0.0282506550088018,-0.0262902091351091,49,"Isotropic"
"Pop03","Pop04",0.0408527705649125,0.0947901147612848,49,"Isotropic"
"Pop03","Pop05",0.0419752685488819,0.0265739369139961,49,"Isotropic"
"Pop03","Pop06",0.0569263644530152,0.0288975133024844,49,"Isotropic"
"Pop03","Pop09",0.0572597849444421,-0.00614137979474428,49,"Isotropic"
"Pop03","Pop10",0.0363280128582031,0.00756493845528119,49,"Isotropic"
"Pop03","Pop12",0.0466787223387549,0.00504247635662852,49,"Isotropic"
"Pop03","Pop15",0.024240066862231,0.00800384532293658,49,"Isotropic"
"Pop04","Pop05",-0.00120393714009667,-0.30038806578187,49,"Isotropic"
"Pop04","Pop06",-0.00629683760640293,0.0434445554681788,49,"Isotropic"
"Pop04","Pop07",0.0187299056300481,-0.0586626300045144,49,"Isotropic"
"Pop04","Pop09",0.0274873853164058,-0.0333058380509706,49,"Isotropic"
"Pop04","Pop10",0.00246539516109791,-0.0147281071168359,49,"Isotropic"
"Pop04","Pop11",-0.00813520514068661,0.00996681064129376,49,"Isotropic"
"Pop04","Pop15",-0.0171715639297663,-0.0318549149990222,49,"Isotropic"
"Pop05","Pop06",-0.00229332491393727,0.0137362966496743,49,"Isotropic"
"Pop05","Pop07",0.0241584429442315,-0.0686773264992706,49,"Isotropic"
"Pop05","Pop08",-0.0299800734188098,-0.137002419423373,49,"Isotropic"
"Pop05","Pop09",0.0295714075982012,-0.024884248701813,49,"Isotropic"
"Pop05","Pop10",0.000108021560161597,-0.00900759257219809,49,"Isotropic"
"Pop05","Pop15",-0.0168959631344105,-0.0141627133778918,49,"Isotropic"
"Pop06","Pop07",0.0464474395180146,-0.0925875880736969,49,"Isotropic"
"Pop06","Pop08",-0.0346684124026833,-0.0881145052045106,49,"Isotropic"
"Pop06","Pop09",0.043910815830548,-0.0770380649679634,49,"Isotropic"
"Pop06","Pop10",0.0119132947780669,-0.0163894173230169,49,"Isotropic"
"Pop06","Pop13",-0.0226151579250681,0.00918591290838844,49,"Isotropic"
"Pop07","Pop08",-0.0822518621144814,-0.00950593908670627,49,"Isotropic"
"Pop07","Pop09",0.0111040643062368,0.20786602295146,49,"Isotropic"
"Pop07","Pop10",-0.00661087039381,0.0544972084132838,49,"Isotropic"
"Pop07","Pop11",-0.0145534688820428,0.036933165198411,49,"Isotropic"
"Pop07","Pop13",-0.0230347337644621,0.0384177618297812,49,"Isotropic"
"Pop07","Pop14",0.00241531063799547,0.0271037371817498,49,"Isotropic"
"Pop07","Pop15",-0.023148535304835,0.0101361430386926,49,"Isotropic"
"Pop07","Pop16",-0.0125612463861007,-0.00532239335918327,49,"Isotropic"
"Pop08","Pop09",0.0853919311050708,0.0738680808873486,49,"Isotropic"
"Pop08","Pop11",0.030359088657631,0.044001517441776,49,"Isotropic"
"Pop08","Pop15",-0.00106343880113764,0.020882597470538,49,"Isotropic"
"Pop09","Pop10",-0.0147318743835429,0.0336385527138496,49,"Isotropic"
"Pop09","Pop11",-0.0245786351499816,0.0484177636592476,49,"Isotropic"
"Pop09","Pop12",-0.0321112764825386,0.0349353785282833,49,"Isotropic"
"Pop09","Pop13",-0.0355574714517328,0.0247394234497401,49,"Isotropic"
"Pop09","Pop14",-0.014194968416339,0.00769833940699502,49,"Isotropic"
"Pop09","Pop16",-0.0422811001985241,-0.0335712378000682,49,"Isotropic"
"Pop10","Pop11",-0.0100992489752989,0.150825182357857,49,"Isotropic"
"Pop10","Pop12",-0.0167584706283799,-0.0483096255671825,49,"Isotropic"
"Pop10","Pop13",-0.0195092962488787,0.02684812248179,49,"Isotropic"
"Pop10","Pop14",-0.00077014133273777,-0.00450965477336451,49,"Isotropic"
"Pop10","Pop19",0.0117132788476633,-0.0234343822357822,49,"Isotropic"
"Pop10","Pop23",0.00570039735922374,-0.0205382035915926,49,"Isotropic"
"Pop11","Pop12",-0.0117862101855453,-0.0370918090272992,49,"Isotropic"
"Pop11","Pop13",-0.0131550821552559,-0.012818424641683,49,"Isotropic"
"Pop11","Pop15",-0.00695984687154609,-0.0599470752275959,49,"Isotropic"
"Pop11","Pop17",-0.00530320856684802,-0.0953230660404547,49,"Isotropic"
"Pop11","Pop20",0.0163617858097719,-0.016569903669608,49,"Isotropic"
"Pop11","Pop22",0.0203932787717557,-0.0212152497155226,49,"Isotropic"
"Pop12","Pop13",0.00396045835439776,0.0643495987961274,49,"Isotropic"
"Pop12","Pop14",0.000443254025415091,-0.0454221115796055,49,"Isotropic"
"Pop12","Pop15",0.00579355102008658,-0.108501955853364,49,"Isotropic"
"Pop12","Pop16",-0.0553601703676685,-0.0917547353777727,49,"Isotropic"
"Pop13","Pop14",0.00322869694608716,-0.0100393374047812,49,"Isotropic"
"Pop13","Pop18",-0.00511255475930862,-0.0802155294040655,49,"Isotropic"
"Pop13","Pop24",0.030950320064127,-0.0658035047129359,49,"Isotropic"
"Pop14","Pop15",0.0119799461650817,-0.0948774852319199,49,"Isotropic"
"Pop14","Pop16",-0.0732840189281286,-0.229244007788563,49,"Isotropic"
"Pop14","Pop17",-0.137397951488777,-0.43379921491388,49,"Isotropic"
"Pop14","Pop20",-0.00795018874256116,-0.0358073327551153,49,"Isotropic"
"Pop15","Pop16",-0.0803493286077727,-0.345480769500895,49,"Isotropic"
"Pop15","Pop19",0.0161634721101628,-0.08043139723875,49,"Isotropic"
"Pop15","Pop23",0.0128585522624066,-0.00739751003786622,49,"Isotropic"
"Pop16","Pop17",-0.107147686194654,-0.351703153195727,49,"Isotropic"
"Pop17","Pop18",0.0872048994597372,-0.102194042133828,49,"Isotropic"
"Pop18","Pop19",0.0814214777476562,-0.062551108181799,49,"Isotropic"
"Pop18","Pop20",0.0332701693757299,0.0972824289898973,49,"Isotropic"
"Pop18","Pop22",0.0390704129628633,-0.0193252366833505,49,"Isotropic"
"Pop18","Pop25",0.0469053411642937,0.0303281173504799,49,"Isotropic"
"Pop19","Pop20",-0.0107416154367457,0.365488091999464,49,"Isotropic"
"Pop19","Pop21",0.000726518598839723,0.0760931739242184,49,"Isotropic"
"Pop19","Pop22",-0.0216106709960303,-0.121838516125803,49,"Isotropic"
"Pop19","Pop23",-0.0303256865406616,-0.0103803041339428,49,"Isotropic"
"Pop19","Pop24",-0.00554766075863664,0.0394001050261489,49,"Isotropic"
"Pop19","Pop25",-0.0277707855071022,-0.0238340230354012,49,"Isotropic"
"Pop20","Pop21",-0.0425034299104691,-0.191281934007322,49,"Isotropic"
"Pop20","Pop22",-0.0112080146897574,-0.380342384037135,49,"Isotropic"
"Pop20","Pop24",-0.0070018604452175,-0.5566749372621,49,"Isotropic"
"Pop20","Pop25",-0.0284906987445365,-0.535625794056212,49,"Isotropic"
"Pop21","Pop22",0.0289066052263721,0.0774566354179396,49,"Isotropic"
"Pop21","Pop23",0.00707665571869778,0.0135655693505078,49,"Isotropic"
"Pop21","Pop24",0.0179165496285555,-0.0162344393275315,49,"Isotropic"
"Pop21","Pop25",0.0124121337148831,-0.0384316176907836,49,"Isotropic"
"Pop22","Pop23",-0.0155980881390786,0.150713384584333,49,"Isotropic"
"Pop22","Pop24",-0.000526460720344207,0.00303228233895125,49,"Isotropic"
"Pop23","Pop24",0.00886718714479826,-0.236250514663553,49,"Isotropic"
"Pop23","Pop25",-0.0152813796438682,-0.114224898869723,49,"Isotropic"
"Pop24","Pop25",-0.0229079896288145,-0.00450628436134359,49,"Isotropic"
"Pop01","Pop13",0.795002625891197,NA,49,"Flux-conserved"
"Pop01","Pop25",0.0580823558885199,-89120671465.4183,49,"Flux-conserved"
"Pop02","Pop13",0.795002625891197,NA,49,"Flux-conserved"
"Pop02","Pop25",0.0580823558885199,-89120671465.4183,49,"Flux-conserved"
"Pop03","Pop13",0.795002625891197,NA,49,"Flux-conserved"
"Pop03","Pop25",0.0580823558885199,-89120671465.4183,49,"Flux-conserved"
"Pop04","Pop13",0.795002625891197,NA,49,"Flux-conserved"
"Pop04","Pop25",0.0580823558885199,-89120671465.4183,49,"Flux-conserved"
"Pop05","Pop13",0.795002625891197,NA,49,"Flux-conserved"
"Pop05","Pop25",0.0580823558885199,-89120671465.4183,49,"Flux-conserved"
"Pop06","Pop13",0.795002625891197,NA,49,"Flux-conserved"
"Pop06","Pop25",0.0580823558885199,-89120671465.4183,49,"Flux-conserved"
"Pop07","Pop13",0.795002625891197,NA,49,"Flux-conserved"
"Pop07","Pop25",0.0580823558885199,-89120671465.4183,49,"Flux-conserved"
"Pop08","Pop13",0.795002625891197,NA,49,"Flux-conserved"
"Pop08","Pop25",0.0580823558885199,-89120671465.4183,49,"Flux-conserved"
"Pop09","Pop13",0.795002625891197,NA,49,"Flux-conserved"
"Pop09","Pop25",0.0580823558885199,-89120671465.4183,49,"Flux-conserved"
"Pop10","Pop13",0.795002625891197,NA,49,"Flux-conserved"
"Pop10","Pop25",0.0580823558885199,-89120671465.4183,49,"Flux-conserved"
"Pop11","Pop13",0.795002625891197,NA,49,"Flux-conserved"
"Pop11","Pop25",0.0580823558885199,-89120671465.4183,49,"Flux-conserved"
"Pop12","Pop13",0.795002625891197,NA,49,"Flux-conserved"
"Pop12","Pop25",0.0580823558885199,-89120671465.4183,49,"Flux-conserved"
"Pop13","Pop15",-0.745916899113429,0.714086099403332,49,"Flux-conserved"
"Pop14","Pop15",0.228786806054892,-0.0497470252268332,49,"Flux-conserved"
"Pop14","Pop16",0.0870689393031863,0.00781637507958063,49,"Flux-conserved"
"Pop14","Pop17",-0.0781083327545321,0.0110997375423364,49,"Flux-conserved"
"Pop16","Pop17",0.00339933830934108,0.485602622381766,49,"Flux-conserved"
"Pop16","Pop18",-0.000801753027005747,0.00106119641968634,49,"Flux-conserved"
"Pop16","Pop19",0.0309038607953367,0.00339171781146805,49,"Flux-conserved"
"Pop16","Pop20",0.00146112347980829,0.000817363289162737,49,"Flux-conserved"
"Pop17","Pop19",0.0440583108101456,0.00112171371401099,49,"Flux-conserved"
"Pop17","Pop21",0.0354779139653929,-2.24636320375041e-05,49,"Flux-conserved"
"Pop17","Pop22",-0.0491864433719884,0.000254786583775859,49,"Flux-conserved"
"Pop17","Pop24",-0.0844171023442174,0.000311588641455441,49,"Flux-conserved"
"Pop18","Pop19",0.0494660917929387,0.000881335123712612,49,"Flux-conserved"
"Pop18","Pop20",0.0066323469625974,-0.00913360812945781,49,"Flux-conserved"
"Pop18","Pop21",0.0249520839696461,-0.000281938462674353,49,"Flux-conserved"
"Pop18","Pop22",-0.11097742926338,0.000728049452921742,49,"Flux-conserved"
"Pop19","Pop20",-0.0413956138236371,-0.00276560073807553,49,"Flux-conserved"
"Pop19","Pop21",-0.0392379826986437,-0.000822806265420939,49,"Flux-conserved"
"Pop19","Pop22",-0.109812312989674,0.000470047367104404,49,"Flux-conserved"
"Pop20","Pop21",0.0180045061779713,0.000519369899926977,49,"Flux-conserved"
"Pop20","Pop22",-0.105725444183268,0.000664990226067923,49,"Flux-conserved"
"Pop21","Pop22",-0.0787594970000392,0.00096222919033249,49,"Flux-conserved"
"Pop21","Pop24",-0.136632557386997,0.00127758059833111,49,"Flux-conserved"
"Pop22","Pop23",-0.244028935024689,0.000943223105937357,49,"Flux-conserved"
"Pop22","Pop24",-0.097502276899708,0.00101899808874732,49,"Flux-conserved"
"Pop22","Pop25",-0.0175416014967379,7.0436524760577e-05,49,"Flux-conserved"
"Pop23","Pop24",0.172446112472003,-2.88001551873858e-05,49,"Flux-conserved"
"Pop23","Pop25",0.0415667181658822,0.000118426078876724,49,"Flux-conserved"
"Pop24","Pop25",0.0192917570002581,0.000197012057537498,49,"Flux-conserved"
"Pop01","Pop02",-0.132884290747899,-0.0255897508664798,49,"Rate-conserved"
"Pop01","Pop04",0.00639639981046178,0.00478010430986375,49,"Rate-conserved"
"Pop01","Pop08",0.0785535508490726,0.0767405060954982,49,"Rate-conserved"
"Pop01","Pop09",0.0784820402605176,0.258563046314248,49,"Rate-conserved"
"Pop01","Pop14",0.0151071938352522,0.0125302852574447,49,"Rate-conserved"
"Pop01","Pop16",0.01544758771108,0.0361543452890257,49,"Rate-conserved"
"Pop02","Pop03",0.144763386743135,-0.00107360132276235,49,"Rate-conserved"
"Pop02","Pop10",0.0412435974330368,0.0115635787214356,49,"Rate-conserved"
"Pop02","Pop15",0.0490661380292466,0.171370474109716,49,"Rate-conserved"
"Pop03","Pop04",-0.012662852703795,0.00150560327565548,49,"Rate-conserved"
"Pop03","Pop05",0.0205926318069381,0.0111895259173538,49,"Rate-conserved"
"Pop03","Pop07",-0.0128026196242395,0.0126916512810465,49,"Rate-conserved"
"Pop03","Pop08",9.81808312209842e-05,0.0178197711461948,49,"Rate-conserved"
"Pop03","Pop10",0.0282359779279857,0.0059409672957354,49,"Rate-conserved"
"Pop03","Pop12",-0.00452875883948885,0.000316371975029615,49,"Rate-conserved"
"Pop03","Pop14",-0.0147667014063907,0.00209221917773436,49,"Rate-conserved"
"Pop03","Pop15",-0.00097951577658982,0.0121282539347705,49,"Rate-conserved"
"Pop03","Pop16",-0.0106808292191895,0.0233210050191649,49,"Rate-conserved"
"Pop03","Pop17",-0.0956829831921379,0.0275220284287663,49,"Rate-conserved"
"Pop04","Pop05",-0.152053541719568,0.0171630238725261,49,"Rate-conserved"
"Pop04","Pop06",-0.13107426118837,0.013189616484901,49,"Rate-conserved"
"Pop04","Pop07",-0.0239672787539598,0.0247777229685738,49,"Rate-conserved"
"Pop04","Pop08",0.0221213492849284,0.0125314235555856,49,"Rate-conserved"
"Pop04","Pop09",0.0228569704707077,0.000106548092075945,49,"Rate-conserved"
"Pop04","Pop11",-0.0301001972815379,0.00228551332785113,49,"Rate-conserved"
"Pop04","Pop12",0.0089251512067573,0.000778048021694045,49,"Rate-conserved"
"Pop04","Pop13",-0.026318874534558,0.00314995024461198,49,"Rate-conserved"
"Pop04","Pop16",-0.00169900752666816,0.00486312717443361,49,"Rate-conserved"
"Pop05","Pop06",-0.119279822127974,0.11408816386642,49,"Rate-conserved"
"Pop05","Pop07",0.0851173886260135,0.0565228670547397,49,"Rate-conserved"
"Pop06","Pop07",0.0726441176838615,0.00234684344671335,49,"Rate-conserved"
"Pop07","Pop08",0.0223612760896487,0.013442746007832,49,"Rate-conserved"
"Pop07","Pop09",0.00341446644391334,-0.00341449017535719,49,"Rate-conserved"
"Pop07","Pop12",-0.0100116385155954,-0.0106008962461783,49,"Rate-conserved"
"Pop07","Pop16",-0.0178101876749547,0.00264463515642576,49,"Rate-conserved"
"Pop08","Pop09",0.00134336829653894,-0.00966645899146463,49,"Rate-conserved"
"Pop08","Pop10",0.00512582622653616,-0.00991485606858798,49,"Rate-conserved"
"Pop08","Pop14",-0.0426299567401668,6.17477882455851e-05,49,"Rate-conserved"
"Pop08","Pop15",-0.00200692468887718,0.0168013217838668,49,"Rate-conserved"
"Pop08","Pop16",-0.0160002666046288,0.00385680723633218,49,"Rate-conserved"
"Pop09","Pop10",-0.0182882192153362,-0.0110316193906316,49,"Rate-conserved"
"Pop09","Pop11",-0.0326418867848082,-0.00985672554872414,49,"Rate-conserved"
"Pop09","Pop12",0.0019597471914094,-0.0112256976802316,49,"Rate-conserved"
"Pop09","Pop13",-0.0487577798064746,0.00729240482127235,49,"Rate-conserved"
"Pop09","Pop15",0.000861664457442596,0.0288893770814009,49,"Rate-conserved"
"Pop09","Pop19",-0.113253304200535,0.00161003476434754,49,"Rate-conserved"
"Pop10","Pop11",-0.00728639936675041,-0.00921206910131278,49,"Rate-conserved"
"Pop10","Pop12",0.0389947835742501,-0.0238501246064141,49,"Rate-conserved"
"Pop10","Pop14",-0.0542600819630887,0.011098891036855,49,"Rate-conserved"
"Pop10","Pop15",-0.00020218986475895,0.0109506220328898,49,"Rate-conserved"
"Pop11","Pop12",0.0357997000375427,-0.00211234083756286,49,"Rate-conserved"
"Pop11","Pop13",0.00189495988047401,0.0079492938575581,49,"Rate-conserved"
"Pop11","Pop15",0.041794807606153,0.00495608810152707,49,"Rate-conserved"
"Pop11","Pop18",-0.0366991234923601,0.0129094170639428,49,"Rate-conserved"
"Pop11","Pop19",-0.0560582512213279,0.00450251108948324,49,"Rate-conserved"
"Pop11","Pop21",-0.0533987035819575,0.00449633316911847,49,"Rate-conserved"
"Pop12","Pop13",-0.0390232882536961,0.0055621124200052,49,"Rate-conserved"
"Pop12","Pop14",-0.0337719587901777,0.00865512688657141,49,"Rate-conserved"
"Pop12","Pop16",0.00125442567346425,0.0252421105315643,49,"Rate-conserved"
"Pop12","Pop17",-0.0912734883417999,0.00885090389613432,49,"Rate-conserved"
"Pop12","Pop20",-0.172222932913847,0.00270309105485456,49,"Rate-conserved"
"Pop13","Pop14",-0.00646718134042515,0.00228884452529388,49,"Rate-conserved"
"Pop13","Pop16",0.0369319329909628,0.00308856796534308,49,"Rate-conserved"
"Pop13","Pop17",-0.0486792880613581,0.00843104432662532,49,"Rate-conserved"
"Pop13","Pop18",-0.0382109143893646,0.00415923184437897,49,"Rate-conserved"
"Pop13","Pop21",-0.0581964217578743,0.000466642497956349,49,"Rate-conserved"
"Pop14","Pop15",0.0421673227160707,0.00148268322698136,49,"Rate-conserved"
"Pop14","Pop18",-0.0653259414920468,0.00342833917724904,49,"Rate-conserved"
"Pop15","Pop16",0.00884439826977026,0.00211182956271594,49,"Rate-conserved"
"Pop15","Pop19",-0.104153855090361,0.00134496290968299,49,"Rate-conserved"
"Pop15","Pop21",-0.0843366095826168,-0.000158328625145132,49,"Rate-conserved"
"Pop16","Pop17",-0.0779145676476145,0.00166758905009975,49,"Rate-conserved"
"Pop16","Pop18",-0.058930729074001,0.00108411691750796,49,"Rate-conserved"
"Pop16","Pop19",-0.0983037926984414,0.00113908575671948,49,"Rate-conserved"
"Pop16","Pop21",-0.0720770364371936,-0.00034179700469185,49,"Rate-conserved"
"Pop17","Pop18",0.0215572237377888,0.00092766720472663,49,"Rate-conserved"
"Pop17","Pop21",0.00841317994595532,-0.000909408108701221,49,"Rate-conserved"
"Pop17","Pop23",-0.0555117950656777,-1.92085290006664e-05,49,"Rate-conserved"
"Pop17","Pop25",-0.091385641448559,-0.000159997574435331,49,"Rate-conserved"
"Pop18","Pop19",-0.0566914011533788,0.000728645565948691,49,"Rate-conserved"
"Pop18","Pop21",-0.0101477315885394,-0.00132375623355604,49,"Rate-conserved"
"Pop18","Pop22",-0.106156902780398,3.59837907642868e-05,49,"Rate-conserved"
"Pop18","Pop25",-0.111876690770414,-0.000511569463806018,49,"Rate-conserved"
"Pop19","Pop20",-0.140221148674926,0.000704209532192312,49,"Rate-conserved"
"Pop20","Pop21",0.160567894854039,-0.000700746269703641,49,"Rate-conserved"
"Pop20","Pop23",-0.00130508774716451,-0.000176308917152563,49,"Rate-conserved"
"Pop21","Pop22",-0.185918580307842,0.00354042215446942,49,"Rate-conserved"
"Pop21","Pop24",-0.0584073605902098,0.000107576233653743,49,"Rate-conserved"
"Pop21","Pop25",-0.110534129242666,-0.000365464845386047,49,"Rate-conserved"
"Pop22","Pop23",0.0340491679007406,-0.00120354314021876,49,"Rate-conserved"
"Pop22","Pop24",-0.0488590380843593,-0.000319218476088082,49,"Rate-conserved"
"Pop23","Pop24",-0.0535814892101666,-0.00208537460437902,49,"Rate-conserved"
"Pop23","Pop25",-0.0423929369434056,-0.00115518090314546,49,"Rate-conserved"
"Pop24","Pop25",0.0504931713685821,-0.00122640398220922,49,"Rate-conserved"
"Pop01","Pop02",-0.00786287508069106,-0.130776072100693,50,"Isotropic"
"Pop01","Pop03",0.018038354607199,0.913112156597829,50,"Isotropic"
"Pop01","Pop06",0.0475801918085342,0.0693595808901617,50,"Isotropic"
"Pop01","Pop24",0.0777168937309437,0.0311353974340824,50,"Isotropic"
"Pop01","Pop25",0.0848083591321856,0.0231065139811298,50,"Isotropic"
"Pop02","Pop03",0.0453158607769829,0.0984090270093111,50,"Isotropic"
"Pop02","Pop04",0.106769239537651,0.0432107733994138,50,"Isotropic"
"Pop02","Pop06",0.086399824575751,0.0131872116607757,50,"Isotropic"
"Pop02","Pop20",0.0392300649485375,0.0120938199662916,50,"Isotropic"
"Pop03","Pop04",0.058165723839615,-0.000648132071963833,50,"Isotropic"
"Pop03","Pop05",0.0632716763914239,0.0202378292585749,50,"Isotropic"
"Pop03","Pop11",0.0251063178641024,-0.0279746034932527,50,"Isotropic"
"Pop04","Pop05",0.00372275086232735,-0.120555686780109,50,"Isotropic"
"Pop04","Pop06",0.0262759325365922,0.0273722241250301,50,"Isotropic"
"Pop04","Pop07",0.0171212057971046,0.000752419121412377,50,"Isotropic"
"Pop04","Pop12",0.0440506034742442,-0.0264316907423408,50,"Isotropic"
"Pop04","Pop23",0.0376089349714301,-0.00315045499865462,50,"Isotropic"
"Pop05","Pop06",0.0254474221927716,0.0713595825553312,50,"Isotropic"
"Pop05","Pop07",0.00795917897339121,0.0152158675962189,50,"Isotropic"
"Pop05","Pop08",0.040320707376354,-1.80719514808608e-05,50,"Isotropic"
"Pop05","Pop09",0.0437392202020629,-0.0100179302224519,50,"Isotropic"
"Pop05","Pop14",0.03615781226733,0.00781374698964125,50,"Isotropic"
"Pop06","Pop07",-0.0343648121416733,-0.119302739093416,50,"Isotropic"
"Pop06","Pop08",-0.0740577237576783,-0.0830013431293783,50,"Isotropic"
"Pop06","Pop11",0.0170050808172321,-0.0394285095506844,50,"Isotropic"
"Pop06","Pop20",0.00223353654803757,-0.00179306061458484,50,"Isotropic"
"Pop06","Pop25",0.00738890917894961,-0.0122922234523764,50,"Isotropic"
"Pop07","Pop08",-0.0987410880761387,0.0289364676846801,50,"Isotropic"
"Pop07","Pop09",0.0362519137318307,-0.0810344061021757,50,"Isotropic"
"Pop07","Pop14",0.0323393743303788,0.0132224975858177,50,"Isotropic"
"Pop07","Pop25",-0.0115136842846396,-0.0269642094851407,50,"Isotropic"
"Pop08","Pop09",0.17207614910688,-0.171969154937217,50,"Isotropic"
"Pop09","Pop10",-0.111709543280696,-0.179705854595528,50,"Isotropic"
"Pop09","Pop11",0.00742283934147478,-0.0465778410083881,50,"Isotropic"
"Pop09","Pop12",0.015275278038988,-0.0037685504374308,50,"Isotropic"
"Pop09","Pop13",0.017006789666569,-0.00683608664085235,50,"Isotropic"
"Pop09","Pop17",-0.0188402445686219,0.0105514271317058,50,"Isotropic"
"Pop10","Pop11",0.187707077618867,0.0344619672339307,50,"Isotropic"
"Pop10","Pop12",0.0932936647426645,0.0456065344052486,50,"Isotropic"
"Pop10","Pop13",0.0519948786542316,0.0314135987435701,50,"Isotropic"
"Pop11","Pop12",0.0185709800292507,0.195172726749835,50,"Isotropic"
"Pop11","Pop13",0.0292823825410913,0.000717573199092464,50,"Isotropic"
"Pop11","Pop15",0.00894313569989967,0.0204258673194987,50,"Isotropic"
"Pop11","Pop20",-0.0078647483798609,0.0239887401699947,50,"Isotropic"
"Pop11","Pop22",0.0269821641603266,0.0249244895817767,50,"Isotropic"
"Pop11","Pop23",0.0202754408597567,0.0592472161866282,50,"Isotropic"
"Pop12","Pop13",0.011378723760189,-0.125576700052398,50,"Isotropic"
"Pop12","Pop15",-0.034317190450541,0.0107377129894044,50,"Isotropic"
"Pop12","Pop16",0.0131296762003542,-0.0016893256185765,50,"Isotropic"
"Pop12","Pop17",-0.0170491753875381,0.00302399353742355,50,"Isotropic"
"Pop12","Pop18",0.0072852586217791,0.0100628599940971,50,"Isotropic"
"Pop12","Pop20",-0.0237913437754925,0.00639693345874276,50,"Isotropic"
"Pop12","Pop23",-0.00141631564560812,0.0307506650378832,50,"Isotropic"
"Pop13","Pop14",-0.00896842136440944,0.0483392819131014,50,"Isotropic"
"Pop13","Pop15",-0.0549474957917402,0.0121838808969582,50,"Isotropic"
"Pop13","Pop16",-0.0098761777384663,-0.0153815044340819,50,"Isotropic"
"Pop13","Pop17",-0.0315163628253815,0.0257240951238266,50,"Isotropic"
"Pop13","Pop19",0.0128671093543446,-0.00491982588984268,50,"Isotropic"
"Pop13","Pop22",0.00240194158304408,0.00496831894906363,50,"Isotropic"
"Pop13","Pop23",-0.00567061670245984,0.0152508006421752,50,"Isotropic"
"Pop13","Pop24",-0.0203947865172949,0.0322090014011302,50,"Isotropic"
"Pop14","Pop15",-0.064345618577444,-0.171396620059908,50,"Isotropic"
"Pop14","Pop16",-0.0251271875313,-0.174769162275483,50,"Isotropic"
"Pop14","Pop17",-0.0367721873635241,-0.119526153551715,50,"Isotropic"
"Pop14","Pop18",0.00449881809660893,-0.162760446344838,50,"Isotropic"
"Pop14","Pop19",0.0125421979048065,-0.0274368469084648,50,"Isotropic"
"Pop14","Pop20",-0.0192312886678212,-0.0034773751403761,50,"Isotropic"
"Pop14","Pop21",-0.00774670937510187,-0.0155421225615405,50,"Isotropic"
"Pop15","Pop16",0.033397875802389,-0.0476177539509207,50,"Isotropic"
"Pop15","Pop20",0.00320157841150255,0.00148095663320848,50,"Isotropic"
"Pop15","Pop22",0.0161571190194731,-0.00778986348235238,50,"Isotropic"
"Pop16","Pop17",-0.00889244005580164,0.0329406080046634,50,"Isotropic"
"Pop16","Pop18",0.0250467004979857,0.0334807979437896,50,"Isotropic"
"Pop16","Pop19",0.0145765394178204,-0.015701936811962,50,"Isotropic"
"Pop16","Pop24",-0.0368515372258162,0.00843007836730678,50,"Isotropic"
"Pop17","Pop18",0.0481102385842132,-0.00678363710775404,50,"Isotropic"
"Pop17","Pop19",0.0484020513155073,0.00277529075583913,50,"Isotropic"
"Pop17","Pop25",-0.0176602806658716,-0.00680048606850855,50,"Isotropic"
"Pop18","Pop19",0.00709599966145241,0.0115342879732714,50,"Isotropic"
"Pop18","Pop20",-0.015463276672662,-0.00256583065559274,50,"Isotropic"
"Pop18","Pop21",-0.0163003067681053,0.0235296817124692,50,"Isotropic"
"Pop18","Pop22",-0.00305234643874566,0.00128939277850303,50,"Isotropic"
"Pop18","Pop23",-0.0092124616468777,-0.0315543809822351,50,"Isotropic"
"Pop18","Pop24",-0.0267164187693485,0.0176228743850401,50,"Isotropic"
"Pop18","Pop25",-0.0296483410159616,-0.030592979715565,50,"Isotropic"
"Pop19","Pop20",-0.0100356432645091,-0.0338272436456858,50,"Isotropic"
"Pop19","Pop21",-0.0580849460197178,-0.0318647755906394,50,"Isotropic"
"Pop19","Pop22",-0.0151365717326304,-0.0638605930906715,50,"Isotropic"
"Pop19","Pop23",-0.0211490196297098,-0.0284005632852859,50,"Isotropic"
"Pop19","Pop24",-0.039681943349541,0.000808200265517457,50,"Isotropic"
"Pop19","Pop25",-0.0398179467910274,-0.014615805112594,50,"Isotropic"
"Pop20","Pop21",-0.0300659288471662,0.00925846278218495,50,"Isotropic"
"Pop20","Pop22",0.0132209538965717,0.00342422275885181,50,"Isotropic"
"Pop20","Pop24",-0.000103130333137968,0.00532620344074078,50,"Isotropic"
"Pop20","Pop25",0.000572171799928814,-0.00539079752560636,50,"Isotropic"
"Pop21","Pop22",0.0631132564640762,-0.0861639599830828,50,"Isotropic"
"Pop21","Pop23",0.0439552035497552,0.0124674899031848,50,"Isotropic"
"Pop21","Pop25",-0.020025353336594,-0.00968740127650314,50,"Isotropic"
"Pop22","Pop23",-0.00322859572941361,0.043767800606537,50,"Isotropic"
"Pop22","Pop24",-0.0231980280522316,7.09098361415805e-05,50,"Isotropic"
"Pop22","Pop25",-0.0152990225751134,-0.0115748633943288,50,"Isotropic"
"Pop23","Pop24",-0.0190636477276312,0.0564666012225908,50,"Isotropic"
"Pop23","Pop25",-0.00667206577454035,-0.028377360507862,50,"Isotropic"
"Pop24","Pop25",0.0153238772742216,-0.0395344095993882,50,"Isotropic"
"Pop01","Pop03",0.419073453488063,NA,50,"Flux-conserved"
"Pop01","Pop14",-0.0817861852097651,NA,50,"Flux-conserved"
"Pop02","Pop03",0.419073453488063,NA,50,"Flux-conserved"
"Pop02","Pop14",-0.0817861852097651,NA,50,"Flux-conserved"
"Pop03","Pop10",-0.163024832082506,0.170534816952399,50,"Flux-conserved"
"Pop04","Pop05",-0.660756368765821,0.0201216774618247,50,"Flux-conserved"
"Pop04","Pop09",-0.0703022098641863,-0.0443676221344297,50,"Flux-conserved"
"Pop06","Pop08",0.183263069471871,-0.0314910372602994,50,"Flux-conserved"
"Pop06","Pop09",0.132370918517553,0.0171801834622087,50,"Flux-conserved"
"Pop07","Pop10",-0.338946395631093,-0.1999031187952,50,"Flux-conserved"
"Pop07","Pop11",0.0468091115745425,0.033070193064631,50,"Flux-conserved"
"Pop07","Pop12",0.0468091115745426,0.033070193064631,50,"Flux-conserved"
"Pop07","Pop13",-0.0282859580152895,0.209409734718976,50,"Flux-conserved"
"Pop08","Pop11",0.0964592613588941,-0.026992009242941,50,"Flux-conserved"
"Pop08","Pop12",0.0964592613588941,-0.026992009242941,50,"Flux-conserved"
"Pop11","Pop12",0,NA,50,"Flux-conserved"
"Pop11","Pop13",-0.0723559766786696,0.131167802645241,50,"Flux-conserved"
"Pop12","Pop13",-0.0723559766786695,0.131167802645241,50,"Flux-conserved"
"Pop13","Pop14",-0.237724153996833,0.00831172380236862,50,"Flux-conserved"
"Pop14","Pop15",-0.215121044440325,0.0048558593705196,50,"Flux-conserved"
"Pop15","Pop16",-0.00768719582010385,0.000124517585720891,50,"Flux-conserved"
"Pop15","Pop17",0.000368736995892877,5.73302623193957e-05,50,"Flux-conserved"
"Pop16","Pop17",0.157000762139152,2.85433561911606e-06,50,"Flux-conserved"
"Pop16","Pop18",0.10116346333675,3.89978615563368e-05,50,"Flux-conserved"
"Pop17","Pop18",-0.0875353226793449,0.000114473411329859,50,"Flux-conserved"
"Pop17","Pop19",-0.0253107739208509,2.63615357095225e-05,50,"Flux-conserved"
"Pop17","Pop20",0.0349839146256795,1.05408802399106e-05,50,"Flux-conserved"
"Pop17","Pop21",-0.0111422211932729,2.85283191214483e-06,50,"Flux-conserved"
"Pop17","Pop23",-0.00975993988674169,2.72463697797003e-06,50,"Flux-conserved"
"Pop17","Pop25",-0.165402731255138,2.32291815120011e-06,50,"Flux-conserved"
"Pop18","Pop19",0.0371954453151018,1.32070158869568e-05,50,"Flux-conserved"
"Pop18","Pop20",0.019319787157817,4.70870102571902e-06,50,"Flux-conserved"
"Pop18","Pop23",-0.045811422213864,-2.43172877209411e-06,50,"Flux-conserved"
"Pop19","Pop20",-0.0306151806037485,9.43508663527305e-06,50,"Flux-conserved"
"Pop19","Pop21",-0.0559671520454958,-3.07287739166005e-06,50,"Flux-conserved"
"Pop19","Pop23",-0.0381090449626069,-5.9409951523105e-06,50,"Flux-conserved"
"Pop19","Pop24",-0.0197435834747442,-2.54138749350879e-06,50,"Flux-conserved"
"Pop20","Pop22",-0.0629137583884316,-3.64262719600651e-05,50,"Flux-conserved"
"Pop20","Pop24",0.00281703686950602,2.66529982352963e-05,50,"Flux-conserved"
"Pop21","Pop22",-0.044865988453329,3.39502494428809e-05,50,"Flux-conserved"
"Pop21","Pop23",0.0280429199914457,2.31843877498242e-05,50,"Flux-conserved"
"Pop21","Pop24",0.0240917163356751,1.70783552139732e-05,50,"Flux-conserved"
"Pop21","Pop25",-0.175205212230044,2.02320068460766e-05,50,"Flux-conserved"
"Pop22","Pop23",-0.0398313656789206,-7.49404858651329e-06,50,"Flux-conserved"
"Pop22","Pop24",-0.0360764858167598,8.2330356070742e-05,50,"Flux-conserved"
"Pop23","Pop24",-0.00162847236262195,0.000100435250605565,50,"Flux-conserved"
"Pop23","Pop25",-0.185596599751719,2.24498646128974e-05,50,"Flux-conserved"
"Pop24","Pop25",-0.222572188504191,1.77620109980158e-05,50,"Flux-conserved"
"Pop01","Pop02",0.0287578337275491,0.0753191530329973,50,"Rate-conserved"
"Pop01","Pop04",0.0300614196216634,0.102061087262264,50,"Rate-conserved"
"Pop01","Pop05",-0.01212204043707,0.00132304834206239,50,"Rate-conserved"
"Pop01","Pop06",0.0291131096298166,-0.0301760736475385,50,"Rate-conserved"
"Pop01","Pop07",0.00969631311464755,-0.0160052844170882,50,"Rate-conserved"
"Pop01","Pop08",0.0614922621220302,0.0213523684073751,50,"Rate-conserved"
"Pop01","Pop11",-0.0517647761290128,0.146795030910323,50,"Rate-conserved"
"Pop02","Pop03",-0.090440825105093,-0.0173242652497314,50,"Rate-conserved"
"Pop02","Pop04",-0.00405322818693771,-0.0209641789903574,50,"Rate-conserved"
"Pop02","Pop05",-0.021546341251964,-0.00820090900492109,50,"Rate-conserved"
"Pop02","Pop07",-0.0054603679601283,-0.0173532274808411,50,"Rate-conserved"
"Pop02","Pop10",-0.134700364173621,0.650243968396669,50,"Rate-conserved"
"Pop02","Pop11",-0.037803510687733,0.0718897046210871,50,"Rate-conserved"
"Pop02","Pop15",-0.0802969465090051,0.0374337219364844,50,"Rate-conserved"
"Pop03","Pop04",0.0493607744126368,-0.0618348914031283,50,"Rate-conserved"
"Pop03","Pop06",0.0103579544793482,-0.0489925292900514,50,"Rate-conserved"
"Pop03","Pop08",0.0621094501511754,0.035445656958322,50,"Rate-conserved"
"Pop03","Pop09",-0.0826278492038474,0.118599738767934,50,"Rate-conserved"
"Pop04","Pop06",-0.0778389419150756,-0.0915171108318658,50,"Rate-conserved"
"Pop04","Pop07",-0.0227821426896596,-0.0153042349366283,50,"Rate-conserved"
"Pop04","Pop08",-0.0154008031381141,0.0501921836110406,50,"Rate-conserved"
"Pop05","Pop06",0.045930072116788,-0.161668096129316,50,"Rate-conserved"
"Pop05","Pop07",0.0321652256008731,-0.0347925451808942,50,"Rate-conserved"
"Pop05","Pop08",0.0686384466641424,0.134766575054638,50,"Rate-conserved"
"Pop05","Pop09",-0.0382035518976339,0.0922031992167109,50,"Rate-conserved"
"Pop06","Pop07",0.00657047280840067,0.049436528668144,50,"Rate-conserved"
"Pop06","Pop08",0.015824449904572,0.450917177553717,50,"Rate-conserved"
"Pop06","Pop09",-0.0690842994243913,0.499859907464671,50,"Rate-conserved"
"Pop07","Pop08",-0.00183933392318442,0.0956717073458666,50,"Rate-conserved"
"Pop07","Pop15",-0.0743583099210664,0.227594107721177,50,"Rate-conserved"
"Pop07","Pop17",-0.110767205800543,0.130532902771541,50,"Rate-conserved"
"Pop08","Pop09",-0.0801209782531402,0.0527757162419685,50,"Rate-conserved"
"Pop09","Pop10",-0.161306333772132,0.00816175376421918,50,"Rate-conserved"
"Pop09","Pop11",-0.0104877612908128,0.00643869311791447,50,"Rate-conserved"
"Pop09","Pop12",-0.0458916405232754,0.0192231822674146,50,"Rate-conserved"
"Pop09","Pop13",-0.035532921572518,0.0117393646318113,50,"Rate-conserved"
"Pop09","Pop14",-0.029312337834979,0.00963395134286444,50,"Rate-conserved"
"Pop09","Pop15",-0.0299673561497141,0.0448638519921811,50,"Rate-conserved"
"Pop09","Pop19",-0.0314461271249741,0.0855779174109761,50,"Rate-conserved"
"Pop09","Pop25",-0.0467273049745781,0.000503610181217911,50,"Rate-conserved"
"Pop10","Pop11",0.123251329875526,0.0192093653930579,50,"Rate-conserved"
"Pop10","Pop14",0.0528774211487199,0.00368414200176513,50,"Rate-conserved"
"Pop10","Pop19",-0.0333770712561632,0.0135787292811601,50,"Rate-conserved"
"Pop11","Pop12",-0.0436823337845794,0.0220624955560234,50,"Rate-conserved"
"Pop11","Pop13",-0.0747746325761287,0.0101721808436694,50,"Rate-conserved"
"Pop11","Pop14",-0.0240553655249606,0.00322364590877653,50,"Rate-conserved"
"Pop11","Pop15",-0.0248444700294443,0.00076633273763627,50,"Rate-conserved"
"Pop11","Pop18",-0.0760040452306643,0.00162333351273036,50,"Rate-conserved"
"Pop11","Pop19",-0.0450699447275769,0.00511736722191534,50,"Rate-conserved"
"Pop12","Pop13",-0.0143158661673261,0.00129400606763862,50,"Rate-conserved"
"Pop12","Pop14",0.0199104047168557,-0.0113620701232593,50,"Rate-conserved"
"Pop12","Pop15",0.0142256927852368,-0.00140951703648431,50,"Rate-conserved"
"Pop12","Pop16",0.0274836231393102,0.000841419056180865,50,"Rate-conserved"
"Pop12","Pop18",-0.0251697098969111,0.00113696720095884,50,"Rate-conserved"
"Pop12","Pop19",0.00743750846505072,0.004367414543424,50,"Rate-conserved"
"Pop12","Pop20",-0.00910593524780317,0.00152825497563371,50,"Rate-conserved"
"Pop13","Pop14",0.0688614545462234,-0.05660916468893,50,"Rate-conserved"
"Pop13","Pop16",0.020939583972415,-0.0001212985559584,50,"Rate-conserved"
"Pop13","Pop19",-0.0191242509087453,0.00211998654058673,50,"Rate-conserved"
"Pop14","Pop16",-0.0327594276519453,0.0101118074478089,50,"Rate-conserved"
"Pop14","Pop17",-0.0605690589378862,0.000333647060716139,50,"Rate-conserved"
"Pop14","Pop19",-0.0163829197361454,0.00257924870299363,50,"Rate-conserved"
"Pop14","Pop22",-0.0397154825873038,0.000727585601559338,50,"Rate-conserved"
"Pop15","Pop16",-0.0408667838433185,0.00137606174210862,50,"Rate-conserved"
"Pop15","Pop19",-0.00787897551438878,0.0058712038298469,50,"Rate-conserved"
"Pop15","Pop20",-0.0176228551476625,0.00411117595328376,50,"Rate-conserved"
"Pop15","Pop21",-0.00440414443515966,0.00562903618067909,50,"Rate-conserved"
"Pop15","Pop22",-0.0229044212677789,0.00138348531331576,50,"Rate-conserved"
"Pop15","Pop24",0.00544005765424246,-0.00255748700420877,50,"Rate-conserved"
"Pop15","Pop25",-0.028183781857634,-0.0031093712147213,50,"Rate-conserved"
"Pop16","Pop17",-0.0354908545764681,-0.00143728634280789,50,"Rate-conserved"
"Pop16","Pop18",-0.0347266644836379,0.00450560031709214,50,"Rate-conserved"
"Pop16","Pop21",-0.0309774995722245,0.00187254300551673,50,"Rate-conserved"
"Pop17","Pop18",0.00277418536104454,0.00340223077866175,50,"Rate-conserved"
"Pop17","Pop20",0.0168840284674739,0.00260842323813943,50,"Rate-conserved"
"Pop17","Pop21",0.0318834238909466,0.0025455771067045,50,"Rate-conserved"
"Pop17","Pop25",-0.021106692694721,-0.00360192568844545,50,"Rate-conserved"
"Pop18","Pop19",0.0484237215519117,0.00382745657669263,50,"Rate-conserved"
"Pop18","Pop21",0.0282903553071821,0.00282141382902515,50,"Rate-conserved"
"Pop18","Pop22",-0.0214636846129478,-0.000305151935774378,50,"Rate-conserved"
"Pop19","Pop20",-0.0313784236112657,-0.00191523990417052,50,"Rate-conserved"
"Pop19","Pop21",-0.0107325024813917,-0.00563877315137124,50,"Rate-conserved"
"Pop20","Pop21",0.0213550663123644,-0.0010050182780203,50,"Rate-conserved"
"Pop20","Pop22",-0.0142185457928527,-0.00220468185272909,50,"Rate-conserved"
"Pop20","Pop24",-0.0441987860915917,-0.0202841988769094,50,"Rate-conserved"
"Pop20","Pop25",-0.0228450987313057,-0.0126396412752473,50,"Rate-conserved"
"Pop21","Pop22",-0.0321874690071251,-0.00521063841474848,50,"Rate-conserved"
"Pop21","Pop23",-0.0281622962765929,-0.0133562032806254,50,"Rate-conserved"
"Pop21","Pop25",-0.0437346355558858,-0.0190735447147398,50,"Rate-conserved"
"Pop22","Pop23",-0.0871871245033339,-0.00589356512253562,50,"Rate-conserved"
"Pop22","Pop24",-0.0484163994139038,-0.0135379631660801,50,"Rate-conserved"
"Pop22","Pop25",-0.00626945594033357,-0.005306307507979,50,"Rate-conserved"
"Pop23","Pop24",0.0386545086032673,-0.0182588004745922,50,"Rate-conserved"
"Pop23","Pop25",0.0728921634028973,-0.0127175337617126,50,"Rate-conserved"
"Pop24","Pop25",0.089480830470692,-0.0161657160304997,50,"Rate-conserved"
