"replicate","scenario","generation","gravity_signed","gravity_abs","divm_signed","divm_abs"
1,"Isotropic",2004,-0.000945115756614181,0.0237802607800822,0.0061224219851773,0.0301410657421698
1,"Isotropic",2054,0.00255846165901412,0.0289184099218879,0.0142391972595161,0.0466024663456447
1,"Isotropic",2104,-0.002287699096778,0.0353231963174478,0.00968893826330623,0.0695478966968179
1,"Isotropic",2154,0.00512800266505276,0.0233507875061633,0.00694826716859439,0.0977201230951997
1,"Isotropic",2204,-0.000464314802101061,0.0275249753432804,0.00936781878000413,0.0562976651776123
1,"Isotropic",2254,0.00943933046523048,0.0197779960873516,-0.00720354328241289,0.0360604037658947
1,"Isotropic",2304,0.00409649635810962,0.0229219431148301,-0.0137746727111621,0.0653436667232583
1,"Isotropic",2354,-0.00539281135804195,0.0262121395000322,-0.0224094208695599,0.0540637314215126
1,"Isotropic",2404,0.00364550850826794,0.0278718270456109,-0.000902637013221952,0.0615315841706463
1,"Isotropic",2454,0.00725907443146119,0.0386983361831141,0.00828525993857384,0.0348682111200778
1,"Isotropic",2504,-0.00132678630179155,0.0335563507793561,0.00476233742653209,0.0652580084422481
1,"Isotropic",2554,-0.000553052015528264,0.0303383273174178,-0.00113326541378815,0.052094774953203
1,"Isotropic",2604,0.00654470281163714,0.0293835157071869,-0.00526738810039802,0.0478073524172288
1,"Isotropic",2654,0.000738821110670844,0.0343516947801884,0.00365495168674191,0.0536527786054709
1,"Isotropic",2704,-0.0021567193351758,0.0409484549950964,0.00615903413127586,0.0597695291327673
1,"Isotropic",2754,-0.00100802736336854,0.0253123800033141,0.00904075237270266,0.0495105669662589
1,"Isotropic",2804,0.00147698315864105,0.0345011216255509,-0.00977819239746429,0.079237738415723
1,"Isotropic",2854,-0.00980144337878057,0.0217813114246262,-0.00393022729506977,0.0380573095994296
1,"Isotropic",2904,7.30435161303725e-05,0.0246873821786407,0.00694532979818405,0.0429519169563993
1,"Isotropic",2954,-0.00893324049814499,0.0410389965534656,0.0238564642445183,0.0617574896261124
1,"Isotropic",2999,-0.0124518669467178,0.0326477452126856,0.0179274694992755,0.068735876772902
1,"Redistributed",2004,0.000871033493353701,0.0266609475989613,0.00633005337715878,0.0431764602401863
1,"Redistributed",2054,-0.00136848067885454,0.0266923241959777,0.0224230751295871,0.0653053701087401
1,"Redistributed",2104,0.00310531036599697,0.0305050780203009,0.0206493065846015,0.0577219510536182
1,"Redistributed",2154,-0.00312340734288469,0.0382258684570182,0.0479102669889911,0.0654828020178041
1,"Redistributed",2204,-0.0145207153076828,0.0434168149268169,0.00283750593682281,0.00751689509837336
1,"Redistributed",2254,-0.0169571023235751,0.0453295082013,NA,NA
1,"Redistributed",2304,-0.0307943673451602,0.0503679835677537,0.0035061578446186,0.00359965804346013
1,"Redistributed",2354,-0.0149449659597109,0.046713482322225,0.00119503139073606,0.0012600891499652
1,"Redistributed",2404,-0.0151933688248903,0.0445188742378544,NA,NA
1,"Redistributed",2454,-0.0277511225990834,0.0463053076758272,NA,NA
1,"Redistributed",2504,-0.03089510274418,0.0601184750754675,0.00201409243820609,0.00263523799343691
1,"Redistributed",2554,-0.00735996251074891,0.0841977425497765,NA,NA
1,"Redistributed",2604,0.00339741622320364,0.0566353564367414,NA,NA
1,"Redistributed",2654,0.0392110014513042,0.0985596462373527,NA,NA
1,"Redistributed",2704,0.0114302960276037,0.0680094431759181,NA,NA
1,"Redistributed",2754,0.000191172996881827,0.106373825536968,NA,NA
1,"Redistributed",2804,0.0338450940775769,0.0887707324773863,NA,NA
1,"Redistributed",2854,0.099609505751423,0.181345043151328,NA,NA
1,"Redistributed",2904,0.0936373994196434,0.239424844912679,NA,NA
1,"Redistributed",2954,0.0957083905803425,0.151888262740293,NA,NA
1,"Redistributed",2999,0.0749102526788594,0.0912001521484592,NA,NA
1,"Obstructed",2004,-0.00149040142625089,0.0232613055120611,0.0345065260553903,0.0929343340819595
1,"Obstructed",2054,-0.00192240941740192,0.0266207938365531,0.0441420730575711,0.093968956258098
1,"Obstructed",2104,-0.00669966637515365,0.0267135761089103,0.0277486208178412,0.0621863526585778
1,"Obstructed",2154,0.000263936515245905,0.0362435043017117,0.0141716917070381,0.0763249720440014
1,"Obstructed",2204,-0.000569438445014042,0.0266769032431643,0.000649590408827647,0.0593878924415172
1,"Obstructed",2254,-0.00349549319039701,0.0279511727914277,0.0171036946726374,0.0455221750382996
1,"Obstructed",2304,-0.00447479405807533,0.0480719920658886,0.0235932732527039,0.0599647224193755
1,"Obstructed",2354,-0.00250740193125061,0.0323395851550849,0.019313959552795,0.0647937768642721
1,"Obstructed",2404,0.00324012314052039,0.0442638935274439,0.027968961442152,0.0761719192867994
1,"Obstructed",2454,-0.00916202843805066,0.0404753099763633,0.0643388616657965,0.0879776118760914
1,"Obstructed",2504,-0.0115315887835479,0.0460751993153039,0.0200181801077096,0.0455316261876575
1,"Obstructed",2554,-0.0115416939226282,0.0416579426741786,0.0345737655850605,0.0796409615994244
1,"Obstructed",2604,-0.00735756373344333,0.0467629783691989,0.0393622815874634,0.0663670314928497
1,"Obstructed",2654,-0.0152291485978743,0.0497943116843034,0.0111377281333421,0.0120381462835976
1,"Obstructed",2704,-5.93733720723887e-05,0.0610190443246065,0.00785244109999091,0.0234077454948259
1,"Obstructed",2754,-0.0178546402836877,0.051325499839589,0,0
1,"Obstructed",2804,-0.0282647240476034,0.0635654455682513,0.0196198274880033,0.0320349615693325
1,"Obstructed",2854,-0.0113097916861693,0.0560321814529696,0.0347386160952352,0.0559476224240817
1,"Obstructed",2904,-0.00353549946437059,0.0540913408535319,0.027440346656809,0.0308014837218599
1,"Obstructed",2954,-0.0218424025750639,0.0537128051836368,0.0329088579282147,0.0448302248083642
1,"Obstructed",2999,-0.0027849766167435,0.0448969216344704,0.00164960468408174,0.00256360204251829
2,"Isotropic",2004,-0.00479402385953322,0.043582174803461,0.00677288246460608,0.0538921650086405
2,"Isotropic",2054,0.0116194820391053,0.0413937350975597,0.00335894662295326,0.0163333122230029
2,"Isotropic",2104,0.00919252150604782,0.0344726873917516,-0.0226430293665208,0.0547189736213853
2,"Isotropic",2154,0.013896112008124,0.0305798428843058,-0.01131288927191,0.0989533764125252
2,"Isotropic",2204,0.00229544786754231,0.0338054906593743,0.00468284183413912,0.0721212823332345
2,"Isotropic",2254,0.00731736914550137,0.0323854589237513,-0.0239043830489242,0.0586213460685228
2,"Isotropic",2304,0.00847515534952187,0.0257861937596468,-0.0170422922423137,0.0588367828359713
2,"Isotropic",2354,-0.00197238079779864,0.0394964327736032,-0.00749093277090884,0.0242174166521512
2,"Isotropic",2404,0.0072543115738545,0.0305703073561151,-0.0163145480055752,0.0413984292126904
2,"Isotropic",2454,0.0108528472680342,0.0333048034268425,-0.013221009686359,0.046855470769611
2,"Isotropic",2504,0.0115570488942456,0.0350929176032328,-0.0207837373244535,0.0618100491225002
2,"Isotropic",2554,0.0160029068155398,0.0417630627638238,-0.0165535133206388,0.0516745262591927
2,"Isotropic",2604,0.0107927358606502,0.0432699687756593,-0.0162452697572333,0.0498735856269736
2,"Isotropic",2654,0.011345591023983,0.0391978357374174,-0.0183564589270242,0.0618948882536377
2,"Isotropic",2704,0.00381164066576573,0.0340630426956619,0.014538259779483,0.0487989361126154
2,"Isotropic",2754,0.0130816261984292,0.0273454367353982,9.5930100375177e-05,0.0514678166000502
2,"Isotropic",2804,0.0067054391025127,0.0423097399633796,-0.0091215984001775,0.0554420948315128
2,"Isotropic",2854,0.00794836456368259,0.0397687170124601,0.0108842940843237,0.0781741458608906
2,"Isotropic",2904,-0.00134160164068967,0.0364304450987798,0.00106705607765909,0.0749794602797457
2,"Isotropic",2954,0.00268199634927814,0.0355551309940615,-0.0186665248234186,0.0805075866275986
2,"Isotropic",2999,0.00305427886663763,0.0388147668126124,-0.00901180382377778,0.052045334306804
2,"Redistributed",2004,0.00220637208226908,0.0277220583977154,0.00474860815206053,0.0561627926286691
2,"Redistributed",2054,-0.00236882790332044,0.0398156421356833,0.0137081147740466,0.0533043316370993
2,"Redistributed",2104,0.00226788247127993,0.0283158528803002,0.0324597978767955,0.0661043528700723
2,"Redistributed",2154,-0.00496120736761878,0.0318367925630358,0.0427181250775712,0.07923352133824
2,"Redistributed",2204,-0.00988138531768236,0.0397336590942839,0.0169466011228438,0.0677639642539161
2,"Redistributed",2254,-0.0100463150358647,0.0298204008798392,0.00926756740317066,0.0117855539356642
2,"Redistributed",2304,-0.00731208661795519,0.036045489593125,NA,NA
2,"Redistributed",2354,-0.0161893925549587,0.0504835357083326,NA,NA
2,"Redistributed",2404,0.0112652139091354,0.077576560982385,NA,NA
2,"Redistributed",2454,-0.0115665071221318,0.0711711433566451,NA,NA
2,"Redistributed",2504,0.0214451957226849,0.0636091314939454,NA,NA
2,"Redistributed",2554,0.02969899127252,0.0882157336227909,NA,NA
2,"Redistributed",2604,0.00448456658129354,0.0601581480436317,NA,NA
2,"Redistributed",2654,0.00409998542368998,0.0431267288646425,NA,NA
2,"Redistributed",2704,0.0805285115483811,0.16090780007329,NA,NA
2,"Redistributed",2754,0.04036097567638,0.10540432487221,NA,NA
2,"Redistributed",2804,0.0733027758878617,0.187726862151032,NA,NA
2,"Redistributed",2854,0.0850729127841733,0.163583140583982,NA,NA
2,"Redistributed",2904,0.0380145746149067,0.0735306153014661,NA,NA
2,"Redistributed",2954,0.0900908825450664,0.159483098186891,NA,NA
2,"Redistributed",2999,0.120986947537631,0.145564445751845,NA,NA
2,"Obstructed",2004,0.00501277377417093,0.0408492225380683,-0.0066629753483679,0.0538007333668139
2,"Obstructed",2054,-0.000367246161087319,0.0329620664871905,-0.0104646890002303,0.0760561376373517
2,"Obstructed",2104,-0.00378381614943778,0.02127177556023,-0.00582824699436762,0.0552070762035102
2,"Obstructed",2154,0.00251905848789161,0.0306240577582757,0.016038278213306,0.0746621731964982
2,"Obstructed",2204,0.00401008747336604,0.0299928713134478,0.0166776480347113,0.0607271282072061
2,"Obstructed",2254,0.00337498895723575,0.0224182590091066,0.0113112759610407,0.064186294431732
2,"Obstructed",2304,-0.00850100124798185,0.0251549776088931,0.0071005027201981,0.0465848827640769
2,"Obstructed",2354,-0.0106573826659317,0.0355254341256639,0.0423332236046286,0.0700588468350198
2,"Obstructed",2404,-0.00360414146721946,0.032329213336672,0.0255863732383071,0.040167537055848
2,"Obstructed",2454,-0.0048234605928315,0.0452363851389869,0.0280827250428286,0.0439549211417158
2,"Obstructed",2504,0.00249379996142913,0.029993399284962,0.0245578738301353,0.0439350916800937
2,"Obstructed",2554,-0.00807559030114103,0.025484787637144,0.0108883610953725,0.0112555995324227
2,"Obstructed",2604,-0.019139840654167,0.0469920966766953,0.0133784115477532,0.0136043878024462
2,"Obstructed",2654,-0.00879436351158144,0.0509263040693878,NA,NA
2,"Obstructed",2704,-0.00184114804008512,0.0530815018921002,NA,NA
2,"Obstructed",2754,-0.0234389809797656,0.0608214991318216,NA,NA
2,"Obstructed",2804,0.00885212276808745,0.079886187735613,NA,NA
2,"Obstructed",2854,-0.0110350116519675,0.0806415790908304,NA,NA
2,"Obstructed",2904,-0.00844437737897669,0.0582211129213539,NA,NA
2,"Obstructed",2954,-0.000822775587943306,0.0713918333999487,NA,NA
2,"Obstructed",2999,0.0526970432891365,0.10733250378773,NA,NA
3,"Isotropic",2004,0.00426943389786655,0.0275400298096055,-0.00562464368968603,0.0756703150517264
3,"Isotropic",2054,0.000241545450723438,0.0464892987625349,0.0101726176186278,0.0470838171916176
3,"Isotropic",2104,-0.00462108417787176,0.0333984261565667,0.0125927404698986,0.0637716115493682
3,"Isotropic",2154,-0.00363824449865347,0.0310328962218151,0.0135370176278162,0.0562945896013888
3,"Isotropic",2204,-0.00445133142852287,0.0262450090305022,-0.0120456649574215,0.0400929072784398
3,"Isotropic",2254,-0.00540563549456335,0.0291201225080112,-0.0137591108451378,0.0476408879147202
3,"Isotropic",2304,0.00143486834343152,0.0286385193799693,-0.0179396383780523,0.0807674563699818
3,"Isotropic",2354,0.0047522278068551,0.031928543753042,-0.0148045338738214,0.052340810352411
3,"Isotropic",2404,-3.35105431674819e-05,0.0267242847018087,-0.0314643478339335,0.0820757594362351
3,"Isotropic",2454,0.00338171402442861,0.0317469394712925,-0.0190781498216968,0.0978011679452877
3,"Isotropic",2504,-0.00150787405672147,0.031460852400663,-0.00185918898224585,0.0577518848303252
3,"Isotropic",2554,-0.00334771115577899,0.0294188754050395,0.000846292957535397,0.0468910042008564
3,"Isotropic",2604,-0.00709829294614766,0.0310062942596259,-0.00312801416117003,0.101572672536661
3,"Isotropic",2654,-0.00206750768075795,0.0236340904945736,-0.00360480367334767,0.0448204182773316
3,"Isotropic",2704,-0.0028107787613799,0.0337933427917515,0.00240413518921263,0.0489851072521447
3,"Isotropic",2754,0.0104171661314541,0.0252911034679357,0.0111892883111274,0.096591289370121
3,"Isotropic",2804,0.00829521784153446,0.0189017795062602,0.010212729406486,0.0390255898168619
3,"Isotropic",2854,0.00193773666604741,0.0325538603118556,0.0118002618623767,0.0680986559860751
3,"Isotropic",2904,-0.0022731093512198,0.0262639245325343,-0.000901770722981207,0.0420643404223844
3,"Isotropic",2954,0.000160891178051318,0.0293019725500356,0.0135720216341619,0.0490252841226467
3,"Isotropic",2999,-0.00034384973279784,0.0295124086308617,0.00868996483753231,0.0786968468731408
3,"Redistributed",2004,0.00144971943202514,0.0310200141847647,0.00569354670774117,0.0834633030898064
3,"Redistributed",2054,-0.00539348823987623,0.0306215111731878,0.0316406589451906,0.0785776425476718
3,"Redistributed",2104,0.00222713370091909,0.0308619612532205,0.02622642361288,0.0537915169207476
3,"Redistributed",2154,-0.00359898398644968,0.0254293947236835,0.00406087700236342,0.0580838656552169
3,"Redistributed",2204,-0.00818514964351796,0.0252570862013319,0.0199726731877648,0.0566465676212286
3,"Redistributed",2254,-0.00940508660572376,0.0312529366256544,0.0290751548857863,0.0579906353964049
3,"Redistributed",2304,-0.0140319946858559,0.0393988490479274,0.0316423782936673,0.0612989115597365
3,"Redistributed",2354,-0.0167116005974977,0.0429485309849564,0.0364756447157576,0.0478180143222871
3,"Redistributed",2404,-0.0230215797254357,0.0419860818094899,0.00034349288193232,0.000523915098148645
3,"Redistributed",2454,-0.0191458444092572,0.0446177486984093,NA,NA
3,"Redistributed",2504,-0.0148031951655169,0.0616373225332279,NA,NA
3,"Redistributed",2554,-0.0102766524074448,0.0656624339479657,NA,NA
3,"Redistributed",2604,-0.0010826633461834,0.0691572244954606,NA,NA
3,"Redistributed",2654,-0.0131487962688344,0.0650738143107083,NA,NA
3,"Redistributed",2704,0.0268829079380951,0.0984875923424278,NA,NA
3,"Redistributed",2754,0.0135728967981391,0.0603173119074246,NA,NA
3,"Redistributed",2804,0.0380319091465275,0.075994544182806,NA,NA
3,"Redistributed",2854,0.122629462049148,0.194103907942668,NA,NA
3,"Redistributed",2904,0.0502778304778548,0.105591087871262,NA,NA
3,"Redistributed",2954,0.0293608730547084,0.104743244939307,NA,NA
3,"Redistributed",2999,0.0809072474714467,0.120886458298035,NA,NA
3,"Obstructed",2004,0.00153107919966561,0.020960772850122,-0.00737468632622269,0.0602637932350327
3,"Obstructed",2054,-0.00590686316508738,0.0306940385595328,0.0206368960403675,0.0886719763126302
3,"Obstructed",2104,-0.00340956295989226,0.0280797448075524,0.0238627157027554,0.0747576922262982
3,"Obstructed",2154,-0.00310242683851894,0.0385734181292168,0.00949313578530721,0.0154359459820787
3,"Obstructed",2204,-0.0091114021649534,0.0293020929742545,0.0405887653430505,0.0804679288111108
3,"Obstructed",2254,-0.0235430690050686,0.0411202119902324,0.0441793484609711,0.0725225174761378
3,"Obstructed",2304,-0.00854386103494058,0.0411109174480793,0.0341139798849381,0.0441958982201148
3,"Obstructed",2354,-0.0161510794927042,0.0433570696323708,0.0204646293524011,0.0588180255497987
3,"Obstructed",2404,-0.0141129933127986,0.0437966426614602,0.0329747257883145,0.0669803408680613
3,"Obstructed",2454,-0.0143864214752503,0.0406661620914568,0.00586024025241989,0.00786579525214373
3,"Obstructed",2504,-0.0189306664961312,0.043838338585892,0.0197922069600094,0.037183463449591
3,"Obstructed",2554,-0.0117878655548142,0.0460959489762794,0.00829560139871771,0.0317882281811285
3,"Obstructed",2604,-0.0237602469002141,0.0491910553652801,NA,NA
3,"Obstructed",2654,-0.0274372338455357,0.0505271919163497,NA,NA
3,"Obstructed",2704,-0.01188717515893,0.067696091023892,NA,NA
3,"Obstructed",2754,-0.0228579917153876,0.0539399026955446,NA,NA
3,"Obstructed",2804,0.00482660181778097,0.0738083140375194,NA,NA
3,"Obstructed",2854,0.00542867943177153,0.0787813802863104,NA,NA
3,"Obstructed",2904,0.0125419318499035,0.0826273446307727,NA,NA
3,"Obstructed",2954,0.0118351524829776,0.0888622425492287,NA,NA
3,"Obstructed",2999,0.084401523211975,0.147901378863212,NA,NA
4,"Isotropic",2004,0.00757337348964936,0.0267173427049458,0.00776732486440489,0.0695566483198428
4,"Isotropic",2054,0.00722644002356508,0.029808584137742,-0.0237095117507146,0.037072479926275
4,"Isotropic",2104,0.00216933851550399,0.029441635043795,-0.00572056871217378,0.0579810390173736
4,"Isotropic",2154,-0.00906032292553331,0.0302835930234412,0.00995901586696841,0.0625222200889966
4,"Isotropic",2204,0.000618785016153162,0.0233883068750029,-0.00504385996638965,0.0706886833361563
4,"Isotropic",2254,0.008360317847892,0.0267250187650108,-0.00441816135225505,0.0606506853000549
4,"Isotropic",2304,0.00123941234884601,0.0231220234520086,-0.00916654301427063,0.0499557821511892
4,"Isotropic",2354,0.000879928501571838,0.0198368317656248,-0.0131919822410508,0.0841295113908915
4,"Isotropic",2404,0.00605389928194442,0.0289578359158619,-0.0178818053274603,0.042403682306006
4,"Isotropic",2454,0.0023269003701706,0.0283932274563107,-0.0132844661683334,0.042695155813234
4,"Isotropic",2504,0.00627470307648459,0.0248682690895396,-0.0115194131983773,0.0472269813204094
4,"Isotropic",2554,0.00532007045488148,0.023954023552875,-0.00834373376613706,0.0663851581688164
4,"Isotropic",2604,0.00868082960232328,0.0247193015110889,-0.0260044459655881,0.0532668835634762
4,"Isotropic",2654,0.00259447252162645,0.0205144166759418,-0.0154225322693694,0.075841195799453
4,"Isotropic",2704,-0.00257136497566749,0.0242549328329773,-0.0050606385113098,0.042814054360091
4,"Isotropic",2754,-0.00787820069555921,0.0282271001433414,0.00479363655833865,0.0414839226568556
4,"Isotropic",2804,-0.00366787305420067,0.0297151764986303,0.0117668955573976,0.0424366135070251
4,"Isotropic",2854,-0.00363345768361719,0.032504304653822,0.00565699527430865,0.0345378392057827
4,"Isotropic",2904,-0.0045255590830703,0.0467979698472799,0.0176594030632547,0.091141028088465
4,"Isotropic",2954,-0.00297225078519137,0.0315143532657197,0.0273895791034038,0.0785173556254071
4,"Isotropic",2999,-0.00346118765999575,0.0298651261359166,0.0129323016874688,0.0672327642638048
4,"Redistributed",2004,0.0143995607709988,0.0328599219703742,0.00990552186178438,0.0466042788828718
4,"Redistributed",2054,0.00114399674082504,0.0303499450673133,-0.0114920053109655,0.046947558695012
4,"Redistributed",2104,0.00238886192539732,0.0341730209759999,-0.00268599040840702,0.0478527004636001
4,"Redistributed",2154,0.00577042681735797,0.0441344327364339,0.0225639489693393,0.0840009380083188
4,"Redistributed",2204,-0.00711851064233451,0.0368617706682513,0.037642729494358,0.0571164583674602
4,"Redistributed",2254,-0.0109775239428725,0.0398753869169245,0.0584656688446217,0.0708139371620672
4,"Redistributed",2304,-0.0219961571693522,0.0470536751484202,0.0219226491905157,0.0236322431221265
4,"Redistributed",2354,-0.0287967601110612,0.0451978170759149,0.0239322618290489,0.0267212602989011
4,"Redistributed",2404,-0.0295407102151768,0.0488621688564915,0.0605122682766716,0.0743076649651698
4,"Redistributed",2454,-0.0297341386978395,0.0593998757376763,NA,NA
4,"Redistributed",2504,-0.0302271827024834,0.0581943481947797,NA,NA
4,"Redistributed",2554,-0.02980523874563,0.0598049879529977,NA,NA
4,"Redistributed",2604,-0.0364997506276499,0.0628324939624141,NA,NA
4,"Redistributed",2654,-0.00990230098680015,0.0884440650356763,NA,NA
4,"Redistributed",2704,0.0185737272897654,0.0458665529792397,NA,NA
4,"Redistributed",2754,0.123956647172407,0.191334813706501,NA,NA
4,"Redistributed",2804,0.021691246193831,0.0821537850807072,NA,NA
4,"Redistributed",2854,0.0487719861606184,0.118269441212338,NA,NA
4,"Redistributed",2904,0.0401344755642295,0.0979846346934009,NA,NA
4,"Redistributed",2954,0.0742247870151326,0.0902467688778994,NA,NA
4,"Redistributed",2999,0.077114674439509,0.0910218748410718,NA,NA
4,"Obstructed",2004,0.00162938564397223,0.0287422715758485,0.00518775909245461,0.0458482300234257
4,"Obstructed",2054,0.000472961039425831,0.0317903551326996,0.00630806644157319,0.0748010558239116
4,"Obstructed",2104,-0.000995801679505826,0.0351194818302453,0.0109928570801387,0.032706173116454
4,"Obstructed",2154,-0.00518483304634926,0.0302875652083608,0.0409554038945545,0.0834517535605405
4,"Obstructed",2204,-0.00414072535321831,0.027438242556026,0.0210861338553745,0.047450248388335
4,"Obstructed",2254,-0.00586142493146679,0.0288567768007512,0.0352884492100595,0.0614196732848957
4,"Obstructed",2304,-0.00865599052232027,0.0391869681921254,0.0325438709634425,0.0510783858893307
4,"Obstructed",2354,-0.00404777273849347,0.0304567080893696,0.038611994626622,0.0855587591409328
4,"Obstructed",2404,-0.0102577588550067,0.0400483653839615,0.0143494473921419,0.0327517595908989
4,"Obstructed",2454,-0.00943333594869835,0.0286750031853619,0.012129187849264,0.0137031943147175
4,"Obstructed",2504,-0.0143005864649244,0.0281248043855465,0.0292531636051435,0.0360350090059519
4,"Obstructed",2554,-0.0112370905349285,0.0349894939849777,0.0556395037955025,0.0857470411151929
4,"Obstructed",2604,-0.0175481863256428,0.0318524779783035,0.0509446880838816,0.0694187074315477
4,"Obstructed",2654,-0.018906277915941,0.0514107104595303,0.0204911903215153,0.03599790009497
4,"Obstructed",2704,-0.0190882107229576,0.0325138023600836,0.045881321833341,0.0729618486462215
4,"Obstructed",2754,-0.0214456244596323,0.0404224006937119,0.0119720176778527,0.0344330597111039
4,"Obstructed",2804,-0.014498645160179,0.0383992991811746,0.0255528379337015,0.0395467363442013
4,"Obstructed",2854,-0.0234927798763162,0.0437747955740183,0.0138310114440845,0.021105960408301
4,"Obstructed",2904,-0.0190195632623726,0.0346995983452748,0.010867640570208,0.0114096627353108
4,"Obstructed",2954,-0.0252245974072288,0.0424190367756017,0.0111153640933302,0.0268233357927043
4,"Obstructed",2999,-0.024858536022713,0.0429138591239373,0.00784726258009978,0.0104767227196277
5,"Isotropic",2004,0.00388529344010393,0.0371869182014999,-0.0132944495224956,0.0777059087387032
5,"Isotropic",2054,0.000274905268292104,0.0387663767810594,-0.016121907381971,0.0691260248731074
5,"Isotropic",2104,0.00513143074283064,0.0336095367426247,0.00899695949308367,0.0750515212416177
5,"Isotropic",2154,0.000377110885585654,0.0307280410205751,-0.0010707790786758,0.0402289055951254
5,"Isotropic",2204,0.0088179510065924,0.043835683241522,0.00745464524608973,0.076371345123769
5,"Isotropic",2254,0.00307949636223948,0.0342272281125837,0.000103496375247455,0.0663264193235889
5,"Isotropic",2304,-0.00376742268621109,0.0358266259271427,0.00315452393378044,0.0832491098234959
5,"Isotropic",2354,-0.0042280355608394,0.0335698065106688,0.0340043087058379,0.0822772886663885
5,"Isotropic",2404,-0.00175210529256003,0.0369633963358911,0.017803000344217,0.0964624768290357
5,"Isotropic",2454,-0.00596740397207571,0.0375708797750216,0.0169211956958887,0.0634490651318702
5,"Isotropic",2504,-0.0045883092648869,0.0346970055322638,-0.0085014201599239,0.0622086406092108
5,"Isotropic",2554,0.01143056125765,0.0473187091408886,-0.018982167948771,0.060881229007175
5,"Isotropic",2604,0.00406268192446187,0.0434712084016786,-0.00550340393477158,0.0571225796502897
5,"Isotropic",2654,-0.0124313968062563,0.0432150214010529,0.00827782335008603,0.0716228573532713
5,"Isotropic",2704,-0.000302621992118338,0.0296503186115196,-0.0160112243555155,0.102749472353933
5,"Isotropic",2754,0.00890733614225107,0.0379296745828039,-0.0346972123311652,0.0985248610384304
5,"Isotropic",2804,-0.0120353470511517,0.0449228286662164,-0.0055658007570732,0.0707304931740097
5,"Isotropic",2854,-0.000488454013694626,0.0374991661534385,-0.0167826539058225,0.107304571563386
5,"Isotropic",2904,0.00523116000306857,0.0439608807951748,-0.0205853430988447,0.072081430838408
5,"Isotropic",2954,-0.000752004661009198,0.030152098631201,-0.0232829608609,0.102635194011978
5,"Isotropic",2999,0.0084969593040458,0.0311943247362144,-0.0105637592333973,0.11018666096321
5,"Redistributed",2004,0.00526458123975121,0.0340012367492726,0.00738909447647086,0.0837437539593566
5,"Redistributed",2054,-0.00534270688779292,0.0409788596236885,0.00115349816680255,0.0593873730850255
5,"Redistributed",2104,-0.00497354315547585,0.0330013457419125,0.04384062500315,0.0577624661677977
5,"Redistributed",2154,-0.023888695326425,0.0485260603027253,0.0453507141411144,0.070028186617227
5,"Redistributed",2204,-0.0157912989397733,0.0528863967950667,0.0590677853575797,0.0697040548029237
5,"Redistributed",2254,-0.0187898399161135,0.0538294831923398,0.0547500821173087,0.0657367657045143
5,"Redistributed",2304,-0.0244987066331462,0.0547457076890452,0.00498889182124464,0.0323321935531373
5,"Redistributed",2354,-0.00932580481724981,0.0598718240668658,0.0150594033243506,0.018732527469935
5,"Redistributed",2404,-0.0130137934405752,0.0471536514818783,-0.0116396619007443,0.0223180615373079
5,"Redistributed",2454,-0.0180378002258148,0.0541508964712709,0.015291943318361,0.0153808555730964
5,"Redistributed",2504,-0.0382318289092252,0.0527170841007713,NA,NA
5,"Redistributed",2554,-0.012434939638845,0.0515063887433741,NA,NA
5,"Redistributed",2604,0.011078482928922,0.103032957916426,NA,NA
5,"Redistributed",2654,0.00255764386922095,0.110742585009511,NA,NA
5,"Redistributed",2704,0.0288029577643129,0.101768281607371,NA,NA
5,"Redistributed",2754,0.0530120718394864,0.117231275934129,NA,NA
5,"Redistributed",2804,0.0135965392282299,0.0549874024962579,NA,NA
5,"Redistributed",2854,0.0692244200359579,0.154961913093629,NA,NA
5,"Redistributed",2904,0.104721128077424,0.183329267991477,NA,NA
5,"Redistributed",2954,0.0796497882313832,0.114462126406191,NA,NA
5,"Redistributed",2999,0.0861995838976329,0.135767717307746,NA,NA
5,"Obstructed",2004,0.00237165687627986,0.0341595997632575,-0.00174761444097559,0.0669822847008019
5,"Obstructed",2054,-0.0031797650453565,0.021972584389908,-0.000858480598767078,0.0782729326218448
5,"Obstructed",2104,-0.00815011475455205,0.0370567733732484,-0.00117905939414398,0.0782200067239767
5,"Obstructed",2154,-0.00190538633242872,0.0458487680218841,0.0385464922925982,0.0903427517672928
5,"Obstructed",2204,-0.0142639084008056,0.0362355507607376,0.0356903261446457,0.096265407656282
5,"Obstructed",2254,-0.0026837179834022,0.031360205778109,0.0171438978099256,0.0571145479836981
5,"Obstructed",2304,-0.0133558495029474,0.0340968536072689,0.0689249329467021,0.0896524120664927
5,"Obstructed",2354,-0.014955222496895,0.0404452530971272,0.0600930763906477,0.0781748665400118
5,"Obstructed",2404,-0.0131370527897539,0.0548270752028218,0.0161743570291844,0.0273124982190635
5,"Obstructed",2454,-0.0200358249518904,0.0554718504598289,0.02618351846063,0.0323664224319363
5,"Obstructed",2504,-0.0238743475671863,0.0397126352676368,0.0263551631641311,0.0420966270771242
5,"Obstructed",2554,-0.0168429812130512,0.0395088102338517,0.016982527416983,0.0329920441839001
5,"Obstructed",2604,-0.0244877455984478,0.0396954116577381,0.0333702305225262,0.0530562250424727
5,"Obstructed",2654,-0.0157992750271397,0.0558772022400059,0.0423079107525745,0.0748749124687051
5,"Obstructed",2704,-0.0144458387754321,0.0554741812943262,0.0191345736588122,0.024941803575085
5,"Obstructed",2754,-0.0274754052572808,0.0506849923419453,-0.0100358423965788,0.0155022775778674
5,"Obstructed",2804,-0.011731457086776,0.0645069441388334,0.0134077637278612,0.0136413160388922
5,"Obstructed",2854,-0.0167754176584991,0.0531982285176653,0.0024357833743669,0.00709423684883761
5,"Obstructed",2904,-0.031617418745269,0.0608828066523164,0.0149310860543781,0.014964645144555
5,"Obstructed",2954,-0.019808737967725,0.0628395180772205,NA,NA
5,"Obstructed",2999,-0.0333483801957621,0.0800063884199713,0.000224349467792925,0.000476048201678682
6,"Isotropic",2004,-0.00427857145033623,0.0280018641078512,-0.00371745734879279,0.0958371833597524
6,"Isotropic",2054,-0.00343146489039165,0.0310661872513642,0.0228812075721772,0.0511907108911086
6,"Isotropic",2104,0.00141522291615782,0.036711790457681,-0.00269478957935864,0.0384608053670004
6,"Isotropic",2154,-0.00235200529577305,0.0291091713164741,0.0145345059730263,0.0745038173171129
6,"Isotropic",2204,-0.00266034396736348,0.026008865812085,-0.00365787194366838,0.0835218913893875
6,"Isotropic",2254,0.00302561687358232,0.0332880962451122,0.000591306193980387,0.0501547906750349
6,"Isotropic",2304,-0.00518879604297235,0.032094136049504,0.000832997481453472,0.075920380418916
6,"Isotropic",2354,-0.011338694727357,0.0439762505472641,0.0175218991234113,0.0481495036237202
6,"Isotropic",2404,-0.00486693014205837,0.03957478443399,0.0207805690829408,0.0686032871331837
6,"Isotropic",2454,-0.0124341605363629,0.0393161397830774,0.00668590896895609,0.0346341510539754
6,"Isotropic",2504,-0.0171403343759791,0.0378709900189408,0.00327012319215488,0.0281148133912575
6,"Isotropic",2554,-0.00640645020858417,0.0291386262665254,0.00539446923236235,0.0666917690027757
6,"Isotropic",2604,-0.00238402937389515,0.0309183023797979,0.0308574327482782,0.0902384296054001
6,"Isotropic",2654,-0.00782961322570683,0.0439286842593419,0.00486233519698988,0.0314329195944695
6,"Isotropic",2704,-0.0162095262845149,0.0342131943405865,0.032091830255785,0.0646480057343862
6,"Isotropic",2754,-0.00823019887648374,0.0268369393101515,0.0177081103928389,0.0648676756722106
6,"Isotropic",2804,-0.00755881210452501,0.044444649660787,0.0046282163140769,0.0247181506580486
6,"Isotropic",2854,-0.003806627772247,0.0426540401255225,0.00812802215891176,0.0403960776484802
6,"Isotropic",2904,-0.00659331690825551,0.0353115148565783,0.00900004437276895,0.0581927781945255
6,"Isotropic",2954,-0.00636516246018323,0.0444805563097468,1.8764162346665e-06,0.0375546441448268
6,"Isotropic",2999,-0.00904068887450571,0.0281112835559496,0.0126732083214595,0.0320660303041861
6,"Redistributed",2004,-0.00960235360372813,0.0367026104391686,0.0131915526788154,0.061309360001736
6,"Redistributed",2054,-0.00190439628822632,0.0347227948067771,0.0137655063101837,0.0440603468218529
6,"Redistributed",2104,-0.00948122003033343,0.0311697945068937,0.0377626081426705,0.0648818545274422
6,"Redistributed",2154,-0.00943261963221629,0.0375948175688424,0.0514615041492849,0.0670576069759301
6,"Redistributed",2204,-0.00847749811507592,0.0399921336269242,0.0637410775258031,0.0972796717680684
6,"Redistributed",2254,-0.0162274217347631,0.0364485555819308,0.0252859438110142,0.0315202732326107
6,"Redistributed",2304,-0.0144067916367902,0.0336034207647259,0.0318097963193401,0.0360826607351796
6,"Redistributed",2354,-0.0183969868512932,0.0367387729489194,0.0755601872229833,0.0956123372277978
6,"Redistributed",2404,-0.0069594171105628,0.0387986033302275,0.031603020996322,0.044887536398358
6,"Redistributed",2454,-0.0149400154306198,0.0406607826223588,NA,NA
6,"Redistributed",2504,-0.0171130705495092,0.0536976857728256,0.00883676782811265,0.0114441615944543
6,"Redistributed",2554,-0.0161070471672653,0.0704647471713955,NA,NA
6,"Redistributed",2604,-0.0111072411681433,0.0562820108705833,NA,NA
6,"Redistributed",2654,0.000210722190296931,0.0779996060920753,NA,NA
6,"Redistributed",2704,-0.00767537543980988,0.097310857116561,NA,NA
6,"Redistributed",2754,0.0429376017189072,0.140929331300123,NA,NA
6,"Redistributed",2804,0.0227206818201427,0.10664306376341,NA,NA
6,"Redistributed",2854,0.101287780299352,0.168403846586051,NA,NA
6,"Redistributed",2904,0.0269684584348172,0.081410517325466,NA,NA
6,"Redistributed",2954,0.0514179888316995,0.109554690228957,NA,NA
6,"Redistributed",2999,0.0537124495643715,0.0803974537278328,NA,NA
6,"Obstructed",2004,-0.00136204726808915,0.0294565361455573,-0.0125420757589476,0.0753881347668132
6,"Obstructed",2054,0.0015323581367036,0.0273756135229736,0.0151812548147205,0.0602460713467241
6,"Obstructed",2104,0.00140901243825102,0.0285354767561215,0.0257964859965444,0.0911722806664302
6,"Obstructed",2154,-0.0104187267145404,0.0337243009951674,0.0386973473241995,0.079090223074834
6,"Obstructed",2204,-0.0133814389442974,0.0305876592279285,0.0459187281325048,0.0723746617577564
6,"Obstructed",2254,-0.00806475801556157,0.0484237644561981,0.01883718117795,0.0419601261967028
6,"Obstructed",2304,-0.0108042056624046,0.0448793174139083,0.0338239774512926,0.0569040400523447
6,"Obstructed",2354,-0.00624642500561661,0.0311531660975925,0.0112329715942522,0.0282759583045365
6,"Obstructed",2404,-0.0129587647332069,0.0356140152272105,0.0120980621652628,0.0267314758412121
6,"Obstructed",2454,-0.0200068017083795,0.0467401353810377,0.0171233980562233,0.0385924125917592
6,"Obstructed",2504,-0.00801377641221332,0.0464414804000506,NA,NA
6,"Obstructed",2554,-0.0223331800449816,0.0498330595049555,NA,NA
6,"Obstructed",2604,-0.00965758600864105,0.0471240627128894,0.0323361927311666,0.0533008871463138
6,"Obstructed",2654,-0.0161567430673721,0.0341739014739935,NA,NA
6,"Obstructed",2704,-0.0130521747706775,0.0386477695711649,0.000289391990109279,0.000345906472684906
6,"Obstructed",2754,-0.0137676824898127,0.0438018530876152,0.0207503169893988,0.0271011005772928
6,"Obstructed",2804,-0.012348416410045,0.0452505636526472,0.0192210934465748,0.0243639982993473
6,"Obstructed",2854,-0.0191507448208774,0.0439731508986668,0.00211833489260279,0.00503614267739849
6,"Obstructed",2904,-0.00317907908347689,0.0426540127264276,-37556962.9811474,37556963.005528
6,"Obstructed",2954,-0.0178609566155271,0.0556499087286803,0.00623610350451908,0.00817100768303359
6,"Obstructed",2999,-0.0226051189313804,0.0560459464272908,0.000674238438661831,0.00321160255901389
7,"Isotropic",2004,-0.00318295173322629,0.0365195194574752,-0.00157078185690508,0.0455980116332401
7,"Isotropic",2054,-0.00239705403771525,0.0434737978023298,0.0109820031446175,0.070695170984136
7,"Isotropic",2104,-0.00519559188264077,0.0383894137886419,0.00773572933035959,0.0573675878491036
7,"Isotropic",2154,-0.00218544945526634,0.0401036224614493,0.00352938978264172,0.0787912364403802
7,"Isotropic",2204,-0.00295615940674298,0.0324298858707584,-0.00487793828175556,0.0537983940537489
7,"Isotropic",2254,-0.00215322480739046,0.0325623915862894,-0.0109678244232726,0.0537784621265376
7,"Isotropic",2304,-0.00351703689253696,0.0359435916355103,-0.00618223271213648,0.0773979142490878
7,"Isotropic",2354,-0.00483654512460735,0.0341733629291888,0.0094706364936697,0.0780444775291082
7,"Isotropic",2404,0.00802161215357741,0.0371606488638114,0.00727723839145633,0.0563473906168635
7,"Isotropic",2454,-0.00318330032453087,0.0278935673987886,0.0257528419012918,0.0789672960262076
7,"Isotropic",2504,-0.00121821211994989,0.0287995037500551,0.00904778271255093,0.024891891614812
7,"Isotropic",2554,0.00734579250224727,0.0324097696065861,-0.00300102963426416,0.096918949032516
7,"Isotropic",2604,0.00289358707972042,0.0361875351305607,-0.000790067207370238,0.127089034475165
7,"Isotropic",2654,0.00372598832591706,0.056119067456101,0.0123048991221012,0.0686692517686499
7,"Isotropic",2704,0.00614205103545212,0.0368219754904255,0.0074689584193553,0.0465245252695434
7,"Isotropic",2754,0.0104172715591184,0.0352644047219111,-0.015800383803652,0.0340996581051912
7,"Isotropic",2804,-0.00530835094629413,0.0356483238471164,-0.00854739693408444,0.0400871065687515
7,"Isotropic",2854,-0.0121531801789709,0.0629505317787811,-0.0262969867844825,0.103965231607943
7,"Isotropic",2904,0.000188318542029732,0.0381864647356493,-0.02574702796856,0.0495996103894243
7,"Isotropic",2954,-0.00206976785648797,0.0490383186689868,-0.00434913433644081,0.0532755003621219
7,"Isotropic",2999,-0.000102287567064545,0.0401077124850674,-0.00440007294218634,0.0297856309460096
7,"Redistributed",2004,-0.00554576846732322,0.0336312619091854,-0.0023856045939696,0.0343854478465357
7,"Redistributed",2054,0.00905486093251313,0.0513789359345052,-0.00393145919642114,0.0548891272907059
7,"Redistributed",2104,-0.00726322114194315,0.0376853513699347,0.0249835914364603,0.108273275843061
7,"Redistributed",2154,-0.0144588484972593,0.0345887523950456,0.00342697185385014,0.0146235585630743
7,"Redistributed",2204,-0.012458751033094,0.03213012137692,0.0125069840520681,0.0224760254133273
7,"Redistributed",2254,-0.0199970482584789,0.0453053402702024,0.0283542996046453,0.0489499626997109
7,"Redistributed",2304,-0.00950962106736095,0.0434074427208472,0.00500677545267166,0.0061702510155485
7,"Redistributed",2354,-0.0229579896109409,0.0394200810657962,0.0260110928427456,0.0441560328357451
7,"Redistributed",2404,-0.0159266329637301,0.0557970053253735,0.0255385746132307,0.0328650979480829
7,"Redistributed",2454,-0.0283114082462021,0.0467336538257105,0.0315247805149374,0.0440361747838382
7,"Redistributed",2504,-0.0134357356906011,0.0508351752701,0.000606491100749035,0.000667574335069728
7,"Redistributed",2554,-0.0260811276763396,0.0557226919856449,NA,NA
7,"Redistributed",2604,-0.0363576121796287,0.0642788880793735,NA,NA
7,"Redistributed",2654,-0.00327589270524649,0.0810598498841396,NA,NA
7,"Redistributed",2704,0.0191261271412124,0.113281129846642,NA,NA
7,"Redistributed",2754,0.0336559255819818,0.15596566337762,NA,NA
7,"Redistributed",2804,0.0389531251347688,0.132712074991788,NA,NA
7,"Redistributed",2854,0.0239387980213076,0.108939469206441,NA,NA
7,"Redistributed",2904,0.0306472588528532,0.0784989288630929,NA,NA
7,"Redistributed",2954,0.0757859980870424,0.0929858499860515,NA,NA
7,"Redistributed",2999,0.0790591792151998,0.0989846575779894,NA,NA
7,"Obstructed",2004,-0.00229642541909408,0.0336278918039448,-0.0293020233235161,0.0709847894211183
7,"Obstructed",2054,-0.0045130653811246,0.0256408687108802,0.0193914364702232,0.0976057207457996
7,"Obstructed",2104,-0.00209034737333363,0.0292784576826985,0.0126544098631271,0.0666407658470166
7,"Obstructed",2154,0.00139385867777339,0.0321703836903462,0.0273321474490555,0.0495652959674054
7,"Obstructed",2204,-0.00783815614489428,0.035172635945092,0.0181281598721562,0.077522440472277
7,"Obstructed",2254,-0.00934371550146058,0.0419309537346896,0.0378284098608235,0.0752766012482029
7,"Obstructed",2304,-0.0101898782579514,0.0412193437217046,0.0221158374128596,0.050778101482041
7,"Obstructed",2354,-0.0109352308819037,0.0359691538382111,0.0364779515357338,0.0652283213644212
7,"Obstructed",2404,-0.0121958671316698,0.0303476270991945,0.0259022866341863,0.0412147320755386
7,"Obstructed",2454,-0.021051925561419,0.043293105667778,0.0339630802770158,0.0560140239044409
7,"Obstructed",2504,-0.0208137989973871,0.0361271792129998,0.0207000637364002,0.0225514596285895
7,"Obstructed",2554,-0.0151663175917545,0.0414831819008901,0.00181780965735424,0.00189007827006533
7,"Obstructed",2604,-0.0231343892974507,0.0416235716930911,0.00955183144097804,0.0139706634806283
7,"Obstructed",2654,-0.0157298128705345,0.0510111796241057,0.0388415408857899,0.0515405473444219
7,"Obstructed",2704,-0.0324378546100972,0.0485375577818998,0.00443805768121021,0.00453283169811766
7,"Obstructed",2754,-0.0269222498244675,0.0609256311674115,0.00339276217238688,0.00346471140519444
7,"Obstructed",2804,-0.0481575261844254,0.0680919537164983,NA,NA
7,"Obstructed",2854,-0.0316108225996076,0.073131721516836,NA,NA
7,"Obstructed",2904,-0.0406297668528146,0.063686619556576,0.0120367308230882,0.012669323085737
7,"Obstructed",2954,-0.0177815100010933,0.0612156544473322,0.0204833450220649,0.0209031378730238
7,"Obstructed",2999,-0.00415638483504414,0.0667700220060163,NA,NA
8,"Isotropic",2004,0.0011674723281749,0.0386490270667332,-0.0400342320558008,0.0702131091320595
8,"Isotropic",2054,0.00205683660833948,0.056808352066316,0.00255735453918473,0.0595513554700683
8,"Isotropic",2104,0.004613011909384,0.0372070693741266,-0.0143942073771394,0.0474610778956038
8,"Isotropic",2154,-0.00298201752603856,0.036780004952294,-0.00972322805639815,0.0744563606568692
8,"Isotropic",2204,0.00492963494902311,0.0384046701418924,-0.0139251358398491,0.055917485782728
8,"Isotropic",2254,0.0017607331874322,0.035378216752958,-0.0109720076449762,0.0799419588084787
8,"Isotropic",2304,0.00725489661340117,0.0358473609221428,-0.02375640123565,0.0800863647228501
8,"Isotropic",2354,0.00634411263083733,0.0430013738344424,-0.00160381434424463,0.0388592602480469
8,"Isotropic",2404,-0.00628627976488399,0.0373172496578877,-0.00637962927866513,0.0940906137281446
8,"Isotropic",2454,0.00679934645333218,0.0363160223704928,0.00517252427798927,0.0436464116669581
8,"Isotropic",2504,0.0108281117998381,0.0277502286410025,-0.00453320158974744,0.0711613336096861
8,"Isotropic",2554,-0.0026898829555112,0.0303154120146829,-0.00498957779417511,0.0808605588369892
8,"Isotropic",2604,0.0108352364150005,0.0379053548010434,-0.0102317000662512,0.0408231033456157
8,"Isotropic",2654,0.00181353935193095,0.0259889682285564,0.00957210749622182,0.0378792127600211
8,"Isotropic",2704,0.00646491207558437,0.0383475531813994,-0.00722542187016198,0.0437066469040181
8,"Isotropic",2754,0.0116533509936225,0.0312148275983547,-0.0136130921125931,0.0466837044781917
8,"Isotropic",2804,0.00918237167128193,0.0358102009026078,-0.00324841982110937,0.0506046245558368
8,"Isotropic",2854,0.0140349201392566,0.0429430198767441,0.00689475935952145,0.0912298613995703
8,"Isotropic",2904,-0.00813084052516025,0.034337304786847,-0.00483987728655305,0.0407925851233698
8,"Isotropic",2954,0.00216159384389182,0.0271792666578111,-0.00969506542416535,0.0404315884897163
8,"Isotropic",2999,0.00143424482585746,0.0282320106683497,-0.0326840741863533,0.0648255065965185
8,"Redistributed",2004,0.00817768903294627,0.0400531954726103,-0.0326841985407102,0.10670831171828
8,"Redistributed",2054,0.000707525243204074,0.0233577556588001,-7.7516492294293e-05,0.101781381008216
8,"Redistributed",2104,-0.00989098322304225,0.0489523041681459,0.0174247242249038,0.0675746737128838
8,"Redistributed",2154,-0.00873762421560294,0.0390829051900411,0.0168431178338748,0.0718666948169859
8,"Redistributed",2204,-0.0138981160876366,0.0421219249527391,0.0414358009926553,0.0700737776386193
8,"Redistributed",2254,-0.0122899929822842,0.0385906536194633,0.0282774955384267,0.0599937973122217
8,"Redistributed",2304,-0.0141456764032411,0.035265581186594,0.048358205601901,0.0848157986276405
8,"Redistributed",2354,-0.00530643838779635,0.0473661668473887,0.0325605094945156,0.0493996274352236
8,"Redistributed",2404,-0.0270819206071445,0.048629394142486,0.0373883182259822,0.0423241702929993
8,"Redistributed",2454,-0.0319806152890833,0.0562300732234686,0.0419370897487066,0.0452038921816471
8,"Redistributed",2504,-0.0134563244196304,0.0703755561546069,NA,NA
8,"Redistributed",2554,-0.0201644845249661,0.0496188261325028,NA,NA
8,"Redistributed",2604,-0.0160885840568707,0.0545890600102072,NA,NA
8,"Redistributed",2654,-0.028682906953314,0.0621346058006202,NA,NA
8,"Redistributed",2704,-0.0293901518840637,0.0757727686150583,NA,NA
8,"Redistributed",2754,0.0142555797920666,0.0734449000998269,NA,NA
8,"Redistributed",2804,0.058353084887587,0.121166284775031,NA,NA
8,"Redistributed",2854,-0.0203807464856034,0.115296539597519,NA,NA
8,"Redistributed",2904,-0.00947196598883877,0.148420854972305,NA,NA
8,"Redistributed",2954,0.0255465553118302,0.0934645642374719,NA,NA
8,"Redistributed",2999,0.0387123382596887,0.0812142297430007,NA,NA
8,"Obstructed",2004,0.00242287936316261,0.0299933764428201,-0.0200665921578359,0.0572543867808998
8,"Obstructed",2054,0.00475631862212864,0.0326565896455263,-0.0113912213117145,0.103223018101063
8,"Obstructed",2104,0.00276472357470125,0.0344375020632391,-0.00205619042845709,0.06549169154391
8,"Obstructed",2154,-0.0103969248650959,0.0289904987200111,0.0113305409668853,0.0652107302929013
8,"Obstructed",2204,0.00201920090897625,0.0374540446999235,0.0307410553080302,0.0800209940321215
8,"Obstructed",2254,-0.00514961093740439,0.0349813600836392,0.0139360665907344,0.040056373810744
8,"Obstructed",2304,-0.00586710725922397,0.0351763699309069,0.042190535279216,0.0893725910938591
8,"Obstructed",2354,0.00184707463157468,0.0243563936910847,0.0261334068467618,0.065489122907931
8,"Obstructed",2404,-0.00626039864189307,0.0387421063510711,0.0115381501236189,0.0713959941820247
8,"Obstructed",2454,-0.0017713772683805,0.0372966707722989,-0.00441896109970719,0.0376527615059426
8,"Obstructed",2504,-0.000195606847448154,0.0423383446160283,0.0236605824041095,0.0449167832181648
8,"Obstructed",2554,-0.00487165238311569,0.036676248874933,0.0595985854048758,0.126006556110388
8,"Obstructed",2604,-0.00190112800924992,0.0429661752913779,0.00809117401742956,0.0319674876241092
8,"Obstructed",2654,-0.0211723681481576,0.044421089619627,0.037290065398301,0.0513570529054818
8,"Obstructed",2704,-0.0192554143551354,0.061731693303966,-0.00183106875398639,0.0352260099532929
8,"Obstructed",2754,-0.00806084616739771,0.0593591071803261,NA,NA
8,"Obstructed",2804,-3.1203892217163e-05,0.0592266890343996,0.00120907349318544,0.00188993868767558
8,"Obstructed",2854,-0.00367807590838761,0.0500262538127529,NA,NA
8,"Obstructed",2904,-0.00025918849074702,0.078178891717098,NA,NA
8,"Obstructed",2954,0.0142019442050519,0.0849037797959643,NA,NA
8,"Obstructed",2999,0.0576339347076233,0.125578246652873,NA,NA
9,"Isotropic",2004,0.00172701667610375,0.0286623968952486,0.0102658876639815,0.0380487749365438
9,"Isotropic",2054,-0.00664906465394307,0.0348276801310511,-0.0081061798814063,0.047046636657195
9,"Isotropic",2104,0.00237901731252681,0.0349864666929469,-0.0106466780967638,0.0588593984528758
9,"Isotropic",2154,-0.00435581213106116,0.038710671856828,0.00418268223324573,0.0760108132804389
9,"Isotropic",2204,-0.00449609384084023,0.0270624607683061,0.00812728469156952,0.0482432203855317
9,"Isotropic",2254,-0.00154374271929464,0.0308099641769672,0.0190565972692088,0.106442361434587
9,"Isotropic",2304,0.00134662090007198,0.0379750269242146,-0.00305320732772723,0.0777019706408468
9,"Isotropic",2354,0.00265776257716742,0.0419067023267467,-0.00363778679904184,0.0466737903631618
9,"Isotropic",2404,-0.00544911894034159,0.040106227863649,0.0146471732344881,0.0652572206855323
9,"Isotropic",2454,0.00139496036046862,0.0330366619707963,0.00352460252502891,0.0635080398794191
9,"Isotropic",2504,-0.00623093752858544,0.029783468570684,0.0080195565763317,0.0635305176482144
9,"Isotropic",2554,-0.00484768672343322,0.0311525142956157,-0.00382642223965788,0.0501589000054523
9,"Isotropic",2604,0.00435627107458535,0.0295290415176324,-0.0150445341639159,0.0548651980303632
9,"Isotropic",2654,0.000318966703679208,0.0251194086221464,0.00463802796992231,0.0537939314819073
9,"Isotropic",2704,-0.00346007041206583,0.030998566409504,-0.000947643917832579,0.0761049010896444
9,"Isotropic",2754,0.00254208950034402,0.0221149732078462,0.0121519547746181,0.0606077433605038
9,"Isotropic",2804,0.00422773559525982,0.0306081472405216,-0.00242073198819775,0.0498072070820141
9,"Isotropic",2854,0.00184259912512202,0.0365406448610492,-0.000971705195774451,0.0524041000895629
9,"Isotropic",2904,-0.00271475366821232,0.0295542329120844,0.0101116222457461,0.0306659333512756
9,"Isotropic",2954,-0.00597108110553952,0.0322471649633372,-0.0109997486446153,0.0695752802130468
9,"Isotropic",2999,0.000478198444786656,0.0281368159462912,0.00306486261237408,0.0544148078844625
9,"Redistributed",2004,-0.0103061678154121,0.035838385060685,0.00255052370262112,0.0354021405096763
9,"Redistributed",2054,-0.00771429731966157,0.027346831804803,0.0332492936141433,0.0652272553858
9,"Redistributed",2104,-0.00941421698236471,0.0343683324070475,0.0391787288744491,0.0632773511302035
9,"Redistributed",2154,-0.0100898534663934,0.0328702959716717,0.0204806451324439,0.0472652081966806
9,"Redistributed",2204,-0.0179353972723469,0.034400119755352,0.0493484249627561,0.0566085635283364
9,"Redistributed",2254,-0.0203975194314012,0.0563850648802308,0.0255028409577328,0.0379087291025134
9,"Redistributed",2304,-0.0201239133303405,0.0400649532908321,0.061549164471,0.0827408469218009
9,"Redistributed",2354,-0.0169939822438832,0.0404993288818554,0.0470155182311816,0.0625530586003092
9,"Redistributed",2404,-0.0164984987233566,0.0448738471283398,0.0161883330238414,0.0170614894290662
9,"Redistributed",2454,-0.0242411109215675,0.0419139861932065,-1065702016.65632,1065702016.68176
9,"Redistributed",2504,-0.0182662246655081,0.0486689245646363,NA,NA
9,"Redistributed",2554,-0.026260925449334,0.0441692913146203,NA,NA
9,"Redistributed",2604,-0.0092508605512592,0.0479586215100374,NA,NA
9,"Redistributed",2654,-0.0204790889943126,0.0427792171490239,NA,NA
9,"Redistributed",2704,-0.0188519376671245,0.0586749336200559,NA,NA
9,"Redistributed",2754,-0.0124640039590006,0.0720605588529253,NA,NA
9,"Redistributed",2804,-0.0103716909065851,0.0870074626005902,NA,NA
9,"Redistributed",2854,0.0143531068732938,0.0649609839534211,NA,NA
9,"Redistributed",2904,0.0120745908810678,0.0422282480077706,NA,NA
9,"Redistributed",2954,0.0803594515096915,0.115447635805612,NA,NA
9,"Redistributed",2999,0.0575752434364956,0.110270871804182,NA,NA
9,"Obstructed",2004,-0.00723807457412963,0.0275392926367033,0.0025076715869284,0.0361364467206896
9,"Obstructed",2054,-0.0112042690490303,0.036335701617994,0.0133319977741259,0.0444735356336594
9,"Obstructed",2104,-0.0076994711665893,0.0362456620032481,0.0173846009229277,0.0626051888880191
9,"Obstructed",2154,-0.0100317499563307,0.0378314361059556,0.0487325735470429,0.086411561564051
9,"Obstructed",2204,-0.00445811957706722,0.0225922591581947,0.0216049701821049,0.0769116923798788
9,"Obstructed",2254,-0.00778615010648453,0.0262849909711037,0.0327766635087927,0.073317705144752
9,"Obstructed",2304,-0.00892073171191811,0.0373014298765319,0.0301455013945804,0.0588079994955002
9,"Obstructed",2354,-0.0164634356837453,0.0360227383292218,0.0310459844906322,0.048357074838443
9,"Obstructed",2404,-0.0161496552479011,0.033904117474239,0.0212231796005597,0.0637592091728506
9,"Obstructed",2454,-0.0116894133214324,0.0285518648996571,0.0135023271015389,0.0165443386245065
9,"Obstructed",2504,-0.0162880754371664,0.0378517988805424,0.0554019684880665,0.0697741714395279
9,"Obstructed",2554,-0.0126061721325528,0.0417068122462983,0.0378460617193118,0.0647144586501599
9,"Obstructed",2604,-0.0152955515112835,0.0361411599050732,0.0295957648103594,0.0391036810358968
9,"Obstructed",2654,-0.0159336078143889,0.0451481056248049,0.0620337532840056,0.116065556548513
9,"Obstructed",2704,-0.00738017604205895,0.0432176957536047,0.0173799974084,0.0357715963764759
9,"Obstructed",2754,-0.0311685366695776,0.0606981324538159,0.0317657032384733,0.0386730794766747
9,"Obstructed",2804,-0.0202039549863614,0.0441674205711393,0.0373143511088431,0.082798610854934
9,"Obstructed",2854,-0.0126193383556407,0.035840596642682,0.0142787674727684,0.0185964790045853
9,"Obstructed",2904,-0.0145406764205848,0.0481068195583463,0.0157333489485056,0.0374747344870185
9,"Obstructed",2954,-0.0136732258291292,0.0401464057134259,0.0490240327643928,0.0585795973499164
9,"Obstructed",2999,-0.0165267701258591,0.054861272451794,0.0075445122383142,0.0181026413377468
10,"Isotropic",2004,-0.00738426230406037,0.0452120191860548,0.0214460910659722,0.0556632896196926
10,"Isotropic",2054,-0.0164921983276984,0.040956861536358,0.0407249542125796,0.102758627703357
10,"Isotropic",2104,-0.00895387026989372,0.0359365482836393,0.0250159875675075,0.0491436237649677
10,"Isotropic",2154,-0.0170421597084886,0.0336115453133011,0.0219894832164271,0.0305789614984011
10,"Isotropic",2204,-0.00715565347919215,0.0245308766153489,0.00940948409276731,0.0693998714265065
10,"Isotropic",2254,-0.00813538356405791,0.0446086845240639,0.00407784042025544,0.0447087273474501
10,"Isotropic",2304,-0.00972491027025412,0.0379034489128255,0.00612964206772503,0.100778183317599
10,"Isotropic",2354,-0.00616451148566173,0.0306968103244057,0.0606985862081791,0.0897142575021474
10,"Isotropic",2404,-0.0102346870583976,0.0341258302332738,0.0268017572003646,0.0461481527131042
10,"Isotropic",2454,-0.0132744549868051,0.0468099213604724,0.0468975498273317,0.0977545487580305
10,"Isotropic",2504,-0.0214576546236664,0.0451063261336763,0.00920374575445391,0.0461405730184287
10,"Isotropic",2554,-0.0125247220637328,0.0422422890727696,0.0148517982074782,0.0580619155051093
10,"Isotropic",2604,-0.00699957178337443,0.0444351837413605,0.0279132797205231,0.0636679660800209
10,"Isotropic",2654,-0.0015917742683432,0.0410403903085776,0.0154038909486293,0.0461759472961885
10,"Isotropic",2704,-0.0082982717795901,0.0388422159078028,0.0237409592231154,0.0415145684727396
10,"Isotropic",2754,-0.0199089130637827,0.0488774768780008,0.0356993938149754,0.0622334536533106
10,"Isotropic",2804,-0.00944698445013015,0.0377354750703271,0.0323605430362495,0.0662926680543686
10,"Isotropic",2854,-0.00909140722858166,0.0381771047593808,0.0415562199214103,0.094868420900562
10,"Isotropic",2904,-0.0165000727037459,0.0337607295665126,0.0410868595534465,0.070891359005572
10,"Isotropic",2954,-0.0179334423051247,0.0281962474986963,0.0345528411477089,0.0668384029998711
10,"Isotropic",2999,-0.0148594720624418,0.031276353871484,0.036644112669866,0.0470496519446139
10,"Redistributed",2004,-0.00541814775951534,0.0412309778477825,0.0349987745248419,0.075474284462288
10,"Redistributed",2054,-0.0265845604697544,0.054312685871291,0.0459936760191414,0.0618654635692877
10,"Redistributed",2104,-0.0122047705244313,0.0413769324577061,0.057478296223783,0.0809942638077645
10,"Redistributed",2154,-0.0145581599369942,0.0365337631767668,0.0270647989217785,0.036692364164466
10,"Redistributed",2204,-0.0214830657896354,0.0420956589810711,0.00483987172183332,0.00687229852025106
10,"Redistributed",2254,-0.0293567934131922,0.052851404536899,0.0112836591453657,0.0119356743155288
10,"Redistributed",2304,-0.0388066161654509,0.0614904814901074,NA,NA
10,"Redistributed",2354,-0.0201851846900991,0.06987364254071,NA,NA
10,"Redistributed",2404,0.00536454409351873,0.0869466831201431,NA,NA
10,"Redistributed",2454,0.00902708275773407,0.0902109233815807,NA,NA
10,"Redistributed",2504,0.0094867351736836,0.0771809448173447,NA,NA
10,"Redistributed",2554,0.0287578577941154,0.126420231608603,NA,NA
10,"Redistributed",2604,0.00689062755610562,0.0802784861363183,NA,NA
10,"Redistributed",2654,-0.0136044191965608,0.122888415200701,NA,NA
10,"Redistributed",2704,0.0406270184794459,0.125565426330873,NA,NA
10,"Redistributed",2754,0.0538418464578868,0.156541583297601,NA,NA
10,"Redistributed",2804,0.0775263303688613,0.15550723398897,NA,NA
10,"Redistributed",2854,0.0746564599468834,0.120925319360672,NA,NA
10,"Redistributed",2904,0.0993160592851643,0.12014005488396,NA,NA
10,"Redistributed",2954,0.0692224136468859,0.0804147770996339,NA,NA
10,"Redistributed",2999,0.109477130020016,0.119926079990964,NA,NA
10,"Obstructed",2004,-0.0055977062609986,0.0317325330272726,0.0250276934646229,0.062383861999965
10,"Obstructed",2054,-0.0116931877838258,0.0329127433953495,0.0670388010276113,0.0961905700195223
10,"Obstructed",2104,-0.0125929725970956,0.031992210192691,0.039057168442554,0.0583416057586634
10,"Obstructed",2154,-0.0195455724716602,0.0425936246717853,NA,NA
10,"Obstructed",2204,-0.0147189013705727,0.0426470101469022,0.021317792425987,0.0292926150812711
10,"Obstructed",2254,-0.0278925281182284,0.0484370250179962,0.0254222757018135,0.031218787028162
10,"Obstructed",2304,-0.0182851182303949,0.0368755995874456,NA,NA
10,"Obstructed",2354,-0.0198826539592624,0.0445651602179384,NA,NA
10,"Obstructed",2404,-0.0154741960662954,0.0430430349320489,NA,NA
10,"Obstructed",2454,0.00522244837283866,0.0742352736339916,NA,NA
10,"Obstructed",2504,0.00129023695722578,0.0529936248014003,NA,NA
10,"Obstructed",2554,0.0155542160281784,0.0703141785836467,NA,NA
10,"Obstructed",2604,0.0322995327039463,0.0889697934411263,NA,NA
10,"Obstructed",2654,0.020631124376202,0.0786193709221436,NA,NA
10,"Obstructed",2704,0.0196058981734764,0.0648088228691993,NA,NA
10,"Obstructed",2754,0.0527207221363182,0.108464197591278,NA,NA
10,"Obstructed",2804,0.00678094994346322,0.0549028553662586,NA,NA
10,"Obstructed",2854,-0.00166993562046653,0.0516201029217722,NA,NA
10,"Obstructed",2904,0.0385386779479656,0.0711079053370967,NA,NA
10,"Obstructed",2954,0.069570620179241,0.120860661592505,NA,NA
10,"Obstructed",2999,0.0783250398506925,0.135989725926254,NA,NA
11,"Isotropic",2004,0.007307509302846,0.0329698188477042,0.0145488228746168,0.0691864644394928
11,"Isotropic",2054,0.00521477074195035,0.0398329594802528,0.00692613252126486,0.0161394796166872
11,"Isotropic",2104,-0.00414456224375566,0.0386222858404603,0.00934252109462968,0.0530395921225526
11,"Isotropic",2154,-0.00024121115808748,0.0294806625055888,0.0160660585752495,0.0966526308502143
11,"Isotropic",2204,0.00227855692759186,0.0328389724718449,0.00226012126699994,0.0978380629435804
11,"Isotropic",2254,0.000438320678929473,0.0260003540823544,0.016734502424101,0.0622664579643668
11,"Isotropic",2304,0.00169121414865619,0.0312550826728326,0.0310356467585381,0.0628423270871859
11,"Isotropic",2354,0.00721965923331059,0.0292386760784752,-0.00190568121230966,0.0523852656153831
11,"Isotropic",2404,0.00455074074068952,0.0264309816220175,-0.00470955699063487,0.0667627209359898
11,"Isotropic",2454,0.00714940870840702,0.0420951623751651,-0.0158856045648782,0.0846480036712614
11,"Isotropic",2504,-0.00747063528971768,0.0263600433464435,0.00280345548972881,0.0765800780838408
11,"Isotropic",2554,-0.00265797624926461,0.0343020639796744,0.000941616677815425,0.031423324977882
11,"Isotropic",2604,-0.000879403482235642,0.0286922936957985,-0.0136036080531917,0.0896094624267674
11,"Isotropic",2654,-0.00627458161981849,0.0257115471494657,0.0101360973395649,0.0711205986848165
11,"Isotropic",2704,-0.00616389859597765,0.0244657018268941,0.0175241581421192,0.0792997168442741
11,"Isotropic",2754,-0.00746785102880404,0.0280834840761585,0.010407055782291,0.0546345674006031
11,"Isotropic",2804,-0.0114118773045554,0.0251237712287847,0.0276334985387958,0.0466795590151353
11,"Isotropic",2854,-0.00188257038031453,0.0237401790615654,0.0274040682100076,0.0587422778381164
11,"Isotropic",2904,-0.0148535341422862,0.0336468090959196,0.00386529096505717,0.024717141678732
11,"Isotropic",2954,0.00255622554754656,0.0154187617949855,0.0502332078964122,0.103312285179919
11,"Isotropic",2999,-0.00123362927223589,0.0198991280623294,0.052427491629,0.0739507910360049
11,"Redistributed",2004,0.00688719469478863,0.0343386148854313,0.00229495043896122,0.0455076978283079
11,"Redistributed",2054,0.00154547290120854,0.0472587288622671,0.0183372916319839,0.0426965589956869
11,"Redistributed",2104,-0.00305552248902219,0.0474465526869351,0.0398784250095402,0.0643490672721567
11,"Redistributed",2154,-0.0164112828315654,0.0414321538470367,0.0355563571512235,0.0641687834782194
11,"Redistributed",2204,-0.0119599735021868,0.0358014998781725,0.0613710935886652,0.0953617453243025
11,"Redistributed",2254,-0.0119575155951306,0.0419263473000639,0.00775984336061536,0.00831936878530442
11,"Redistributed",2304,-0.0219799107903345,0.0523096017098401,0.0316074295502644,0.0356579789163035
11,"Redistributed",2354,-0.0250551606145081,0.0415020264986485,0.0505886655764851,0.0586208650402278
11,"Redistributed",2404,-0.015173139110331,0.0469650709005126,0.0129478243126763,0.0154986406482522
11,"Redistributed",2454,-0.035280321324264,0.0506980614141611,NA,NA
11,"Redistributed",2504,-0.0271405341995237,0.0534225831753827,NA,NA
11,"Redistributed",2554,-0.0310029029990501,0.0676201916823755,0.0161815463983712,0.0250052157781046
11,"Redistributed",2604,-0.0219976772972359,0.0495523876632742,0.012807060508448,0.0134741280827961
11,"Redistributed",2654,-0.0332850489213357,0.0667864782791582,NA,NA
11,"Redistributed",2704,-0.0106255449132801,0.0619953899815424,NA,NA
11,"Redistributed",2754,0.0113721544638699,0.0569262513543453,NA,NA
11,"Redistributed",2804,0.0124132761329285,0.0494014825234998,NA,NA
11,"Redistributed",2854,0.0397841393796808,0.132443750488079,NA,NA
11,"Redistributed",2904,0.0123148826595023,0.0851000113124595,NA,NA
11,"Redistributed",2954,0.0548722955618135,0.140382685552316,NA,NA
11,"Redistributed",2999,0.000118472104362758,0.147900181190079,NA,NA
11,"Obstructed",2004,9.74042155525731e-05,0.026737503990691,-0.0114774239097037,0.0528798924776528
11,"Obstructed",2054,-0.0063755131743807,0.0280969162683199,0.0495233774145295,0.0827699307642622
11,"Obstructed",2104,-0.00627179354595464,0.0289902496665665,0.0225917091277053,0.0427114895444035
11,"Obstructed",2154,-0.0099898703225646,0.0367294304144648,0.0192452586674817,0.0553344138809261
11,"Obstructed",2204,-0.00794155247374907,0.0351557027516176,0.0392701392832428,0.0629997725780989
11,"Obstructed",2254,-0.00919683453827769,0.03157272441116,0.0552195058931949,0.0803813709888712
11,"Obstructed",2304,-0.0062435826013282,0.0406034500101107,0.0394038720426785,0.0545171480903208
11,"Obstructed",2354,-0.0238411949859229,0.0409821599733517,0.0328405818587418,0.0465732296150963
11,"Obstructed",2404,-0.0209337432020212,0.0446234592272677,0.0265172639984822,0.0435590530090756
11,"Obstructed",2454,-0.0126914332329441,0.0396959624432187,0.0302318547185215,0.0580418577595607
11,"Obstructed",2504,-0.0138143157035512,0.0516249544391212,0.0128535453369552,0.0242914135445583
11,"Obstructed",2554,-0.00978217944493722,0.0553454146195565,0.0155708367824581,0.0222796506243999
11,"Obstructed",2604,-0.0145750613182242,0.0552225784230212,0.0373166272542507,0.0803695587765656
11,"Obstructed",2654,-0.0154526227598961,0.0406964133272314,0.0264559888155151,0.031877275331984
11,"Obstructed",2704,-0.0243007396960736,0.0534897860093256,0.0126839810931729,0.014806646125569
11,"Obstructed",2754,-0.0232396998342055,0.0505426034409503,0.00508958095760866,0.00708763297472862
11,"Obstructed",2804,-0.0267786211804737,0.0508016870542159,NA,NA
11,"Obstructed",2854,-0.0213539838686549,0.060937377731436,NA,NA
11,"Obstructed",2904,-0.0203207098184739,0.0493563495721858,0.00361936067238934,0.00374058788619663
11,"Obstructed",2954,-0.00425880990636227,0.0395558438069968,NA,NA
11,"Obstructed",2999,-0.0285613551462474,0.0821306638321735,NA,NA
12,"Isotropic",2004,0.00150487456223017,0.0355068280824881,-0.0262516083710563,0.0933793742563283
12,"Isotropic",2054,0.00323157663056398,0.0346964582305897,-0.0198824741688962,0.0620897804860935
12,"Isotropic",2104,7.12859791204535e-07,0.0307711504589348,-0.0114992930602097,0.055592788431448
12,"Isotropic",2154,-0.00299644735513856,0.0342462041268066,-0.0439056158734923,0.0804511616792763
12,"Isotropic",2204,0.000314302097774974,0.0283156700052261,-0.0169036910163535,0.0576838009918945
12,"Isotropic",2254,0.00111161576745694,0.0394517830044462,-0.0343096293349268,0.0714986554470484
12,"Isotropic",2304,0.00538706624096048,0.0291405968207409,-0.0125763720170631,0.0486674641181236
12,"Isotropic",2354,0.013614495678184,0.0306287485840845,-0.00685515984066943,0.0461527899462544
12,"Isotropic",2404,0.000732998136447277,0.0440141927180412,-0.0266854904830529,0.0724193476235485
12,"Isotropic",2454,0.0126184930568854,0.028506524650804,-0.037054486614503,0.0839729339599537
12,"Isotropic",2504,0.00609516369006855,0.0313977263405814,-0.0180913000025183,0.0785138085404908
12,"Isotropic",2554,0.0093679663953944,0.0330086722617643,-0.0103598149691524,0.0462560738802896
12,"Isotropic",2604,0.0120195937576765,0.0315149864811455,-0.0265210344884964,0.0506757438626939
12,"Isotropic",2654,0.00739388470391949,0.0289237361601288,-0.0147998115452438,0.0706621071604395
12,"Isotropic",2704,-0.000603361196328976,0.0279544275852998,-0.0314322363069333,0.089534109434893
12,"Isotropic",2754,0.00887023590916114,0.0255285871013474,-0.0194280361223724,0.0659455914838673
12,"Isotropic",2804,0.00420233618941575,0.0268082169485167,0.0052618826393447,0.0762634978912308
12,"Isotropic",2854,-0.0043763268124772,0.0437778564437418,-0.00769876854600581,0.0365014889045067
12,"Isotropic",2904,-0.00534275924769295,0.0341695482964925,-0.0129161765722072,0.0667199736096925
12,"Isotropic",2954,0.00265837510114364,0.0328862691699177,-0.00626814543576023,0.0402955755919957
12,"Isotropic",2999,-0.00420019914693323,0.0306933038922351,-0.000251974186348631,0.0670692919531692
12,"Redistributed",2004,0.00508165144039542,0.0365754887963182,-0.00985585085294815,0.0572780097276269
12,"Redistributed",2054,0.00100806257095797,0.0232452686819031,0.000333370745372987,0.048995603722131
12,"Redistributed",2104,0.000770011713592283,0.0454456175588699,0.0316694400600971,0.0892319489649948
12,"Redistributed",2154,0.00448769122829047,0.0262886985842036,0.0205166598612894,0.058696400714265
12,"Redistributed",2204,-0.00833890922686721,0.0337251182500633,0.0325737195034856,0.100171022484846
12,"Redistributed",2254,-0.00992722999597792,0.0354994401758179,0.0447471970099628,0.0905394406091095
12,"Redistributed",2304,-0.0101118577063896,0.0306148163532447,0.000553394698603978,0.00169598390629571
12,"Redistributed",2354,0.0120319233236123,0.0866073077832483,NA,NA
12,"Redistributed",2404,-0.00985598138095264,0.0528050306432129,NA,NA
12,"Redistributed",2454,-0.00431894863847147,0.0739169204566733,NA,NA
12,"Redistributed",2504,0.0120493385944599,0.0936515445946516,NA,NA
12,"Redistributed",2554,-0.0177931377233104,0.0799680566230275,NA,NA
12,"Redistributed",2604,0.0288727675007617,0.11202820659213,NA,NA
12,"Redistributed",2654,0.0333671243149644,0.115051497751672,NA,NA
12,"Redistributed",2704,0.0107759608627612,0.073438297773106,NA,NA
12,"Redistributed",2754,0.0974655685396051,0.166410784058353,NA,NA
12,"Redistributed",2804,0.0489448775070359,0.114763201479212,NA,NA
12,"Redistributed",2854,0.0369447916755839,0.0976675953160334,NA,NA
12,"Redistributed",2904,0.046515969092186,0.100299478048861,NA,NA
12,"Redistributed",2954,0.0818058085738369,0.11451308240149,NA,NA
12,"Redistributed",2999,0.123230987998984,0.176733015681185,NA,NA
12,"Obstructed",2004,0.00868160390451417,0.0329316431505021,0.000407354768602905,0.0755994275605029
12,"Obstructed",2054,0.00977822536173528,0.0363628890770577,-0.00100066708226593,0.0674364858122472
12,"Obstructed",2104,0.00401387906247813,0.0273201572629477,0.0173994349448804,0.0486107355798608
12,"Obstructed",2154,0.0111271543879607,0.0350633420501691,0.0100955422918577,0.0662545758840403
12,"Obstructed",2204,-0.00354412323378981,0.0281667519366887,0.010083686628518,0.0867674437817844
12,"Obstructed",2254,-0.00382239089335239,0.0316025051546387,0.0136834763702957,0.0535861237189839
12,"Obstructed",2304,-0.00177350885240931,0.0281756883521481,0.0235180164384369,0.0940744272757503
12,"Obstructed",2354,-0.00441360084661387,0.0446986951140962,0.0195488749633061,0.0566909782402016
12,"Obstructed",2404,0.00172587520606138,0.0314029192990975,0.0188311548883092,0.040088025500034
12,"Obstructed",2454,-0.0172218548787098,0.0386103689838861,0.00197190468865804,0.0158436654886257
12,"Obstructed",2504,-0.0163391113113718,0.0430660692283366,0.0506851872385865,0.0712283418161374
12,"Obstructed",2554,-0.0189794582229573,0.0316326592319554,0.0648163248225595,0.119339273349066
12,"Obstructed",2604,-0.0264856511776238,0.0475520049456816,0.030954092761937,0.0364770241412955
12,"Obstructed",2654,-0.0216794538903217,0.038421326077203,0.0327217556257859,0.0409360836281385
12,"Obstructed",2704,-0.0201435702893503,0.0405134924376016,0.00255767307362192,0.00482021893951612
12,"Obstructed",2754,-0.0140970042660004,0.0469173536558075,0.0151361503674184,0.0271466351710031
12,"Obstructed",2804,-0.0206845786207114,0.0416282018410898,0.0712899323468001,0.0837485117135442
12,"Obstructed",2854,-0.0228199388507261,0.035476480412248,0.0170411083070239,0.0183635474697662
12,"Obstructed",2904,-0.0182417068836072,0.047873489964809,-0.00345159775860526,0.0190389224683744
12,"Obstructed",2954,-0.0383276860337347,0.0536252906127104,0.00118055542100501,0.00129029699225252
12,"Obstructed",2999,-0.013447688268723,0.0542157413965,0.00891741455892022,0.0093483057562067
13,"Isotropic",2004,-0.00235010136520263,0.0347371816922215,0.00210705910481132,0.0326001167843736
13,"Isotropic",2054,-0.000377296352143486,0.0329442817107641,-0.0173160435402082,0.036342690393565
13,"Isotropic",2104,-0.00828112910627561,0.0282618108863672,-0.0120209523004842,0.0669922313451792
13,"Isotropic",2154,-0.00829619925856771,0.0353782398212824,0.0090139627342645,0.0670215298567046
13,"Isotropic",2204,-0.00500238107287044,0.036868075980679,0.00671777882936958,0.0700899839937502
13,"Isotropic",2254,-0.00241388470010646,0.0411663199376861,-0.00166915851916186,0.0500177226884094
13,"Isotropic",2304,-0.0042022923020749,0.0377046786061349,-0.00645916808011227,0.0830851177760431
13,"Isotropic",2354,-0.00302704612832962,0.033010632812595,0.0309103815844914,0.0967989826735202
13,"Isotropic",2404,-0.00236891349413503,0.0226491614091372,0.0401611366367834,0.0775725511823318
13,"Isotropic",2454,-0.00807083429979124,0.0277047930145196,0.0743053671728681,0.104584484693491
13,"Isotropic",2504,0.00231626559051338,0.0334901943108645,0.0163655999334326,0.088744144936658
13,"Isotropic",2554,-0.00300468812104808,0.030242158168495,0.00859563843070386,0.0671740380217447
13,"Isotropic",2604,-0.000532087506124605,0.02861826862439,0.0141571217823769,0.104156055899578
13,"Isotropic",2654,-0.00518772587917904,0.0316782847120973,-0.00166790872172277,0.0442177357947499
13,"Isotropic",2704,-0.0019534475068071,0.042193417446662,-0.0021013071971951,0.0628558539730122
13,"Isotropic",2754,-0.00592478682463508,0.0414764703189939,0.00859628904423078,0.0451458353615081
13,"Isotropic",2804,-0.00433779820656242,0.0354835034659524,0.00610060868453599,0.0923993800070459
13,"Isotropic",2854,-0.00183656761794912,0.0378312914563517,0.0202332624503057,0.0804695365275253
13,"Isotropic",2904,-0.00706717410419104,0.0280541169072752,0.0158957726579859,0.0772249781124703
13,"Isotropic",2954,-6.51854757381274e-05,0.029730757225214,-0.00790082756887165,0.0805866976890218
13,"Isotropic",2999,-0.00230062609673994,0.0243392949375477,-0.00618770487273478,0.0586519750032002
13,"Redistributed",2004,0.00100016100236483,0.0411001460060478,0.0134381571823366,0.0656984879597145
13,"Redistributed",2054,-0.0168633073901081,0.0400259577121187,0.0405425914025884,0.0814660253800138
13,"Redistributed",2104,-0.0106987744728193,0.0373727850127393,0.0252995876063925,0.0448406231984239
13,"Redistributed",2154,-0.0104819602377036,0.0393917219616599,0.060428281442389,0.0958574764461739
13,"Redistributed",2204,-0.0212922592196028,0.0469021004446421,0.0198925113102073,0.0211134404278916
13,"Redistributed",2254,-0.0250812412061522,0.0504704714261169,0.000513015296820645,0.00060950377121908
13,"Redistributed",2304,-0.039193953591849,0.0598864038216639,0.0182582613033618,0.0188161171005461
13,"Redistributed",2354,-0.0378967637281034,0.0641342301961302,0.00052815715593059,0.000594578524384479
13,"Redistributed",2404,-0.0378738847998507,0.0718495447928669,0.000847105244303913,0.00105882169546915
13,"Redistributed",2454,-0.0340623106860456,0.0661338635727377,0.00358603483520797,0.00360882528469562
13,"Redistributed",2504,-0.042933395287938,0.0816763592053504,0.0188176548995451,0.0189792313422011
13,"Redistributed",2554,-0.0146222817159266,0.0758063305657258,0.00148451391722207,0.00198037221074031
13,"Redistributed",2604,-0.00780234766423008,0.0863109739237066,NA,NA
13,"Redistributed",2654,-0.0370362056650633,0.0788872712595877,NA,NA
13,"Redistributed",2704,-0.0013023290687216,0.098106220706219,NA,NA
13,"Redistributed",2754,-0.0375632960835162,0.0887595765057517,NA,NA
13,"Redistributed",2804,0.0170382300116805,0.0797400181667035,NA,NA
13,"Redistributed",2854,-0.000767680613863031,0.0906778757714375,NA,NA
13,"Redistributed",2904,0.105012998168615,0.253336481435489,NA,NA
13,"Redistributed",2954,0.0763444214540835,0.175040478761755,NA,NA
13,"Redistributed",2999,0.0535585843767504,0.0932206124060037,NA,NA
13,"Obstructed",2004,-0.00725817511263761,0.0307745206837052,0.0156218397011398,0.0575796583101667
13,"Obstructed",2054,-0.00652503729994463,0.0402936332010858,0.0211968048328298,0.0507286405331843
13,"Obstructed",2104,0.00324069872404725,0.0333816308270241,0.0328674406428446,0.081691327682215
13,"Obstructed",2154,-0.00753353875750963,0.032965677996993,0.0224533868875418,0.0835998415674318
13,"Obstructed",2204,0.00921373875921572,0.0332130432588758,0.0293758689956591,0.111636489795944
13,"Obstructed",2254,0.00552274553540195,0.0366838759302084,0.0415110413788448,0.0724185616673302
13,"Obstructed",2304,-0.0105452118714552,0.0430879258442999,0.0287739463263625,0.0566050730499871
13,"Obstructed",2354,-0.00654715135609015,0.0406482254273178,0.0131540624053441,0.0224187189995281
13,"Obstructed",2404,-0.00711301214367044,0.0502245897012579,0.049020087097048,0.0780772862215766
13,"Obstructed",2454,-0.0130760634262714,0.032314429519848,-0.0026117666481094,0.00896570325508642
13,"Obstructed",2504,-0.0205591646299653,0.0468222480697539,0.0133502893094406,0.0137077395905163
13,"Obstructed",2554,-0.0138043975616652,0.0403460371731333,0.0195627396595997,0.0324522539728293
13,"Obstructed",2604,-0.0209398106284875,0.0463754136764082,NA,NA
13,"Obstructed",2654,-0.0312340133895879,0.0570774840479668,NA,NA
13,"Obstructed",2704,-0.019400425117712,0.0459096105437024,NA,NA
13,"Obstructed",2754,-0.00857287140898701,0.0501900046725989,NA,NA
13,"Obstructed",2804,-0.0129589333534174,0.0505368670568362,NA,NA
13,"Obstructed",2854,-0.019531395285747,0.048232911099654,NA,NA
13,"Obstructed",2904,-0.00595930096000325,0.0543075054265926,NA,NA
13,"Obstructed",2954,-0.0113821907970477,0.0479242675588077,NA,NA
13,"Obstructed",2999,-0.0370839247965494,0.0702575249910004,NA,NA
14,"Isotropic",2004,0.00935197777025455,0.033306115594164,0.00503502206118105,0.0462855087963927
14,"Isotropic",2054,0.00991158000195553,0.0266444553389043,-0.00320161420725707,0.0667623870968951
14,"Isotropic",2104,0.00201293026459218,0.0393246344112671,0.00128639151077735,0.08377864485858
14,"Isotropic",2154,-0.0125294305771848,0.0364426804541752,-0.00939392203120579,0.0480751285275795
14,"Isotropic",2204,-0.00914266868394604,0.0269770759269477,-0.0169088184008037,0.0647386781276005
14,"Isotropic",2254,0.00288785539558905,0.029395593032462,-0.0115026015313891,0.032682125325925
14,"Isotropic",2304,-0.00263505702719689,0.0343617922714919,-0.00752482516618714,0.0457691474447792
14,"Isotropic",2354,-0.0052071398155294,0.0295642421758654,-0.00789833170293965,0.0499919439937587
14,"Isotropic",2404,-0.00106365278394428,0.0318855526686282,-0.00167636122237362,0.0514797655754593
14,"Isotropic",2454,-0.00218282036013869,0.0375458779491856,0.00524555145729113,0.0841132477170405
14,"Isotropic",2504,-0.00238074616190434,0.0306944305139358,-0.000357434363230668,0.0594410215875633
14,"Isotropic",2554,0.0023142138024056,0.0289812094944102,-0.0211681494858537,0.0667665153918124
14,"Isotropic",2604,0.00187741537733192,0.0312231791377645,-0.0128483307965824,0.063506609067684
14,"Isotropic",2654,0.00358464421855649,0.0283941723503995,-0.000212960590148374,0.105373535338686
14,"Isotropic",2704,0.00490761114298946,0.0335055513370001,0.000452426788027823,0.0350643645265068
14,"Isotropic",2754,0.00922812559472274,0.0319413584945132,-0.0194850987260167,0.0651636488400191
14,"Isotropic",2804,0.00530047610409427,0.0300346987201081,-0.0143082737843002,0.0282834796776974
14,"Isotropic",2854,0.00814842024463544,0.0391901436661033,-0.0465417857809146,0.0651237483980163
14,"Isotropic",2904,0.0144233646176236,0.0368301498212321,-0.0590614298819485,0.0870238016834509
14,"Isotropic",2954,0.00580937675980098,0.0400737144657176,-0.0330881430688339,0.05220013461315
14,"Isotropic",2999,0.00309466866299328,0.03607329244098,-0.0337745448780452,0.0520603473371943
14,"Redistributed",2004,0.0101494922271653,0.0338852604380912,0.0100612849458197,0.0702910868551858
14,"Redistributed",2054,0.00481699998187692,0.0350847362954471,0.00679049635332402,0.0471705951514311
14,"Redistributed",2104,-0.00287559810267608,0.0294595891892402,0.033334968900211,0.0508562648058043
14,"Redistributed",2154,-0.00972858474795568,0.0369192519322526,0.0312419140674694,0.0592299867943653
14,"Redistributed",2204,-0.0056584529061038,0.0312509969139931,0.0156282650435144,0.0240892425262517
14,"Redistributed",2254,-0.0110992784353993,0.0430095666315373,0.00328072308994931,0.00361059589071007
14,"Redistributed",2304,-0.0355457158957844,0.0518768170255102,0.0328394757244085,0.0361735049815871
14,"Redistributed",2354,-0.0283051284660226,0.0552993900052105,0.00224896783927942,0.00239261348012235
14,"Redistributed",2404,-0.0244619158565567,0.0517208402763486,0.00229988134375394,0.00267472720477541
14,"Redistributed",2454,-0.0301254621354993,0.0561018767033133,0.0148094939002739,0.0150869736861358
14,"Redistributed",2504,-0.029394250551424,0.056274449850354,NA,NA
14,"Redistributed",2554,-0.0194667202982799,0.0730231395627204,0.00164701961241598,0.00192779427306866
14,"Redistributed",2604,-0.0194616149952371,0.094825611972929,0.00172815878858985,0.00200748685793616
14,"Redistributed",2654,-0.0359423807459785,0.102287692989721,NA,NA
14,"Redistributed",2704,-0.0277517662444647,0.134295892748171,NA,NA
14,"Redistributed",2754,0.0110305420040018,0.0924327126104915,NA,NA
14,"Redistributed",2804,-0.0142536750643914,0.0952672255058037,NA,NA
14,"Redistributed",2854,-0.0150522096530255,0.214099791776375,NA,NA
14,"Redistributed",2904,0.0334505354141457,0.0847998207079142,NA,NA
14,"Redistributed",2954,0.0955119042910151,0.129775411293132,NA,NA
14,"Redistributed",2999,0.0744851329372907,0.0916514154718719,NA,NA
14,"Obstructed",2004,0.00490649118499611,0.0210563411249005,0.000855770099922553,0.0352212539672683
14,"Obstructed",2054,0.00233259168697634,0.024447322670753,-0.002594519093038,0.0470516964136488
14,"Obstructed",2104,0.00517119588261756,0.0332727744794695,0.0150819180550349,0.0816565451476402
14,"Obstructed",2154,-0.00995839429813782,0.037718357522669,0.0178801142141042,0.0740965422534364
14,"Obstructed",2204,-0.00239072692000884,0.0264610948880984,0.0470846313320413,0.0624209489120178
14,"Obstructed",2254,-0.0170104539260541,0.0330729382763699,0.0165720907803626,0.0601408765690646
14,"Obstructed",2304,-0.0208901867547004,0.0406840109634637,0.0736873719506328,0.105985801289719
14,"Obstructed",2354,-0.0169443374153153,0.0362625976159482,0.0323263758536122,0.0658924865658699
14,"Obstructed",2404,-0.00994792845915187,0.0370644695045482,0.0381023339067016,0.0574011544618244
14,"Obstructed",2454,-0.00810264904558353,0.0379330874668396,0.0383849834090701,0.0771525885316446
14,"Obstructed",2504,-0.0162209286213515,0.0332707011736299,0.0269817303118282,0.101374981533739
14,"Obstructed",2554,-0.0266045026185539,0.0469307778188406,0.0273652363651025,0.0451626101511508
14,"Obstructed",2604,-0.018412527123714,0.0394451765441038,0.0337363516523248,0.0478430397062232
14,"Obstructed",2654,-0.0114320369952105,0.0388925993990716,0.0447387103251932,0.0640153456088293
14,"Obstructed",2704,-0.00759649704054126,0.0447062744635694,0.0158185435886987,0.0182597984014139
14,"Obstructed",2754,-0.0166243966666365,0.0474287790805929,0.020357119862071,0.0492538604388044
14,"Obstructed",2804,-0.0187256470119804,0.0493054477963716,0.0382490057197148,0.0439764334206656
14,"Obstructed",2854,-0.0295307777510672,0.0534229525021776,0.0343398587169423,0.0417022743465386
14,"Obstructed",2904,-0.021046376118316,0.0366092242822463,0.0103509856062478,0.0228234917334375
14,"Obstructed",2954,-0.0255717888637683,0.0485678265766467,-0.00778668263204421,0.019654926341897
14,"Obstructed",2999,-0.0332071467006491,0.0577662375415429,0.0381500806318662,0.0563155504252532
15,"Isotropic",2004,-0.00209708218424884,0.0378596963491145,-0.020992997410293,0.0666773684293259
15,"Isotropic",2054,-0.00525555684144325,0.0380639830832088,-0.00981149884973596,0.057661548459622
15,"Isotropic",2104,-0.00253739776565698,0.0455021710414166,-0.0122714835061546,0.0858455063590347
15,"Isotropic",2154,0.00326742961665173,0.0333342484409688,-0.015195258487322,0.0487893483067431
15,"Isotropic",2204,0.00192990585968375,0.0351435102182853,-0.00330083003184713,0.0731082289904047
15,"Isotropic",2254,0.000463496809637882,0.05532938741258,0.00686417493741926,0.0728338298414213
15,"Isotropic",2304,0.0114314436854173,0.049222576032794,-0.00425567299935895,0.0653523008112648
15,"Isotropic",2354,0.00298838030485295,0.0365989358219737,-0.00601081182810095,0.0582347514925331
15,"Isotropic",2404,-0.000875408307627021,0.040291988031123,-0.008445929331609,0.0808483206014817
15,"Isotropic",2454,-0.00111926460319984,0.0383770602793047,-0.00736455016350104,0.0630680707529466
15,"Isotropic",2504,0.00461031426514647,0.0408401898554629,-0.0282717501333514,0.0897359423439439
15,"Isotropic",2554,0.00613129612161499,0.0338483246361192,-0.010813498204375,0.0793291696517496
15,"Isotropic",2604,0.0119771300958081,0.0360323910945822,-0.00969209160221222,0.095263184574476
15,"Isotropic",2654,0.00288906488181299,0.0285025294576394,-0.0238658643964386,0.0799886363008564
15,"Isotropic",2704,0.00761527555747393,0.0349389611213023,-0.0204031804248393,0.0683859763431472
15,"Isotropic",2754,0.00183942361440226,0.0315727265761586,-0.0207827078554582,0.125207253093358
15,"Isotropic",2804,0.00456354053200034,0.0340684575339344,-0.00846231988071732,0.0685889939430616
15,"Isotropic",2854,-0.00645185860731191,0.0366365929942692,-0.00989602498034036,0.0753176597504374
15,"Isotropic",2904,-0.00555132326707728,0.0292795104388054,-0.00267135647602343,0.0532791770966836
15,"Isotropic",2954,-0.00602092063049771,0.0696328886164151,-0.0235321549809184,0.0716364211091971
15,"Isotropic",2999,-0.00460704947666392,0.0413899485346121,-0.00808990231265255,0.0799106223985588
15,"Redistributed",2004,0.00466253302140309,0.0317478609182655,-0.00638323913864708,0.0575044163177456
15,"Redistributed",2054,0.00340973792788967,0.0246502220385192,0.0190144199481945,0.0841461359236337
15,"Redistributed",2104,-0.00942497033617957,0.0267958919320361,0.0147237449484403,0.0551362777421113
15,"Redistributed",2154,-0.0103232972029837,0.0341042143813161,0.0447778498573751,0.0888230906469507
15,"Redistributed",2204,-0.0126277889247097,0.0332602111379491,0.0308820160950621,0.0446008023823152
15,"Redistributed",2254,-0.00920094521668407,0.0405340595692399,0.0673115367465157,0.0916887942552205
15,"Redistributed",2304,-0.0126634323656412,0.0445037580354497,0.0488164461653911,0.0712112164453302
15,"Redistributed",2354,-0.0194372010909933,0.048759683064488,0.0417015186930131,0.0543305944640803
15,"Redistributed",2404,-0.0204247008490485,0.0459508185642447,0.0213954955928356,0.0295460346787816
15,"Redistributed",2454,-0.0214235213326657,0.0419678349047347,0.0445902564625651,0.0598528946765024
15,"Redistributed",2504,-0.0238355350448928,0.0390479693035935,0.060943160746294,0.0680620015589397
15,"Redistributed",2554,-0.0288388837098748,0.0548464448115832,0.0288454636729179,0.03170791115686
15,"Redistributed",2604,-0.0404344923556323,0.0608475450846369,0.0142485652339445,0.0182632680588491
15,"Redistributed",2654,-0.0248610413646387,0.0392606563224346,NA,NA
15,"Redistributed",2704,-0.015510632948803,0.047785684050584,NA,NA
15,"Redistributed",2754,-0.0209578102556241,0.0413156294224185,NA,NA
15,"Redistributed",2804,0.0272651740098862,0.100705089571797,NA,NA
15,"Redistributed",2854,0.0137908352873989,0.101651552902975,NA,NA
15,"Redistributed",2904,0.0210692758702206,0.0832616055442705,NA,NA
15,"Redistributed",2954,-0.0139375467942343,0.0812272769334288,NA,NA
15,"Redistributed",2999,0.0127743609116624,0.102209659081481,NA,NA
15,"Obstructed",2004,0.00467910051658914,0.0365037455318758,-0.00206160718162309,0.0709545947446496
15,"Obstructed",2054,0.0073702986924756,0.035844207650203,0.0127229280644826,0.0527245712666221
15,"Obstructed",2104,0.00568865504076906,0.0409901693759413,0.0222218271868236,0.0684143760594369
15,"Obstructed",2154,0.00528062554796941,0.0412203066913062,0.0443610295677876,0.0883449750758774
15,"Obstructed",2204,-0.00370377967582737,0.0307241458312525,0.0125877221579489,0.0954709613183642
15,"Obstructed",2254,-0.0184511766145897,0.0409491931001271,0.0226523070995407,0.0629134122998539
15,"Obstructed",2304,-0.0169112445541997,0.0436435882268165,0.00507067809866862,0.0249635021719603
15,"Obstructed",2354,-0.00659271977746827,0.038984986874509,0.0232744529082504,0.0388871525868224
15,"Obstructed",2404,-0.0064947951752052,0.0296596341402361,0.0239598402606736,0.039865876614056
15,"Obstructed",2454,-0.00990383027720703,0.0445637438346513,0.0414420290834178,0.0986506901520105
15,"Obstructed",2504,-0.00907598248310938,0.0443794715075945,0.0244169540590631,0.068186452842885
15,"Obstructed",2554,-0.00516173218295508,0.0480656824490568,0.0278446887399922,0.0413779437050389
15,"Obstructed",2604,-0.00722168547196789,0.0491467344811587,0.0503931508327801,0.0632363017080115
15,"Obstructed",2654,-0.0210871010593358,0.0537864463376254,0.000449883972724792,0.000748559320682346
15,"Obstructed",2704,0.00644778468472804,0.0531470158914744,0.0119233481939283,0.0268529676739277
15,"Obstructed",2754,0.00379369635592292,0.0413723977288696,0.0207913500091095,0.0384361155749225
15,"Obstructed",2804,-0.00835207215700179,0.0464792929923022,0.0284721543561749,0.0843404363910915
15,"Obstructed",2854,-0.0135679064873775,0.0640709845449777,NA,NA
15,"Obstructed",2904,-0.0149555083765283,0.053983203600001,NA,NA
15,"Obstructed",2954,-0.0125046943340904,0.0373850466293267,0.0163817687890332,0.0803921810605029
15,"Obstructed",2999,-0.0238477117911278,0.0465162504771583,0.0155535439102112,0.0174170001401534
16,"Isotropic",2004,-0.0013272866215417,0.0333734908276173,-0.0061020490731402,0.0613147952369187
16,"Isotropic",2054,0.00379369435982701,0.0309242662159377,-0.0235058747088855,0.067440354259442
16,"Isotropic",2104,0.00219855631523558,0.031889054899873,-0.00575751597410983,0.0486963100042255
16,"Isotropic",2154,0.00561802953469872,0.0296829126313064,0.0140624414923885,0.091892168855673
16,"Isotropic",2204,0.00344728175561133,0.035119444101771,0.00470976970654606,0.071071570376312
16,"Isotropic",2254,-0.00390753268996909,0.0268704449406192,-0.0143026131380562,0.0443841979728074
16,"Isotropic",2304,-0.00375496363805906,0.0275101170502315,-0.0238560480354783,0.0623895691065244
16,"Isotropic",2354,0.00340436798327128,0.0238824840548651,-0.0164407634335987,0.0846093904984383
16,"Isotropic",2404,-0.00656027010938653,0.032800057348321,0.0188330524902455,0.0801268146465838
16,"Isotropic",2454,-0.0032499502476155,0.0324727348542221,0.0114671143800509,0.0559877942325271
16,"Isotropic",2504,-0.00764772100227684,0.0289635159787217,0.0136622445093817,0.0727803451712424
16,"Isotropic",2554,-0.00829240105249685,0.0401601210291083,0.0206774386323092,0.0890519191155855
16,"Isotropic",2604,-0.00309801498758798,0.026250658783333,0.0346706362639391,0.0851004656851623
16,"Isotropic",2654,-0.00476445916495749,0.0300590607728449,0.0151605140326498,0.052037006355655
16,"Isotropic",2704,-0.0075386864628868,0.0246127021646253,0.00694758919024052,0.0427855284595765
16,"Isotropic",2754,-0.0113108961571657,0.0368149776650117,0.0443386261581338,0.120266073935977
16,"Isotropic",2804,-0.00343955327027527,0.0247334178947189,-0.0081459937438028,0.0510641103922125
16,"Isotropic",2854,-0.00553435955232779,0.0310817146444098,0.0311648277206069,0.0717854868743385
16,"Isotropic",2904,-0.00381143589907187,0.0463799035598278,0.0310696649826009,0.0733510846910782
16,"Isotropic",2954,0.00269828316992564,0.0362727252498912,0.000542614419092569,0.0621025941550706
16,"Isotropic",2999,-0.00133267175279539,0.0426722913820847,0.0128149792902382,0.0644250243291167
16,"Redistributed",2004,0.00375724771008752,0.0388550870400725,0.00726966482482361,0.0803355746175287
16,"Redistributed",2054,-0.00148265043418602,0.0437032192404119,0.00905541717118005,0.039779619100504
16,"Redistributed",2104,-0.0020816061194228,0.0239664817357645,0.0662663160059925,0.103274603154878
16,"Redistributed",2154,-0.00652595599148295,0.0365175798812322,0.0290126683788241,0.0493880318523226
16,"Redistributed",2204,-0.00847837322333177,0.0401269012173114,0.0458925711285782,0.0825067425948834
16,"Redistributed",2254,-0.026524705595895,0.0379526580349962,0.0347702225861209,0.046041887085642
16,"Redistributed",2304,-0.0201300713780677,0.0423873180053293,0.0305005753075962,0.0491511867418319
16,"Redistributed",2354,-0.0173119677580041,0.0547490048161029,0.0204494677418125,0.0222386977445108
16,"Redistributed",2404,-0.0267894171951336,0.0535932542154672,0.0234488412313642,0.0271478237483962
16,"Redistributed",2454,-0.016063525702324,0.038049397390778,0.0175832869625519,0.0396461373001641
16,"Redistributed",2504,-0.0314463936816721,0.0474489399418099,0.00874868409598001,0.019188391384098
16,"Redistributed",2554,-0.0211373333335956,0.0416264479028367,0.0299608781365652,0.053024323344646
16,"Redistributed",2604,-0.0206256063716206,0.0559918250592477,NA,NA
16,"Redistributed",2654,-0.012251088823848,0.0307534783276494,0.0310387546719678,0.0914719346410258
16,"Redistributed",2704,-0.0170360809470026,0.061448738832632,0.0123820454213517,0.0414949851564985
16,"Redistributed",2754,-0.013505238358336,0.0410347403642809,0.0110816085710514,0.0373550495712653
16,"Redistributed",2804,-0.0134207940965496,0.0352083277347872,0.0252720968404203,0.0561728706115378
16,"Redistributed",2854,0.000860529315461651,0.0450861840332401,0.00669995924240086,0.00840394802677722
16,"Redistributed",2904,-0.0179172324754815,0.047992177502449,NA,NA
16,"Redistributed",2954,0.00364534107710797,0.0602098069359679,NA,NA
16,"Redistributed",2999,0.0140599138680999,0.0926953430212937,NA,NA
16,"Obstructed",2004,0.00202588931226134,0.0285427749796218,-0.0124685835482853,0.0570663761154115
16,"Obstructed",2054,0.00300063772833968,0.0234828263183694,0.0126395507196995,0.049239234549566
16,"Obstructed",2104,-0.00246770443110541,0.0346198138332019,0.0275549334633784,0.0822704307235338
16,"Obstructed",2154,-0.00777198437307263,0.0320692021033322,0.012956629498573,0.0702382658685404
16,"Obstructed",2204,-0.00515068276465654,0.0283931816412678,0.0380867836223565,0.0910740084393822
16,"Obstructed",2254,-0.00639273372224588,0.0426731640617532,0.0400414255038548,0.0557747382975963
16,"Obstructed",2304,-0.00460493724656489,0.0315098513603303,0.0462604408587189,0.0720727336340535
16,"Obstructed",2354,-0.0181015898070167,0.0443841631457046,0.0472502633171362,0.0840333835178219
16,"Obstructed",2404,-0.0127467289234444,0.036044670123654,0.0420119660861409,0.0598571593733915
16,"Obstructed",2454,-0.0026238777498367,0.0377944722499466,0.00987560756422339,0.0118392172789243
16,"Obstructed",2504,-0.0154691780576491,0.0328157011584871,0.0206677473119701,0.0260412347747795
16,"Obstructed",2554,-0.00569193772975744,0.0341633145892612,0.000569048907639408,0.00140655759445076
16,"Obstructed",2604,-0.0147268542097993,0.0265495509452031,0.0297340445254247,0.0639986206874014
16,"Obstructed",2654,-0.017710489966495,0.0414590304303944,0.019795132527622,0.028338621481993
16,"Obstructed",2704,-0.0133392807494378,0.0478136363604975,0.00377167605305679,0.00536740446236634
16,"Obstructed",2754,-0.0222043535580685,0.0451551193163187,0.0152657259081716,0.0197479438139643
16,"Obstructed",2804,-0.0251043135044418,0.0498640449059868,0.0538870661273561,0.0868267147016316
16,"Obstructed",2854,-0.0143127400648294,0.0435410916343347,0.00575791842896948,0.00599254114783456
16,"Obstructed",2904,-0.0123364901840241,0.0438027324137182,0.00626541946720517,0.00718527496428322
16,"Obstructed",2954,-0.0173734948822102,0.0453996978541873,0.00997550630222713,0.0152776857529431
16,"Obstructed",2999,-0.0149039860682254,0.0347944694255715,0.00197430354246531,0.00372454674612051
17,"Isotropic",2004,0.00809581936326197,0.0245769674636159,-0.0105265815802695,0.0764337043630464
17,"Isotropic",2054,0.00100391204165217,0.0372860240790851,-0.014078640388706,0.0352261684426288
17,"Isotropic",2104,0.0103844795999622,0.0240158004861236,-0.0146304556862931,0.0805819645490251
17,"Isotropic",2154,0.00721026084441154,0.0246016608774268,-0.0293460631790738,0.0893383286468506
17,"Isotropic",2204,0.00809692426223558,0.0296418207576447,-0.0254116914173034,0.067730581455422
17,"Isotropic",2254,0.00210071399866608,0.0251295885589131,-0.0164033414407867,0.0333785679785094
17,"Isotropic",2304,0.0004886904252048,0.0194212260215486,-0.0121638397851214,0.0483506810171147
17,"Isotropic",2354,-0.000130091573720979,0.0307006389502688,-0.0110796924816841,0.0493477863950561
17,"Isotropic",2404,0.00536746875705245,0.0350300183537835,-0.007569328827405,0.0641409738856459
17,"Isotropic",2454,0.019295402996918,0.0375120992581574,-0.0177438436871662,0.0608462980204476
17,"Isotropic",2504,0.0119600979237629,0.0427640643964588,-0.0220113228242621,0.0430429172675845
17,"Isotropic",2554,0.00689256911984446,0.0383190583239344,-0.0220514329796684,0.0589579054807988
17,"Isotropic",2604,0.0146816282228575,0.0311584065576798,-0.0441427232032796,0.094745315839329
17,"Isotropic",2654,0.00836275954470086,0.040006317261527,-0.0135161840814454,0.0247767902464658
17,"Isotropic",2704,0.00710509871078311,0.0394462343193016,-0.00719370056844394,0.076901494968178
17,"Isotropic",2754,0.00432860527525087,0.0390163405417846,-0.0202632459298506,0.0603594306129365
17,"Isotropic",2804,0.00272991999387534,0.0367054289322808,-0.0256602260915399,0.0657942869929774
17,"Isotropic",2854,-0.00177372820156542,0.0370360147702774,-0.00482356264524518,0.0352550703379793
17,"Isotropic",2904,0.00436400255268466,0.0244921599270547,-0.021544521844349,0.0628275003490775
17,"Isotropic",2954,-0.000102698106332653,0.0283418622477562,-0.00356460582920617,0.0646040866803465
17,"Isotropic",2999,0.00531479422272116,0.0346507485736368,0.00085607078149112,0.0577090360347249
17,"Redistributed",2004,0.00298445488360241,0.0300974197019678,-0.0133955191476277,0.055426584890001
17,"Redistributed",2054,-0.00672256780719437,0.0405129086812555,0.00128015996432005,0.0565973472804675
17,"Redistributed",2104,-0.00464933764395059,0.0352523535119762,-0.00344629584876793,0.0417964363598227
17,"Redistributed",2154,-0.00278751715794397,0.0316893127562978,0.0149275045482142,0.0641171796836386
17,"Redistributed",2204,-0.00705880405111472,0.0270081791337663,0.0220621643879251,0.0652683545124549
17,"Redistributed",2254,-0.0188883709453004,0.0382775563651246,0.0714796964046158,0.101406918385759
17,"Redistributed",2304,-0.012669136248848,0.0270399990783894,0.0166813796612694,0.0211754596994166
17,"Redistributed",2354,-0.00834792798106169,0.042571980877917,0.0217472245919676,0.0272561913462393
17,"Redistributed",2404,-0.0214195141298005,0.0321386195901575,0.0190581712136542,0.0299289202823485
17,"Redistributed",2454,-0.0280224510975652,0.0532052433999772,0.00255135789686821,0.00669726427478442
17,"Redistributed",2504,-0.0176390585430624,0.0478427285762192,0.0305720855904018,0.037884677618739
17,"Redistributed",2554,-0.0165370066492604,0.0441131130905532,0.0113335735940497,0.0117255252278315
17,"Redistributed",2604,-0.0286460140848487,0.0514406083975977,0.00857961328073161,0.00995569373525297
17,"Redistributed",2654,-0.0237339090462521,0.0673853594650787,0.000703547956553212,0.001161023793454
17,"Redistributed",2704,-0.0289102484456573,0.0499942689807607,0.0443651148621317,0.0488847276310018
17,"Redistributed",2754,-0.0140526116993099,0.048610658250057,-0.0135289901717014,0.0143118457397627
17,"Redistributed",2804,-0.0121832926461067,0.0710535676863455,NA,NA
17,"Redistributed",2854,0.0245100787208138,0.0891364084593401,NA,NA
17,"Redistributed",2904,0.0507006368638155,0.159827558465433,NA,NA
17,"Redistributed",2954,0.0269956896292336,0.100604920780151,NA,NA
17,"Redistributed",2999,0.0493728803418992,0.116669101548708,NA,NA
17,"Obstructed",2004,0.0021681498577368,0.0267453070214319,-0.0233488268155136,0.0830907230062941
17,"Obstructed",2054,0.0068186315042704,0.0251752555621134,-0.00622804380702593,0.0234301112968497
17,"Obstructed",2104,0.00148585208655448,0.0291594300199753,-0.0150356922991337,0.0762096277174164
17,"Obstructed",2154,-0.000897549238889643,0.0380615102398335,0.00102526933772703,0.0967554909867019
17,"Obstructed",2204,0.00409487560049328,0.0307128839876545,-0.0174273485180443,0.0596921331208957
17,"Obstructed",2254,0.00345962272633129,0.0318049244608269,-0.00860953669211652,0.0437296467274543
17,"Obstructed",2304,-0.00305783101565174,0.0297398040137437,0.0310952413783568,0.111735624969094
17,"Obstructed",2354,0.00511077996820095,0.0267864016025398,0.0392028543402951,0.0973539442777723
17,"Obstructed",2404,-0.00161339297327293,0.0353448521495531,0.0214118343728417,0.0752486310313473
17,"Obstructed",2454,-0.00391665103293616,0.0447372788574336,0.0183689350663281,0.106548030168525
17,"Obstructed",2504,-0.00232778367002476,0.0287108180321164,0.0255490192543359,0.0705132555928053
17,"Obstructed",2554,-0.0186395164634598,0.0423015108955408,0.00303152805724878,0.0374163958293804
17,"Obstructed",2604,-0.0054878393629114,0.03509311952977,0.0368089278489942,0.0662017297686359
17,"Obstructed",2654,-0.0056454771712694,0.0355817694071814,0.0142686869038119,0.0546999756880678
17,"Obstructed",2704,0.00172953127626343,0.045076177980619,0.00375778360969631,0.00527973256896448
17,"Obstructed",2754,-0.0040626797119932,0.0339911540547643,0.0196499995593595,0.0575458772011442
17,"Obstructed",2804,-0.0106523495244974,0.0406265828265507,0.00372624412128807,0.0180896548166187
17,"Obstructed",2854,-0.00414125651720282,0.0544121839221182,4.78297129273283e-05,0.000155188812271851
17,"Obstructed",2904,-0.0081637958427621,0.0500410290586319,0.00673097454635134,0.0071094778480705
17,"Obstructed",2954,-0.00918079895186718,0.0395632001663854,0.0211667131747974,0.0356215005477203
17,"Obstructed",2999,0.00221262093964488,0.0393478802757769,NA,NA
18,"Isotropic",2004,0.00145384775361739,0.033092348419022,-0.00112436976451037,0.10680317364801
18,"Isotropic",2054,-0.0101512559084195,0.0437714311279905,0.0250087951045524,0.0896481306138449
18,"Isotropic",2104,-0.00273845695799703,0.042934934866507,0.0205398426452177,0.0749062451110569
18,"Isotropic",2154,0.00723622394740276,0.0347964208743556,0.00304495584535999,0.100942308418724
18,"Isotropic",2204,-0.00634544984687449,0.035833839234871,0.00237703605751042,0.0828820951468906
18,"Isotropic",2254,-0.00646449253954827,0.0393471278080764,0.018848534140026,0.0479677106881712
18,"Isotropic",2304,-0.0064815492451544,0.0365758818486032,0.0426378899398565,0.0709304741963864
18,"Isotropic",2354,-0.0026900778933814,0.0361007207611633,0.00976988199189511,0.0538040109600762
18,"Isotropic",2404,-0.0100946739796136,0.0409868150962022,0.0241675184496954,0.126317948389336
18,"Isotropic",2454,-0.00810447623130218,0.0352520940838489,0.0111726227508806,0.0786750615929782
18,"Isotropic",2504,0.000661279615518485,0.0362413061090181,-0.00807530692234023,0.0781016695952973
18,"Isotropic",2554,0.00438634257326691,0.0363747134187439,-0.00177769775837687,0.0659320792547394
18,"Isotropic",2604,0.0113627788544619,0.0369179899538025,-0.0112747365979333,0.0486539178123235
18,"Isotropic",2654,0.0125234002423885,0.0413884719038599,-0.0128840024264512,0.06144042297915
18,"Isotropic",2704,0.00254122314902204,0.0363718637679155,0.011052921644474,0.0578848711840812
18,"Isotropic",2754,-0.00324282168245893,0.0444709002846915,0.0114839886306736,0.10570421514567
18,"Isotropic",2804,0.0104438906170935,0.0344434644365165,-0.0165482916998807,0.06498932806829
18,"Isotropic",2854,0.00459835896639832,0.0337642586099326,0.00213991597379379,0.0860443752685303
18,"Isotropic",2904,0.00192445716152293,0.0309333225474887,-0.00322297316032304,0.0702601809851531
18,"Isotropic",2954,0.0069046678717743,0.0451953794615628,-0.019570471871224,0.0649231050354372
18,"Isotropic",2999,-0.00174942035057479,0.0363805686367509,0.00726843162833623,0.0752572388069271
18,"Redistributed",2004,0.00362407511167953,0.0356552024729843,0.0256417288519998,0.103505373785148
18,"Redistributed",2054,0.00334854375511897,0.0430993345765226,0.0210332052875933,0.0748026132053548
18,"Redistributed",2104,0.00187818199064061,0.0452416169622015,0.0262135938866547,0.0801262776941336
18,"Redistributed",2154,-0.0150138931126141,0.0413131176040884,0.0379753261459031,0.0708667886917395
18,"Redistributed",2204,-0.0145841438659364,0.0547683272173227,0.0507975860870732,0.0583720514629469
18,"Redistributed",2254,-0.0152327552483838,0.0403816233849514,0.0191801567311816,0.019892278883871
18,"Redistributed",2304,-0.0194225858172597,0.0495408540867166,NA,NA
18,"Redistributed",2354,-0.0121726334173315,0.0835119802724058,NA,NA
18,"Redistributed",2404,-0.0375771049154511,0.0604969492513443,NA,NA
18,"Redistributed",2454,-0.0116411304136698,0.0955295252970913,NA,NA
18,"Redistributed",2504,0.0222095154245663,0.107834028719148,NA,NA
18,"Redistributed",2554,0.0389350582052392,0.130958259083182,NA,NA
18,"Redistributed",2604,0.0653998525079265,0.144524811746468,NA,NA
18,"Redistributed",2654,0.0264862983265404,0.0750167191488394,NA,NA
18,"Redistributed",2704,0.0258533405920533,0.120967211258689,NA,NA
18,"Redistributed",2754,0.0307043860284977,0.0926524592122659,NA,NA
18,"Redistributed",2804,0.0673570349554927,0.158482089219898,NA,NA
18,"Redistributed",2854,0.0312253307474359,0.0549163329858586,NA,NA
18,"Redistributed",2904,0.184688952812923,0.231072981117036,NA,NA
18,"Redistributed",2954,0.0932122338990544,0.114433506981946,NA,NA
18,"Redistributed",2999,0.0667176829669529,0.0739672441942547,NA,NA
18,"Obstructed",2004,0.000312811564941218,0.0325929959331629,0.0179272992303884,0.109136936786784
18,"Obstructed",2054,0.0168643207446089,0.0371854529553049,0.0110702937276803,0.0700994783104582
18,"Obstructed",2104,0.00547521627328376,0.0356058552509112,0.0122327443905083,0.0122930165134838
18,"Obstructed",2154,0.00124457042493405,0.0392238741383882,NA,NA
18,"Obstructed",2204,-0.0148840421515308,0.0481376625063402,0.00161660825309891,0.00192996065692152
18,"Obstructed",2254,-0.0295519365994792,0.0536079392740505,0.0147367287324388,0.015017456882581
18,"Obstructed",2304,-0.0145643212871495,0.0472116883247269,0.00152378212236494,0.00195362827163239
18,"Obstructed",2354,-0.0215292368702527,0.0400975526245738,0.0199522658387128,0.0214965786424822
18,"Obstructed",2404,-0.0215201863749298,0.0575974745562804,0.00703968928956211,0.00733553726903722
18,"Obstructed",2454,-0.0164061056603273,0.0603116977680263,NA,NA
18,"Obstructed",2504,-0.011150349280099,0.070563160172845,NA,NA
18,"Obstructed",2554,-0.0237777782719694,0.0510713273606805,NA,NA
18,"Obstructed",2604,-0.00577312452149811,0.0572383967808002,NA,NA
18,"Obstructed",2654,0.00431791981880924,0.081518972872345,NA,NA
18,"Obstructed",2704,-0.0206057444595506,0.0592583809406896,NA,NA
18,"Obstructed",2754,-0.0110718707417015,0.0538931363496109,NA,NA
18,"Obstructed",2804,-0.00849231511242914,0.0734960192633307,NA,NA
18,"Obstructed",2854,0.0201698363124357,0.108000599390581,NA,NA
18,"Obstructed",2904,0.0381221398637731,0.11085804183143,NA,NA
18,"Obstructed",2954,0.0344563922905326,0.0910779756379965,NA,NA
18,"Obstructed",2999,0.0211910502400557,0.0853503134969515,NA,NA
19,"Isotropic",2004,-0.00423458318411005,0.0293936823507554,-0.007432173554905,0.0627022636466873
19,"Isotropic",2054,0.00555252546059069,0.0338629884361995,0.00749420355867288,0.0242613397226258
19,"Isotropic",2104,-0.00441766305097839,0.0412837133390974,0.00474306433898443,0.0489548305136831
19,"Isotropic",2154,-0.00271212549593369,0.041368501207703,0.0163601810692282,0.03889398812754
19,"Isotropic",2204,-0.00653935279503885,0.0410069279259038,0.00618693011697373,0.0524031267101587
19,"Isotropic",2254,-0.00717292566093131,0.0255104845444923,0.0258497516130022,0.0597243606899929
19,"Isotropic",2304,-0.0128846052243174,0.046229746922965,0.0266952483040364,0.097773988188472
19,"Isotropic",2354,0.000952214778196974,0.0344854614949263,0.0184679863912438,0.0570425303478701
19,"Isotropic",2404,-0.00848813931004446,0.0402418711676112,0.00777532117017264,0.0303758287529856
19,"Isotropic",2454,-0.00829545658178426,0.0354114459163629,0.0275013321106008,0.0409995190900759
19,"Isotropic",2504,-0.0107920767787552,0.040588806019622,0.0262052948788904,0.0523521400246504
19,"Isotropic",2554,-0.00552676932582152,0.0448000684962486,0.00791004752726547,0.0387241691240405
19,"Isotropic",2604,-0.00679049805290328,0.0324895873794565,0.0141986870730992,0.0403002669565089
19,"Isotropic",2654,-0.0161892863703472,0.0326514942736825,0.0402106727768254,0.0915483409311458
19,"Isotropic",2704,-0.00933345395988488,0.0291026765354997,0.0204659842809861,0.0596226142269849
19,"Isotropic",2754,-0.00091042517612756,0.0298369713249417,0.0438722336440925,0.0751960003235564
19,"Isotropic",2804,-0.00683742331517853,0.0418112562894183,0.04140055342088,0.0675537769523124
19,"Isotropic",2854,-0.00330036766824244,0.0425521995399542,0.019568237393509,0.0496211908553284
19,"Isotropic",2904,-0.0140625326701762,0.033995616127944,0.0199887353750143,0.0557258091902463
19,"Isotropic",2954,-0.00655984728640106,0.0316140514611243,0.0142026850110782,0.0802290176822088
19,"Isotropic",2999,-0.00165412573718085,0.030636441556192,0.00233776267163621,0.0406072976760211
19,"Redistributed",2004,0.000482970521685836,0.0326611031096949,0.000553222400957859,0.077872931604783
19,"Redistributed",2054,-0.00269034287735346,0.0317607214271475,0.0225419695452806,0.139922472337153
19,"Redistributed",2104,-0.00591118143935145,0.0312371479193848,0.0480333539450728,0.0745156442749853
19,"Redistributed",2154,-0.00887620078944741,0.0310918397556273,0.0436484904222157,0.0716821950726386
19,"Redistributed",2204,-0.00711745447898989,0.0305638803889112,0.0424198175214338,0.0779280373936406
19,"Redistributed",2254,-0.0230268200324023,0.040973618784704,0.0251641635654731,0.0507596754532494
19,"Redistributed",2304,-0.02166681495263,0.0424430073711743,0.0623285973427872,0.0742525337064426
19,"Redistributed",2354,-0.0193123164600136,0.0421899188882604,0.0102810329046367,0.0154266668119534
19,"Redistributed",2404,-0.015069691998613,0.0496798286968226,0.000186244044720175,0.000425549471872243
19,"Redistributed",2454,0.000989929622364655,0.0432588846888283,NA,NA
19,"Redistributed",2504,-0.0198388750156653,0.050075798041776,0.00454012905713192,0.00463312605839072
19,"Redistributed",2554,-0.0354541682395019,0.0568694329664303,NA,NA
19,"Redistributed",2604,-0.014419091762637,0.0684010080526852,NA,NA
19,"Redistributed",2654,0.00550573042128529,0.069185733840492,NA,NA
19,"Redistributed",2704,0.0247137908088382,0.105022936020415,NA,NA
19,"Redistributed",2754,0.0181774946713731,0.129729766307315,NA,NA
19,"Redistributed",2804,0.0672471222012773,0.143255349404598,NA,NA
19,"Redistributed",2854,0.0230909861199009,0.0622694013507814,NA,NA
19,"Redistributed",2904,0.0187015470201676,0.0934077618091508,NA,NA
19,"Redistributed",2954,0.0338242247415797,0.081949348610941,NA,NA
19,"Redistributed",2999,0.0449466061797678,0.0633527442854162,NA,NA
19,"Obstructed",2004,-0.000393449644897439,0.0310346966550253,-0.00121606318025181,0.0939887234788269
19,"Obstructed",2054,-0.0025429021334229,0.0271693383244874,-0.00034008272711724,0.0743514929527027
19,"Obstructed",2104,-0.00616008181997633,0.040527606375012,0.0324053744099639,0.0680728356924957
19,"Obstructed",2154,-0.00753238128283961,0.0321761729282315,0.027610584965542,0.0371389873070279
19,"Obstructed",2204,-0.00165095552001236,0.0344081178948669,0.0356308307416744,0.071158543783123
19,"Obstructed",2254,-0.00477663669304027,0.0329959736209348,0.0439426754935641,0.0612804869461118
19,"Obstructed",2304,-0.00834960239368219,0.0304847551524195,0.00857174224925876,0.0203714502287259
19,"Obstructed",2354,-0.0157024407594026,0.0362281061845821,0.000603648793754086,0.00090941201589996
19,"Obstructed",2404,-0.010682544369876,0.046409127296579,0.00513549895149962,0.00852769886894687
19,"Obstructed",2454,-0.00834574012719661,0.039332405337786,0.0190847812961081,0.0477794118443301
19,"Obstructed",2504,-0.00886875413924138,0.0359987947011177,0.0198556782176512,0.0260709017936156
19,"Obstructed",2554,-0.0108523866196851,0.0440499020659698,0.00585222154378123,0.010258224097808
19,"Obstructed",2604,-0.0225899867804978,0.0475863281084173,0.0113966176141465,0.0209691738123978
19,"Obstructed",2654,-0.0225923064705542,0.0455566127666552,NA,NA
19,"Obstructed",2704,-0.0287259098598373,0.0466998603300857,0.00871789698222555,0.00931242971325679
19,"Obstructed",2754,-0.0295529592545845,0.0623264095805275,0.0144468909880757,0.0160976802730805
19,"Obstructed",2804,-0.0245605935270906,0.0580413055969246,NA,NA
19,"Obstructed",2854,-0.0159669611937634,0.0680193375814982,0.027038898232977,0.0372997071761186
19,"Obstructed",2904,-0.0185555407992246,0.0571073931342498,0.036160028018319,0.0506329118612362
19,"Obstructed",2954,-0.0370933297914883,0.0563254379272607,0.00666521032292446,0.00674571971208617
19,"Obstructed",2999,-0.0497825390169434,0.0812996265217735,NA,NA
20,"Isotropic",2004,0.00617545607620559,0.0346105882976091,-0.00659302458363747,0.0560534299943971
20,"Isotropic",2054,-0.00810261319215274,0.0350641906757517,-0.00427369369373227,0.0354720300556707
20,"Isotropic",2104,0.00502313046658166,0.036995771710205,0.000903017521235682,0.0781206462690876
20,"Isotropic",2154,5.22992509450012e-05,0.0297510607468898,0.0104949050807768,0.0574322316240029
20,"Isotropic",2204,0.000605382106428962,0.0348581107363426,-0.0220788849700659,0.0790554752116921
20,"Isotropic",2254,-0.00209360109418598,0.0421011835940074,0.00883238291174349,0.0646803081353285
20,"Isotropic",2304,0.00241653457761723,0.0414691548717668,-0.0141006352817402,0.0647410548440374
20,"Isotropic",2354,-0.00689258142362213,0.037985808235161,0.0228725128921797,0.0658044587849926
20,"Isotropic",2404,0.00321017614601113,0.0309454250182486,0.00900243845972252,0.0414652371494426
20,"Isotropic",2454,-0.00158562950695472,0.0333355517734899,0.00865081163049969,0.0634470608121581
20,"Isotropic",2504,-0.00816796042837155,0.0287868142918272,0.000418052158070653,0.062315774767228
20,"Isotropic",2554,-0.00297525780078832,0.0320088289965249,0.00917504199623369,0.081676083657331
20,"Isotropic",2604,-0.00255955769225103,0.0319204673795044,-0.0122589869227279,0.0855806516645433
20,"Isotropic",2654,0.00059335408602714,0.0330207957340926,0.0094969353037433,0.0606811758432431
20,"Isotropic",2704,0.00160098897112033,0.025279337527977,0.0482532740737117,0.101320796839654
20,"Isotropic",2754,-0.00301397262183304,0.0367007069845365,0.0150642163410523,0.0601113761572153
20,"Isotropic",2804,-0.00118980865344712,0.0303004533710268,0.0144455383514218,0.0432053620676271
20,"Isotropic",2854,0.00300540841644989,0.0310799171780403,-0.0104218752510264,0.086115227997943
20,"Isotropic",2904,-0.00562872770151118,0.0280284655536363,0.0222722744896436,0.0717514962033506
20,"Isotropic",2954,-0.00145008677180283,0.0274471163906291,0.0245898115152286,0.0604436091785623
20,"Isotropic",2999,-0.00915659285874644,0.0287950509967206,0.0374987523682442,0.0664530588745736
20,"Redistributed",2004,-0.00152120680811326,0.0359156523624483,0.0132059660456229,0.083717607273313
20,"Redistributed",2054,0.000387387018970467,0.042334308558285,0.0262778713471897,0.0803163064940549
20,"Redistributed",2104,0.00112887372181844,0.0387721050634799,0.0399148746000058,0.0566865232034271
20,"Redistributed",2154,-0.00801884287963024,0.0328550582538965,0.0163879364865768,0.0401131498836674
20,"Redistributed",2204,-0.00467422276774858,0.0328484952867855,0.0382746516824848,0.0785497647295245
20,"Redistributed",2254,-0.0168141856230986,0.0349341887563775,0.0382317649076624,0.0660106518526139
20,"Redistributed",2304,-0.0159979274997192,0.0331141234526106,0.0174947855096499,0.0483196918782647
20,"Redistributed",2354,-0.019668627611443,0.0360335568186804,0.0220798608870598,0.0257334121271237
20,"Redistributed",2404,-0.0142131073109933,0.0400507965755971,0.0217184222630797,0.024896250612506
20,"Redistributed",2454,-0.009657066850934,0.0463318981633157,0.0219004325189994,0.0358985378323472
20,"Redistributed",2504,-0.0240463241226587,0.0503439449411206,0.00400322419022422,0.00708108771321826
20,"Redistributed",2554,-0.024200814836915,0.0514946268435859,0.0376080499874936,0.0419363169220536
20,"Redistributed",2604,-0.0223208167712491,0.0581896832124378,NA,NA
20,"Redistributed",2654,-0.0299781319304749,0.0767747996427668,NA,NA
20,"Redistributed",2704,-0.0112095113736603,0.0871608879620081,NA,NA
20,"Redistributed",2754,-0.021697064092123,0.059135007861769,NA,NA
20,"Redistributed",2804,-0.0326920842474202,0.0895471753429383,NA,NA
20,"Redistributed",2854,-0.0044453094923409,0.06497534067843,NA,NA
20,"Redistributed",2904,0.00536062564693067,0.106186126338191,NA,NA
20,"Redistributed",2954,-0.0364037312628926,0.0830562397894174,NA,NA
20,"Redistributed",2999,0.0310345588586623,0.135403333373505,NA,NA
20,"Obstructed",2004,5.55173534831611e-05,0.0306782618982616,0.00848867769925231,0.0859221312067378
20,"Obstructed",2054,-0.002354422560414,0.0301875694245307,0.0423338369146387,0.0622601677264641
20,"Obstructed",2104,-0.00662006367879902,0.0316593265948867,0.0203161315394627,0.0858664230647883
20,"Obstructed",2154,-0.00224528670723985,0.0376267593811486,0.00889009440874983,0.040166552761618
20,"Obstructed",2204,-0.000309905978722566,0.0247263177949561,0.0189051821472995,0.0881672553079693
20,"Obstructed",2254,-0.00258682743792956,0.0487421285792006,0.0329803787023013,0.0757441803129115
20,"Obstructed",2304,0.00229691618162227,0.0325316459492732,0.028577589763693,0.0547033274405582
20,"Obstructed",2354,0.0023297713474564,0.0394297936037031,0.0577371825756895,0.0853633296915948
20,"Obstructed",2404,-0.0107156510215347,0.0306079001369684,0.00214750602958438,0.00278531619782135
20,"Obstructed",2454,-0.0167463867111927,0.0371165349252108,0.0364429911611756,0.0692607942088942
20,"Obstructed",2504,-0.0180412189665761,0.0317345651211046,0.000195765015683426,0.000292662128007033
20,"Obstructed",2554,-0.0176955569700216,0.0320075654420968,0.00428788592698184,0.00548566845167367
20,"Obstructed",2604,-0.0105081433731932,0.045808582878763,0.0285447975381521,0.0479829470127661
20,"Obstructed",2654,-0.00582697615531023,0.0517434298655941,0.00963252600865802,0.0138182150675165
20,"Obstructed",2704,-0.0136669423418175,0.0586223755927648,0.00705333971169283,0.00895251165593296
20,"Obstructed",2754,-0.0168810326285957,0.0597226232240711,0.00631411256396963,0.0101377189374807
20,"Obstructed",2804,-0.0217827828761931,0.0644554888043994,0.0116425672786022,0.0136235937681339
20,"Obstructed",2854,-0.000934432087708362,0.0727544291859142,0.0207042768054041,0.0211759110337525
20,"Obstructed",2904,-0.0238572665227021,0.0618151105145141,0.0112329046731557,0.0123562114155573
20,"Obstructed",2954,-0.0379668149127505,0.0714288860525827,0.0012912554375024,0.00180692962040214
20,"Obstructed",2999,-0.00973360627880036,0.0654359852436554,NA,NA
21,"Isotropic",2004,-0.00212589091616569,0.0365915448489434,0.0171629570049371,0.0683469157105016
21,"Isotropic",2054,-0.0113914988023996,0.0458124109272146,0.013306576531329,0.037292448101101
21,"Isotropic",2104,0.00424174818776837,0.0468657405320129,-0.00629036812388248,0.0786683798573402
21,"Isotropic",2154,0.000327275581255656,0.0344127988370109,-0.00247182937288861,0.120337303388124
21,"Isotropic",2204,-0.00225768001975843,0.0338299111548654,-0.00251684796714129,0.0753879858101291
21,"Isotropic",2254,0.00313965851794737,0.0399601477915035,0.00556704932677074,0.0408399275342042
21,"Isotropic",2304,0.0097866583267732,0.0383672093147227,0.00372646018723104,0.0398750073214758
21,"Isotropic",2354,0.00769153491747011,0.0571501427826811,0.00522784888670334,0.0600748892398383
21,"Isotropic",2404,-0.00590745398289111,0.0522021414409908,-0.000784568247735738,0.0333925648259874
21,"Isotropic",2454,0.00786984544064431,0.03831761081307,-0.00676246235632596,0.0503527728227863
21,"Isotropic",2504,-0.00121733729838436,0.0322608869936655,-0.00707366376905523,0.0583141084239162
21,"Isotropic",2554,0.000403378838497227,0.0314853113757838,-0.00517135051520615,0.10121671540325
21,"Isotropic",2604,0.00139508539778211,0.0356249782632144,-0.0136642175587173,0.0548910246974128
21,"Isotropic",2654,0.00831152593548237,0.023989955855104,-0.0139391130742874,0.0447417180665638
21,"Isotropic",2704,-0.00390649891261134,0.0378539334901444,-0.00765295852255048,0.0440545646224229
21,"Isotropic",2754,0.00297068239939871,0.0368939812257746,0.0239682228603845,0.0904444699924544
21,"Isotropic",2804,-0.00460452838004941,0.0416015379317668,0.0277444108417689,0.0676411134799958
21,"Isotropic",2854,0.000131029649307684,0.0276043923365496,0.0138651359918647,0.0311402043444683
21,"Isotropic",2904,-0.00348330170839139,0.0327601274775203,-0.00011213642923378,0.0918857031317886
21,"Isotropic",2954,0.00252064796392216,0.0289994948281368,-0.0105807761981663,0.0601095407597609
21,"Isotropic",2999,-8.18076540184325e-05,0.027450450882668,0.022103443704694,0.0600283791102688
21,"Redistributed",2004,-0.00515999587622634,0.0399158273154418,0.0282601992674618,0.0723825782604152
21,"Redistributed",2054,-0.000712278991719512,0.0298944760704318,0.0439458345162546,0.0655810451820554
21,"Redistributed",2104,-0.000308459374309941,0.0420236501999854,0.023451994058761,0.0381431468680377
21,"Redistributed",2154,-0.00787430724047455,0.067256927381475,0.00596137291765325,0.0663580465753371
21,"Redistributed",2204,-0.000650315660316385,0.0569449135922614,0.0642836803682059,0.0730572467101837
21,"Redistributed",2254,-0.0162709950100235,0.05220900852989,NA,NA
21,"Redistributed",2304,-0.0246583189101406,0.0488582240245368,0.0109223941264634,0.0116043548604629
21,"Redistributed",2354,-0.02997987971368,0.0875515813810092,NA,NA
21,"Redistributed",2404,0.0276427773987966,0.10813395464029,NA,NA
21,"Redistributed",2454,0.0137164529070813,0.0651542634554702,NA,NA
21,"Redistributed",2504,0.0474836209804487,0.143113097862896,NA,NA
21,"Redistributed",2554,0.0334061915671406,0.099591512622153,NA,NA
21,"Redistributed",2604,0.0221458621462717,0.0976496498485387,NA,NA
21,"Redistributed",2654,0.0321147519727908,0.105415856725544,NA,NA
21,"Redistributed",2704,0.0397234669241793,0.0819491142048151,NA,NA
21,"Redistributed",2754,0.105487872700027,0.167927636683135,NA,NA
21,"Redistributed",2804,0.115421999208869,0.155348402791011,NA,NA
21,"Redistributed",2854,0.0698536839133152,0.0886682806666174,NA,NA
21,"Redistributed",2904,0.0656147916971348,0.0943730363412571,NA,NA
21,"Redistributed",2954,0.174314830308997,0.22729222605044,NA,NA
21,"Redistributed",2999,0.0974387299372806,0.140756836333039,NA,NA
21,"Obstructed",2004,-0.0104690472852155,0.0392063221732283,0.0216966849430916,0.0782212106313557
21,"Obstructed",2054,-0.00172395244023968,0.035667142795772,0.021315690116537,0.0616370840342229
21,"Obstructed",2104,0.00461031234937223,0.0386785403774104,0.00787919256509433,0.0770852361444844
21,"Obstructed",2154,-0.00844922231295761,0.0468235930238565,0.0177053553484449,0.0340607145396709
21,"Obstructed",2204,-0.0130077204087072,0.0470020216891421,0.0200310650703145,0.0632392938772129
21,"Obstructed",2254,-0.0117541194020826,0.0372623579627876,0.0197965879999522,0.0403040693699549
21,"Obstructed",2304,-0.0102813743278583,0.0474965415638575,0.000612304048784377,0.0624397909621494
21,"Obstructed",2354,-0.0133226963579254,0.0427963732718714,0.0236862009434694,0.0545008174848053
21,"Obstructed",2404,-0.0163321641374474,0.047217886282024,0.0347727392206568,0.0473174249132708
21,"Obstructed",2454,-0.013080993871439,0.0414658000953743,0.0432352020270264,0.0706618968514215
21,"Obstructed",2504,-0.0210222178235481,0.0452303582613873,8.42059173535216e-05,0.000163980261367607
21,"Obstructed",2554,-0.0174941648921777,0.043423343240242,0.0220831100715632,0.0238715113470894
21,"Obstructed",2604,-0.0171334182675032,0.0480029856508484,0.00522981145031034,0.00640022800566678
21,"Obstructed",2654,-0.00525312395296159,0.0434665231669378,NA,NA
21,"Obstructed",2704,-0.0138991032407563,0.0455391272478272,NA,NA
21,"Obstructed",2754,-0.00674392338418056,0.0550801804381949,NA,NA
21,"Obstructed",2804,-0.0226963596408236,0.0469298096073113,NA,NA
21,"Obstructed",2854,-0.0316983276292195,0.0623271136960068,NA,NA
21,"Obstructed",2904,-0.0244512088921314,0.0524695792357167,NA,NA
21,"Obstructed",2954,-0.0422780766837362,0.0691749766546264,NA,NA
21,"Obstructed",2999,-0.0308850522317906,0.0701124497367571,NA,NA
22,"Isotropic",2004,-0.00847182682532853,0.0284966653044758,0.0143661677964463,0.0520106053583361
22,"Isotropic",2054,-0.00377170465369595,0.028906611321156,0.0110933140557421,0.0771090376514779
22,"Isotropic",2104,3.86095335505028e-05,0.0330135760749707,0.00918328115481913,0.0868167601995606
22,"Isotropic",2154,-0.000549825394081675,0.0283573392363154,0.00312470637909239,0.0521452698828768
22,"Isotropic",2204,-0.00811351593795893,0.0379295976466692,0.031875615341809,0.106990797678221
22,"Isotropic",2254,-0.00533916744004325,0.0282992866126808,0.00925944540972786,0.0826839995288777
22,"Isotropic",2304,-0.00505865238130482,0.0352597326146071,0.0124668056147442,0.0315484376954519
22,"Isotropic",2354,-0.00655137919566715,0.0232348136157602,0.00944701299664021,0.0895583185526073
22,"Isotropic",2404,0.00435489476574488,0.0360223010890092,-0.00239976889738884,0.0513980489793963
22,"Isotropic",2454,-0.00840234302129624,0.0342262964803972,0.0201571999745359,0.0592779062406277
22,"Isotropic",2504,-0.00791221077568489,0.0284357356848545,0.0148369514819494,0.0623293511911323
22,"Isotropic",2554,-0.00316276749275091,0.0291243700969912,-0.0061348061649958,0.0770306126538999
22,"Isotropic",2604,-0.00999983610751228,0.0385152068531837,0.00883301123342193,0.0481501558834777
22,"Isotropic",2654,-0.0081958291298412,0.0422415595927839,0.0204614425774019,0.0593990912018241
22,"Isotropic",2704,-0.0081938629826944,0.0306198838158322,0.00876487931853574,0.0471017099530717
22,"Isotropic",2754,-0.00640161683416401,0.0381744679297569,0.0120111948472991,0.050198539563398
22,"Isotropic",2804,-0.0109864101990389,0.0360100439198513,0.0292872640457598,0.049006785223309
22,"Isotropic",2854,-0.00692296866490671,0.0395064244155945,0.0114316362933399,0.0947839302322893
22,"Isotropic",2904,0.000476801521307261,0.0367621826568207,0.0237353050739951,0.0390649374553008
22,"Isotropic",2954,-0.00929560778208181,0.0344149763332214,0.0358906717949587,0.0877983842431583
22,"Isotropic",2999,0.00010030184566058,0.0293909782422093,0.00121864576321517,0.0247965111439299
22,"Redistributed",2004,-0.00353295989995799,0.0206188273954026,0.0132796060378598,0.076078700886764
22,"Redistributed",2054,-0.00697418851278844,0.0318788331956134,0.0453355576353601,0.0732616957750956
22,"Redistributed",2104,-0.010994985672995,0.0350692167061281,0.062336809808805,0.0918287277761083
22,"Redistributed",2154,-0.0168469732159728,0.0485042019608966,0.0631677207361178,0.100526826059922
22,"Redistributed",2204,-0.00423886146924422,0.0409350276639262,0.0303177207441035,0.0498396949798519
22,"Redistributed",2254,-0.00886622121641902,0.0322238167093218,0.0864083913005429,0.134410229403461
22,"Redistributed",2304,-0.0252738902811055,0.047759949532797,0.0286978969671627,0.0311282383316866
22,"Redistributed",2354,-0.0124622760507464,0.0474674475964325,0.0140522216864058,0.0161707018445906
22,"Redistributed",2404,-0.0145646975443679,0.0566395071001171,0.0289756026969356,0.0483507983784716
22,"Redistributed",2454,-0.0183705517018587,0.0589264959625677,0.000174295450947038,0.000223249015744019
22,"Redistributed",2504,-0.01928642902217,0.0696613485825105,NA,NA
22,"Redistributed",2554,-0.0340279596877955,0.065600662001133,NA,NA
22,"Redistributed",2604,-0.0145176423413782,0.0644288250750121,NA,NA
22,"Redistributed",2654,0.00120275124502038,0.077613849044911,NA,NA
22,"Redistributed",2704,0.029165108529797,0.106630778384177,NA,NA
22,"Redistributed",2754,0.0548730827839696,0.129497401574407,NA,NA
22,"Redistributed",2804,0.047612772587462,0.132407435937695,NA,NA
22,"Redistributed",2854,0.0674884981136012,0.130127391676447,NA,NA
22,"Redistributed",2904,0.0981571148148378,0.159295127758849,NA,NA
22,"Redistributed",2954,0.232310984022577,0.381949264986383,NA,NA
22,"Redistributed",2999,0.0803161793014775,0.0928643567079241,NA,NA
22,"Obstructed",2004,0.00206517224589023,0.0305659173279323,0.0101034784825949,0.0811568837120503
22,"Obstructed",2054,0.00252039284353606,0.0274212727726194,0.0071426223456275,0.074147070992558
22,"Obstructed",2104,0.00326752362919027,0.0311700696882514,-0.0012554087197824,0.085708980073808
22,"Obstructed",2154,0.00179068233356149,0.0293431035591127,0.0156454551767796,0.0362381225364137
22,"Obstructed",2204,-0.00293726125696672,0.0457066633928364,0.00958277597561542,0.0403704980523264
22,"Obstructed",2254,0.0018363310416865,0.0320876199836476,0.0202193247551908,0.0575472420998503
22,"Obstructed",2304,-0.0059168106018286,0.0509228412714678,0.0247636692981149,0.0360740003561554
22,"Obstructed",2354,0.00436145510949565,0.0328117776680067,0.0147016906898914,0.0443287940409574
22,"Obstructed",2404,-0.00446128795664945,0.0250427863922936,0.0447501991663652,0.0923035936745684
22,"Obstructed",2454,-0.00307575102656738,0.0281367079214711,0.0266284097047699,0.0703939750966778
22,"Obstructed",2504,-0.0152165210325847,0.0353202019564883,0.083740699807195,0.107326794074482
22,"Obstructed",2554,-0.0145165236873114,0.0279053911793826,0.00661218951143105,0.00956678037409298
22,"Obstructed",2604,-0.0129149866726796,0.0305679247834384,0.00786822894333971,0.00997310405338423
22,"Obstructed",2654,-0.00810502414759305,0.0319455690580034,0.0286868568806958,0.0375894561543821
22,"Obstructed",2704,-0.0269189443002945,0.0437703951983213,0.0391775400427454,0.0529982707916723
22,"Obstructed",2754,-0.0156253558368187,0.0314990468412628,0.0605966168851331,0.0874374918218755
22,"Obstructed",2804,-0.018928267622243,0.0330794884261703,0.0697921611335953,0.0852743777293601
22,"Obstructed",2854,-0.0107656966174186,0.048158282215522,0.0137496064070741,0.0186600957585265
22,"Obstructed",2904,-0.0175835718636725,0.0377498554940774,0.00046129706628904,0.0236545989591122
22,"Obstructed",2954,-0.0181554185316197,0.0663982630083722,0.00108436722398113,0.0356670583031882
22,"Obstructed",2999,-0.0220505213331181,0.0535424418927959,0.046588867935526,0.0622863592700112
23,"Isotropic",2004,-0.00721980453611905,0.0334386327133357,-0.00112809129182721,0.0442404869730776
23,"Isotropic",2054,-0.00838762852634842,0.0367868739861832,-0.00525130434486072,0.0515343195752017
23,"Isotropic",2104,-0.00422399245994589,0.0327434601626006,0.00373699498281732,0.0642307635741628
23,"Isotropic",2154,-0.00495869889283542,0.0302337049445757,0.00770562200514363,0.0327884430516389
23,"Isotropic",2204,0.00199353991039977,0.0252222121613407,0.0075659353098443,0.0627257441065768
23,"Isotropic",2254,0.000772777799527049,0.0430696610613984,-0.00999209684855439,0.0605801590758811
23,"Isotropic",2304,0.0010883014104338,0.0293552122023805,-0.00211065727121309,0.0647227260473118
23,"Isotropic",2354,-0.0027619223943356,0.0436520631134967,0.00426005295131021,0.0925399071350817
23,"Isotropic",2404,-0.000603088055939543,0.0333609504234242,-0.00628466734748856,0.0661218725907121
23,"Isotropic",2454,-0.00175865337951609,0.02992084196082,-0.0127482830855636,0.0572947745255507
23,"Isotropic",2504,-0.00315354641909079,0.0340462202323986,-0.0101440492074324,0.0886007785994612
23,"Isotropic",2554,0.00287632171318072,0.0277934051942967,-0.00798082860130938,0.0531265317703117
23,"Isotropic",2604,0.00774949363185027,0.0355553570327398,0.00254355499974295,0.0643308705396156
23,"Isotropic",2654,-0.000265028971259335,0.0448315916354504,0.000279628961656473,0.0196697267679331
23,"Isotropic",2704,-0.00540443292502872,0.033925006731559,-0.0142953757100709,0.0797073648878314
23,"Isotropic",2754,0.00222112936985141,0.0319931173049118,-0.0297838127472743,0.0767249517059576
23,"Isotropic",2804,-0.00243465997146778,0.0325306851598041,-0.000694278877668103,0.0827634435916442
23,"Isotropic",2854,-0.00139806878819557,0.0278209825232542,-0.0139375352674286,0.0436479744428559
23,"Isotropic",2904,0.00296095713181113,0.0341922747254177,-0.00342636335717375,0.0620765657605323
23,"Isotropic",2954,0.000910848284551784,0.0299751112234258,-0.00343740968901753,0.0743171956684516
23,"Isotropic",2999,0.00323518667503146,0.0306648355323695,-0.012581358494007,0.0365896202747259
23,"Redistributed",2004,-0.00228740050160251,0.0399953914982566,0.0154009573983046,0.0692324973357824
23,"Redistributed",2054,-0.00437984994174523,0.0284026110376254,0.0509031809570287,0.0853923387798089
23,"Redistributed",2104,-0.0119214538581841,0.044504910544911,0.0461334887602817,0.0665309689628477
23,"Redistributed",2154,-0.014909881634133,0.0415297363749948,0.030476313167288,0.0589455852783213
23,"Redistributed",2204,-0.0211101389035078,0.03800797692293,0.0314130581632906,0.0702068167596995
23,"Redistributed",2254,-0.0186070982024385,0.0429979541727315,0.0472718020167044,0.0712211139671955
23,"Redistributed",2304,-0.016672320095259,0.0494797953446354,0.0624962055955922,0.0809612326115845
23,"Redistributed",2354,-0.0284886086109255,0.0370101580927049,0.019780432098618,0.0285488167022896
23,"Redistributed",2404,-0.0171608960444516,0.0567352067224709,0.0612617650264554,0.0842640492341072
23,"Redistributed",2454,-0.0430162221888846,0.0565617456273419,0.0235204393131668,0.0245518911701211
23,"Redistributed",2504,-0.0288059249164534,0.060408793014675,0.0115674340298483,0.0132810434576598
23,"Redistributed",2554,-0.0229738788443306,0.0873032088208712,NA,NA
23,"Redistributed",2604,-0.0244012192033311,0.0667379573531811,NA,NA
23,"Redistributed",2654,-0.0345381683493393,0.0653384513794456,NA,NA
23,"Redistributed",2704,-0.0310561136367005,0.0945073816203577,0.00818049395742939,0.00888996421530939
23,"Redistributed",2754,-0.0507707606405405,0.101237217608016,0.00469715445175559,0.00525423987094684
23,"Redistributed",2804,-0.00113124633030326,0.0969625271370236,0.00263546466447924,0.00350420826470014
23,"Redistributed",2854,0.0039116310145908,0.0897840280056745,0.021061042395644,0.0212624276985067
23,"Redistributed",2904,-0.0238759589001856,0.094065890149017,0.0222742351840859,0.0224812574125344
23,"Redistributed",2954,0.00266424812938408,0.0988881125969261,0.000371561186583588,0.000675620773361487
23,"Redistributed",2999,-0.0196462543976223,0.0894035934339202,0.00882922579417098,0.0108085346595307
23,"Obstructed",2004,-0.00786828904515147,0.0261253088663493,0.00134465811799545,0.0417112264517809
23,"Obstructed",2054,-0.00685447928831028,0.0286070906511885,0.0248376738893376,0.0557678522034982
23,"Obstructed",2104,-0.00984006250851208,0.0322574939786002,0.0545812484248099,0.101851352608394
23,"Obstructed",2154,-0.00993647302059697,0.0344717172429281,0.0327415412375609,0.0716983846997877
23,"Obstructed",2204,-0.0110102947529843,0.0282180235309277,0.0612264952808698,0.0797120092470886
23,"Obstructed",2254,-0.00332956319195374,0.0400479963133282,0.0349808389572564,0.0514046656835287
23,"Obstructed",2304,-0.0146259610451002,0.0397144543542753,0.0158286174610137,0.0214953348950803
23,"Obstructed",2354,-0.0080571536820606,0.0354716757200686,0.0463990214118009,0.0886650237192618
23,"Obstructed",2404,-0.00624929371953546,0.0292992522889655,0.00317250967686341,0.0438625543571453
23,"Obstructed",2454,-0.00147332214564779,0.0242496829469804,0.0184509634902467,0.0426006186949191
23,"Obstructed",2504,-0.00319808404198892,0.0343580033347785,0.0173196960343575,0.0476566255210436
23,"Obstructed",2554,0.0019085900477971,0.0328815595163145,0.0123265591744024,0.0130207771569596
23,"Obstructed",2604,-0.0076979091733044,0.0354258036945597,0.00224835216296739,0.00335846258202468
23,"Obstructed",2654,-0.0158033722232111,0.0515227638463988,0.0344499136622116,0.0489966454552839
23,"Obstructed",2704,-0.0214845240416507,0.0415651214710038,0.0134259213047796,0.0136369703002255
23,"Obstructed",2754,-0.0166351221547983,0.0391004580633062,0.0261158857372179,0.0417092128078754
23,"Obstructed",2804,-0.0335232663446293,0.0518479810691001,0.0171990504700983,0.0192906170787932
23,"Obstructed",2854,-0.0293365908193503,0.0537282004581288,0.0126197111826584,0.0173644271161793
23,"Obstructed",2904,-0.0204336983360659,0.0511675784017229,0.0178655052724374,0.0196726827694301
23,"Obstructed",2954,-0.0281476511144006,0.0488342777504099,0.024282737517796,0.0289593468893587
23,"Obstructed",2999,-0.0276092591193307,0.0482029709440725,0.0203046299839429,0.0250700022396876
24,"Isotropic",2004,0.00377380570860192,0.0370834116025179,-0.0107486397110027,0.0820739655372073
24,"Isotropic",2054,0.0128753845492773,0.0274015872848153,-0.00798053609018461,0.0504540068851772
24,"Isotropic",2104,0.00486616162225038,0.0332166933656883,-0.00242301719403234,0.0787032919046861
24,"Isotropic",2154,0.00990669409702102,0.0323123495528747,0.00593247223041601,0.0340642847898254
24,"Isotropic",2204,0.0109897421344831,0.0375648098616351,0.0227583144318622,0.0478740404314861
24,"Isotropic",2254,0.0147163904190952,0.0291645867588647,-0.0153041498198793,0.0717914286106771
24,"Isotropic",2304,0.010110707245092,0.0409485993467798,-0.0268597769233307,0.077887029521951
24,"Isotropic",2354,-0.00358828286476922,0.0339863024607624,0.0170951837305697,0.0656942901852174
24,"Isotropic",2404,0.00372600648432962,0.0477004941009657,0.00443323868140777,0.0576433109440886
24,"Isotropic",2454,0.0149157476951308,0.0499235676385996,-0.0149547479062436,0.0688955508067545
24,"Isotropic",2504,0.0090097997895302,0.0542203942131899,-0.00689923657924285,0.0814628797300916
24,"Isotropic",2554,0.00424713337820121,0.0370972567428199,-0.0194653429633777,0.0430327995695331
24,"Isotropic",2604,0.00636837110226832,0.037438913897062,-0.0182977077059626,0.0349112902789191
24,"Isotropic",2654,0.000855555674516697,0.0313493446519605,-0.00423787631621614,0.0431182866708719
24,"Isotropic",2704,-0.00487527954956268,0.0457128071084596,-0.011972803655541,0.0529924338620423
24,"Isotropic",2754,0.0043939251962098,0.0291473993746546,-0.0030858076274898,0.0776536454854564
24,"Isotropic",2804,0.0039542680061085,0.0290912324510373,-0.002825307122998,0.0468927532160058
24,"Isotropic",2854,-0.00208482068919861,0.0388284323295366,-0.012989438873696,0.0752283729173061
24,"Isotropic",2904,0.000440240038862615,0.0316445821545236,-0.00121547122756853,0.0730653786201821
24,"Isotropic",2954,-0.00907929846278487,0.0341993892228506,0.00793686124510355,0.0771684317643378
24,"Isotropic",2999,0.00381177362728939,0.0308051870725821,0.00479291020102043,0.0345457361520779
24,"Redistributed",2004,0.00223242761983474,0.0335460035499714,-0.00348996900195275,0.0422627687665257
24,"Redistributed",2054,-0.00476814690370271,0.0301342038939691,0.0158937069357181,0.0566431672652532
24,"Redistributed",2104,-0.00795919377916337,0.0436640813702518,0.0281100696947807,0.0726623443680423
24,"Redistributed",2154,-0.0025541514572552,0.0288864951209163,0.0172533929950818,0.0585841405895803
24,"Redistributed",2204,-0.000612795056765425,0.0372705225823006,0.036542460621435,0.0861180138806108
24,"Redistributed",2254,-0.0122686263568199,0.0372535737119917,0.0515637065305231,0.068595835850994
24,"Redistributed",2304,-0.00611860531581452,0.026160930186517,0.0417123655139972,0.0623320776386604
24,"Redistributed",2354,-0.0121166218232029,0.0396860250164641,0.00460499539790508,0.00557327445072536
24,"Redistributed",2404,-0.0205828031138598,0.0454278796900145,0.00624107046493794,0.00677923034951178
24,"Redistributed",2454,-0.0263003524381691,0.0503471072932097,0.0203622481895519,0.0223822729097044
24,"Redistributed",2504,-0.0255711096781214,0.0443467302159132,NA,NA
24,"Redistributed",2554,-0.0184767575071179,0.0599573762687428,NA,NA
24,"Redistributed",2604,-0.0214067569545789,0.0637240903916872,NA,NA
24,"Redistributed",2654,0.00395546125873449,0.0672100903243466,NA,NA
24,"Redistributed",2704,0.00853549079484032,0.0661274753014763,NA,NA
24,"Redistributed",2754,0.0166309232422107,0.100219386475848,NA,NA
24,"Redistributed",2804,0.00638048282034864,0.084611081497418,NA,NA
24,"Redistributed",2854,0.0239835999892469,0.132219489989395,NA,NA
24,"Redistributed",2904,0.00663991857370192,0.0727537621104834,NA,NA
24,"Redistributed",2954,0.0171548160695293,0.0463121855534723,NA,NA
24,"Redistributed",2999,0.0490586695320554,0.092583243974957,NA,NA
24,"Obstructed",2004,0.00285663385406307,0.0321633534838246,-0.00160089052294583,0.0426624388969831
24,"Obstructed",2054,-0.000649631206116056,0.0334302271210658,0.00992537932220033,0.0587531747745631
24,"Obstructed",2104,-0.00673770445723958,0.0244905350117374,0.00947844849904522,0.0407127878184348
24,"Obstructed",2154,0.00184618649630127,0.04155515639614,0.0300863041997869,0.0579044924260485
24,"Obstructed",2204,-0.00313816481445654,0.0478055578286039,0.0367830858859091,0.0931224963276648
24,"Obstructed",2254,-0.00963767702808409,0.0423268119699882,0.0318572660529466,0.0652193266592015
24,"Obstructed",2304,0.00278670953340568,0.0357695562843048,0.00910667305503433,0.0470489568281042
24,"Obstructed",2354,-0.00508448221756422,0.0438022619200207,0.0144129996931857,0.0539080523646014
24,"Obstructed",2404,-0.00343460628656413,0.027487563630158,0.0303900152651198,0.0619315933076282
24,"Obstructed",2454,-0.00323337680210944,0.0333989837042815,0.0361397964117381,0.0552969830761099
24,"Obstructed",2504,-0.00548362988115956,0.0429262350059659,0.0522683291495278,0.0825276228303767
24,"Obstructed",2554,-0.000358417509459015,0.0381844197384685,0.021472643075944,0.0391382278195222
24,"Obstructed",2604,-0.00597678334293846,0.0415554035531275,0.0221866064594179,0.0636815229084241
24,"Obstructed",2654,0.00561906807017896,0.0454480844502095,-0.000424475552363543,0.0655203332594498
24,"Obstructed",2704,-0.0125191906576323,0.0533100694125008,0.00815938035317234,0.029799274067924
24,"Obstructed",2754,-0.0125431949942052,0.0434057742734701,0.0108987308460713,0.0176471469288294
24,"Obstructed",2804,-0.00698590841767866,0.0560120954616886,0.0128197635144917,0.027740186195302
24,"Obstructed",2854,-0.0114172426466526,0.0564258450321169,0.00969939377625574,0.0245177196000736
24,"Obstructed",2904,-0.0273909010072584,0.0571305887228021,0.00269246702833316,0.0113489209146603
24,"Obstructed",2954,-0.0303847801709919,0.0470004049819922,0.0104468871357981,0.0185863424127271
24,"Obstructed",2999,-0.0215678885356033,0.0566953453677112,0.000749466685929099,0.00155283447063103
25,"Isotropic",2004,-0.0039871047725757,0.0306337346099277,-0.000188683762945386,0.0422165582479363
25,"Isotropic",2054,-0.00158627853039887,0.0287240552940966,0.00674722950669851,0.0321794546344142
25,"Isotropic",2104,0.0085608552490424,0.0314731433051832,0.0110361159845686,0.0786797414929288
25,"Isotropic",2154,0.00858743551615129,0.028012241517825,0.0108325373956121,0.0765822165481869
25,"Isotropic",2204,0.0112932367687551,0.0267426760176852,-0.0163596064666064,0.0740503335471563
25,"Isotropic",2254,0.0030116145977663,0.0263038455654179,-0.0133391026984143,0.0578009856917817
25,"Isotropic",2304,0.00362454290016771,0.0335241121462782,-0.00587502887377491,0.0733217470647004
25,"Isotropic",2354,0.0045023638996969,0.0304915917128476,0.00128459555323213,0.0449340224201175
25,"Isotropic",2404,0.00100941214821738,0.0259753563667782,0.00972426860009521,0.0423673194967095
25,"Isotropic",2454,0.000744370478515536,0.0265913088666542,0.00180407464405448,0.0670693438871608
25,"Isotropic",2504,0.00278981425988154,0.0330692914486852,0.0237701212363045,0.0894499359117741
25,"Isotropic",2554,0.00604644464751702,0.0224296315081479,-0.00164781605359896,0.0681795831266656
25,"Isotropic",2604,0.00529781513042388,0.0289426327003626,-0.0130956826110111,0.0946286757684653
25,"Isotropic",2654,0.00723439141843059,0.0369685715284664,-0.0193742650979968,0.0488512613523596
25,"Isotropic",2704,0.0121057188829878,0.0294713327732671,-0.0108060212134044,0.0714079466682456
25,"Isotropic",2754,-0.00429733329758975,0.027950305312042,-0.00377473056772347,0.0401636270410887
25,"Isotropic",2804,0.00806969352626013,0.0279009374875157,-0.0650622389634168,0.0923455629293417
25,"Isotropic",2854,0.0146850478771231,0.0305086287293961,-0.015605135744296,0.022735061470131
25,"Isotropic",2904,0.010108080598552,0.0259741382126346,-0.043098574154942,0.0878604748964665
25,"Isotropic",2954,0.00865636715654249,0.0306575464869372,-0.00848401136444793,0.0706756349848516
25,"Isotropic",2999,0.00738336558838058,0.0294874894729584,-0.00932061413203213,0.0721001019417577
25,"Redistributed",2004,-0.00466972510567743,0.0284228255040148,-0.00289336887211629,0.0542743110336282
25,"Redistributed",2054,-0.00504023213276651,0.0337717038775884,0.00920560849986932,0.0424585684530606
25,"Redistributed",2104,-0.00154895222022295,0.0292693342255012,0.0254750385626661,0.046218790344938
25,"Redistributed",2154,-0.00741008528636374,0.0329549354341472,0.0366883500759735,0.0458534643489112
25,"Redistributed",2204,-0.0145214134524713,0.0409103655026267,0.0373567062034671,0.0452194418373771
25,"Redistributed",2254,-0.0174605032545023,0.0391716509820037,0.0155450285713375,0.0157040401556954
25,"Redistributed",2304,-0.018442147872103,0.0511639453949672,0.00116537129645989,0.00121727980639323
25,"Redistributed",2354,-0.0074189901100689,0.0649735139520092,0.0166505999229403,0.0168844477003809
25,"Redistributed",2404,-0.0305832527108604,0.0510335637853126,0.000507423242376233,0.000630426668908694
25,"Redistributed",2454,-0.0241433476720434,0.0748206109808224,0.014577431286644,0.0146869483007145
25,"Redistributed",2504,-0.00930182750450689,0.0664079316524694,NA,NA
25,"Redistributed",2554,-0.0371948853995266,0.0899134747910946,0.00209690324454482,0.00290989482753765
25,"Redistributed",2604,-0.0215453395368706,0.0785672440611989,0.00539667595612412,0.00617577020344566
25,"Redistributed",2654,-0.0120101742389036,0.0754187913402529,NA,NA
25,"Redistributed",2704,0.035439634365292,0.10238716872235,NA,NA
25,"Redistributed",2754,0.0163550452587449,0.074478490947398,NA,NA
25,"Redistributed",2804,0.00856388540874172,0.0296506110394067,NA,NA
25,"Redistributed",2854,0.0301952971644029,0.113872235472831,NA,NA
25,"Redistributed",2904,0.05812540201113,0.104570449189124,NA,NA
25,"Redistributed",2954,0.222039563757789,0.365928276792512,NA,NA
25,"Redistributed",2999,0.175055023468902,0.27591620863643,NA,NA
25,"Obstructed",2004,-0.00366652616335261,0.0366680396614767,-0.00023413210775614,0.0206410785361493
25,"Obstructed",2054,-0.00634720786065179,0.0277396842086323,0.00547382752403579,0.0536019499306696
25,"Obstructed",2104,0.000195394446955121,0.034421523186126,0.0123264329475425,0.0773891616754712
25,"Obstructed",2154,-0.000100549665269016,0.0362662229329435,0.0184580211995735,0.0640876089575061
25,"Obstructed",2204,-0.00507336738328946,0.0294055553837025,0.0197344930812902,0.0521399281969606
25,"Obstructed",2254,-0.00445487076052648,0.0362818253441865,0.0428223909719877,0.0703023752775349
25,"Obstructed",2304,-0.0122174416216179,0.0459372149197106,0.017699923804508,0.0471192446998344
25,"Obstructed",2354,-0.00737842759039844,0.0315596802651968,0.0144120356413378,0.0343728305781802
25,"Obstructed",2404,-0.00612602950055631,0.0302410124850189,0.0521345996417015,0.0887687686407666
25,"Obstructed",2454,-0.0180404788191546,0.0423931542572961,0.00472813791188864,0.0138311088196685
25,"Obstructed",2504,-0.00971185010498855,0.0349313817956964,0.0248413767414443,0.0363036304724881
25,"Obstructed",2554,-0.008033448059624,0.0251230803975621,0.0361812743800156,0.0565319594439032
25,"Obstructed",2604,-0.00266432380585136,0.0324038733173514,0.0196142902554362,0.0752648158368526
25,"Obstructed",2654,-0.00618908165358895,0.0315973810843519,0.0281165926699744,0.0437285811916554
25,"Obstructed",2704,-0.0122939468087523,0.0327471540721112,0.0843515047260715,0.118249874343727
25,"Obstructed",2754,-0.0193133148075439,0.049093543678938,0.0239950053770074,0.0392772805824789
25,"Obstructed",2804,-0.0109965581225273,0.03858790426222,0.0206624342509817,0.0376749492216361
25,"Obstructed",2854,-0.00233611121328973,0.0325982242930801,0.00917996774566134,0.0393197103925112
25,"Obstructed",2904,-0.0171205283449171,0.0365140592451754,0.0182552104544763,0.0229457181115541
25,"Obstructed",2954,-0.0184598311081004,0.0427063319461179,NA,NA
25,"Obstructed",2999,-0.0100490931336316,0.0614126337516421,NA,NA
26,"Isotropic",2004,0.00250002062610602,0.0297424017155426,0.00414412351686711,0.0361344456249218
26,"Isotropic",2054,0.0029081175735819,0.027149146717455,0.0311024194385204,0.060467208913476
26,"Isotropic",2104,-0.00824093958926952,0.0447020365648603,-0.0129112756149547,0.0605818624103247
26,"Isotropic",2154,-0.00273794192653994,0.0398549103732006,0.000736900167707174,0.0543507601145242
26,"Isotropic",2204,0.00677739523284925,0.0374749746694326,-0.00231202446552089,0.0378363764382531
26,"Isotropic",2254,-0.000642863240239491,0.0380555937026938,0.00180295320112426,0.0538124397046857
26,"Isotropic",2304,-4.3063402358029e-05,0.0386766165752813,0.00148624510854716,0.0438285489180075
26,"Isotropic",2354,0.00402419198134563,0.0453268702246006,0.0126903570367367,0.0420412543754952
26,"Isotropic",2404,0.00136724714606029,0.0283807873692214,0.0190021793595711,0.0544656480560508
26,"Isotropic",2454,0.00231185352818993,0.0282551249009734,0.00382501064839343,0.0361894753624948
26,"Isotropic",2504,0.000181322003421964,0.0337084995485553,0.00525022584245704,0.061982166344583
26,"Isotropic",2554,-0.0024687988053158,0.0213569328136286,0.0138696011713744,0.0395696602072134
26,"Isotropic",2604,0.000467949166836038,0.0342663806335522,0.0492744447739911,0.0966688395328498
26,"Isotropic",2654,6.9211568029059e-05,0.0349052608975932,0.00326389628533762,0.0275130548442533
26,"Isotropic",2704,-0.000112413229729353,0.03391097138647,0.00669548854985265,0.0665567346806488
26,"Isotropic",2754,-0.00266535581851242,0.0467532335987255,0.0478301345566086,0.0638174471797479
26,"Isotropic",2804,-0.0107371460856333,0.0378443915356011,0.0202129086316919,0.071655103607451
26,"Isotropic",2854,-0.00469473868688974,0.0430195197523889,0.022405452278914,0.0577300363770271
26,"Isotropic",2904,-0.000288951037769741,0.0285681931070931,0.0171629938900465,0.0761680469041487
26,"Isotropic",2954,0.00354506264213057,0.0321504428579272,-0.00535213603034986,0.0928027074891045
26,"Isotropic",2999,0.00867046819917357,0.0283171494767021,-0.0228763081044037,0.0604054993037234
26,"Redistributed",2004,-0.000729355455795728,0.0339363031927752,0.0214116153585206,0.0697053337471045
26,"Redistributed",2054,0.00139438495677683,0.0263791035493481,0.0162141168096376,0.064058887079285
26,"Redistributed",2104,0.00375336827073887,0.0281522757647584,0.0350830497219504,0.0679409028553319
26,"Redistributed",2154,-0.000853408020097822,0.0279132100796576,0.0208787208502736,0.087926397058551
26,"Redistributed",2204,-0.00817978312984701,0.0286441814796461,0.00810805151177288,0.0420536982018106
26,"Redistributed",2254,-0.00222801711273067,0.0340284663861896,0.0376035123701839,0.0687335049688781
26,"Redistributed",2304,-0.0162727364486521,0.0410478181370212,0.0154676288631481,0.0318240681853477
26,"Redistributed",2354,-0.0275346710943811,0.0441727632143848,0.0272720157248931,0.0412730746948028
26,"Redistributed",2404,-0.0240551451023415,0.0380150975663386,0.0203258842535621,0.0242524060321202
26,"Redistributed",2454,-0.0143405145841687,0.0393673856925417,0.0158038894494751,0.0178936237111911
26,"Redistributed",2504,-0.0152813905141818,0.0421204944287771,0.0106167584689835,0.0135577285775192
26,"Redistributed",2554,-0.0246550032820273,0.0424039030734259,0.0173605995889704,0.0203699751252434
26,"Redistributed",2604,-0.0136651970228356,0.0531630661735607,0.007676195249316,0.0114109314301994
26,"Redistributed",2654,-0.0285890744337171,0.0583283768715396,0.00457844673569949,0.00563864134802584
26,"Redistributed",2704,-0.0259915943676716,0.057331427359852,0.000414950451926007,0.000458430113600446
26,"Redistributed",2754,-0.0387935824990129,0.0696213281170939,0.00203340611171805,0.0022612776407294
26,"Redistributed",2804,-0.0359149119152967,0.0596101969045666,0.00394949547686104,0.00405533199757484
26,"Redistributed",2854,-0.0156788324394934,0.0658105038524577,0.001069317129368,0.00118728176505674
26,"Redistributed",2904,-0.0254650911204271,0.0743728120557507,0.000767936712235637,0.000847347561465373
26,"Redistributed",2954,-0.0210805707895757,0.0677366617578793,0.00810425109507933,0.00829961904722873
26,"Redistributed",2999,-0.00396108191743793,0.0919948958085911,NA,NA
26,"Obstructed",2004,-0.000589949636417257,0.0275303549443742,0.00628537704730626,0.0555999451349969
26,"Obstructed",2054,0.00405380510001539,0.0295899769865416,0.007160601263935,0.070913937146185
26,"Obstructed",2104,0.000494346224700524,0.0269923294325776,-0.00224846785858556,0.070056965548437
26,"Obstructed",2154,-0.00380126196770759,0.0296983381744968,0.0247210071755896,0.0718154814467361
26,"Obstructed",2204,-0.00125306532038235,0.0384625234675642,0.0265607669584268,0.105881174463508
26,"Obstructed",2254,-0.0106888583057137,0.0399331959055296,0.0198828884834797,0.0346773080190854
26,"Obstructed",2304,-0.0141988964053797,0.040569527500198,0.0471007861975568,0.126045598320613
26,"Obstructed",2354,-0.00764352101699086,0.0541375575125658,0.0179094718082621,0.0260571694695611
26,"Obstructed",2404,-0.0074327400967033,0.0379251876855786,0.0346307863695463,0.0438536893604754
26,"Obstructed",2454,-0.0135511263782329,0.0414395447587076,0.0032358346348657,0.00366424963627193
26,"Obstructed",2504,-0.00261607518335516,0.0414072345237781,0.00102562856389703,0.00145619907174274
26,"Obstructed",2554,-0.0104280203258198,0.040039691626613,0.0150490620361646,0.0543847409076098
26,"Obstructed",2604,0.000151266576030984,0.0612599410151914,0.0193608938322514,0.0448743303014719
26,"Obstructed",2654,-0.0212124854193727,0.0562676937847846,0.0233270403032287,0.0310204109646172
26,"Obstructed",2704,-0.0131846591735027,0.0486450819927712,0.0252141967950045,0.0395281867784226
26,"Obstructed",2754,-0.0138086107672117,0.0479059176965484,-0.00153490539346842,0.00527890758925842
26,"Obstructed",2804,-0.0134903654203963,0.0710675371767059,0.0248272273333383,0.0388491288189948
26,"Obstructed",2854,-0.0171484468146609,0.0481977262237814,0.0191999899539996,0.0200757863914024
26,"Obstructed",2904,-0.0146884977771436,0.0610088610037124,0.0107713019112468,0.0198468132145544
26,"Obstructed",2954,0.00311366711904012,0.0752720836478494,NA,NA
26,"Obstructed",2999,0.0134308267367026,0.0800117642777129,NA,NA
27,"Isotropic",2004,0.00903646461361613,0.0462976663251707,0.00456569222483707,0.0648359720366009
27,"Isotropic",2054,0.00427459190226487,0.053849648490282,0.0121558887332766,0.0508010064126087
27,"Isotropic",2104,-0.000276780399592179,0.0385753552095974,0.00600210419440859,0.0610567971032103
27,"Isotropic",2154,0.0021347874785783,0.0258327662733707,-0.00810239597052326,0.0413941888784135
27,"Isotropic",2204,0.0126865390747716,0.040014984406814,-0.0105459348940501,0.0583679253002724
27,"Isotropic",2254,0.000491376537660417,0.0389820165157984,-0.0246637219358081,0.0702510179611064
27,"Isotropic",2304,0.00044068138069069,0.0320681266517984,-0.0195096937473576,0.0429511500474786
27,"Isotropic",2354,0.00682379393290612,0.0338867896651789,-0.0025781360777574,0.0454508721167038
27,"Isotropic",2404,0.00623448882612124,0.0351848902174212,-0.0179652888297106,0.0894020830382635
27,"Isotropic",2454,-0.00266559450124372,0.0264057606899012,-0.00687590504943165,0.0526511206200522
27,"Isotropic",2504,-0.000275324592401232,0.035609402273678,-0.00427262140444551,0.079974234231728
27,"Isotropic",2554,0.00146206879209262,0.033320849007939,-0.0221451362514596,0.0636897145522487
27,"Isotropic",2604,0.00739080782684053,0.0311712301012689,-0.00541559961259732,0.0452253808718031
27,"Isotropic",2654,-0.00529015308220704,0.0300100932723655,-0.00558954957043488,0.0291266622145818
27,"Isotropic",2704,-0.00155243159216456,0.0371460504349983,0.0221764919585491,0.0770351090407976
27,"Isotropic",2754,-0.00233235562098448,0.0404664710499142,0.026600255592137,0.0881385804404648
27,"Isotropic",2804,-0.00327645688375475,0.0382984756976618,0.00314868642354795,0.0733107283656929
27,"Isotropic",2854,-0.0027807990495273,0.0390522917202029,0.00695186015819186,0.0724655826315294
27,"Isotropic",2904,-0.0095024970593064,0.033083905403603,-0.00966984327487551,0.0699078259137176
27,"Isotropic",2954,-0.0022181132697405,0.0306898824178883,0.00913410704881655,0.0452650845924434
27,"Isotropic",2999,-0.00123128360623745,0.0335363618418355,0.0126174944831901,0.0668942630644916
27,"Redistributed",2004,0.00344026466663837,0.0232356615945982,0.0359393855642167,0.0767391847798776
27,"Redistributed",2054,-0.00275474480090492,0.0309205603987523,0.0247767435501364,0.067966915810158
27,"Redistributed",2104,-0.00416643193987451,0.0286235375230549,0.0180392799941732,0.0888618897283836
27,"Redistributed",2154,-0.0181041149619332,0.0429353299287168,0.0226778036192197,0.0348099190681262
27,"Redistributed",2204,-0.0106114904008961,0.0449246436093691,0.0279745185029206,0.0381323576943473
27,"Redistributed",2254,-0.0223755301893295,0.0388514221729751,0.0247781977982273,0.029084370336079
27,"Redistributed",2304,-0.0263702224013039,0.0454198079079111,0.016350711966401,0.0179322260371221
27,"Redistributed",2354,-0.0222941787407313,0.04702244885696,0.0165397101151961,0.0174880297631225
27,"Redistributed",2404,-0.0142660476747106,0.0463393546844711,0.0108156262767588,0.0114510831318675
27,"Redistributed",2454,-0.012052402714455,0.0545435481477367,0.0205343024751375,0.0267205467313884
27,"Redistributed",2504,-0.0413830738309953,0.0686336483498076,0.0141194376688212,0.014156033591208
27,"Redistributed",2554,-0.0190768543428429,0.067768550128622,0.00545357232260966,0.00864505251501661
27,"Redistributed",2604,-0.0326965462911269,0.0713473429312247,NA,NA
27,"Redistributed",2654,0.00565187444114276,0.0737156170670822,0.0314467232046971,0.0317438141511607
27,"Redistributed",2704,-0.052724017029647,0.0828267385768793,0.00180668804555604,0.00224986453056083
27,"Redistributed",2754,-0.0511466123554946,0.090335945065904,NA,NA
27,"Redistributed",2804,-0.019969679968103,0.0837493247331039,NA,NA
27,"Redistributed",2854,-0.0251986668252012,0.0832373950229423,NA,NA
27,"Redistributed",2904,0.103422930574594,0.209846726139746,NA,NA
27,"Redistributed",2954,0.113204810850089,0.178622445939024,NA,NA
27,"Redistributed",2999,0.161159816551008,0.21091254478517,NA,NA
27,"Obstructed",2004,0.00707931615549467,0.0257982579132219,0.00755307785233097,0.0716409530495323
27,"Obstructed",2054,0.00602914133801024,0.0279346852923667,0.0324285856587034,0.0759407799528569
27,"Obstructed",2104,-0.00410321848370734,0.0246505822993748,0.0346247387927212,0.0551304364828721
27,"Obstructed",2154,-0.000801374516870829,0.0330916930605211,0.0132075048888434,0.0460017871880313
27,"Obstructed",2204,-0.00477563974854638,0.0295358024161039,0.0250484337045951,0.070222457604742
27,"Obstructed",2254,-0.0110403941965083,0.0326412601855238,0.0459107438372679,0.0714288240866251
27,"Obstructed",2304,-0.00734720900442022,0.0462517192861536,-0.0036758424952235,0.0671016670620712
27,"Obstructed",2354,-0.0089595391874402,0.0464674517960967,0.0152827833434484,0.0433360360609404
27,"Obstructed",2404,-0.0184745618753026,0.0405185598174639,0.0206996042157281,0.0222298847536892
27,"Obstructed",2454,-0.0129344376676788,0.0318284622284958,0.00786079393487302,0.0346429317368889
27,"Obstructed",2504,-0.0094583830051289,0.0372886730118407,0.0561044037445139,0.0815733993964742
27,"Obstructed",2554,-0.0206986842482427,0.037441769713602,0.0259151321291677,0.0381159559893244
27,"Obstructed",2604,-0.0251355096360457,0.0452499952697344,0.0142510098592041,0.0150289748929058
27,"Obstructed",2654,-0.0164001313735684,0.0328534252536692,0.0106635659940148,0.0510874698437393
27,"Obstructed",2704,-0.0165356526336181,0.0463015964864891,0.0106524033588765,0.0126710621764419
27,"Obstructed",2754,-0.0112893809042273,0.0439608335132372,0.00485740721042992,0.00791324227859217
27,"Obstructed",2804,-0.0175968810488506,0.0460277210313933,0.0042686017130279,0.00445870859393611
27,"Obstructed",2854,-0.0200903150542561,0.0509025495719375,NA,NA
27,"Obstructed",2904,-0.0118103764422532,0.0468797884600399,0.016485436775369,0.0180070162614218
27,"Obstructed",2954,-0.0291159689003509,0.050126889383273,0,0
27,"Obstructed",2999,-0.0336219894988784,0.0507497165816476,NA,NA
28,"Isotropic",2004,0.00256528167541965,0.0446237296373936,0.00853038351456391,0.0515970428594539
28,"Isotropic",2054,-0.000121061656687947,0.036332196127134,0.0268478680142369,0.0552508156045536
28,"Isotropic",2104,0.00210216573356816,0.0213896996206836,0.0147842627775497,0.0582096277135249
28,"Isotropic",2154,0.000756894424336793,0.0383903382098405,-0.0125741724466704,0.0466376331053045
28,"Isotropic",2204,0.00406968019891328,0.0335234297399123,0.00992906380197803,0.0260667078653512
28,"Isotropic",2254,0.00197647534378229,0.0360958277537915,0.00259269376023497,0.0624688551420401
28,"Isotropic",2304,-0.0116823370343905,0.0386562420692863,0.00604128467816195,0.0569301218088134
28,"Isotropic",2354,-0.00103906103361484,0.0280511792810661,0.00544568043386759,0.0703760237194733
28,"Isotropic",2404,-0.00686394458283574,0.032290955876617,-0.00282425858037589,0.061987347293879
28,"Isotropic",2454,0.00548281114438178,0.0298888655919884,-0.000844593668779886,0.0426165226237787
28,"Isotropic",2504,-0.00261328783871993,0.0284324715214688,0.00437029939100915,0.0540179723177942
28,"Isotropic",2554,0.00127761356883447,0.0429851521633781,-0.0222539264493681,0.0571787504603826
28,"Isotropic",2604,0.00838747943922049,0.0389291476452535,-0.025854570060664,0.0622720898390037
28,"Isotropic",2654,0.0153686532298335,0.0414445863075593,-0.0460745294545181,0.0833492973676326
28,"Isotropic",2704,0.00809931298314768,0.0263269965388804,-0.0384323564438741,0.0736144690782884
28,"Isotropic",2754,0.00459016130805638,0.0237240527817828,-0.018862584004393,0.0946728602996674
28,"Isotropic",2804,0.00596052136418924,0.0277020387144367,-0.0267694653367929,0.0672465916745159
28,"Isotropic",2854,0.00776068215538972,0.0316164701389378,-0.0388465111233145,0.0858494597154306
28,"Isotropic",2904,0.00365369203365231,0.0280755155035228,-0.0222854284350764,0.0669586472223347
28,"Isotropic",2954,0.00587142428465979,0.0261823073977701,-0.00256381361198166,0.0473676197474506
28,"Isotropic",2999,0.00188299423625318,0.0324753615416484,-0.0295665659769798,0.125287518685164
28,"Redistributed",2004,-0.00170155074599242,0.0319274707998849,0.0338131040448587,0.0824390780813613
28,"Redistributed",2054,0.00188491779330322,0.0297970233722488,0.000868075450625328,0.0624067778639657
28,"Redistributed",2104,0.00496682722219973,0.0450514168171638,-0.00241122911600694,0.0541933240878747
28,"Redistributed",2154,0.00480742141656848,0.0360510057704204,0.0436003516149889,0.0747335226426305
28,"Redistributed",2204,0.000615492032527034,0.0323581141595079,0.00997827180597231,0.01394156014622
28,"Redistributed",2254,-0.00538053240679057,0.0439342743794953,0.0677895366308166,0.0906316910676271
28,"Redistributed",2304,-0.0138747158462604,0.0415756124426338,0.0271868070471186,0.0571430139131311
28,"Redistributed",2354,-0.0158602797182635,0.0414523942054453,0.0881563714857269,0.110082041329737
28,"Redistributed",2404,-0.0199108229913973,0.0378836634636721,0.0727356164161816,0.0777324902212183
28,"Redistributed",2454,-0.0117735022452581,0.0425379313217984,0.00282605213692944,0.003220938352633
28,"Redistributed",2504,-0.0226357953695304,0.0558834450350192,0.00751443024961247,0.00884861289646955
28,"Redistributed",2554,-0.022749054911425,0.0416850178695377,0.0163781919429509,0.0184998127039403
28,"Redistributed",2604,-0.0226381077552135,0.0359949495819631,0.000826323743689283,0.00109738250916789
28,"Redistributed",2654,-0.0256648677539552,0.0567509265903193,0.00278825940432996,0.00650067705606735
28,"Redistributed",2704,-0.0148784676050793,0.0375440157779861,NA,NA
28,"Redistributed",2754,-0.0134469461551694,0.0741916364155983,NA,NA
28,"Redistributed",2804,0.00629490808122977,0.0901281597117897,NA,NA
28,"Redistributed",2854,0.0443092987234484,0.102710088864353,NA,NA
28,"Redistributed",2904,0.0439342347894456,0.118182563553047,NA,NA
28,"Redistributed",2954,0.00906280769615259,0.109185824337715,NA,NA
28,"Redistributed",2999,0.0182387532361593,0.0792455467561905,NA,NA
28,"Obstructed",2004,0.00242955470266714,0.029843205786235,0.029977869927796,0.0841527541635788
28,"Obstructed",2054,-0.00513974781957886,0.0305173077121945,0.0171230557388469,0.0522625072001772
28,"Obstructed",2104,-0.00411976732621177,0.0351569774423629,0.03205264898533,0.0883666321734777
28,"Obstructed",2154,-0.00875483277405507,0.0248908117503953,0.0363419767535991,0.104882925118706
28,"Obstructed",2204,-0.00672801767130195,0.0325190461938115,0.0317037088289107,0.0824547055275599
28,"Obstructed",2254,-0.0152291315478909,0.0326510904199277,0.0364445650324325,0.0708177424417765
28,"Obstructed",2304,-0.014286012067702,0.0399220666911957,0.0132156394431444,0.0141250857616123
28,"Obstructed",2354,-0.0070974586899059,0.0289743517492204,0.0352409276401482,0.0677988653054295
28,"Obstructed",2404,-0.0098229603240811,0.0389805187350393,0.00244469326156034,0.00356816493384892
28,"Obstructed",2454,-0.0127831021384497,0.0333106571462247,NA,NA
28,"Obstructed",2504,-0.0127677442389433,0.0416941428743282,NA,NA
28,"Obstructed",2554,-0.02093302827147,0.0380558698768511,0.0136744437491309,0.0140963262877851
28,"Obstructed",2604,-0.0177425068511966,0.0405000986897081,0.0427030668669585,0.0500881596920443
28,"Obstructed",2654,-0.0212741031808535,0.0459649349375655,0.0202191988948522,0.0212422583439236
28,"Obstructed",2704,-0.0247381081682407,0.0483125066977325,0.0125779191225672,0.0127634051991184
28,"Obstructed",2754,-0.01914396531705,0.0466262952223839,0.0154694899688876,0.0155063682349631
28,"Obstructed",2804,-0.0286501974805589,0.0442698168747245,0.00556355939474339,0.00586333618548107
28,"Obstructed",2854,-0.011069668377855,0.0640165072542064,0.000288031572684654,0.000550194629566563
28,"Obstructed",2904,-0.0119924071970297,0.0616567480140534,0.00380263836034009,0.00419444683736567
28,"Obstructed",2954,-0.0299100398284216,0.0613864542605189,0.000820271359347532,0.00121308649879924
28,"Obstructed",2999,-0.0302202045132455,0.0705513889918787,0.00303304783515562,0.00322543982996368
29,"Isotropic",2004,-0.00841314542646449,0.036173112817525,0.00901206663268839,0.0439347299649044
29,"Isotropic",2054,-0.00119737405082488,0.0265852246443593,0.00285358513327801,0.0609635068963774
29,"Isotropic",2104,-0.00151436251757292,0.0209280983216871,0.00223098925718373,0.0648535272836672
29,"Isotropic",2154,-0.00388807853493043,0.0297494108528172,0.023566354336119,0.0526924280017618
29,"Isotropic",2204,0.00220372218900984,0.0280634602629219,0.0200724628274335,0.0857901744258531
29,"Isotropic",2254,0.00410738299655961,0.0295302404882363,0.00910919162345333,0.0634389798214732
29,"Isotropic",2304,0.00110262418815484,0.0263291495386964,0.0326675064878094,0.0677816812145931
29,"Isotropic",2354,0.00123981099625533,0.0350601533630094,-0.0143035018416535,0.0966563545689157
29,"Isotropic",2404,-0.00490942217606511,0.027553351954811,0.0147846466042105,0.0515919420475132
29,"Isotropic",2454,0.000303898301667594,0.0309909086398544,0.0111960670308361,0.0605693435484184
29,"Isotropic",2504,0.00163898500428656,0.0205865904384522,0.00183562175126975,0.0517103885174798
29,"Isotropic",2554,-0.00685606381926196,0.0300898804160464,0.0113375377829817,0.0298092252991425
29,"Isotropic",2604,-0.0073305195434453,0.0254065250518078,0.0110743704470015,0.0505414409621649
29,"Isotropic",2654,-0.000371062193125754,0.0278175807632987,0.00893346059489131,0.0597570584739406
29,"Isotropic",2704,-0.00175459009405353,0.034653392908955,0.0135764939351306,0.0742578569733451
29,"Isotropic",2754,-7.06129492894427e-06,0.0301226350820043,0.0186821651183521,0.056519512357418
29,"Isotropic",2804,-0.0089781351992437,0.0269340671172681,0.0316178070102801,0.0739409077263528
29,"Isotropic",2854,-0.0147343319959808,0.028423679960087,0.0242084620727446,0.0696147601581845
29,"Isotropic",2904,-0.00226037198430982,0.033672519677028,0.00727107563268335,0.0437476774833917
29,"Isotropic",2954,-0.011827645605861,0.0379218501959476,0.0087990777788419,0.0535005015982267
29,"Isotropic",2999,0.00151090206100183,0.0330132113419505,-0.0118954192438112,0.0343986871123635
29,"Redistributed",2004,-0.00970294960322372,0.0305768638541417,0.0207946719310206,0.0278350617054132
29,"Redistributed",2054,-0.00669132095092397,0.0293410165766417,0.0296072927088302,0.0572722889658
29,"Redistributed",2104,-0.0137222735108399,0.0307357769689631,0.0595201077876979,0.0966446870510833
29,"Redistributed",2154,-0.0198421129157822,0.0285841300969459,0.037139965778154,0.066529274222095
29,"Redistributed",2204,-0.0126320357978386,0.035593724269271,0.0333543613619501,0.0677311325240122
29,"Redistributed",2254,-0.0169421307366754,0.0364214872145655,0.0701615719612356,0.117212273763295
29,"Redistributed",2304,-0.0177858712447298,0.0355498000163845,0.0262594978111675,0.0482551580684692
29,"Redistributed",2354,-0.0211068390289578,0.0556320674533511,0.000942099362166254,0.0288919394660944
29,"Redistributed",2404,-0.0148197839781775,0.047690439943659,0.014663175506983,0.0248990857565581
29,"Redistributed",2454,-0.0198732972040996,0.0460975186286871,0.0235145418786462,0.0319962307820342
29,"Redistributed",2504,-0.0274856920277541,0.050671388521619,0.000996521979285154,0.0017943451011503
29,"Redistributed",2554,-0.0224375721385291,0.0570230910315307,0.0126212900036037,0.0126464300383921
29,"Redistributed",2604,-0.0134490858376627,0.0687724448382961,NA,NA
29,"Redistributed",2654,-0.0182326031274455,0.0448604751205039,NA,NA
29,"Redistributed",2704,0.0137103827879401,0.0854015557214391,NA,NA
29,"Redistributed",2754,0.00594039526799727,0.0310140276578573,NA,NA
29,"Redistributed",2804,0.0690660942139857,0.126200753443512,NA,NA
29,"Redistributed",2854,0.0549117354144532,0.128847638294563,NA,NA
29,"Redistributed",2904,0.0256013813073231,0.129908065962862,NA,NA
29,"Redistributed",2954,0.0409706755286362,0.101642736731785,NA,NA
29,"Redistributed",2999,0.017369073755416,0.0643069719796924,NA,NA
29,"Obstructed",2004,-0.00435704935137587,0.0253770650544107,0.0390549602507933,0.0660266568967156
29,"Obstructed",2054,-0.00675918911933763,0.0264977622531396,0.0416049746526389,0.0665451501199915
29,"Obstructed",2104,-0.0064418642866513,0.0380718202504338,0.026899744898079,0.0487564692876564
29,"Obstructed",2154,-0.0132282077792305,0.0284491665124507,0.0814575674463329,0.116655900733603
29,"Obstructed",2204,-0.0153583287793459,0.035912034489603,0.0503070356736971,0.0639052020064646
29,"Obstructed",2254,-0.0138445901144835,0.0424897715291813,0.0427593499876755,0.0863923767270978
29,"Obstructed",2304,-0.0273829427027648,0.0463174519600345,0.0353315030634187,0.0467782101776035
29,"Obstructed",2354,-0.0248337094692417,0.0363695752198843,0.0277837016594076,0.0628693954398447
29,"Obstructed",2404,-0.0180736918993551,0.0408886924006654,0.0401595002953431,0.065357628450859
29,"Obstructed",2454,-0.00855443279495213,0.0383816322458528,0.0354333999243,0.060643523525267
29,"Obstructed",2504,-0.0104900711080683,0.0367110159699518,0.0466270836481809,0.0647550429093293
29,"Obstructed",2554,-0.0179963730877586,0.0310869896038616,0.0619657982630438,0.0884429829065383
29,"Obstructed",2604,-0.0220621943196745,0.0369427018627827,0.0381715054596397,0.0646742273438175
29,"Obstructed",2654,-0.0197866387090389,0.0425774125742623,0.0118383380714098,0.0247922412983482
29,"Obstructed",2704,-0.0124579306922286,0.0355832180150964,0.0218733349001497,0.0413144794427964
29,"Obstructed",2754,-0.017859503536324,0.0367310869541942,0.0473249982411814,0.0715859299205024
29,"Obstructed",2804,-0.0189249053933367,0.0444593289605003,0.0242531851283675,0.0467726609040052
29,"Obstructed",2854,-0.0259408620636437,0.0418955826591651,0.0261149787439947,0.0352832053859659
29,"Obstructed",2904,-0.00964789934878016,0.0491430690838708,0.0288358694910814,0.0460430450186449
29,"Obstructed",2954,-0.0121587236739173,0.047846529529276,0.040169997677984,0.0545699092128246
29,"Obstructed",2999,-0.0173308531553403,0.0690779231641931,0.00678237411054405,0.0130878787345581
30,"Isotropic",2004,0.00335896015711802,0.03798066451063,-0.00250048637433473,0.055795137739878
30,"Isotropic",2054,0.00365449187114276,0.026259415674297,0.000993078481982601,0.0420160624868097
30,"Isotropic",2104,0.00657932626637193,0.0255814664294089,-0.00956709843546022,0.0745602437009292
30,"Isotropic",2154,0.00851111374494658,0.0303814650566352,-0.0165978553859726,0.0562008336711724
30,"Isotropic",2204,0.00308519585256495,0.0354927234041821,-0.0154549386934271,0.0564397384606682
30,"Isotropic",2254,0.0116511669792026,0.0292222917896607,-0.0220442808259638,0.065243687909544
30,"Isotropic",2304,0.00888149397361661,0.0274495122516196,-0.0180920990691751,0.0749233809939876
30,"Isotropic",2354,0.00881638005076045,0.0294236702552729,-0.007951468758095,0.0483154366690901
30,"Isotropic",2404,0.00652856359626716,0.0363637363243472,0.00236624827066798,0.0340682391674808
30,"Isotropic",2454,0.00759954137345433,0.0309679332248401,-0.0249146236153064,0.0461714340946908
30,"Isotropic",2504,0.00218709700102196,0.0388414672220097,-0.00789684840230499,0.0475166689731326
30,"Isotropic",2554,0.00608738306326482,0.0398185819139838,-0.0143010028531166,0.048896106933939
30,"Isotropic",2604,0.00245054476029523,0.0263430157530106,-0.010011872181547,0.0432026751307974
30,"Isotropic",2654,0.000106127145091896,0.0230070407659491,-0.0123119737151893,0.0789818399729676
30,"Isotropic",2704,0.0175570144425985,0.0401410644923347,-0.0184238121225509,0.0699578920399341
30,"Isotropic",2754,0.00577296667482152,0.0307156032677274,-0.0273776299603532,0.0642440132377721
30,"Isotropic",2804,0.00836615812193174,0.0452311050113192,0.00874813386670547,0.0561145791874939
30,"Isotropic",2854,-0.00568250526462208,0.0442370509795123,0.00601291505994957,0.0600123123151649
30,"Isotropic",2904,0.00832971305206928,0.0452981240689777,0.0136589763298174,0.097378820557387
30,"Isotropic",2954,0.00416677159115257,0.0349084187145014,0.0016326245678133,0.057360091222897
30,"Isotropic",2999,0.0105116038344328,0.0424425117613697,-0.0281322740726237,0.0732973809406504
30,"Redistributed",2004,0.00410100505318719,0.0340326306793631,0.0148549761944466,0.0654415418514985
30,"Redistributed",2054,-0.00718830930049189,0.0307024651118668,0.00167746916517251,0.0686047891135037
30,"Redistributed",2104,-0.00748329249527268,0.0318171140775464,0.0502896938621168,0.0729523762462205
30,"Redistributed",2154,-0.00335372719544316,0.0300126118888133,0.0533695284958732,0.0744923958952754
30,"Redistributed",2204,-0.0104279723376184,0.0274146471922954,0.0159154733710109,0.0209771355735981
30,"Redistributed",2254,-0.0136978571018993,0.049787608647264,0.0573921695263753,0.0685977311776143
30,"Redistributed",2304,-0.020064937521461,0.0587380890471897,0.00409921508056906,0.00535740730118419
30,"Redistributed",2354,-0.0208721366380108,0.0388339468382724,0.0112597055366377,0.011354819419008
30,"Redistributed",2404,-0.0270201984694224,0.0508859723249997,0.00606986043188015,0.0061734116186483
30,"Redistributed",2454,-0.0255041046522991,0.0617743553079502,0.0130488249262891,0.0132718757975831
30,"Redistributed",2504,-0.0360349114640708,0.0513654924613794,0.0146909734757854,0.0148957014244675
30,"Redistributed",2554,-0.0468929046432722,0.0635796710229307,NA,NA
30,"Redistributed",2604,-0.0109487249372793,0.080828498042896,NA,NA
30,"Redistributed",2654,0.0203021834531155,0.0955867274325562,NA,NA
30,"Redistributed",2704,0.024293838126259,0.134086340560134,NA,NA
30,"Redistributed",2754,0.0434759033401102,0.101976432805841,NA,NA
30,"Redistributed",2804,0.0469744049221711,0.109724373986283,NA,NA
30,"Redistributed",2854,0.0442948563409159,0.106890661330072,NA,NA
30,"Redistributed",2904,0.0814760375605301,0.21840779105513,NA,NA
30,"Redistributed",2954,0.075245613886449,0.202413582671219,NA,NA
30,"Redistributed",2999,0.0480440245706049,0.267109178321646,NA,NA
30,"Obstructed",2004,0.00734404684758081,0.0457661328100928,0.0141989808966527,0.0508491200451295
30,"Obstructed",2054,0.00257017269532137,0.0418514623646669,0.016450006093386,0.0817287601439488
30,"Obstructed",2104,-0.0056888055454544,0.0318911073467074,0.0297182045678516,0.0922476613259315
30,"Obstructed",2154,-0.00959057424795154,0.0351490272458365,0.0149811709329797,0.0567750276002415
30,"Obstructed",2204,-0.00392595743529178,0.0328420671956142,0.00929872358239072,0.0340455379188777
30,"Obstructed",2254,-0.00449637776243797,0.0203112349821037,0.0341181552493884,0.0591061613534075
30,"Obstructed",2304,0.0107506461845132,0.0355174715042408,0.00424833922018724,0.0468853465508535
30,"Obstructed",2354,-0.00257905744068557,0.0318209592523679,0.0284181802354369,0.0653855710472717
30,"Obstructed",2404,-0.00859557301533438,0.0307438524207061,0.0355369993617342,0.0664890438199478
30,"Obstructed",2454,-0.00989999330889717,0.0296541932490994,0.0480189784394714,0.105282316957618
30,"Obstructed",2504,-0.0157729779550231,0.0452145052853703,0.0444745481539408,0.0566888055356903
30,"Obstructed",2554,-0.0107239280029423,0.0474349591777326,0.0216684672068782,0.0264148648166392
30,"Obstructed",2604,-0.0162561125531636,0.0502177390836452,NA,NA
30,"Obstructed",2654,-0.0252346269411432,0.0589681889832033,-0.00837753748797244,0.0178113357533628
30,"Obstructed",2704,-0.00499070332948537,0.0526104698315055,0.00332265278584756,0.00413726135140151
30,"Obstructed",2754,-0.0109247599427437,0.0493819053168091,0.000268276854787552,0.000367245848999567
30,"Obstructed",2804,-0.0200913105246501,0.0523017161198198,-167941051.283496,167941051.285994
30,"Obstructed",2854,-0.0477012281230583,0.0709464745689879,0.000412908117510621,0.000632762939397684
30,"Obstructed",2904,-0.0300249325041777,0.0751733822353886,0.0175581245789914,0.0177977805261283
30,"Obstructed",2954,0.00314347402001909,0.0645999953640609,0.0162377212933221,0.018775129701752
30,"Obstructed",2999,-0.0238571018443152,0.0634386524081556,-0.000746410484449283,0.00135469915268518
31,"Isotropic",2004,0.00834564629313999,0.0295082297830915,-0.0309785041559915,0.0592760711029259
31,"Isotropic",2054,0.00605118324250661,0.028026190876811,-0.0286053157042467,0.0923059078919566
31,"Isotropic",2104,0.0076684605739346,0.036178189257542,-0.0517938952075048,0.103280703440486
31,"Isotropic",2154,0.00681418342964923,0.0316561602115049,-0.016888741152611,0.0658688365488822
31,"Isotropic",2204,0.00787294319016578,0.0297720307800346,-0.0127037499420845,0.0666615796359456
31,"Isotropic",2254,0.0136871210278337,0.0263439325384995,-0.0109807343785673,0.0339296939672265
31,"Isotropic",2304,0.00935061704771946,0.0261430486198893,0.00199663480626393,0.0566150835627347
31,"Isotropic",2354,0.00847391030974838,0.0271956215521789,0.00196879116989488,0.030285678404793
31,"Isotropic",2404,0.0133710256334024,0.0343524061750414,-0.0185047071843463,0.0547754208826395
31,"Isotropic",2454,0.00716952923363275,0.0317216150476439,-0.0103011170543844,0.1011793404406
31,"Isotropic",2504,0.00435662876498042,0.0399854670059523,-0.000217015641861928,0.0660711904798938
31,"Isotropic",2554,0.0101434403334195,0.0335348649142901,-0.0135808929595931,0.0639495254422091
31,"Isotropic",2604,0.00238670530183076,0.0358231235004559,-0.0180116110387889,0.0413466758606119
31,"Isotropic",2654,-0.00354066522526895,0.0441069460973297,-0.00965007347502268,0.0577554775278472
31,"Isotropic",2704,0.00592705852047814,0.0366677793208807,0.00409687762714445,0.0495025701926151
31,"Isotropic",2754,0.00429022569761992,0.0348373039085269,-0.0086106893749563,0.058522168371151
31,"Isotropic",2804,-0.000693337713700179,0.0383059952101015,0.0198487276270346,0.0485706479589883
31,"Isotropic",2854,0.0100303751069695,0.0341830443255237,0.00308556553554309,0.0662997715730815
31,"Isotropic",2904,0.00116303902217285,0.0358222926722548,-0.00288794045807088,0.105584848304068
31,"Isotropic",2954,0.015515884523081,0.036780695718363,-0.00932293449675902,0.0563161579476769
31,"Isotropic",2999,0.00239878786052597,0.0358930885811989,0.00138188855347077,0.0420937898735927
31,"Redistributed",2004,0.0057325312141416,0.0306990755699986,-0.00428716385392845,0.0457902169447834
31,"Redistributed",2054,0.00231252650803011,0.0391086594713225,0.0343104199524519,0.0616642425381175
31,"Redistributed",2104,-0.0133829034145972,0.0435955819035057,0.0287318190674922,0.0745115436620159
31,"Redistributed",2154,-0.0115484523036143,0.0418112792936638,0.0151212114944386,0.0389371464531221
31,"Redistributed",2204,-0.0191407914622013,0.034957617528285,0.0168066295327069,0.0349314145178818
31,"Redistributed",2254,-0.0169193578470199,0.0344548867819008,0.053014672928547,0.0645556707594672
31,"Redistributed",2304,-0.0299516610819765,0.0472387772573504,0.0264898584167879,0.0293984858272589
31,"Redistributed",2354,-0.0204786756126273,0.0432768413025816,0.0173167399079133,0.0198439752366621
31,"Redistributed",2404,-0.0202350475154369,0.0458878641050537,0.0193032102660442,0.0201015382686155
31,"Redistributed",2454,-0.00333586852971304,0.0453558135873278,0.00286979706365883,0.00293159026444621
31,"Redistributed",2504,-0.0105829513146967,0.0458685132095902,0.000445253339175994,0.000503768846424479
31,"Redistributed",2554,-0.0130214704145514,0.048910460223745,0.00111992525318498,0.00125573132627703
31,"Redistributed",2604,-0.0234746265460742,0.0415689656877206,NA,NA
31,"Redistributed",2654,-0.0181941805361695,0.0737139843269601,NA,NA
31,"Redistributed",2704,-0.00940234787535499,0.0819562188126655,NA,NA
31,"Redistributed",2754,0.0252772799723029,0.0956591770221922,NA,NA
31,"Redistributed",2804,0.00573783980567908,0.106998659146613,NA,NA
31,"Redistributed",2854,0.0398735779386103,0.136182683706841,NA,NA
31,"Redistributed",2904,0.0808409852263274,0.163109799963559,NA,NA
31,"Redistributed",2954,0.0301545972969233,0.143245038866046,NA,NA
31,"Redistributed",2999,0.0163624803975263,0.0456959447193197,NA,NA
31,"Obstructed",2004,0.008566917460373,0.0315060756208874,-0.0122618710015607,0.044803033689356
31,"Obstructed",2054,0.00413071540656493,0.0328435402914807,-0.00640956981960313,0.0369616371417893
31,"Obstructed",2104,-0.00956303942491386,0.0393986445493124,-0.0014240258940618,0.0763727400318281
31,"Obstructed",2154,-0.00549313179524669,0.0432469684177753,0.0100627588920257,0.0553929301637076
31,"Obstructed",2204,4.47001327884202e-05,0.0528648592666294,-0.00295096621286841,0.0806627244675054
31,"Obstructed",2254,-0.0111502274175202,0.037278144958357,0.0378475120477417,0.0703958807453784
31,"Obstructed",2304,-0.00188766283176449,0.0253534881737033,0.0223161350722502,0.0639013591416716
31,"Obstructed",2354,-0.00926668140074676,0.0316444445889856,0.0124478151862201,0.0526699230262912
31,"Obstructed",2404,-0.0103164760119183,0.0292793760001102,0.0362698060062637,0.0794778784851418
31,"Obstructed",2454,-0.00827903330217918,0.0268097729829442,0.0484628110890315,0.0720541196828001
31,"Obstructed",2504,-0.0104204429214347,0.0389259071527489,0.0372495540591592,0.0483490646373162
31,"Obstructed",2554,-0.0035372729872297,0.0395630472603907,0.00912851509073683,0.0121703785536465
31,"Obstructed",2604,-0.0104350944635036,0.0407647225232439,0.01389032499169,0.0151053651991975
31,"Obstructed",2654,-0.0140753642017025,0.0356930480569317,0.0114182106579571,0.0151576515621172
31,"Obstructed",2704,-0.0191534310907494,0.033925217703218,0.0208001724523112,0.0287788503783815
31,"Obstructed",2754,-0.0152047369593605,0.0432343211526833,0.0148128112509345,0.0330059875108634
31,"Obstructed",2804,-0.0162682277219165,0.0488925567163955,0.0345207968394561,0.0506577332248915
31,"Obstructed",2854,-0.0300063796064662,0.0432890437396716,0.00248129649332092,0.00287246142650037
31,"Obstructed",2904,-0.0299045331069475,0.0517797019040504,0.000425093560762214,0.00049528918861645
31,"Obstructed",2954,-0.0344876255403125,0.0559145947999204,0.00290987833546542,0.00342467430732271
31,"Obstructed",2999,-0.0251876794439486,0.0440144291866982,0.0144628404736328,0.0144954194489953
32,"Isotropic",2004,0.00194394833718017,0.0268056512367316,-0.00371864937938222,0.0518754642103864
32,"Isotropic",2054,0.0174326032657577,0.0354041074677119,-0.00768233970409847,0.0658664915181686
32,"Isotropic",2104,0.00386429004536168,0.035245601967297,0.000587494241187318,0.0749475808687614
32,"Isotropic",2154,0.00958983443342867,0.0327330398930866,-0.00881667726086645,0.0617938864284407
32,"Isotropic",2204,0.00942471312144888,0.0348469209117341,0.00376238688646599,0.0456931034320314
32,"Isotropic",2254,0.0133135285236337,0.038513015052477,0.00669027909848868,0.0945675487115371
32,"Isotropic",2304,0.00337548483723937,0.0272636973091164,0.0046470441248222,0.0824424541104897
32,"Isotropic",2354,0.00417497765842687,0.031121658379972,-0.00951185340878466,0.0749076303184257
32,"Isotropic",2404,0.0174114232764022,0.0438755203536198,-0.0123407420347547,0.0444156037060955
32,"Isotropic",2454,0.00106800970026495,0.0341815696424662,-0.0483945109866657,0.0833109017444728
32,"Isotropic",2504,0.00213221381720541,0.0320549177765808,-0.0394007268590168,0.0903566826487622
32,"Isotropic",2554,-0.000225860012345574,0.0333083853680338,-0.00163950000879901,0.0549278671685051
32,"Isotropic",2604,0.00581278601911562,0.0396099687872382,-0.0383223683610737,0.0974466180191925
32,"Isotropic",2654,0.00227449310587698,0.0299778818093326,0.00615715576961789,0.0404243658504957
32,"Isotropic",2704,-0.00344886245741931,0.0389086874124887,-0.00200567602008431,0.0569317186047879
32,"Isotropic",2754,-0.0101273214004078,0.0373424874087788,0.00319473283193527,0.0429471296219193
32,"Isotropic",2804,0.00478081657905189,0.0423538649996614,0.0146021754419159,0.0845255457089211
32,"Isotropic",2854,0.00404089876816509,0.0286602715223967,-0.0148628258449832,0.0827614687741602
32,"Isotropic",2904,0.00661146145825797,0.0423210194022024,0.0044261088462779,0.0651610224143404
32,"Isotropic",2954,0.000743226523123221,0.0407256822301877,0.006867412621883,0.0564000057880214
32,"Isotropic",2999,0.0077076660351154,0.0349650187854155,0.00767699059015328,0.0625219360422864
32,"Redistributed",2004,-0.00454161575130023,0.0375048256056067,0.00391185763766814,0.0971536418755464
32,"Redistributed",2054,-0.00406877125173946,0.0245501431677843,0.0173782586968278,0.0445526750631258
32,"Redistributed",2104,0.00101369022696213,0.0374400736792504,0.0646080589243787,0.124170935962571
32,"Redistributed",2154,0.00150548451829479,0.0401329982375763,0.00912724559300109,0.0429534166314529
32,"Redistributed",2204,-0.00250925790547104,0.0401645702969818,0.00105454948572607,0.00180844578090235
32,"Redistributed",2254,-0.004457951816576,0.0446338944712801,0.0211719221313297,0.0402239112515633
32,"Redistributed",2304,-0.0217920530642383,0.0416682038474175,0.0276963604761891,0.0337044785240131
32,"Redistributed",2354,-0.0242123556092552,0.0462317377674813,0.0303232880103164,0.0381005800009257
32,"Redistributed",2404,-0.024665821601568,0.0416325108337649,0.0130967915619067,0.0139494842899282
32,"Redistributed",2454,-0.0322063873421367,0.048137416063487,0.023212519784641,0.0244059857984491
32,"Redistributed",2504,-0.037009996882144,0.0616290029174766,0.014266985506013,0.015817388699265
32,"Redistributed",2554,-0.0403057603904296,0.0670671857904039,0.00080596594403199,0.00111132246314315
32,"Redistributed",2604,-0.0347054821684029,0.0591759891226196,0.00575385840706941,0.00671569355009711
32,"Redistributed",2654,-0.0328291068836319,0.0708796009205225,0.0147444595410109,0.01683282955497
32,"Redistributed",2704,-0.0061289131586241,0.057493298262625,0.0121415539432477,0.0136561422028808
32,"Redistributed",2754,0.00153020549058116,0.0610176490011789,0.0098361125361751,0.0105366489319395
32,"Redistributed",2804,-0.0213743507911835,0.0603907225905068,NA,NA
32,"Redistributed",2854,0.00135128733289776,0.0802147665316696,NA,NA
32,"Redistributed",2904,0.0154670885222888,0.099724023831944,NA,NA
32,"Redistributed",2954,0.0094870366325395,0.167640190486063,NA,NA
32,"Redistributed",2999,0.00957175248753134,0.0725600568210563,NA,NA
32,"Obstructed",2004,0.00294035882865115,0.0337819774383823,-0.0147428845657092,0.0829050582346366
32,"Obstructed",2054,0.00137866896842127,0.0363394248702262,0.00839855970453792,0.0450947006057641
32,"Obstructed",2104,0.00162716048510226,0.0257375535117641,0.000986213425431628,0.0751014145132376
32,"Obstructed",2154,-0.00119671705491421,0.0355175970622064,0.0091932297082016,0.0653303209633705
32,"Obstructed",2204,-0.00797389925187009,0.0455367336141618,0.0376659682274914,0.0883901924839731
32,"Obstructed",2254,-0.00982903575651941,0.0383133122659933,0.0266301675148515,0.0501215415085566
32,"Obstructed",2304,-0.00474416416900729,0.0398912869573787,0.0205772780517813,0.0460110949847077
32,"Obstructed",2354,-0.00946655120490844,0.0302406664467048,0.0241843000454964,0.0351654275934366
32,"Obstructed",2404,-0.00647236976571561,0.0257586724072523,0.0484879399634873,0.075383193082783
32,"Obstructed",2454,-0.0151845818517723,0.0466466180435891,0.0213159861857185,0.0324578304291661
32,"Obstructed",2504,-0.0148987027654275,0.0331261672017095,NA,NA
32,"Obstructed",2554,-0.0233144499857351,0.0423411645144724,NA,NA
32,"Obstructed",2604,-0.00931393370360987,0.0514437788738143,NA,NA
32,"Obstructed",2654,-0.0221231619212089,0.0486352902487946,0.0145285932310356,0.0149656197916246
32,"Obstructed",2704,-0.0181088792674022,0.0500029732528262,0.013429959570233,0.0138612274201743
32,"Obstructed",2754,-0.0312501979812921,0.0603533000595788,NA,NA
32,"Obstructed",2804,-0.0350340125389553,0.059288485248778,0.000331680037934044,0.000445966372070243
32,"Obstructed",2854,-0.0154785571475784,0.0601507054143007,0.00433391171454846,0.00453998753901921
32,"Obstructed",2904,-0.0253343384542037,0.0533701198436177,0.0103463944611409,0.0103765049094574
32,"Obstructed",2954,-0.031579777189099,0.0551053442376847,0.02252798153751,0.0227425442715202
32,"Obstructed",2999,-0.0149798004296684,0.0674955627063,0.018940340714357,0.0191223121826573
33,"Isotropic",2004,0.00532172695325855,0.0296228256032881,-0.0133915939716531,0.0794012828387126
33,"Isotropic",2054,-0.000439637033013751,0.0298080372995767,-0.00270997825807693,0.0764458178698432
33,"Isotropic",2104,0.0022184417620154,0.0435370621552476,-0.00574745880540175,0.0546857114087286
33,"Isotropic",2154,0.00102000395433323,0.0273590029709098,0.00605155029043375,0.0235061703279281
33,"Isotropic",2204,0.00259338996295269,0.0338863804227711,0.00250905211087111,0.0581994940493453
33,"Isotropic",2254,0.0047799813394734,0.0378144549932397,0.0180426694313787,0.0812671296343521
33,"Isotropic",2304,-0.00314992711084033,0.0319170151204926,0.0115312020845551,0.0524152131017604
33,"Isotropic",2354,-3.1307262921963e-05,0.025191714445959,-0.00140703457690611,0.0926232539027057
33,"Isotropic",2404,0.0026278730692641,0.0300758593734824,0.0116829621066508,0.0474157206491222
33,"Isotropic",2454,0.00496664778223318,0.0319002341990154,0.00580579782572333,0.0572631151777348
33,"Isotropic",2504,-0.0107406726202998,0.0309324376508621,0.00523250936619019,0.0284960677941178
33,"Isotropic",2554,0.00420609086799298,0.0306350515617374,8.01920987787397e-05,0.0602109064007082
33,"Isotropic",2604,-0.00332272504504688,0.0370245211519049,0.0021044149034879,0.0295946700249671
33,"Isotropic",2654,0.00679997652987686,0.0308033088937021,0.0128234559314153,0.0509023898074601
33,"Isotropic",2704,0.00245677568002914,0.025950952903556,0.0120700776392718,0.0496560485686732
33,"Isotropic",2754,0.00027463314975997,0.0255834743640888,-0.000161246897756664,0.0643351484895303
33,"Isotropic",2804,0.00432206534220349,0.0304381709138389,-0.00880358439082714,0.0837054090848413
33,"Isotropic",2854,0.0025817027034946,0.0417194293977043,0.0036949725388236,0.0397828324033596
33,"Isotropic",2904,0.00482768077462633,0.0299178779667652,0.00182292108934771,0.083448383510454
33,"Isotropic",2954,0.00919753822328354,0.0242545770771845,-0.00105908733585804,0.0285948062348988
33,"Isotropic",2999,0.0041273374535947,0.0282988765568366,-0.0140318730665829,0.0473562062011713
33,"Redistributed",2004,-0.00229504549095849,0.0258498634897094,0.00628846264203274,0.0416229924123822
33,"Redistributed",2054,0.000413622959378779,0.0324320685552663,0.0400777984396113,0.0814616979761452
33,"Redistributed",2104,-0.00581873547633996,0.0328026353115392,0.0370028002896996,0.100421168309272
33,"Redistributed",2154,-0.00799190299326688,0.0402938303911641,0.0697180784267546,0.111216429699546
33,"Redistributed",2204,-0.011894566974356,0.0376521206993023,0.0202399625038052,0.0304770647982227
33,"Redistributed",2254,-0.0196019328347636,0.0380592460640737,0.0264052436087616,0.0451054793774122
33,"Redistributed",2304,-0.0185108686508532,0.0374846043359045,0.0329778737125516,0.040735510428261
33,"Redistributed",2354,-0.0271029375951217,0.0527401137773716,0.0978320258246525,0.11732039138043
33,"Redistributed",2404,-0.0265140456411639,0.0448228481132374,0.0442582181356271,0.0468602299373083
33,"Redistributed",2454,-0.0150497020768588,0.0560363524453347,0.00541851175704927,0.00859880653813308
33,"Redistributed",2504,-0.0222579642180322,0.0599791387810669,0.00226951704943224,0.00234787128393879
33,"Redistributed",2554,-0.0118530335303749,0.046647055026037,0.00258073754755465,0.00308248874801058
33,"Redistributed",2604,-0.00885116347003284,0.0553144598039434,0.00116666398487906,0.00145994188418769
33,"Redistributed",2654,-0.0245671282554815,0.0513932311509569,NA,NA
33,"Redistributed",2704,-0.0283983798960394,0.0598675401838779,0.00168395317300594,0.00184822618007572
33,"Redistributed",2754,-0.0404284453385878,0.0736428964352493,0.014368854291886,0.0148518451734455
33,"Redistributed",2804,-0.040388186172283,0.0962091647597042,0.00194139003189433,0.00210785255162728
33,"Redistributed",2854,0.00820478678840591,0.0815988941574709,NA,NA
33,"Redistributed",2904,-0.00953646263764449,0.101413215481794,NA,NA
33,"Redistributed",2954,-0.0571177588546652,0.135354999498051,0.00342703143870422,0.00548415884035282
33,"Redistributed",2999,-0.0185851085726569,0.0968760701503785,NA,NA
33,"Obstructed",2004,-0.00163438223753572,0.0310756571394951,0.0109327014982697,0.0702807240007196
33,"Obstructed",2054,-8.30300470423726e-05,0.0290944375494083,0.0248043557881279,0.0876461431656508
33,"Obstructed",2104,0.00303360025670804,0.0252976354633313,0.0426995263312915,0.0853870958116514
33,"Obstructed",2154,-0.0123040257682902,0.0351883797937441,0.00992137765139687,0.04811141386238
33,"Obstructed",2204,-0.011920028500658,0.0284590215371367,0.0038645095246045,0.0958557301081124
33,"Obstructed",2254,-0.015416333061641,0.0497140766938563,0.0183366451820477,0.0570298681939523
33,"Obstructed",2304,-0.0149225368165618,0.0385561846806854,0.0212506012472091,0.0843314169793505
33,"Obstructed",2354,-0.00808681525406107,0.041296822886159,0.0333383035855568,0.0769440094289996
33,"Obstructed",2404,-0.0088941470610659,0.0402245846058297,0.00533522797973129,0.0262032506513485
33,"Obstructed",2454,-0.0121426760728976,0.04072389685712,0.0429235958557098,0.0770469377378389
33,"Obstructed",2504,-0.00874409944114107,0.0403712572244418,0.0178991237375186,0.0573517574611091
33,"Obstructed",2554,-0.0188433319109661,0.0445508393170006,0.0325952138822517,0.0651763159827308
33,"Obstructed",2604,-0.0163216424770021,0.0388962010500001,0.0455101552227381,0.0683506027031269
33,"Obstructed",2654,-0.0121805088261733,0.0400486546231382,0.0356070443302536,0.050218462019667
33,"Obstructed",2704,-0.0171145014266524,0.0400839792405264,0.0249931003795885,0.0516921336285633
33,"Obstructed",2754,-0.0268813312589263,0.0409562501696032,0.0215869092124215,0.0352949060097458
33,"Obstructed",2804,-0.011330308578844,0.0627810093471809,0.0143896911606504,0.0144928053882428
33,"Obstructed",2854,-0.00895755876320655,0.0542990992166837,0.0149764360266301,0.0152069034290946
33,"Obstructed",2904,-0.0164149846017241,0.0443210392175152,0.0166629485855904,0.0189535323568294
33,"Obstructed",2954,-0.0477791972475549,0.06289374618113,0.000185759582571798,0.000283252057077483
33,"Obstructed",2999,-0.0236909811629128,0.0643852114534287,-8.20539702175898e-06,0.00135517283935008
34,"Isotropic",2004,0.00711038816317942,0.0319690803350173,-0.024642247482875,0.0650959864188504
34,"Isotropic",2054,0.00124978790381459,0.0253145907647078,-0.0167715430322028,0.0718738196546419
34,"Isotropic",2104,0.00103653648289711,0.0222334696883634,0.00677212563236861,0.0444472331677437
34,"Isotropic",2154,-0.00110215553341636,0.0312157741499176,0.0287989204245123,0.0718051273755385
34,"Isotropic",2204,-0.000615090797901153,0.0365535250431771,0.0111248150867798,0.0654432518121467
34,"Isotropic",2254,0.000598103923076879,0.0395293465573512,0.0025389894998352,0.0359237367219569
34,"Isotropic",2304,-0.0093289932335618,0.0319780384493117,0.0120696216889879,0.0500335105824435
34,"Isotropic",2354,-0.00121313424348128,0.0284002992400294,0.048462559206552,0.101694392703912
34,"Isotropic",2404,0.00109771316200622,0.0335301336207174,-0.014199814661553,0.0814075467905002
34,"Isotropic",2454,0.00512779655928169,0.030110853973326,-0.017384970853812,0.0961438140317925
34,"Isotropic",2504,0.00438848590794438,0.0280290907117544,0.00446276746980929,0.067535655479012
34,"Isotropic",2554,-0.00172141245745944,0.0288421813481795,-0.0152483710151243,0.0603557157354749
34,"Isotropic",2604,0.00847506100049498,0.032672785921962,-0.0208548181434299,0.10143836734258
34,"Isotropic",2654,0.00553026918295927,0.0296645121836268,-0.0156471742613098,0.0650292639795267
34,"Isotropic",2704,0.000320613912568628,0.0283228812591584,-0.00634788164439537,0.0682164093941893
34,"Isotropic",2754,0.0102156742925734,0.0415225346495751,-0.0051328803509772,0.0674076022916162
34,"Isotropic",2804,0.00400784200119558,0.0298822072634798,0.00988409969060544,0.0732832697938579
34,"Isotropic",2854,0.00522151596323359,0.0397182798367373,-0.00398063623025215,0.056838601168286
34,"Isotropic",2904,0.00715115296615982,0.0364081510880837,0.005326235470567,0.089801631346626
34,"Isotropic",2954,0.0046667964371769,0.0232574613839518,-0.0251601135301391,0.0677842526957523
34,"Isotropic",2999,0.00602975046413651,0.0352149988860573,-0.0163612924277257,0.105278533261322
34,"Redistributed",2004,0.00320425667700154,0.0212675344881687,-0.0263554928934357,0.104732638316149
34,"Redistributed",2054,-0.00102017084387489,0.0305522652794132,0.0357136470359025,0.0742341458850849
34,"Redistributed",2104,-0.00580547352295599,0.0327340049724271,0.0210016609246386,0.0487831437635216
34,"Redistributed",2154,-0.0102957856231316,0.0325295233019787,0.0138392650738311,0.0494398153763598
34,"Redistributed",2204,-0.0029392369409071,0.030588656627412,0.0164142011581932,0.0608966017324411
34,"Redistributed",2254,-0.00318959315124697,0.0278725642462968,0.014070119612699,0.0230432225278064
34,"Redistributed",2304,-0.0125157463049974,0.034168637501156,0.0500952860111718,0.0847619190202371
34,"Redistributed",2354,-0.014361302045865,0.0431575611316281,0.00378379871561324,0.0105482177396575
34,"Redistributed",2404,-0.0238763566602849,0.0446788689526257,0.000321706966408749,0.000370181943581494
34,"Redistributed",2454,-0.0286098713805144,0.060465333660916,NA,NA
34,"Redistributed",2504,0.0119566787348081,0.107800526349325,NA,NA
34,"Redistributed",2554,-0.00611225583541041,0.0837179981474884,NA,NA
34,"Redistributed",2604,0.0361710328343433,0.0847613571606624,NA,NA
34,"Redistributed",2654,0.102660716809455,0.193540102933885,NA,NA
34,"Redistributed",2704,0.105033768856009,0.171356907192508,NA,NA
34,"Redistributed",2754,0.0624821834065945,0.0940844236403725,NA,NA
34,"Redistributed",2804,0.0797556583560899,0.119674042434867,NA,NA
34,"Redistributed",2854,0.0899316160134094,0.108748756075821,NA,NA
34,"Redistributed",2904,0.0482432344539535,0.06399584265512,NA,NA
34,"Redistributed",2954,0.0685709821340331,0.109244252109853,NA,NA
34,"Redistributed",2999,0.15828295421177,0.203667727215818,NA,NA
34,"Obstructed",2004,0.0143039780084959,0.0289177741387216,-0.0180608803790488,0.0729956901667918
34,"Obstructed",2054,-0.00454690780637623,0.0370603001812195,-0.0160379735725302,0.0760127527003891
34,"Obstructed",2104,0.00863104176962925,0.0279122657843189,-0.0109394439012264,0.0639616183791193
34,"Obstructed",2154,-0.00633851972830221,0.0287874977380655,-0.00859441465306112,0.0724448212629986
34,"Obstructed",2204,-0.00375871806041886,0.0321261631654198,-0.00487466217795783,0.0589336493139923
34,"Obstructed",2254,-0.00387709032725739,0.0273529507314718,0.0093266689155335,0.0296420600571808
34,"Obstructed",2304,-0.00215566978757003,0.0226316441592187,0.0281210621510075,0.0589449508893321
34,"Obstructed",2354,-0.0118790952515232,0.0369885255669423,0.0128270591003865,0.041543870320579
34,"Obstructed",2404,-0.00255656543662961,0.0264531583291504,0.0226080842188661,0.0374868388693355
34,"Obstructed",2454,-0.00633453990864156,0.0313350897382508,0.0240381802244671,0.0515296715033212
34,"Obstructed",2504,0.00253313068437079,0.0390519011485229,0.0219954920978702,0.0680562191830258
34,"Obstructed",2554,-0.00563380489229414,0.033525900185399,0.0236793055631212,0.0353634653012128
34,"Obstructed",2604,-0.00659625663785294,0.0355005227420313,0.0151337354653997,0.0237230828326966
34,"Obstructed",2654,-0.00869071526976778,0.0376854046574604,0.0314463065682663,0.061916491315149
34,"Obstructed",2704,-0.0160137958642986,0.0349536519917533,0.0165455526515752,0.064016330815041
34,"Obstructed",2754,-0.0161518879515222,0.0448189037497453,0.0141585144671307,0.0276986718409277
34,"Obstructed",2804,-0.0158267875430431,0.0478207297294606,0.0184538466723688,0.0549676776397131
34,"Obstructed",2854,-0.0132007214086486,0.0407199361047395,0.0412553938158235,0.0604753374720806
34,"Obstructed",2904,-0.0128838135689976,0.0356356650396921,0.0451427288078673,0.0664357944822133
34,"Obstructed",2954,-0.00866436132802676,0.0397705812297728,0.0242248395709418,0.0282613596788396
34,"Obstructed",2999,-0.00756616141692544,0.0348793147996842,0.0124133486879729,0.027801613354965
35,"Isotropic",2004,-0.00323194000793244,0.0315362495458874,-0.00991346291143211,0.0433125269263958
35,"Isotropic",2054,0.00183680860849987,0.0328208562263805,-0.0194180575725546,0.0609912037620888
35,"Isotropic",2104,-0.00669412356767943,0.0259094217168811,-0.00605426352840129,0.0880597537739452
35,"Isotropic",2154,0.00357019607385191,0.0332396529466689,-0.00210117840591402,0.0339359800516283
35,"Isotropic",2204,0.00530231247664885,0.0279077724752429,-0.00558277400880719,0.038968574491694
35,"Isotropic",2254,0.0041394359869899,0.0330218716780778,0.00710881800868086,0.0592057201267824
35,"Isotropic",2304,0.0139298307093995,0.0387986618629355,0.00921138388746067,0.0680995997486159
35,"Isotropic",2354,0.00648925686448002,0.0374747582564645,-0.00861282442725824,0.0483887630349531
35,"Isotropic",2404,0.00963660811368894,0.0358173227652752,-0.0198286499085953,0.0676440724022421
35,"Isotropic",2454,0.004249340213504,0.0288097985034292,-0.00119672229242438,0.0561839337001137
35,"Isotropic",2504,0.00172734902020216,0.030589584112794,-0.00627169293209633,0.0360109587029562
35,"Isotropic",2554,0.000731396650706353,0.0363029156551936,-0.00244899608157473,0.0577280483977502
35,"Isotropic",2604,0.000532695863966887,0.0510764135072542,-0.0162246942498414,0.0515648488718507
35,"Isotropic",2654,-0.00510267172021558,0.0436779932630688,0.00702427917939383,0.0559017034450246
35,"Isotropic",2704,-0.00243448286874263,0.041673250112873,-0.0344685666951033,0.074180010214975
35,"Isotropic",2754,0.00103307930771066,0.032045043183025,-0.000695985780783754,0.0566245101678499
35,"Isotropic",2804,-0.0205464365534231,0.0658994838317402,0.00465885172266545,0.0657295630204508
35,"Isotropic",2854,0.00665158844194394,0.0321527948818505,-0.0109070498952049,0.0624651382061896
35,"Isotropic",2904,0.0112665549403303,0.0480048283669691,-0.0101404894215642,0.0472363052096093
35,"Isotropic",2954,-0.00144799760490893,0.0432101436531663,-0.0120142525817637,0.044452294518863
35,"Isotropic",2999,-0.0100612556432839,0.0333790649544271,0.0028063685706636,0.0208670254553257
35,"Redistributed",2004,-0.00178398845626501,0.0259014807071802,0.00859039240396257,0.0687373044694593
35,"Redistributed",2054,-0.00139519290779706,0.0285441452279784,-0.000257348597804466,0.0616132263166933
35,"Redistributed",2104,-0.00100338286150735,0.0331646108763187,0.0111479912063161,0.0576493367483403
35,"Redistributed",2154,0.00199462438292533,0.034646480607969,0.00616086584002712,0.057222221905431
35,"Redistributed",2204,-0.00422486488659518,0.0253038520787999,0.0297591889527997,0.0612266738019782
35,"Redistributed",2254,-0.00907866745185887,0.0378959869897469,0.041633725826582,0.0930744020434654
35,"Redistributed",2304,-0.0102173175067725,0.0365812069521289,0.00770696522779762,0.0510946507026344
35,"Redistributed",2354,-0.0125625143302522,0.0358969818906201,0.0678390831188682,0.124566928290579
35,"Redistributed",2404,-0.00998989684537807,0.0421078287827524,0.0158682480783393,0.0481330146781304
35,"Redistributed",2454,-0.0145683467643742,0.0426440786786686,0.0347686814975772,0.0530615929973055
35,"Redistributed",2504,-0.0208426300532267,0.0437070533278808,0.0229058058169564,0.0371796453158897
35,"Redistributed",2554,-0.0196715538028448,0.0370817937050221,0.027829464518405,0.0300330592405885
35,"Redistributed",2604,-0.0224988984742979,0.0446465458843156,0.027621052892037,0.0305603408336459
35,"Redistributed",2654,-0.048984742717734,0.0582273676185547,0,0
35,"Redistributed",2704,-0.0193450019372634,0.0602054075799157,0.00841009638858204,0.00958877085634746
35,"Redistributed",2754,-0.0302538158938681,0.0602172188823778,0.00304533610855109,0.00419705455602708
35,"Redistributed",2804,-0.013880630563664,0.0566585385882917,0.00576483128254105,0.0191755629695814
35,"Redistributed",2854,-0.0402978692799784,0.0691419832552775,0.000875192239803715,0.00322500508218133
35,"Redistributed",2904,-0.0215554821197005,0.0640594028180535,NA,NA
35,"Redistributed",2954,-0.0416901270704282,0.0952302680456794,0.0380608146737147,0.0410571563676492
35,"Redistributed",2999,-0.0374860824535605,0.0741268640457396,NA,NA
35,"Obstructed",2004,0.000307076585424463,0.0332154081117094,-0.000559429882150849,0.0223582043608105
35,"Obstructed",2054,0.00465173854678273,0.02686165433054,-0.00567234401925937,0.058073320752861
35,"Obstructed",2104,-0.00418065814487136,0.028929519233968,-0.0175245075504767,0.0467935658442709
35,"Obstructed",2154,-0.0051137267152658,0.02875588478083,-0.00269113893156856,0.0539817833518173
35,"Obstructed",2204,0.00301221558099739,0.0277089369017044,0.00505133683152389,0.0661720691198185
35,"Obstructed",2254,0.00416347310147442,0.0281354463792963,-0.00262499916277059,0.0679385923741604
35,"Obstructed",2304,0.00733189134622758,0.0311590014277266,0.0121650591171874,0.0808616780258175
35,"Obstructed",2354,0.000193389008213039,0.0322430860507634,0.0389679864344565,0.0873226807063818
35,"Obstructed",2404,-0.000472566034614197,0.02401451455533,0.0224717413969163,0.0879759481127667
35,"Obstructed",2454,0.00145971868620437,0.0271821636004198,0.00773858245219285,0.0435690440850924
35,"Obstructed",2504,0.000658344246169174,0.0448067290381799,0.023914301894469,0.0849150140404232
35,"Obstructed",2554,-0.000973271683285835,0.0370592482388153,0.0404500850908574,0.0853584550689747
35,"Obstructed",2604,0.00238806241819398,0.0287973119564927,0.0141786900739089,0.079958099248533
35,"Obstructed",2654,0.000387479368942173,0.0289592529604457,0.0379363070214767,0.0586476182607723
35,"Obstructed",2704,-0.00255785906617023,0.0373275371339964,0.021478776000203,0.0309850668434807
35,"Obstructed",2754,-0.0083954641481602,0.0222376129608084,0.0146732471483705,0.0373903893990919
35,"Obstructed",2804,-0.00129241592666099,0.0391708769211607,0.0246171393387368,0.0738278547151015
35,"Obstructed",2854,-0.00425060027789071,0.029735087577136,0.0257742580654635,0.062190529524392
35,"Obstructed",2904,-0.0135302381761165,0.033753418859158,0.018106840520416,0.0293778381609459
35,"Obstructed",2954,-0.010672409544908,0.0363164478818176,0.00278259134306745,0.0833867693775706
35,"Obstructed",2999,-0.00799098057580259,0.0335019377630336,0.000167227221343742,0.000567396190632267
36,"Isotropic",2004,0.00952514090882519,0.0360435883512543,-0.0161925178960946,0.0519998888856895
36,"Isotropic",2054,0.00432360881255831,0.0320422687892144,-0.0373389588510918,0.0881829323000594
36,"Isotropic",2104,-0.00226904118187528,0.0276000341748881,-0.0279720163188203,0.0775926588787184
36,"Isotropic",2154,-0.00110881766891421,0.029470967976799,-0.0410792327762518,0.0577965443206684
36,"Isotropic",2204,0.0104563698997104,0.0382063591976521,-0.0444160476576234,0.0850586488425823
36,"Isotropic",2254,0.00824733431393044,0.0376802630327989,-0.0209549992138053,0.0757683097374874
36,"Isotropic",2304,0.00410057025177235,0.0346536207907246,-0.0206890440402778,0.054947857661103
36,"Isotropic",2354,0.00870643570414273,0.0374384103724602,-0.0289312747690358,0.0658871340955059
36,"Isotropic",2404,0.00832997577529421,0.0373720152050567,-0.0146638355142681,0.0761108970156562
36,"Isotropic",2454,0.0173591381117028,0.0376609736927037,-0.0230165069504786,0.0564735178633821
36,"Isotropic",2504,0.0121145607004974,0.0505024471563743,-0.055040915764661,0.103984847054183
36,"Isotropic",2554,0.00978012538507796,0.0402829652094624,-0.0246520221894304,0.0578168594567622
36,"Isotropic",2604,0.0184538346522953,0.0364278097176766,-0.03393458336246,0.0613076621849431
36,"Isotropic",2654,0.00868735375182821,0.042932377302094,-0.0238925079172234,0.0544366411242672
36,"Isotropic",2704,0.00500155385992925,0.0395988221938975,-0.0129495564905039,0.0607891718928976
36,"Isotropic",2754,0.0138472943577097,0.034357815687605,-0.025822746193833,0.0497268027856989
36,"Isotropic",2804,0.0100041874794645,0.036209137964926,-0.0271048671600866,0.0717826874372175
36,"Isotropic",2854,0.0058212170846557,0.0306247497831752,-0.0109659142676031,0.0298004640928407
36,"Isotropic",2904,0.00992628868573932,0.0293979728199461,-0.0285614844578903,0.0904117002816122
36,"Isotropic",2954,0.00328154977362481,0.0331552011292381,-0.0160792459175732,0.0387706575761235
36,"Isotropic",2999,0.0025574549496731,0.0378247761035557,-0.0203759342693511,0.0664586001542868
36,"Redistributed",2004,0.00640397681699303,0.0348368157095552,-0.010571550556946,0.0612290538530365
36,"Redistributed",2054,0.00090510487937549,0.0363737686479561,0.0269745732877467,0.0973978827603269
36,"Redistributed",2104,-6.80937324486438e-05,0.0416795511338485,-0.0031379151318253,0.0746463050678265
36,"Redistributed",2154,-0.000657858372167533,0.0380657121774618,0.00327535954310059,0.0400280085082144
36,"Redistributed",2204,0.00193880927892996,0.0369107698396767,0.0210554458421361,0.0540026627630555
36,"Redistributed",2254,-0.00637872433402704,0.0477702264479963,0.0219502547632673,0.0377986394169989
36,"Redistributed",2304,-0.00996439122244555,0.0376034557867463,0.0136770250254528,0.0362616273406803
36,"Redistributed",2354,-0.0121736681442351,0.0393711297438737,0.0708384625816165,0.0840133278654816
36,"Redistributed",2404,-0.0148753414649189,0.0371670946162659,0.0520697036635213,0.0748431672897108
36,"Redistributed",2454,-0.0213985877863611,0.0420315808934069,0.0269556444267974,0.0309500871367146
36,"Redistributed",2504,-0.0270002053358578,0.0459896094173163,0.000209005576962871,0.000284602245083324
36,"Redistributed",2554,-0.0358175607452896,0.0727661765860367,0.0182417295656654,0.0196924713525514
36,"Redistributed",2604,-0.0390345474868642,0.0793841848013172,0.0186580626654718,0.0190678087896727
36,"Redistributed",2654,-0.0293231111155895,0.0589002025053088,NA,NA
36,"Redistributed",2704,-0.0249649357915506,0.0766176091415991,0.000742663666850145,0.00137600905320621
36,"Redistributed",2754,-0.0344175355759548,0.0828504609899361,NA,NA
36,"Redistributed",2804,-0.0191024385179404,0.111297790836878,0.00451307256493052,0.00502735365154441
36,"Redistributed",2854,-0.00589112212445902,0.123920491197165,0.0244865319488524,0.0247668247176814
36,"Redistributed",2904,-0.0346574693168526,0.107423009274566,NA,NA
36,"Redistributed",2954,-0.0239708091852645,0.101089480903756,NA,NA
36,"Redistributed",2999,0.00986757928321832,0.126230866144187,NA,NA
36,"Obstructed",2004,0.00678984027083619,0.039350456842778,-0.00110197482862957,0.0605354332382965
36,"Obstructed",2054,0.00929515789569343,0.0331913669700676,-0.015941938698412,0.0804336904772755
36,"Obstructed",2104,0.00959484314915067,0.0228539914363577,-0.0228168782691691,0.0952945559502239
36,"Obstructed",2154,0.00319712893513448,0.0389661325815436,-0.0256318305337648,0.0868586416864707
36,"Obstructed",2204,-0.00282349582791891,0.0364522925610171,-0.00516964377533757,0.118683501286017
36,"Obstructed",2254,-0.0053247554320202,0.0367373035593819,0.00818391078605792,0.107183770330694
36,"Obstructed",2304,0.000821607399948342,0.0236577342368484,-0.00176637322069108,0.0841193264621418
36,"Obstructed",2354,-0.00892988759392621,0.0348545078750279,0.0177234844263233,0.0885508706841265
36,"Obstructed",2404,-0.00632861999650183,0.0326250918966357,-0.00186043384191478,0.117615194104578
36,"Obstructed",2454,-0.00282373271857328,0.0591424767840328,0.0119590158523834,0.0750768188625529
36,"Obstructed",2504,-0.0144442287230483,0.0407236343501388,0.0369894257875417,0.0697528849247562
36,"Obstructed",2554,-0.0255274551512697,0.0449505985762626,0.027370213950286,0.0520964163775409
36,"Obstructed",2604,-0.0210591938430257,0.0365001502027735,0.0239989905391485,0.0412246936439778
36,"Obstructed",2654,-0.00684256423787449,0.0422800409298166,0.0469967293093281,0.101118862949998
36,"Obstructed",2704,-0.0136463335514889,0.0535006215047518,0.000630843007631803,0.000806694538485896
36,"Obstructed",2754,-0.0193375973356426,0.043606557610472,0.0204136811099206,0.0318910990157843
36,"Obstructed",2804,-0.0193640273364723,0.0379219564545702,0.0191645927812972,0.020007861726571
36,"Obstructed",2854,-0.011720853003079,0.0393229097321958,0.00230091143220947,0.00408096228214107
36,"Obstructed",2904,-0.00518974897261511,0.048951085518713,0.0061687054000464,0.00760210093232404
36,"Obstructed",2954,-0.0201222414502594,0.0513754953048136,0.00064946307563654,0.000816659799202822
36,"Obstructed",2999,-0.0195210493598924,0.0494243695009535,0.000353564836589179,0.000433404916612359
37,"Isotropic",2004,0.00203791849449208,0.0318382455331594,-0.00951144933134971,0.0830193576161809
37,"Isotropic",2054,-0.00407647833851297,0.0429488622055197,0.0045332616639499,0.0789145315949333
37,"Isotropic",2104,-0.00557982249525449,0.0331174888124651,0.017765309508114,0.0555789796961678
37,"Isotropic",2154,-0.00363716344073532,0.0319208538575907,0.0168352516467104,0.0876563696233766
37,"Isotropic",2204,-0.00874887527426391,0.0351302200405686,-0.00757721349726882,0.0745533058280068
37,"Isotropic",2254,-0.000476836143634625,0.0353401991985288,0.0214145578535661,0.0820099222293188
37,"Isotropic",2304,0.0038321195008437,0.0509419947026828,0.00553211190384808,0.0696522560489739
37,"Isotropic",2354,-0.00610399759737451,0.0262846458116001,0.00707106630139683,0.068317673964474
37,"Isotropic",2404,-0.0072015522210207,0.0349349424089506,-0.00463361202498046,0.0693514980072604
37,"Isotropic",2454,-0.00124653333168948,0.0237495578729546,0.0147323794042702,0.064455847405613
37,"Isotropic",2504,-0.00144396589444182,0.0316778904154147,0.0269591760980876,0.122850577470944
37,"Isotropic",2554,-0.00561848881536043,0.0333883715217386,-0.000444559784715209,0.0639871724702767
37,"Isotropic",2604,-0.000873227535719225,0.0404014932223224,0.00141363261046064,0.0687309607266087
37,"Isotropic",2654,-0.00119527071488967,0.0363652066577971,0.0151570830332338,0.0812495628236391
37,"Isotropic",2704,-0.00997365061804301,0.0337970082749474,-0.0223365249780463,0.0701485111993197
37,"Isotropic",2754,4.12935059658715e-05,0.0379088810606667,0.0214630754120342,0.073428059593802
37,"Isotropic",2804,-0.00535417440670286,0.0346602188574539,-0.0103990049986513,0.0259483722938166
37,"Isotropic",2854,-0.0149098816539215,0.063591630045009,0.0093072316264413,0.0919472299463163
37,"Isotropic",2904,-0.00680987624727717,0.0464385344167254,-0.0094999942971728,0.0920195764161785
37,"Isotropic",2954,-0.00477655979361644,0.0317911705303602,0.00144403091607072,0.0384778399857612
37,"Isotropic",2999,0.00136027278583966,0.0300417243996123,-0.034340851177962,0.0873353841238172
37,"Redistributed",2004,-0.00346472422465945,0.0321164229590006,0.00778230500898355,0.0728390657294708
37,"Redistributed",2054,-0.00157217922400506,0.0266239537488361,0.0237999091284823,0.0405322209650749
37,"Redistributed",2104,-0.00627073603651862,0.0370936565166687,0.0232521016383762,0.0609223178805381
37,"Redistributed",2154,-0.00626599248108396,0.0400069421121372,0.0222983026587843,0.0334041426660354
37,"Redistributed",2204,-0.0153235373005468,0.0418803327860317,0.0278990802668399,0.0452850766993907
37,"Redistributed",2254,-0.0174599183044604,0.0387986604129648,0.00608133043586378,0.0162558802293154
37,"Redistributed",2304,-0.0200430831516959,0.0452550224413031,0.00882336773564958,0.0108220388587483
37,"Redistributed",2354,-0.0284211288466851,0.0532626260801004,0.008738826964315,0.00952529775955257
37,"Redistributed",2404,-0.0177638228581646,0.0560921240618637,0.00709009396130001,0.0149903561542682
37,"Redistributed",2454,-0.0232588257763619,0.051256533372751,0.0339201344915603,0.0415450584470092
37,"Redistributed",2504,-0.0113243201412681,0.0471798716048321,0.0213945786887568,0.0251983854743363
37,"Redistributed",2554,-0.0177217733715539,0.0570375024793707,NA,NA
37,"Redistributed",2604,-0.0107205848771493,0.0579463108327282,NA,NA
37,"Redistributed",2654,0.00327774168500703,0.0813740422336709,NA,NA
37,"Redistributed",2704,0.0245574083708905,0.112055805289547,NA,NA
37,"Redistributed",2754,0.00697474609790121,0.10467324850722,NA,NA
37,"Redistributed",2804,0.0453230333041481,0.0971169630359388,NA,NA
37,"Redistributed",2854,0.074855930949278,0.155810376514537,NA,NA
37,"Redistributed",2904,0.0545368608802705,0.129825618606835,NA,NA
37,"Redistributed",2954,0.0358725548148557,0.0989938344688972,NA,NA
37,"Redistributed",2999,0.0237584481250849,0.0660640528331017,NA,NA
37,"Obstructed",2004,-0.00416097394109502,0.0426458067437272,-0.00291050216832834,0.044774757423084
37,"Obstructed",2054,0.00114204273280403,0.0259287028415429,0.00430595254949513,0.0828345019623843
37,"Obstructed",2104,-0.00116393014625311,0.0277036724580337,0.0214138499819492,0.0716675922051261
37,"Obstructed",2154,0.0021330992057769,0.0253297770311167,0.0180476362418387,0.035089531751513
37,"Obstructed",2204,0.00136517196143924,0.023662307987351,0.0138511439975867,0.0813044151055116
37,"Obstructed",2254,-0.00472173939147641,0.031217745457045,0.0147565160742565,0.0643659554816765
37,"Obstructed",2304,-0.00261212335389802,0.0305799280278539,0.0318465162796908,0.0795287113206118
37,"Obstructed",2354,0.00310562171816963,0.0280734650919658,0.0100656579449284,0.0638409888037913
37,"Obstructed",2404,-0.00692049648148065,0.0341234885079937,0.0240340833300601,0.057290655164054
37,"Obstructed",2454,0.000587051454270556,0.0291834284533388,0.017986528955205,0.0407707093613099
37,"Obstructed",2504,-0.00387078460420321,0.0354309138729106,0.0369027234045281,0.0858442158056991
37,"Obstructed",2554,-0.00754200716797795,0.0320287131740428,0.00797915380400671,0.0359108711850663
37,"Obstructed",2604,-0.00784448186400563,0.0397777413644972,0.023686428551429,0.0615975805357112
37,"Obstructed",2654,-0.0158102151174821,0.0431549687330082,0.0276655609213795,0.0929487866558899
37,"Obstructed",2704,-0.0158394948808572,0.0391895662666532,0.0669434334824315,0.0987733029921547
37,"Obstructed",2754,-0.0220684294319969,0.0501151473509196,0.0236001678858118,0.0402680283824877
37,"Obstructed",2804,-0.0151363250592616,0.043469945354804,0.00785934256384543,0.0384713529815287
37,"Obstructed",2854,-0.026293832551481,0.0436316614825799,0.0168191489172517,0.0217328622683214
37,"Obstructed",2904,-0.0221567612695559,0.0429739791272906,NA,NA
37,"Obstructed",2954,-0.0289290496006579,0.0510527280687553,0.00522969840893963,0.00634253689653852
37,"Obstructed",2999,-0.0199827922754666,0.0436436603972759,0.000357886909830124,0.000534445332265845
38,"Isotropic",2004,-0.00548790166465498,0.0298959725935117,-0.00199031352666878,0.0487610499515413
38,"Isotropic",2054,-0.0113639128159081,0.0351633737523425,0.00869510247628838,0.055395391842465
38,"Isotropic",2104,0.00464043843638454,0.033626731002585,0.0141279640085878,0.0730923846745069
38,"Isotropic",2154,0.00370806637125534,0.0273182287251633,-0.012773302263891,0.0768319211966564
38,"Isotropic",2204,-0.000549168939474075,0.0356421382147729,0.0225665742743784,0.0518816349951004
38,"Isotropic",2254,-0.00539922173131856,0.0443127031176926,0.0168070537129341,0.0897055859468711
38,"Isotropic",2304,0.00144150403495748,0.0342762230668445,0.00113158921263322,0.0514905377917568
38,"Isotropic",2354,0.000727532295656442,0.0234258540628176,-0.0060943520871955,0.052488064606491
38,"Isotropic",2404,-0.00275771182040937,0.0419664503270732,0.00394244879995161,0.0789288202608817
38,"Isotropic",2454,-0.00352659501964129,0.0329333651005983,0.0223640802893105,0.0659829552098861
38,"Isotropic",2504,0.00595681412316757,0.0438003353659149,0.00341473925474111,0.0695552774914727
38,"Isotropic",2554,0.00551338983486896,0.0302673453829919,0.0165494282515212,0.0684005903932973
38,"Isotropic",2604,0.00266338471172592,0.0283303473523932,0.00602642577423106,0.0451189650001614
38,"Isotropic",2654,0.000828831110647849,0.0392717523010583,0.0206713147370395,0.0804253071460962
38,"Isotropic",2704,0.00372283859862439,0.0371270446420459,0.00491994813258832,0.0506849734955627
38,"Isotropic",2754,0.00237428514499071,0.0342609309063951,0.0129957321582848,0.0506791719811598
38,"Isotropic",2804,0.0100875583808508,0.0502899099816288,0.00843429892913463,0.0393035032096254
38,"Isotropic",2854,0.00724027726255335,0.0293343350724607,-0.00066428778616118,0.0515234339865288
38,"Isotropic",2904,-0.000421840463160414,0.0249379065519545,0.0200621332434994,0.0480910018971775
38,"Isotropic",2954,0.00256858986311494,0.0272528567686124,0.00590282238698523,0.0525833662155245
38,"Isotropic",2999,0.00442816794226105,0.031361537080656,0.00808871381375069,0.0619397027679833
38,"Redistributed",2004,-0.00257948550636747,0.0300903402517566,-0.00763740476822217,0.0759197450520969
38,"Redistributed",2054,-0.00814727854141249,0.0294436222784375,0.0252182912382112,0.0758428013683971
38,"Redistributed",2104,-0.00293152073122113,0.0294797598787958,0.0181593102581154,0.0514155577069305
38,"Redistributed",2154,0.0022356693217414,0.0224117259025515,0.031135392648313,0.0910067451717365
38,"Redistributed",2204,-0.00774126087314955,0.0283662296916892,0.0382269716150921,0.0578737987207711
38,"Redistributed",2254,-0.00862920441714071,0.0325703367374338,0.0295119886047193,0.0577620856311226
38,"Redistributed",2304,-0.00835166907136035,0.0272229862303347,0.0353233935939589,0.0419143439761088
38,"Redistributed",2354,-0.0145994920581391,0.0308932418006587,0.0222855632381623,0.0337551518515194
38,"Redistributed",2404,-0.0156029879835165,0.0482107777224311,0.0247080290482233,0.0791966865502318
38,"Redistributed",2454,-0.0159259820261486,0.0454533138137297,0.0348149739359805,0.0669620658299596
38,"Redistributed",2504,-0.0260324334190653,0.0431262446858033,0.062646761538096,0.0819644851203429
38,"Redistributed",2554,-0.0291546103736916,0.0522884632501827,0.0118621240058813,0.0134683038284874
38,"Redistributed",2604,-0.0268542042131144,0.045128636199965,0.00102244740423912,0.00141085024397841
38,"Redistributed",2654,-0.0212831096901444,0.053519191280858,NA,NA
38,"Redistributed",2704,-0.0384441872954784,0.0645809006147388,NA,NA
38,"Redistributed",2754,-0.0140755036491011,0.0816688164180271,NA,NA
38,"Redistributed",2804,0.0382600172025858,0.127098886082769,NA,NA
38,"Redistributed",2854,0.0377516509361461,0.11809821253833,NA,NA
38,"Redistributed",2904,0.0418257943427838,0.130447567462799,NA,NA
38,"Redistributed",2954,0.0529441726684156,0.116557261161207,NA,NA
38,"Redistributed",2999,0.05014797355522,0.142500026442212,NA,NA
38,"Obstructed",2004,0.00271046107565428,0.0289469115055294,0.00785393296825996,0.0824666582093733
38,"Obstructed",2054,-0.00119795070003083,0.0286338991446795,0.0287642320716642,0.0722678981139986
38,"Obstructed",2104,0.00204829651617746,0.0250349754109847,0.0311613013329496,0.0673093700100556
38,"Obstructed",2154,0.00233989849374143,0.0288171793526849,0.026006241220394,0.0465185197206079
38,"Obstructed",2204,-0.00529359671869764,0.0204760824793294,0.0281162088415273,0.076950154809388
38,"Obstructed",2254,-0.00294764563809324,0.0312724554981125,0.037961695694356,0.0689221756438445
38,"Obstructed",2304,-0.00951641213217165,0.0336233368389333,0.00858273149499917,0.0126232119740179
38,"Obstructed",2354,-0.00129335743764865,0.0347909895495373,0.0188771017197682,0.0496293673346275
38,"Obstructed",2404,-0.00214623274061923,0.0270317654067298,0.0522768737798833,0.0879369972565495
38,"Obstructed",2454,0.000412968728083978,0.0293431724059976,0.00734212830846966,0.016290478180454
38,"Obstructed",2504,-0.00543427804872187,0.0306453570563074,0.0295151847139345,0.0512730265863574
38,"Obstructed",2554,-0.0145039556152133,0.0392193337339221,0.0151164712195571,0.0181081252370899
38,"Obstructed",2604,-0.00854705416423115,0.0308574005618858,0.0177139490007058,0.0454235791259214
38,"Obstructed",2654,-0.0054581491737676,0.0267821939549987,0.0113699058836216,0.0146927698896762
38,"Obstructed",2704,-0.00533036216466389,0.0424893024325448,0.00141402953528374,0.00262713540466758
38,"Obstructed",2754,-0.00492644077782459,0.0459392502493795,0.0127109268754546,0.0130389032352257
38,"Obstructed",2804,-0.0150587079934518,0.0565470702814608,0.000577187222373554,0.000672536832520897
38,"Obstructed",2854,-0.0103499093192854,0.0483415148618274,0.000163189437065097,0.000240085790652534
38,"Obstructed",2904,-0.0125225391235976,0.058418229335658,0.02458242606775,0.0251815305547752
38,"Obstructed",2954,-0.0169039318359782,0.066522643223237,-0.000125928542244464,0.0216089781228053
38,"Obstructed",2999,-0.0130148114077401,0.0598631551378701,0.000416549676970772,0.000532311267477795
39,"Isotropic",2004,-0.000754378887227002,0.032356936755281,-0.0121053460222673,0.062883313782423
39,"Isotropic",2054,0.00590331583551313,0.0196317064104229,-0.0192751924812173,0.0632973553693068
39,"Isotropic",2104,0.00752728219310014,0.0351618291124848,-0.0123140206399694,0.0538689415476177
39,"Isotropic",2154,-0.00305891173524725,0.0373042836124267,-0.000966308605219871,0.0688827521536859
39,"Isotropic",2204,0.00203519448798994,0.0276084792864491,-0.009515439578387,0.0539246925063989
39,"Isotropic",2254,6.67630592599001e-05,0.0205384821385314,-0.0155918591821157,0.0515770198676146
39,"Isotropic",2304,0.00358971480561903,0.022583791679435,0.01186951755386,0.054787482162445
39,"Isotropic",2354,-0.00658663554030379,0.0331815319153558,0.00474558377007753,0.0815334575913051
39,"Isotropic",2404,0.0046602154678471,0.0381009520389439,-0.0197708750665549,0.0563857544245579
39,"Isotropic",2454,0.00324768789899146,0.0341642816489204,-0.0180743330355648,0.100876563572452
39,"Isotropic",2504,0.00219630015110254,0.0425186339092436,-0.0193081120507324,0.0548077672380627
39,"Isotropic",2554,0.010619040542825,0.0298821517797771,-0.0295676825246897,0.0594177653458737
39,"Isotropic",2604,0.0124119761735688,0.028255198038569,-0.016067475774964,0.0272626968262974
39,"Isotropic",2654,0.0081168468780029,0.0384442064748556,-0.0180996256051976,0.0708715815038655
39,"Isotropic",2704,0.00206323056085791,0.0374179105466869,-0.0279365032534591,0.0722889359982773
39,"Isotropic",2754,0.00990794457693962,0.0370748699669047,-0.0395489590968105,0.0828859250085177
39,"Isotropic",2804,-0.00486674724290098,0.0266397008099438,-0.0368538433568848,0.0783479160333996
39,"Isotropic",2854,0.0121496692093199,0.0343053472062587,-0.0335243297753382,0.0586532503666054
39,"Isotropic",2904,0.00374582178800863,0.037764709643861,-0.0253754213219533,0.0792506177366446
39,"Isotropic",2954,0.000515154938770655,0.0437633490537631,0.00135128724312125,0.0340687961476956
39,"Isotropic",2999,0.0134433456466309,0.0461477330600761,-0.00384508713917658,0.010699127611359
39,"Redistributed",2004,1.9841505402461e-05,0.034655883017027,0.0222903373513864,0.0773743686908945
39,"Redistributed",2054,0.0028397586218458,0.0393727664934179,0.0203858521753655,0.0422117179392984
39,"Redistributed",2104,-0.0124173711824962,0.0318228606162321,0.0188095149388815,0.0508619342184502
39,"Redistributed",2154,-0.0103004884161631,0.0269247446505314,0.0446790704393455,0.0853999723400752
39,"Redistributed",2204,-0.011656196749317,0.0341155007948462,0.0260350107788816,0.0416454938011419
39,"Redistributed",2254,-0.0118061273441644,0.0379251177128338,0.033405955517853,0.0484551461394068
39,"Redistributed",2304,-0.0219445928118148,0.035038794081671,0.00155143376985188,0.0423200243827749
39,"Redistributed",2354,-0.00612559103441173,0.0452963771225662,0.0154587351118052,0.0472703638475905
39,"Redistributed",2404,-0.0200930796546922,0.0366261415742598,0.0417357063135384,0.0578591528792825
39,"Redistributed",2454,-0.0205122532469592,0.0581249104824166,0.0342431318164415,0.0593654291503099
39,"Redistributed",2504,-0.00676978303393629,0.0489519392189866,0.0200688018665472,0.0558959746771625
39,"Redistributed",2554,-0.0175119770001135,0.0485691645006294,0.0142392315373122,0.0266143868782834
39,"Redistributed",2604,-0.0155638594397999,0.0475965762469782,0.0138501588466616,0.0432157544543608
39,"Redistributed",2654,-0.00553559860554507,0.0382900006194112,0.0102449698584068,0.0146630713626738
39,"Redistributed",2704,-0.0247664333892664,0.0622832924809383,0.0418502220832032,0.0600911545787638
39,"Redistributed",2754,-0.0232586250980709,0.0469255367515996,0.0337780748614035,0.0539584337787753
39,"Redistributed",2804,-0.0191227067771203,0.0615515042306682,0.00119629589289202,0.00341604744857506
39,"Redistributed",2854,-0.00835951891250449,0.0351569274745037,0.000773826200243195,0.000929014428177968
39,"Redistributed",2904,-0.018006167240183,0.0481528361238256,0.00483639852953496,0.00508143661964082
39,"Redistributed",2954,-0.0134348476697805,0.0643691722054149,NA,NA
39,"Redistributed",2999,-0.0326596915186666,0.108325307601012,0.0196661960672595,0.0198000644785975
39,"Obstructed",2004,-0.00366575948672995,0.0282849522314421,-0.00108268595729713,0.0701240087557465
39,"Obstructed",2054,0.00136231335159025,0.0341968343187249,0.0365154638461898,0.0685604443310354
39,"Obstructed",2104,0.00347645354425894,0.0362677937421754,0.00707422012384429,0.0547023263073807
39,"Obstructed",2154,-0.00360545903431705,0.0274449740455389,0.00357320734509919,0.0491717068773041
39,"Obstructed",2204,-0.0110350948772635,0.0365958771780342,0.0312865479107199,0.085413164918158
39,"Obstructed",2254,-0.00717807708384529,0.0415893737696213,0.0202668026507092,0.0492718308253711
39,"Obstructed",2304,-0.00203573323177903,0.0447475795438817,0.0555730924619902,0.100223971589525
39,"Obstructed",2354,-0.013245856939313,0.0386468943716288,0.00699575696109817,0.0098220527691777
39,"Obstructed",2404,-0.0224741549721082,0.0442839746461766,0.0529090159148535,0.0779871276781573
39,"Obstructed",2454,-0.00832028383575939,0.0380978403935722,0.0107924806338662,0.0197002098612592
39,"Obstructed",2504,-0.00803316249342638,0.0318969079229536,0.0183024465272549,0.0241297067388765
39,"Obstructed",2554,-0.00739849894823471,0.0433972943974693,0.014155897477492,0.0289543517692861
39,"Obstructed",2604,-0.0198410604531746,0.0526408378799203,0.00942236411122396,0.0124808846707243
39,"Obstructed",2654,-0.0224232785308695,0.0539163866193737,0.0315576949908668,0.0498845837818827
39,"Obstructed",2704,-0.0113411323465188,0.0555576676874593,0.0126413240828744,0.012771179750342
39,"Obstructed",2754,0.00281083661918955,0.054164922024631,0.00232241908692578,0.00618784454324194
39,"Obstructed",2804,-0.0114713604187901,0.0551177839987969,0.0254786032998788,0.0491423665263958
39,"Obstructed",2854,-0.00115268622375999,0.0432502226008458,0.0189028706641417,0.0293187782770079
39,"Obstructed",2904,-0.0131127105548238,0.0493253962341518,0.0221489052119519,0.0272534535729887
39,"Obstructed",2954,-0.0276929414229086,0.0478261007748219,0.0454090009459728,0.0544031330507538
39,"Obstructed",2999,-0.0175654829528717,0.0560084853244938,0.0278828732136148,0.0384605610586042
40,"Isotropic",2004,0.0130133843150361,0.0353428194244169,-0.0190017872704162,0.104228746155784
40,"Isotropic",2054,0.00889285185716409,0.034018910696767,-0.000425737774201105,0.0419975153787718
40,"Isotropic",2104,0.00447111808453925,0.0387705064912243,-0.00855982869918477,0.0353939166357162
40,"Isotropic",2154,-0.00109289236800796,0.0315417502188609,0.0108100989526497,0.0486301331654782
40,"Isotropic",2204,-0.00522531095322641,0.031590975627838,-0.0224678788774884,0.0951536818961529
40,"Isotropic",2254,0.0014627605736423,0.0450540514009927,-0.0109005291931675,0.0388663142671312
40,"Isotropic",2304,0.0128768389784546,0.03640390772955,0.00042391502116398,0.0667979797750026
40,"Isotropic",2354,0.0029110934504602,0.0372003280796795,-0.00549710015168133,0.0835367800054013
40,"Isotropic",2404,0.00822968917265802,0.0456017637012594,-0.014937609108826,0.0642064026757353
40,"Isotropic",2454,0.00319057850723406,0.0458121596523514,-0.00757130618163215,0.0556027896465937
40,"Isotropic",2504,0.00258785036726901,0.0388565926447346,0.00308085953959274,0.0623473066695605
40,"Isotropic",2554,0.00772395779806771,0.0251160998528263,-0.0165234993382387,0.055165634699478
40,"Isotropic",2604,-0.00228867278474833,0.0270927503586004,-0.00757761808020566,0.0721858427773572
40,"Isotropic",2654,0.00869994190366769,0.0321833491183426,-0.00182906434161586,0.073795769505374
40,"Isotropic",2704,-0.00256110584524598,0.0256838545778881,0.0259715753636708,0.0823078316642586
40,"Isotropic",2754,0.010122857734463,0.0326680924570548,0.014147609106903,0.065022658622911
40,"Isotropic",2804,0.00149086868781031,0.0286029205352068,0.0117377739717364,0.0676322518351267
40,"Isotropic",2854,0.00370693367009828,0.0314351644584056,0.00975942267268403,0.0284754996753683
40,"Isotropic",2904,0.00679138330904086,0.0309482439958663,-0.00306592628410283,0.0654528742355629
40,"Isotropic",2954,0.0177287529169808,0.0316623891798085,-0.0106351995654935,0.0612398120238408
40,"Isotropic",2999,0.0115030704242137,0.039773402107625,-0.00524727413294152,0.0316016903405484
40,"Redistributed",2004,0.00794369255427597,0.0402017373285898,0.00732420172390544,0.0683116981686732
40,"Redistributed",2054,0.00538858878333276,0.0387720915170305,0.0146400684457273,0.0516221577298383
40,"Redistributed",2104,-0.0126315726671503,0.0476184989065108,0.0251888185001695,0.0513122508920421
40,"Redistributed",2154,-0.00460256571234696,0.0299716829291706,0.0299568134188537,0.0634012530889225
40,"Redistributed",2204,-0.00715960914775389,0.0515766463881489,0.0161445242020862,0.0300626225981238
40,"Redistributed",2254,-0.0107657278850508,0.0412214532626748,0.0368672910546493,0.0654091486854612
40,"Redistributed",2304,-0.00257491109214087,0.0366847812262965,0.00889377616506747,0.0106037564790923
40,"Redistributed",2354,-0.017694681681422,0.0419679510062917,0.00136515362083605,0.00227207634353747
40,"Redistributed",2404,-0.0162202784997755,0.0486033194668743,0.0176657999853219,0.0434135628197529
40,"Redistributed",2454,-0.0233633345560835,0.053709335739406,0.0260068000451927,0.0378673939274628
40,"Redistributed",2504,-0.0181721095093723,0.0540080085792874,NA,NA
40,"Redistributed",2554,-0.0115710791584741,0.0389343516604473,0.0262999343950129,0.035444979510863
40,"Redistributed",2604,-0.0197592104875782,0.0433552482185353,0.012460428116245,0.012851308598697
40,"Redistributed",2654,-0.0311186301461247,0.0594762106440246,0.00626154948331352,0.0098995141305382
40,"Redistributed",2704,-0.0161135204383093,0.060170509126923,NA,NA
40,"Redistributed",2754,-0.0376976325804992,0.0624415813325397,NA,NA
40,"Redistributed",2804,-0.0299706700052057,0.11231411815748,NA,NA
40,"Redistributed",2854,0.0447276604387005,0.11965702085612,NA,NA
40,"Redistributed",2904,0.00845963831189327,0.125935302786009,NA,NA
40,"Redistributed",2954,-0.0188262448253206,0.126199031656348,NA,NA
40,"Redistributed",2999,0.0801615091558712,0.148446364175543,NA,NA
40,"Obstructed",2004,0.00863454647814309,0.0329281346837693,0.000890685626130264,0.0619487991930513
40,"Obstructed",2054,0.00255398609871184,0.0303737903974264,-0.0065353550183226,0.0458893406830004
40,"Obstructed",2104,0.00499616188776003,0.0290791251455392,0.00612789949099516,0.0306585486774099
40,"Obstructed",2154,0.00236157554895272,0.0305811098296891,0.0116222981161615,0.0516506025067976
40,"Obstructed",2204,-6.81643877298993e-05,0.0296001970985889,0.0124741232704474,0.0357157549845405
40,"Obstructed",2254,-0.00419884192697633,0.0339681125899553,0.00387923340570182,0.0405744767928921
40,"Obstructed",2304,-0.0108816648674161,0.0319171545806271,-0.00611752619741687,0.0536039143181643
40,"Obstructed",2354,-0.00020127276680845,0.0404464456782397,-0.00633246395482014,0.0846423545695489
40,"Obstructed",2404,0.001371263067385,0.0334598636988503,-0.0128244843463774,0.0478847611462057
40,"Obstructed",2454,0.00767922680944923,0.0431121610605754,0.0291711556897111,0.0541835781400318
40,"Obstructed",2504,0.000536529500500411,0.0439503515875482,0.0130509403369007,0.0594406158172388
40,"Obstructed",2554,0.00103764062749885,0.029845573635823,0.0185857442207845,0.0698376678816623
40,"Obstructed",2604,0.00105237646834425,0.0267990596243363,0.0363773204526093,0.0875349469436632
40,"Obstructed",2654,-0.00351112704438038,0.029616455254789,0.00708337824421081,0.0648102682021836
40,"Obstructed",2704,-0.00907209384550533,0.0298781329978787,0.0288265658770448,0.07183414980679
40,"Obstructed",2754,-0.0174163352766137,0.0408288850852321,0.00522546409687492,0.0542034881725436
40,"Obstructed",2804,-0.0214723826982588,0.0489563861591577,0.022430899456996,0.0703740680670814
40,"Obstructed",2854,-0.0232963515520549,0.0560293968211674,0.0312332895173797,0.0518681063824625
40,"Obstructed",2904,-0.0221789563826256,0.0450167806886663,0.0180225061724263,0.020218508584741
40,"Obstructed",2954,-0.0144230281110094,0.0530913223074645,NA,NA
40,"Obstructed",2999,-0.00365081629221697,0.050938994483604,0.0177561360687737,0.0511608176490806
41,"Isotropic",2004,0.00114706560911444,0.0218138430794078,0.000285728326406849,0.0731580846071244
41,"Isotropic",2054,-0.000914306768908988,0.023586444853845,-0.00158735118852843,0.0472608912533894
41,"Isotropic",2104,0.00278183762416634,0.0288384381952655,-0.0123228732944157,0.06458117939958
41,"Isotropic",2154,0.00288297702394486,0.0347042339667114,-0.0341623406320084,0.0842722376791471
41,"Isotropic",2204,0.00837930233528552,0.0381496656206697,-0.0616883916011709,0.105203131615961
41,"Isotropic",2254,0.0106290100792013,0.0299844657684824,-0.00402814855645189,0.0223915174253513
41,"Isotropic",2304,0.0108343319304955,0.0293759858899834,-0.00383898860302202,0.0452561553303058
41,"Isotropic",2354,0.00908303161604873,0.0360786619758169,0.0206761219170548,0.0820785050976751
41,"Isotropic",2404,-0.00582839939622411,0.0384224595629594,0.00509389305833488,0.0493425207845971
41,"Isotropic",2454,-0.00138541015522726,0.032957616801525,0.0122785232796862,0.0711025868731812
41,"Isotropic",2504,0.00708829729230455,0.0235865007512035,-0.019071110762872,0.0612208973947146
41,"Isotropic",2554,0.00705959443083696,0.0288783782589747,0.000267199046617564,0.0220493237306223
41,"Isotropic",2604,-0.0012284805996588,0.0386378767219775,-0.0240824442420662,0.0863493016435326
41,"Isotropic",2654,-0.00646228484938461,0.030031467245852,0.00484998562359271,0.0468012423910439
41,"Isotropic",2704,-0.000683173818474877,0.0300350182223773,-0.01030277220124,0.0524771213680114
41,"Isotropic",2754,0.00475647400146551,0.0385729998533363,-0.00719615098172371,0.0332403640755389
41,"Isotropic",2804,0.0113211944000329,0.0289284337253415,-0.0127414200500984,0.043996793907383
41,"Isotropic",2854,0.00444530687031339,0.0363692548211229,-0.0172832237082745,0.0562471025977528
41,"Isotropic",2904,-0.00387933962990453,0.0418672025632194,-0.00478552283925008,0.0833932587672469
41,"Isotropic",2954,0.00732725772846572,0.0352759504701059,0.0124291515994354,0.0773371351482502
41,"Isotropic",2999,0.00135433054632784,0.0381275075404664,0.00958676238284512,0.0481002978660355
41,"Redistributed",2004,0.00560173626294585,0.0266513248842482,0.0034521800177273,0.0664222287964576
41,"Redistributed",2054,-0.000231917040775268,0.0248306847540785,0.00346060342028815,0.0634418287494731
41,"Redistributed",2104,-0.00892106723615296,0.0358147082336574,0.0175089859242064,0.031319849932072
41,"Redistributed",2154,0.00333879446235148,0.0420108048104667,0.0345858634067038,0.121393611867269
41,"Redistributed",2204,-0.00847683369320512,0.0252245002854524,0.00915898133912877,0.014943967227723
41,"Redistributed",2254,-0.0073253925337979,0.0336382750457109,0.0191731426260779,0.0490274453746942
41,"Redistributed",2304,-0.0101322148839116,0.0324309378633726,NA,NA
41,"Redistributed",2354,-0.0128051823103445,0.0369554018413241,0.0128260365746232,0.0137922702358233
41,"Redistributed",2404,-0.0146412230579823,0.0397830692158461,0.00264042569950667,0.00455850775333371
41,"Redistributed",2454,-0.026951304151296,0.0421664650406973,0.00561688867021347,0.0115553994239124
41,"Redistributed",2504,-0.0147668312277287,0.0498574058752272,NA,NA
41,"Redistributed",2554,-0.0231369313530735,0.0588339878923318,0.0070198497197921,0.0164957578287892
41,"Redistributed",2604,-0.00258601770589304,0.0467657971077967,0.000449626341955294,0.000756882085710062
41,"Redistributed",2654,-0.00775042688779147,0.0736533912502492,NA,NA
41,"Redistributed",2704,-0.0345342371052619,0.0696670538455542,0.00593899428856441,0.00607837677713826
41,"Redistributed",2754,-0.0395919610029209,0.0803684930181245,0.000434101944757435,0.000902369452357425
41,"Redistributed",2804,-0.0243751390275562,0.0875945001611943,NA,NA
41,"Redistributed",2854,-0.0396808235976635,0.0984131690196718,NA,NA
41,"Redistributed",2904,-0.040267601580984,0.152437403453734,NA,NA
41,"Redistributed",2954,0.0469276312791879,0.164399912534552,NA,NA
41,"Redistributed",2999,0.0455191881289712,0.128825439338505,NA,NA
41,"Obstructed",2004,0.00458414320747438,0.0281748698550154,0.00903726635482145,0.0440471294107702
41,"Obstructed",2054,0.00648844955529921,0.0377238918245733,0.00032425598515171,0.0659437874214648
41,"Obstructed",2104,0.000423226096239464,0.0319509548436158,0.0042668556107301,0.0554120491396245
41,"Obstructed",2154,-0.00338323278164987,0.0302170239862852,0.00263993638874603,0.0392617790427194
41,"Obstructed",2204,-0.0029028810767532,0.0309269290398043,0.0205680812086431,0.0353553325115086
41,"Obstructed",2254,0.00819631726034147,0.0412432612596565,0.000544208780779163,0.000899248213639525
41,"Obstructed",2304,-0.00504023260996006,0.0295584417943743,0.0212557987885966,0.0249310278556567
41,"Obstructed",2354,-0.00332080202702263,0.0346428503034392,0.00903314788915203,0.0116759299863947
41,"Obstructed",2404,-0.0180604201695083,0.0379959970458677,0.019284448372526,0.0216915335387532
41,"Obstructed",2454,-0.0227130652295612,0.04289586911166,0.0259998021058738,0.0273328779610774
41,"Obstructed",2504,-0.0137047932020453,0.0390855747890702,0.000678807310105842,0.00589005546391236
41,"Obstructed",2554,-0.0205518865589961,0.0371591264896463,0.0126207274216407,0.0154730100723592
41,"Obstructed",2604,-0.0207818435769949,0.0491488581385951,0.0212196813950311,0.0298298814908902
41,"Obstructed",2654,-0.0173406564309758,0.0570877474609738,0.00879560567435143,0.010913847413077
41,"Obstructed",2704,-0.0275010723071748,0.049006627239258,NA,NA
41,"Obstructed",2754,-0.0268622614512727,0.0468585174599771,0.000453051552800963,0.000558743833923926
41,"Obstructed",2804,-0.0273339077799021,0.0498759443261782,0.00051749666975861,0.000769246839881715
41,"Obstructed",2854,-0.0240301535102457,0.067978702155494,NA,NA
41,"Obstructed",2904,-0.0226325533362402,0.0673760571747409,0.0176713559267067,0.0219657211956268
41,"Obstructed",2954,-0.0289347189370895,0.0794321407647255,0.0184665688510546,0.018607676981539
41,"Obstructed",2999,-0.0311252562391398,0.0537913808000759,NA,NA
42,"Isotropic",2004,-0.00944808761616104,0.0193556764229759,0.0119565055965482,0.0651541767587974
42,"Isotropic",2054,-0.00394828632499909,0.0403256285685045,-0.00242114745508517,0.06550853082685
42,"Isotropic",2104,0.00235041592727992,0.0272876903559842,0.00749458964411744,0.0617070667488854
42,"Isotropic",2154,0.0114917559546344,0.0296510287649001,-0.00308631038953706,0.0439994441458431
42,"Isotropic",2204,0.00667787956440565,0.0222000250427376,-0.00815708417303396,0.0546868470847542
42,"Isotropic",2254,0.00659975967366918,0.0321618819082481,-0.00764495835658839,0.0602151751071442
42,"Isotropic",2304,0.0049098683727796,0.0360095615983564,0.00274991330243821,0.0540627542681055
42,"Isotropic",2354,0.00474466638465333,0.0349714562548025,0.00861471124541253,0.0744264914426537
42,"Isotropic",2404,0.0079508730192973,0.034117900083915,-0.000930679835671768,0.0472690236100515
42,"Isotropic",2454,0.00850319109808321,0.0329841965703597,0.000180182158841867,0.0619824703394918
42,"Isotropic",2504,-0.000153372197547081,0.0323188032699841,-0.0158292027194349,0.0824149619292325
42,"Isotropic",2554,0.00687077664901896,0.0288992936859686,-0.00943619378277542,0.0563676896693555
42,"Isotropic",2604,0.00925263442689728,0.0309900769941867,-0.0133714496743026,0.0445851932795249
42,"Isotropic",2654,0.00977375343016014,0.030195087446159,-0.00778582954706364,0.0511070984099909
42,"Isotropic",2704,0.00308461467260965,0.0342269186323335,-0.013017922131045,0.0453085321597026
42,"Isotropic",2754,0.00205658805942015,0.0216604789642314,0.00713654051461122,0.0302485529298418
42,"Isotropic",2804,0.00633919596039979,0.0258591780045702,-0.00249147797635005,0.0681102119439
42,"Isotropic",2854,-0.0043262448980637,0.0352210520334184,-0.000549962382043439,0.0458947720067689
42,"Isotropic",2904,-0.000119918280467076,0.0329892833279927,-0.00789292623655395,0.0500769868292193
42,"Isotropic",2954,-0.00137085138369832,0.0345124037296923,0.00168378501377645,0.0474747777782378
42,"Isotropic",2999,0.006496679416498,0.0301094317510048,-0.0047897702833898,0.0157664861084178
42,"Redistributed",2004,-0.00627808021372751,0.0272303596491024,0.00796462122039283,0.0746915845824928
42,"Redistributed",2054,-0.0139104780688502,0.0397313166858721,0.0145522321421781,0.0599035195824995
42,"Redistributed",2104,-0.00676032702629853,0.029394628224328,0.0243102459914351,0.0686508235410438
42,"Redistributed",2154,-0.0115057248859952,0.0325700196424496,0.0166643684243516,0.0539950131746909
42,"Redistributed",2204,0.00113947146395351,0.0433548171370995,0.018091605740312,0.0535766593960076
42,"Redistributed",2254,-0.011899768131588,0.0356629397428732,0.0584341790581058,0.0804863516919644
42,"Redistributed",2304,-0.0112796204406334,0.0390802513992601,0.0339338958669483,0.0405764432904647
42,"Redistributed",2354,-0.0166312454836589,0.0382211260412885,0.0446496974235691,0.0508141665044865
42,"Redistributed",2404,-0.0201093065924671,0.0403547899294039,0.0135732505418297,0.0147160843696358
42,"Redistributed",2454,-0.0257824212614877,0.0452592001745748,NA,NA
42,"Redistributed",2504,-0.0258573641431071,0.0692927590078939,NA,NA
42,"Redistributed",2554,-0.000867833070487577,0.0728922706206029,NA,NA
42,"Redistributed",2604,-0.0603938239789417,0.09447126389064,NA,NA
42,"Redistributed",2654,0.00972998802129414,0.0907655572538114,NA,NA
42,"Redistributed",2704,0.00611582085676025,0.06807314536492,NA,NA
42,"Redistributed",2754,0.032414522754467,0.0941630390670071,NA,NA
42,"Redistributed",2804,0.0320884785911772,0.152484434531791,NA,NA
42,"Redistributed",2854,0.0415190729701845,0.127487264683041,NA,NA
42,"Redistributed",2904,0.0315342989793546,0.0883674407373431,NA,NA
42,"Redistributed",2954,0.0629102672849302,0.111471824374863,NA,NA
42,"Redistributed",2999,0.118594283982254,0.254947189967305,NA,NA
42,"Obstructed",2004,-0.00859841623684226,0.0197800583058632,-8.33801786542261e-05,0.06997885864468
42,"Obstructed",2054,0.00550076513491653,0.0273142647381485,-0.0175587608740783,0.0729869416666555
42,"Obstructed",2104,0.00224034142369308,0.0340065098720299,-0.0132596565435852,0.0691308146783342
42,"Obstructed",2154,0.00163751065676352,0.0347665155435586,0.00876109587102529,0.0637552309460664
42,"Obstructed",2204,0.00257003250991697,0.0238423482940861,0.00547135358010747,0.0731259384516652
42,"Obstructed",2254,0.00410178085651369,0.0361356532355848,0.0254773929191082,0.0603966957778108
42,"Obstructed",2304,-0.0159103036211267,0.0391295171339498,0.0816841609043631,0.107531729346217
42,"Obstructed",2354,-0.0175900476200281,0.0313143333514668,0.0269169738254856,0.0557892483126404
42,"Obstructed",2404,-0.0134726496965234,0.0480352163456081,0.029822710962821,0.041485258093873
42,"Obstructed",2454,-0.0213056850076602,0.0504888323817096,0.0164503130487059,0.0224745081237304
42,"Obstructed",2504,-0.0166105637399281,0.0468238366252604,0.000750467169988201,0.00146766510910187
42,"Obstructed",2554,-0.0118423526913602,0.0297875614828285,0.000711132869799626,0.000884640680276377
42,"Obstructed",2604,0.00458354780623903,0.047781929906462,0.00270987991301796,0.0128404232515978
42,"Obstructed",2654,-0.00331897422744457,0.0657705359973063,0.000224640789619952,0.00034562333389481
42,"Obstructed",2704,-0.0176914565420989,0.0511717520373826,0.00495296474822747,0.00622463459893494
42,"Obstructed",2754,-0.00556059966923837,0.0496787862598327,0.00529048993271119,0.00541875589485767
42,"Obstructed",2804,-0.013456369197207,0.0484127767912321,0.00204026109621901,0.00315891144940702
42,"Obstructed",2854,-0.0236799904535841,0.0545819699496336,NA,NA
42,"Obstructed",2904,-0.0157722367776657,0.0648596951818176,NA,NA
42,"Obstructed",2954,0.00396217335738965,0.0610417684797027,NA,NA
42,"Obstructed",2999,0.0196681106181159,0.0760988011203953,NA,NA
43,"Isotropic",2004,0.00558109281717905,0.0413251538218346,-0.0277821726571386,0.107005191189137
43,"Isotropic",2054,-0.00349559269397998,0.0437355363094896,-0.011831481319687,0.0754074564752944
43,"Isotropic",2104,0.00874214911645077,0.0487763690615186,-0.0110488019082924,0.0551821714129026
43,"Isotropic",2154,0.0133164965669375,0.0390286572231473,-0.0161555882139817,0.0586862778731558
43,"Isotropic",2204,0.0119501033692106,0.0433203391642772,-0.00653879484975979,0.0480936091483766
43,"Isotropic",2254,0.00581164993914752,0.0484299504550055,-0.00595780615034405,0.0834999390968987
43,"Isotropic",2304,0.00744084764340659,0.0379914688264527,0.00538247937537526,0.0589146662030899
43,"Isotropic",2354,-0.00123516480758716,0.0347206276852479,-0.0223901432297665,0.1185489797018
43,"Isotropic",2404,-0.000563601660233706,0.0417900805879274,-0.017700990051943,0.0553166397633484
43,"Isotropic",2454,0.00342595199618015,0.034891222598216,0.000528640433173747,0.0427502511892568
43,"Isotropic",2504,0.000815996017244622,0.0397326276588542,-0.00372473247501273,0.0816074325557544
43,"Isotropic",2554,-0.00205818846404266,0.0334253071940137,-0.0198382257549839,0.106496826400029
43,"Isotropic",2604,-0.00874168021843783,0.0414274433701868,0.010952284819326,0.0343863371563442
43,"Isotropic",2654,0.00955503603984218,0.038262943693807,-0.00517494167356387,0.0393778567076722
43,"Isotropic",2704,0.00658241449414261,0.0329806038941853,-0.0172556513835295,0.0851665373837982
43,"Isotropic",2754,-0.0039812995615037,0.0347451559303731,-0.0090922879958498,0.0391522239506521
43,"Isotropic",2804,-0.00179754362187813,0.0335762458943447,-0.00395178386987556,0.067470992231313
43,"Isotropic",2854,0.00608949302386845,0.0248712930003352,-0.0130098599250881,0.0738040599307115
43,"Isotropic",2904,-0.00023530815254739,0.0410445603594081,0.00177083152665295,0.0399163083955375
43,"Isotropic",2954,0.0029252383209542,0.027558634199372,-0.0155851716814829,0.0658039209448249
43,"Isotropic",2999,-0.00205546674668347,0.0327392485740857,0.000465015500694391,0.0597725132010765
43,"Redistributed",2004,0.00266963806458778,0.0392249413566315,-0.0138054537706457,0.0665841148919857
43,"Redistributed",2054,-0.00243439861934479,0.0352991119113681,0.00491285338911929,0.0562571773784358
43,"Redistributed",2104,2.50501775862734e-05,0.0490315622734213,-0.0130246098763064,0.0693042058268834
43,"Redistributed",2154,-0.00982607341899796,0.0406592448564231,0.00900074811715387,0.0942280902508194
43,"Redistributed",2204,-0.0138145382886324,0.032486577736204,0.0371814505385194,0.074962196952225
43,"Redistributed",2254,-0.0144001929681415,0.039420830721984,0.0110582866755678,0.0150452288289282
43,"Redistributed",2304,-0.0147015236508263,0.0298417221290864,0.0311961838292879,0.0447523302490124
43,"Redistributed",2354,-0.0127408182348709,0.0426433135232037,0.0225814873576739,0.0355976804562785
43,"Redistributed",2404,-0.0133788633654064,0.0357379483590116,0.0481817495876245,0.0669492539977922
43,"Redistributed",2454,-0.00181644679205786,0.0282575988614641,0.013722163805812,0.0175626380869132
43,"Redistributed",2504,-0.00949998281595949,0.037080084608238,0.00261572266366791,0.00321105528098741
43,"Redistributed",2554,-0.0276926841871771,0.0498208526362586,0.00174629714634158,0.00202450667198174
43,"Redistributed",2604,-0.0192047910673226,0.0428402202197559,NA,NA
43,"Redistributed",2654,-0.000345514170892813,0.0528124396277604,NA,NA
43,"Redistributed",2704,-0.0104533752060454,0.0732955178267383,NA,NA
43,"Redistributed",2754,0.000851243518467603,0.0925430101746318,NA,NA
43,"Redistributed",2804,0.020878111321058,0.0637739488109892,NA,NA
43,"Redistributed",2854,0.00803299265956665,0.102830793641501,NA,NA
43,"Redistributed",2904,0.0781944383653319,0.147789859089208,NA,NA
43,"Redistributed",2954,0.0626894711911853,0.142027575322117,NA,NA
43,"Redistributed",2999,0.0740265907654884,0.153683336794671,NA,NA
43,"Obstructed",2004,0.00228047313519577,0.0246849233055897,-0.00612040337007848,0.0715666634191498
43,"Obstructed",2054,-0.00129661215121315,0.0281232683998947,-0.00516510942281459,0.0687917217613224
43,"Obstructed",2104,0.00161967706388287,0.030211830573362,0.00196211745736212,0.0765705318206193
43,"Obstructed",2154,-0.0145764475697917,0.0413851611008773,0.0547893608858271,0.102214536461931
43,"Obstructed",2204,-0.0112517134985054,0.0517503089319592,0.0295091751560023,0.0771792319991365
43,"Obstructed",2254,-0.0117130442538614,0.0388473437684436,0.0687736742663992,0.117470931917857
43,"Obstructed",2304,-0.0109859650059892,0.044080721896499,0.0502109932137631,0.0747457915110661
43,"Obstructed",2354,-0.01231299513557,0.0539732120203001,0.0588567617151254,0.0925002649208798
43,"Obstructed",2404,-0.0263654628834056,0.0543440547541848,0.0044722895600375,0.00521162465724569
43,"Obstructed",2454,-0.0246315373957036,0.0454451927063449,0.0271946240627536,0.0321924532084696
43,"Obstructed",2504,-0.0263934602161193,0.0492440023759965,0.00254530289693379,0.00381957969784
43,"Obstructed",2554,-0.00498346710518567,0.0427337017530977,0.00614187302000928,0.00719348740819191
43,"Obstructed",2604,-0.0211683617683552,0.0484704812811041,0.00140972999686246,0.00221501765474327
43,"Obstructed",2654,0.00117384954849366,0.0468910449545425,0.000119941598961597,0.000211733052143935
43,"Obstructed",2704,-0.00619925261413865,0.0506243754866625,0.00739419871114677,0.00749773930981786
43,"Obstructed",2754,-0.0151145787030499,0.0595662735158666,0.00582882626836294,0.0103988857562357
43,"Obstructed",2804,-0.00672324516748857,0.0497382165767942,0.00148000476459094,0.00173215418432756
43,"Obstructed",2854,-0.0096747109713958,0.0445302782641767,0.000238431526646621,0.000451822715238615
43,"Obstructed",2904,-0.0237594479946689,0.0435640024245063,NA,NA
43,"Obstructed",2954,-0.018597976023684,0.0730347633699625,NA,NA
43,"Obstructed",2999,-0.0216640663706197,0.0517463092122994,0.000480545644127739,0.000622447695206163
44,"Isotropic",2004,0.00312488206485702,0.0307070430125608,0.00161819778120618,0.0433118941006225
44,"Isotropic",2054,0.00442884565721673,0.0241502581075558,0.0200761365222269,0.061830280270862
44,"Isotropic",2104,-0.00327360233965425,0.0323953260633369,0.00190460137058673,0.0583342470941268
44,"Isotropic",2154,0.00649389935242759,0.0364128310462891,-0.0148602133069235,0.056076521268729
44,"Isotropic",2204,0.00650842572877394,0.0285987491625981,-0.0193442413617094,0.0718766519525221
44,"Isotropic",2254,0.00549438761180984,0.0236136177041001,0.000692136400646878,0.0976398365699803
44,"Isotropic",2304,0.00500762143942293,0.0446514292976803,-0.00485190062487828,0.0648249666620856
44,"Isotropic",2354,-0.00604088710820551,0.0226722647065923,-0.00967992634565904,0.0561348630101559
44,"Isotropic",2404,-0.00259641909368399,0.0283505308266905,0.0225014066583546,0.0443301539814674
44,"Isotropic",2454,-0.00905895338135772,0.0299122989878945,0.0411504915601971,0.0833355393787124
44,"Isotropic",2504,-0.00479137209483998,0.0291194516433285,0.0273291976313374,0.0792368517593465
44,"Isotropic",2554,-0.00176778645634837,0.0276473244954185,0.0171186934005293,0.0650647661221621
44,"Isotropic",2604,-0.0075544924015512,0.0320585933012087,0.0203738953275271,0.0466782624867259
44,"Isotropic",2654,-0.00563012019027029,0.0277259903897201,0.0317362576606731,0.0783516007174513
44,"Isotropic",2704,-0.00523678088442434,0.0326738504167723,0.0208677487819828,0.0961977331693916
44,"Isotropic",2754,-0.00896032420276552,0.0284958668105721,0.0300663784951559,0.0533391205575055
44,"Isotropic",2804,-0.00996292530775456,0.0344491265126322,0.0186364433332457,0.0467117085995166
44,"Isotropic",2854,-0.00167764738108061,0.0328035287701246,0.0156097466908676,0.0366564131771218
44,"Isotropic",2904,0.00108768732299318,0.038395136876057,0.0181358672500032,0.0457835836740295
44,"Isotropic",2954,0.00156052033153103,0.0272649767911537,0.0125255997243279,0.030505317067006
44,"Isotropic",2999,0.00227710596819345,0.0333937659002458,0.0139901103264765,0.0377028138448966
44,"Redistributed",2004,0.00719947597019797,0.0302635209060101,0.00132768035537611,0.0790139905332976
44,"Redistributed",2054,0.000491687497032598,0.0254615858944115,0.0261597899737918,0.0631719149292197
44,"Redistributed",2104,0.00738022540453755,0.0355010191872291,0.0220498208906859,0.0706364639763994
44,"Redistributed",2154,0.000621041569922642,0.0366068988104183,0.031325057576643,0.074114310058418
44,"Redistributed",2204,0.000950595219450343,0.0359622806270152,0.00500665566713297,0.0120266195942608
44,"Redistributed",2254,-0.00963560546500231,0.054731075707708,NA,NA
44,"Redistributed",2304,-0.0217360340823492,0.0390105017453096,NA,NA
44,"Redistributed",2354,-0.00688776502181848,0.0560437575818623,NA,NA
44,"Redistributed",2404,-0.0191044871149685,0.0808501910437081,NA,NA
44,"Redistributed",2454,-0.0213752724782226,0.0600751076003817,NA,NA
44,"Redistributed",2504,-0.00372474775356936,0.0919859928635882,NA,NA
44,"Redistributed",2554,0.0211375530760934,0.0905392428462649,NA,NA
44,"Redistributed",2604,0.111008824199339,0.212210925263376,NA,NA
44,"Redistributed",2654,0.0381305539242012,0.0925686546315412,NA,NA
44,"Redistributed",2704,0.0722830796816879,0.168721593842031,NA,NA
44,"Redistributed",2754,0.0967142274418962,0.190438001881309,NA,NA
44,"Redistributed",2804,0.0574079142712147,0.0818210603635668,NA,NA
44,"Redistributed",2854,0.111483521908026,0.153585161340282,NA,NA
44,"Redistributed",2904,0.107152281325437,0.148725809292036,NA,NA
44,"Redistributed",2954,0.106899356043424,0.125237144849217,NA,NA
44,"Redistributed",2999,0.179250151956471,0.193583432208208,NA,NA
44,"Obstructed",2004,0.00617329179500566,0.0236306725115396,-0.00203919134493211,0.0619117938893405
44,"Obstructed",2054,0.00145251552529181,0.0225563938303282,0.0273598990920577,0.10564747685276
44,"Obstructed",2104,-0.00329393575175081,0.0276373760779562,0.0334173571346763,0.0673888473842213
44,"Obstructed",2154,-0.00464243188568135,0.0321370785005803,0.0439396010643416,0.0907342083007309
44,"Obstructed",2204,-0.00970553599575255,0.0358585819573135,0.0334366658434246,0.05459408400642
44,"Obstructed",2254,-0.00947737414093445,0.0363638735000865,0.0419340440433763,0.0686874831039999
44,"Obstructed",2304,-0.00493373376552491,0.036797878245296,0.0276175243181403,0.0536563389713665
44,"Obstructed",2354,-0.012379272111674,0.0373501137841068,0.0249142830985188,0.0633118788629367
44,"Obstructed",2404,-0.0142634413775389,0.0298979963728959,0.0589973397772692,0.0754934876909055
44,"Obstructed",2454,-0.00925569160093386,0.0312700725460382,0.0145556249628941,0.0175751277007406
44,"Obstructed",2504,-0.0140297912290001,0.043843691152532,NA,NA
44,"Obstructed",2554,-0.0147208556370411,0.0317879815904688,0.0166558835269928,0.0190584096664585
44,"Obstructed",2604,-0.0332780022022939,0.0470197222103229,0.0149952810790449,0.0193922427930513
44,"Obstructed",2654,-0.0151448939835694,0.0377260468863622,-4553298827.14688,4553298827.16479
44,"Obstructed",2704,-0.0220106709148045,0.0437584212926704,NA,NA
44,"Obstructed",2754,-0.0398755553036268,0.0579786405572658,NA,NA
44,"Obstructed",2804,-0.0308209270648266,0.0642979692825521,NA,NA
44,"Obstructed",2854,-0.0167169448462983,0.0556271062329962,NA,NA
44,"Obstructed",2904,-0.0189318540303226,0.0601126938503793,NA,NA
44,"Obstructed",2954,-0.0331978371442734,0.0866194535868332,NA,NA
44,"Obstructed",2999,0.000655396300937415,0.0816230316587205,NA,NA
45,"Isotropic",2004,-0.00573795807316867,0.0367270901092992,0.00632827783472464,0.0718138132677906
45,"Isotropic",2054,0.00294211279907178,0.0319642340846186,-0.00974366160289033,0.0407568560119711
45,"Isotropic",2104,0.00717860112365439,0.0380612323800009,0.00852988399381067,0.102344034556661
45,"Isotropic",2154,0.00352251411438653,0.0249200196893342,0.00432016057686946,0.071004653279223
45,"Isotropic",2204,0.00571772567665922,0.0449897730942338,-0.0145115376062807,0.0245442182493899
45,"Isotropic",2254,0.00735575152926694,0.0346771557182329,-0.000567104708559506,0.0772790358166783
45,"Isotropic",2304,0.00147359804097908,0.0298455741022289,-0.0213114778374142,0.0726916699123778
45,"Isotropic",2354,-0.0073074635346496,0.0299135198591826,0.0135136537126832,0.0465020748246973
45,"Isotropic",2404,-0.00945992779904596,0.0247548973509414,0.015992949035173,0.0524039536694499
45,"Isotropic",2454,-0.000525174024534157,0.0332718234682146,-0.00375765994435558,0.0576428146948205
45,"Isotropic",2504,-0.00365368549339733,0.0390775704941253,0.00320023381526509,0.0629829951604435
45,"Isotropic",2554,-0.00205015862570199,0.0372471547000433,-0.00785631684199268,0.0630819162217498
45,"Isotropic",2604,-0.00130209456032851,0.0256640176931767,0.0093652360050245,0.022144100524832
45,"Isotropic",2654,0.000806342534262635,0.0366190922277052,-0.00545669852103539,0.0815437174464589
45,"Isotropic",2704,-0.00280360424669613,0.0327952604478019,0.00166462409331485,0.0265207505838886
45,"Isotropic",2754,-0.00544645731579963,0.03185035377776,0.000971713120175087,0.0764706674730816
45,"Isotropic",2804,-0.00145577419035762,0.0290382587460134,-0.0244634794176088,0.0593572086896962
45,"Isotropic",2854,-0.00721930679215314,0.0308813479263306,0.0142329180398344,0.0567260564865574
45,"Isotropic",2904,-0.00648790987307485,0.0250697360120519,0.00207265045669876,0.0677465940516191
45,"Isotropic",2954,-0.0128591071463427,0.043651331043865,0.00345676039415195,0.0297395094884098
45,"Isotropic",2999,-0.00665237706241265,0.0437088376458674,0.00253544929768148,0.0465028484184423
45,"Redistributed",2004,0.0034250993874791,0.0385947168118829,-0.00704167332750957,0.059691947243287
45,"Redistributed",2054,0.00802027047104047,0.0297008979491948,0.00972954848515408,0.0727859284596846
45,"Redistributed",2104,0.00700247281654685,0.0311186289375292,0.0142007993926301,0.0322922539470849
45,"Redistributed",2154,-0.00877121235091889,0.0355098983641325,0.0268873779702658,0.0405483918242226
45,"Redistributed",2204,-0.013396558384368,0.035896551494948,0.03941513412774,0.0527384446267229
45,"Redistributed",2254,-0.0128951323238367,0.0345922273970265,0.0447469173594498,0.125090570054318
45,"Redistributed",2304,-0.0204146456882831,0.0318718245056184,0.0177589038381332,0.0340813008757017
45,"Redistributed",2354,-0.0192161280549208,0.0421196248286266,0.00162832598071851,0.00250835535547056
45,"Redistributed",2404,-0.0148189609110135,0.0530243946417772,0.0140222279836938,0.016533467510792
45,"Redistributed",2454,-0.02240418585005,0.0653507790070082,NA,NA
45,"Redistributed",2504,-0.0311977709818268,0.0603021283443811,NA,NA
45,"Redistributed",2554,0.0139174137176834,0.0691690878744815,NA,NA
45,"Redistributed",2604,-0.00396222606656761,0.0783352263368776,NA,NA
45,"Redistributed",2654,-0.0119579149857997,0.0828131100291317,NA,NA
45,"Redistributed",2704,0.0157616686273572,0.100284076999705,NA,NA
45,"Redistributed",2754,-0.0034336897640801,0.269199867759723,NA,NA
45,"Redistributed",2804,0.0511827462314973,0.0806830973534806,NA,NA
45,"Redistributed",2854,0.12616562776345,0.187487597872491,NA,NA
45,"Redistributed",2904,0.0693161472399109,0.0954573567901252,NA,NA
45,"Redistributed",2954,0.0837762863518304,0.113322384418186,NA,NA
45,"Redistributed",2999,0.0955759669098365,0.111854884067355,NA,NA
45,"Obstructed",2004,0.00406306615436727,0.0338599470967075,5.25064230149765e-06,0.0557287648452258
45,"Obstructed",2054,0.00913193607516186,0.023049627005654,-0.0125930986166461,0.0258806664999113
45,"Obstructed",2104,0.00388949470257308,0.027460797985507,0.000801527460655719,0.110632829206679
45,"Obstructed",2154,0.00322853735382987,0.0192480250885042,0.0120509485196284,0.0374393100290715
45,"Obstructed",2204,-0.0014217614683028,0.0334959607321156,0.0240031049359492,0.0576747015909324
45,"Obstructed",2254,-0.00198836299282218,0.0363794173134113,0.0297171891053093,0.0740101267506102
45,"Obstructed",2304,-0.00181096053347013,0.0355849018958721,0.000382453085212128,0.0063968085236997
45,"Obstructed",2354,0.00820596474624818,0.0310904925123433,0.00533794243666398,0.00839001208541206
45,"Obstructed",2404,-0.00415081850367659,0.0346710783335529,0.0151404887127667,0.0622988376335449
45,"Obstructed",2454,-0.00840408395249024,0.0282019360680853,NA,NA
45,"Obstructed",2504,-0.00224591674893995,0.0445159465242608,NA,NA
45,"Obstructed",2554,-0.0150337438569684,0.0363306322744128,NA,NA
45,"Obstructed",2604,-0.00561003461331737,0.064637943885541,NA,NA
45,"Obstructed",2654,0.00463358122457351,0.0638161984367684,NA,NA
45,"Obstructed",2704,-0.000678728941592888,0.0473088760268155,NA,NA
45,"Obstructed",2754,-0.013694492659068,0.0615233929530643,NA,NA
45,"Obstructed",2804,-0.0196767698408017,0.0671636931891421,NA,NA
45,"Obstructed",2854,-0.0162419686407624,0.0358458579931989,NA,NA
45,"Obstructed",2904,-0.0224557693672146,0.0519894671545359,0.000941635595873266,0.00100530196329059
45,"Obstructed",2954,-0.0277917908598815,0.0549995468340036,0.00120208153876034,0.0013433599010869
45,"Obstructed",2999,-0.0152727627333519,0.0466577255340323,NA,NA
46,"Isotropic",2004,0.0146191616421018,0.0428226355764017,-0.00661403871552859,0.0605121609304486
46,"Isotropic",2054,0.0129579253847192,0.035360018245847,-0.011515510055036,0.037001580828374
46,"Isotropic",2104,0.00559867282829317,0.0282251067395213,-0.0187312933460202,0.0579094743223877
46,"Isotropic",2154,0.0101624567581005,0.0408638532569389,0.00681802563685832,0.0720481030066729
46,"Isotropic",2204,-0.00121418248527312,0.0277409964182548,0.000571300097473242,0.0533790319294615
46,"Isotropic",2254,-0.000216567101229193,0.0326452254597124,-0.00494106870685161,0.0642985467892676
46,"Isotropic",2304,-0.000399949517560507,0.0285949754216171,0.00515448208149501,0.0580530035328583
46,"Isotropic",2354,0.00212866347831074,0.0286340260019755,-0.0263698079596378,0.0697294466666525
46,"Isotropic",2404,0.00661982091631882,0.0360752037877969,-0.0164830021409616,0.06556109423321
46,"Isotropic",2454,-0.000589274680219823,0.0266528956097325,-0.0167496679346988,0.0593274706345409
46,"Isotropic",2504,0.000280308914377082,0.0416670238742651,-0.011196092194424,0.0507711501677226
46,"Isotropic",2554,0.000465165372669824,0.0318664230992014,-0.0121871729925533,0.0525065133834296
46,"Isotropic",2604,0.00063888049209873,0.0370149808311769,-0.00734191622888574,0.0426490457229848
46,"Isotropic",2654,-0.00521295849312373,0.0289979678326285,-0.0206702982114929,0.0749921223107722
46,"Isotropic",2704,-0.000524365260037147,0.0329476235942765,-0.012970635401007,0.0863136394888152
46,"Isotropic",2754,0.00128361878384229,0.0358655018147228,-0.00251067624459084,0.065300667966932
46,"Isotropic",2804,-0.0165318050751245,0.0525494713593028,0.00755202996296032,0.0521551614576363
46,"Isotropic",2854,-0.00284908982920001,0.0354740363020972,0.0218273029174116,0.0922225336562371
46,"Isotropic",2904,0.00621591768580342,0.0328326110243939,-0.00737970268312345,0.0771329779393981
46,"Isotropic",2954,0.00409194489172849,0.0267488304409037,-0.022718213788255,0.0404461957830526
46,"Isotropic",2999,-0.00432748931492251,0.0328902507038062,-0.0197466771597597,0.107655432347795
46,"Redistributed",2004,0.00132039685913247,0.0408653946023659,-0.0179832719358494,0.0641287975849375
46,"Redistributed",2054,-0.000767910241185887,0.0326973342412646,0.0215068731919577,0.0707962597980418
46,"Redistributed",2104,-0.0071881818876089,0.0403657890566008,0.0463517116017238,0.0740958830507835
46,"Redistributed",2154,-0.00687847181780677,0.0381831005313553,0.0381662495813748,0.103202813798084
46,"Redistributed",2204,-0.00726211573384482,0.0454670112262969,0.0224688899844324,0.0445658230932377
46,"Redistributed",2254,-0.0132432768277253,0.0303335595350124,0.0968421434695599,0.123208173327482
46,"Redistributed",2304,-0.0156237250048554,0.0522835246870048,0.0159354045056062,0.0595738938932046
46,"Redistributed",2354,-0.0126251313735718,0.0442176299072508,0.0304185683080127,0.0580111855184875
46,"Redistributed",2404,-0.00574733103786665,0.0283378530052009,0.0199523464844504,0.0242048115329697
46,"Redistributed",2454,-0.0225315519877625,0.0446383701023512,0.0142775015308205,0.0150723031925688
46,"Redistributed",2504,-0.0296160805680807,0.0444746475771815,0.0151218831283052,0.0160780636903019
46,"Redistributed",2554,-0.0318378285961748,0.0571659402681182,0.00168890871549827,0.0017947821345024
46,"Redistributed",2604,-0.0280812215289076,0.0467950295395271,0.00375646582061343,0.00435895723125864
46,"Redistributed",2654,-0.0140379069301409,0.0418240030072105,0.00485908723870782,0.00551679041643424
46,"Redistributed",2704,-0.0270830876595899,0.0591390899725375,NA,NA
46,"Redistributed",2754,-0.0358752633011104,0.0694917080216696,0.00647325451454247,0.00791814460910342
46,"Redistributed",2804,-0.00986719808466119,0.0806212402120089,NA,NA
46,"Redistributed",2854,0.0293505888265554,0.0725075668523624,NA,NA
46,"Redistributed",2904,0.0385494427568919,0.167162961866798,NA,NA
46,"Redistributed",2954,0.13808938343656,0.226204546948152,NA,NA
46,"Redistributed",2999,0.0671257844329176,0.191519741953826,NA,NA
46,"Obstructed",2004,0.00424051272406231,0.0377778599904806,-0.0218731057709288,0.0759422953276027
46,"Obstructed",2054,0.00739552670847597,0.0324399847391109,-0.00703901533157808,0.0622264795735794
46,"Obstructed",2104,0.00833397577423695,0.0435877096982002,0.00760059111075725,0.0885522101292026
46,"Obstructed",2154,0.00349704204386586,0.0376203370534376,0.0314025667521122,0.0652424591944275
46,"Obstructed",2204,-0.00388937263089351,0.0287983576119075,0.0353739039030025,0.0730842200691108
46,"Obstructed",2254,-0.00383433939722747,0.0317020693599481,0.00659335270264894,0.0260846703670962
46,"Obstructed",2304,-0.0158612709837139,0.0453320294634101,0.0272618928925663,0.0429701268404342
46,"Obstructed",2354,-0.0113619912813549,0.0352882960347397,0.0240391119556088,0.0342335062362113
46,"Obstructed",2404,-0.0128976788472659,0.0460004951364412,0.0196182750403913,0.0221167038054814
46,"Obstructed",2454,-0.0119206727569436,0.0366686769817195,NA,NA
46,"Obstructed",2504,-0.0216112962799349,0.0564463629034171,0.0167150394761245,0.0168149979583858
46,"Obstructed",2554,-0.0210144369236307,0.048857763912861,0.000270629131232447,0.000347124222778659
46,"Obstructed",2604,-0.0243495102031961,0.0479306927539764,0.0448795184092059,0.0508645004082993
46,"Obstructed",2654,-0.0178002812587256,0.0551277437176603,0.00028768542685058,0.00066423484091527
46,"Obstructed",2704,-0.0215016478409867,0.0451673911626703,NA,NA
46,"Obstructed",2754,-0.0153875309551771,0.0480443727067051,NA,NA
46,"Obstructed",2804,-0.0282983135399391,0.0560224793384941,NA,NA
46,"Obstructed",2854,-0.0129227242339367,0.0390725290010656,NA,NA
46,"Obstructed",2904,-0.00538665503513553,0.0845565169132572,NA,NA
46,"Obstructed",2954,0.00847047420921544,0.0896909200169212,NA,NA
46,"Obstructed",2999,-0.0212497235350009,0.0751323963960047,NA,NA
47,"Isotropic",2004,-0.00193996314499981,0.0388553848711994,0.000124297287257413,0.0782089815392158
47,"Isotropic",2054,-0.00272644208454263,0.0342357512764606,-0.019646015033748,0.0633592488795783
47,"Isotropic",2104,-0.00531225818648164,0.0269421815197594,0.00292847526564706,0.073298381366512
47,"Isotropic",2154,-0.00160579080890836,0.0330829018466053,-0.0111085964442456,0.0470600584254962
47,"Isotropic",2204,-0.0016871838652598,0.0294963475309788,-0.0162502241915751,0.0488217869312629
47,"Isotropic",2254,0.00763740895449072,0.0285272779104376,-0.00968019536355843,0.0732557458514549
47,"Isotropic",2304,-0.00425379038103924,0.0234480609401841,0.0195591724866222,0.108549783262308
47,"Isotropic",2354,0.00613537861482175,0.0235753897359156,-0.00335827800852982,0.0745001054517642
47,"Isotropic",2404,0.00167387342858473,0.0340925837397034,-6.46892127656329e-06,0.047639980332649
47,"Isotropic",2454,-0.0024261064760498,0.0280932526389575,-0.0175221358212697,0.0401946857838278
47,"Isotropic",2504,0.00744129260149814,0.0274125952074017,-0.028308069812774,0.0600511655499985
47,"Isotropic",2554,0.00683844866444071,0.028139041966943,0.000116190354100558,0.101214653409109
47,"Isotropic",2604,0.00169132083915847,0.0301762779835292,-0.0225633837128841,0.0596021586886836
47,"Isotropic",2654,0.012069020436722,0.0316249069095687,0.000900069461561287,0.0920966786180764
47,"Isotropic",2704,0.00790447262470449,0.0385718197282759,-0.00359754226280101,0.0748929439642922
47,"Isotropic",2754,0.00281410694296386,0.0332271891741439,-0.00994437699770369,0.0393421386620581
47,"Isotropic",2804,0.00314649542437495,0.0278260738941989,-0.0248142615472143,0.100160190709557
47,"Isotropic",2854,0.00484851935782543,0.035594810612746,0.0030547458220527,0.0780656819856842
47,"Isotropic",2904,0.00107836587771801,0.0325977372461315,-0.00287861024833916,0.0358407211568902
47,"Isotropic",2954,0.00434419682337904,0.0242053878648682,0.0177987081495798,0.0804498965275996
47,"Isotropic",2999,0.00550076582687486,0.0314957312437857,-0.000470263554325595,0.0599187860898789
47,"Redistributed",2004,-0.00530218935114034,0.0301968090055989,-0.00349389971894932,0.0348874543221345
47,"Redistributed",2054,0.000553114308647517,0.0312470908943747,-0.00563200549336703,0.0489113683539004
47,"Redistributed",2104,0.00160614090333649,0.0334321326203877,0.010429385787686,0.0903001600826918
47,"Redistributed",2154,-0.00697157622077526,0.0222295621353965,0.019748584200366,0.0583820917414323
47,"Redistributed",2204,-0.00508019258639108,0.0309617865237308,0.00807313550350602,0.0284112944978697
47,"Redistributed",2254,0.0045389763301453,0.0347785255961319,0.0251789215912865,0.0584478080655865
47,"Redistributed",2304,-0.0053498596520565,0.032896300422821,0.0252891171816006,0.0506170882112109
47,"Redistributed",2354,-0.00863676655413834,0.0372300145389563,0.0105680184757796,0.0138977530196226
47,"Redistributed",2404,-0.0152266798219417,0.0286604341497244,0.0160739539004711,0.0204794634712423
47,"Redistributed",2454,-0.0174107772044507,0.0345026843158251,0.0341337081656216,0.0490431073834678
47,"Redistributed",2504,-0.0106516373055908,0.0367466781894427,0.0192017239609745,0.0418868700093395
47,"Redistributed",2554,-0.0167044423729459,0.0463718741352027,-0.00896986544120626,0.0127924221055133
47,"Redistributed",2604,-0.0214545031999009,0.0609894449052167,0.000754653771500348,0.00179958775587573
47,"Redistributed",2654,-0.0318622536671242,0.0546280520664992,0.000457399897686519,0.00167814041610179
47,"Redistributed",2704,-0.0228642098222017,0.0563582122620232,0.0164033818328052,0.0209657583374597
47,"Redistributed",2754,-0.0305345905626625,0.0587939957725464,NA,NA
47,"Redistributed",2804,-0.0121817379732877,0.0802594283178556,NA,NA
47,"Redistributed",2854,-0.00637304915102682,0.13114235850362,NA,NA
47,"Redistributed",2904,0.0346151598831728,0.145829515896523,NA,NA
47,"Redistributed",2954,0.066279768392553,0.195627542690365,NA,NA
47,"Redistributed",2999,0.0534987333574743,0.094481815475279,NA,NA
47,"Obstructed",2004,0.000325578889336835,0.0341723962599995,-0.0146308032873455,0.070524938698299
47,"Obstructed",2054,0.00942959395163015,0.0332480306430797,0.000127520241176114,0.0909122512133219
47,"Obstructed",2104,-0.0110879198851088,0.0386105182677393,0.0174310391205599,0.0435638984454602
47,"Obstructed",2154,0.00251411520680069,0.0333674701170204,0.0294163510504329,0.0860687633555698
47,"Obstructed",2204,-0.00849669161610173,0.026285699736932,0.00501928806133672,0.0344093638630737
47,"Obstructed",2254,-0.00262696625926153,0.0347759896537049,0.0448467145679703,0.0782108280878149
47,"Obstructed",2304,-0.00869249190358038,0.0420788926452998,0.0314472026016491,0.0751767395931876
47,"Obstructed",2354,-0.0102705087706111,0.0384774340645713,0.0181616171570136,0.0771968929567289
47,"Obstructed",2404,-0.00854995329722332,0.0437279927298468,0.021362632984066,0.0828999603503868
47,"Obstructed",2454,0.00362141028220548,0.035122296195286,0.0276897668276475,0.0594486821151871
47,"Obstructed",2504,-0.0106878719000114,0.0345519385955019,0.0225476941441097,0.0438285326282546
47,"Obstructed",2554,-0.00676775715250012,0.0281185251478446,0.0128045738725768,0.024791117700253
47,"Obstructed",2604,-0.00440046219649499,0.0275923500768111,0.00672668254643391,0.0335726836512042
47,"Obstructed",2654,0.00028243059672974,0.0321924459125933,0.0404130186854154,0.0989113961741174
47,"Obstructed",2704,-0.0154422214775311,0.0376784739146121,NA,NA
47,"Obstructed",2754,-0.0136246331031413,0.0353894429821172,NA,NA
47,"Obstructed",2804,-0.0210524431597541,0.0397823188043204,0.0206147810723504,0.0282028190184352
47,"Obstructed",2854,-0.0133700027962667,0.0558149628648606,0.000178720686229802,0.000313550995993986
47,"Obstructed",2904,-0.0241048869432864,0.048990234325369,0.00349949747999363,0.0036251808558637
47,"Obstructed",2954,-0.0141972328511627,0.0398070870999635,0.0118255659405005,0.0135978260132738
47,"Obstructed",2999,-0.0256997939133983,0.0472004502468605,0.00197438648148417,0.00257807654814422
48,"Isotropic",2004,0.00821515088471547,0.0242501564625452,-0.0209248269299418,0.0597127498778851
48,"Isotropic",2054,0.00292179304953251,0.0349396254557557,-0.022620643612172,0.036088183005314
48,"Isotropic",2104,0.00271348901031492,0.0336188526198547,-0.0256347773400788,0.0703931342355467
48,"Isotropic",2154,0.00391616962970517,0.024134752314925,-0.021435250799428,0.0441626701739724
48,"Isotropic",2204,0.00328185562860407,0.0262433248365762,-0.032478795067803,0.0734859426981861
48,"Isotropic",2254,-0.00274192926733188,0.0332914830212086,-0.0100682330501032,0.0653067061745189
48,"Isotropic",2304,-0.00200354815961146,0.0283960589699508,-0.0171241743892735,0.0744302524007908
48,"Isotropic",2354,0.00895173538393315,0.0251173233682658,-0.0391423290594961,0.0633449546531858
48,"Isotropic",2404,0.00250523092148699,0.0270627276203848,-0.0336913373476641,0.0736900496966207
48,"Isotropic",2454,0.00759472484398726,0.0366099372542037,-0.0109781484171802,0.0252968749431981
48,"Isotropic",2504,-0.00266371882676976,0.0349600656178117,-0.00939711075036684,0.0610935633247746
48,"Isotropic",2554,0.00112085231432972,0.0264610814292386,-0.0131419931028121,0.0757663614029431
48,"Isotropic",2604,0.00411429565569256,0.0312061260188056,-0.0225032902301862,0.079584663374019
48,"Isotropic",2654,0.00750093525594694,0.0288403161256523,-0.0267599863957681,0.0662613445814084
48,"Isotropic",2704,0.0192290253571517,0.0339072558460307,-0.0261874148119988,0.0551266558079008
48,"Isotropic",2754,0.010844964362663,0.0278718736578205,-0.035944811878344,0.0877232791015811
48,"Isotropic",2804,0.0131691018054076,0.0292938794478077,-0.0130808083775272,0.0480253629963939
48,"Isotropic",2854,0.0129652178736624,0.022616788189077,-0.0310081510904333,0.0676390251609944
48,"Isotropic",2904,0.00750377826999122,0.0292220052183215,-0.00645669524455854,0.0704917289025143
48,"Isotropic",2954,0.00634696831443227,0.0284261366870607,0.00286414700265618,0.0548572265265418
48,"Isotropic",2999,-0.00419036035132787,0.0238744518668649,-0.0239240269550124,0.0747607620183325
48,"Redistributed",2004,0.0111839046353011,0.0272279110813384,-0.0155704354224823,0.0674242622986584
48,"Redistributed",2054,0.00726850088814343,0.0320857002918479,-0.000261513532184808,0.0332069861134752
48,"Redistributed",2104,0.00338579176467167,0.0384118635083763,0.00213809887010688,0.0784301437406481
48,"Redistributed",2154,0.00285047007785871,0.029633620717544,-0.0111401858546415,0.0548508869206631
48,"Redistributed",2204,0.00754522306632351,0.0274036496848188,-0.00174841736193096,0.0538169300703429
48,"Redistributed",2254,-0.00625456245048306,0.031456810785894,0.0328065326310371,0.0646365750385855
48,"Redistributed",2304,-0.00410108115850878,0.0376244867609232,0.0313304170973529,0.0672043688976219
48,"Redistributed",2354,-0.0162922091820024,0.033809746884944,0.0301648426020743,0.0870903741683829
48,"Redistributed",2404,-0.0241958135847453,0.0392851224475149,0.0191853110463343,0.0246396362314144
48,"Redistributed",2454,-0.0131670688772186,0.0399316911959197,0.045808900513871,0.0655451409399553
48,"Redistributed",2504,-0.0168923735207251,0.0450668470245049,0.000418553616664071,0.000557769606176284
48,"Redistributed",2554,-0.0196352085951229,0.0406317137656635,0.0218648741932237,0.0268463990833809
48,"Redistributed",2604,-0.0276557713485262,0.0535356549092309,0.000681729894501193,0.000818325219009776
48,"Redistributed",2654,-0.0314977951390761,0.0647996104098494,0.00856494760808304,0.0109132004449143
48,"Redistributed",2704,-0.0354323986696537,0.0668775257976894,0.00671400964887937,0.00681509367573752
48,"Redistributed",2754,-0.0277448435164009,0.0657424715390491,0.0102415110298383,0.0104467002940569
48,"Redistributed",2804,-0.0398777510076948,0.0787132714440608,0.00345081116879154,0.00367005466195856
48,"Redistributed",2854,-0.0330429517712384,0.0971666578697454,NA,NA
48,"Redistributed",2904,-0.0379468484162586,0.0678568266409751,NA,NA
48,"Redistributed",2954,-0.00931103946329956,0.092092206971832,NA,NA
48,"Redistributed",2999,0.0142134066454439,0.0913536438949773,NA,NA
48,"Obstructed",2004,0.0118319889771189,0.0257793010563464,-0.0312093906710045,0.0774196617926772
48,"Obstructed",2054,0.0115560441807924,0.0241309771910822,-0.017481574584894,0.0842490604170455
48,"Obstructed",2104,0.00330387655105209,0.027418733671993,-0.0123817997996977,0.0318967656515837
48,"Obstructed",2154,0.00698277893453571,0.0371893964995144,-0.0224235863178314,0.0414963317405547
48,"Obstructed",2204,0.0042475059603434,0.0307657639120413,0.00864053403823618,0.0739046429899681
48,"Obstructed",2254,0.00448185969884106,0.0306236398402706,0.0111378321943373,0.07332243083488
48,"Obstructed",2304,0.00874024959061925,0.0358224905949497,0.0114223961923634,0.0349981135268871
48,"Obstructed",2354,-0.00544991386997405,0.0308989351150709,0.0144616715117984,0.0833581163051447
48,"Obstructed",2404,-0.0109282082270145,0.0318096094610054,0.0387342039977142,0.0627659416539657
48,"Obstructed",2454,-0.0107854119006404,0.0342986090145272,0.0132977092521213,0.0432728690228326
48,"Obstructed",2504,-0.0127573447348818,0.0307214130206854,0.0193985562394085,0.0769783201374019
48,"Obstructed",2554,-0.0156418562772427,0.046515852243763,0.0512866501364938,0.100701584828516
48,"Obstructed",2604,-0.0119184512900317,0.0374049369186935,0.0457717076961899,0.0866076124002455
48,"Obstructed",2654,-0.0111981915930855,0.0450959395635089,0.0418631953052442,0.0588144745138799
48,"Obstructed",2704,-0.0103064675220151,0.0355047592915646,0.019415579875006,0.0272118999760543
48,"Obstructed",2754,-0.0203572753737153,0.0430038584968588,0.0104933377793441,0.0130012450841896
48,"Obstructed",2804,-0.0171688839095585,0.0486819097953152,0.0276342413827571,0.0285131005724691
48,"Obstructed",2854,-0.020009025158473,0.0425394903885411,NA,NA
48,"Obstructed",2904,-0.01136048315558,0.052382686686776,0.00132342248248595,0.00141521442962784
48,"Obstructed",2954,-0.0250215998192024,0.064624103670769,0.0222816037902661,0.02694234772721
48,"Obstructed",2999,-0.0255563628027107,0.0584904555717231,NA,NA
49,"Isotropic",2004,0.00728139145292677,0.0289014177466963,-0.0062416097774053,0.057821103380458
49,"Isotropic",2054,0.0146109217834905,0.048612466501168,-0.0201498506147932,0.0644871118408961
49,"Isotropic",2104,-0.00440585335200224,0.0468939789623541,-0.0130346609635603,0.0613162670175863
49,"Isotropic",2154,0.00609093050477972,0.0197496358375689,-0.00437071230870762,0.0673402436019489
49,"Isotropic",2204,0.00614192364458243,0.0266449904070156,-0.000687949522081788,0.0517191616635758
49,"Isotropic",2254,-0.000261564716354254,0.0449888884403286,-0.00420067466324561,0.0763648390875575
49,"Isotropic",2304,-0.00570407516819717,0.0420837041064439,-0.0063074045867413,0.0332141537933798
49,"Isotropic",2354,0.00505975662183912,0.0288919484851735,-0.00874497028749272,0.0454938717784652
49,"Isotropic",2404,0.00582443673431039,0.0301249926595476,-0.0167953626280038,0.0448314974220968
49,"Isotropic",2454,0.0100088794466979,0.0314909061448397,-0.0289438725958453,0.0666274715559025
49,"Isotropic",2504,0.00709239539649202,0.0254176989287126,-0.0122467354883667,0.0426941200542602
49,"Isotropic",2554,-0.00886715491185321,0.046465389872598,-0.0198123162612154,0.0411458210919175
49,"Isotropic",2604,0.00100019893224605,0.0312673989059596,-0.00734299783630097,0.0351880134138242
49,"Isotropic",2654,0.0143696120572649,0.0353614358770443,-0.0170578597157442,0.0462555984692274
49,"Isotropic",2704,0.00597153722112276,0.0326648241747147,-0.0112952369498552,0.0341409442594139
49,"Isotropic",2754,0.00230479401567669,0.0275550884976593,0.00331986164712472,0.0517315120421171
49,"Isotropic",2804,0.00926327686839739,0.0362446511511671,-0.0308912000005931,0.0576696971380401
49,"Isotropic",2854,0.00536092023347209,0.03962880759419,-0.0238353867350043,0.0498003930311232
49,"Isotropic",2904,0.00834255949123228,0.0397499504963972,-0.00680540392269128,0.0444318367979425
49,"Isotropic",2954,0.0139822028105579,0.0471309247733757,-0.00499032067243888,0.046278018224657
49,"Isotropic",2999,0.00510918633292866,0.0310500948355667,-0.0268124948759622,0.0987907668761404
49,"Redistributed",2004,0.00508362278903078,0.0342125359988269,-0.00667736580034767,0.0606842023295205
49,"Redistributed",2054,0.0097105805181253,0.03784895846809,0.0170981657964475,0.0350376191700176
49,"Redistributed",2104,-0.0102936516791064,0.0406352550843589,0.0272967783041045,0.0671009702890187
49,"Redistributed",2154,-0.00186501152018507,0.0382274087099713,0.0219607844608097,0.0448924248979749
49,"Redistributed",2204,-0.0133390973381238,0.0320990152298388,0.0273829157326183,0.0855036115084912
49,"Redistributed",2254,-0.0177209522140808,0.0459827803523462,0.040318227828199,0.0702208056767656
49,"Redistributed",2304,-0.0261048826532163,0.0420822018132008,0.034381143840253,0.0435263279264495
49,"Redistributed",2354,0.0007153197505827,0.047444628401552,0.0110528432718848,0.017995815860294
49,"Redistributed",2404,-0.015288037841862,0.0485118981631472,0.0137701589037892,0.0143210036830614
49,"Redistributed",2454,-0.0137908814282281,0.0412901943989248,NA,NA
49,"Redistributed",2504,-0.00806563279247913,0.0665182290682586,NA,NA
49,"Redistributed",2554,-0.0094896391941486,0.0557594849896596,NA,NA
49,"Redistributed",2604,-0.00394319596330175,0.0864362432232501,NA,NA
49,"Redistributed",2654,-0.00299031727275203,0.12637171050426,NA,NA
49,"Redistributed",2704,0.0200085741844932,0.108472754290774,NA,NA
49,"Redistributed",2754,0.0238955443683708,0.09455128465814,NA,NA
49,"Redistributed",2804,0.0404385821760999,0.123669078043019,NA,NA
49,"Redistributed",2854,0.0542346981113265,0.150929551651159,NA,NA
49,"Redistributed",2904,0.0364035576440001,0.117463554064466,NA,NA
49,"Redistributed",2954,0.138335679177343,0.22615137133638,NA,NA
49,"Redistributed",2999,0.170952669985624,0.244161884377244,NA,NA
49,"Obstructed",2004,0.00660029722443939,0.0391077985213181,-0.00825823260846774,0.0601817283479841
49,"Obstructed",2054,0.00885992383425952,0.0400406333821598,-0.00705718425176039,0.0337023027574781
49,"Obstructed",2104,0.00438245268081119,0.0505559748161093,-0.0280389071274826,0.0773416557032626
49,"Obstructed",2154,0.00543667005238698,0.0464303566305474,0.002368699218582,0.0563108055900624
49,"Obstructed",2204,-0.000411678394995068,0.0344534809885276,-0.0181389437985146,0.086915075291026
49,"Obstructed",2254,0.00156640737527991,0.0424145438737545,0.0138303207442557,0.0516781666154327
49,"Obstructed",2304,-0.00982919822649283,0.0401974043924035,0.0215016810913952,0.123124813136996
49,"Obstructed",2354,-0.00241079473945516,0.0302277586259227,0.0235984014034692,0.0618542911919705
49,"Obstructed",2404,-0.0100813254415876,0.0409068959865061,0.0434157922955801,0.0569686297557145
49,"Obstructed",2454,-0.00974125490955362,0.0356389223497947,0.0350190966665833,0.0590454085089347
49,"Obstructed",2504,-0.0158789926742044,0.0360251698710941,0.0124201908864858,0.0136726616734497
49,"Obstructed",2554,-0.00310046926724838,0.040832528396017,0.00164050048213552,0.00205123492773404
49,"Obstructed",2604,-0.0117607471619315,0.0407116221521623,0.0310287639660903,0.0622720601925659
49,"Obstructed",2654,-0.0285585364068108,0.0323533376443218,0.0422595394970592,0.0704217776285986
49,"Obstructed",2704,-0.0178877969661186,0.0363566044986059,0.0505055247333196,0.0713593487708363
49,"Obstructed",2754,-0.0305744199620886,0.0383209578782236,0.0153996636017466,0.0186638374203948
49,"Obstructed",2804,-0.0174288455625548,0.0464016374867129,0.063756325233277,0.0870581975105766
49,"Obstructed",2854,-0.0250278956960741,0.0471665683879076,0.0236172481448207,0.0353846506408995
49,"Obstructed",2904,-0.0197280667916668,0.0309939741358149,0.0479173144920588,0.0657520881071001
49,"Obstructed",2954,-0.0112716131999646,0.0371759192781521,0.0268461349071894,0.0357992275597431
49,"Obstructed",2999,-0.0233317383837342,0.0490228230597235,0.00978231913134636,0.0156099863266311
50,"Isotropic",2004,-0.000577900040380192,0.03598362988709,-0.0105319865269527,0.065589154675173
50,"Isotropic",2054,0.00301249796999453,0.0416544208730141,-0.0313548556953226,0.0742189810949967
50,"Isotropic",2104,0.000376824927666976,0.0508050645010665,-0.0238437810648292,0.0824149789369667
50,"Isotropic",2154,0.0047751939735376,0.0279033756761044,0.0125254464258174,0.0931632378625531
50,"Isotropic",2204,0.0030567194224822,0.0357348663896908,-0.0136759004914275,0.0571436227305753
50,"Isotropic",2254,-0.00366988249332152,0.0418459705699238,-0.0126857944690201,0.0667882024987303
50,"Isotropic",2304,0.00038803183200273,0.0304477319509288,-0.0126884583323714,0.0398429762881933
50,"Isotropic",2354,0.00412732652101333,0.0389644343210671,-0.00520185599687793,0.0462479379212376
50,"Isotropic",2404,0.00518179627303247,0.0442845325682113,-0.0505557287694827,0.0841690896069113
50,"Isotropic",2454,-0.00341559293836241,0.0397391869657353,-0.00325456851160625,0.0512483304213774
50,"Isotropic",2504,0.00237490252079897,0.0401245026785269,-0.0178371258216654,0.0621414683073784
50,"Isotropic",2554,-0.00741358512714006,0.0296691625081872,0.00634856121775984,0.0494900472908739
50,"Isotropic",2604,-0.000199796051002758,0.0280237450555985,-0.00522792260685923,0.056026870655115
50,"Isotropic",2654,-0.000997842006223191,0.0321048359477836,0.0176559909787299,0.0603881227335415
50,"Isotropic",2704,0.00418594206994809,0.0246100339174928,0.00436101663097121,0.0569799414624345
50,"Isotropic",2754,0.00797142174409694,0.0279338191457261,0.0181134158333737,0.0569611932020886
50,"Isotropic",2804,0.00725005253811611,0.0304196180294388,0.0191713665763157,0.055757920227932
50,"Isotropic",2854,0.0145826926435938,0.025283216565719,0.00267057072203979,0.040842202392468
50,"Isotropic",2904,0.00822630473893007,0.0293845569652298,0.00558507099493928,0.0448496411180127
50,"Isotropic",2954,0.0147850407443081,0.0359452169204595,9.99853435689289e-05,0.0283004631564259
50,"Isotropic",2999,0.00849661838887221,0.0314097885755314,-0.0122078389381866,0.0557966926140102
50,"Redistributed",2004,0.00254702525696041,0.0386410430145691,-0.0153353606189753,0.0714416009083869
50,"Redistributed",2054,-0.00338810882309089,0.0347928543580346,0.00377652862052067,0.0386836927766233
50,"Redistributed",2104,-0.00513289633636225,0.0291787721414773,0.0385786294663718,0.0813596411875245
50,"Redistributed",2154,-0.00671034304703671,0.0375972210138675,0.0244929322679774,0.0621532904081685
50,"Redistributed",2204,-0.00473413064388499,0.0408026576752984,0.0146802835516128,0.032995143583098
50,"Redistributed",2254,-0.0108606673657603,0.0283190991855932,0.0228443103946346,0.0731281427213282
50,"Redistributed",2304,-0.0132006406741474,0.0356177126960317,0.0306461859056288,0.0547313231533722
50,"Redistributed",2354,-0.00304363135303624,0.0250021461260111,0.06009679706196,0.0884192828009018
50,"Redistributed",2404,-0.00903877136111335,0.0333754901943328,0.0172516289248644,0.0207895104367062
50,"Redistributed",2454,-0.0132901056194916,0.0331921385421881,0.0387004535976304,0.0470366332481485
50,"Redistributed",2504,-0.016234097627778,0.0403532556637916,0.00082981228659997,0.000871722459020279
50,"Redistributed",2554,-0.0336864088093146,0.0529662572179893,0.0296947476646698,0.0355687709808914
50,"Redistributed",2604,-0.0196257546729664,0.0409067687558819,0.0351050846517551,0.0423255293138565
50,"Redistributed",2654,-0.034557727733756,0.0570906528517212,0.00213926106058172,0.00236329652312096
50,"Redistributed",2704,-0.0207323018236361,0.0403369653838355,0.00318706706584362,0.00344278405417669
50,"Redistributed",2754,-0.0232181675125211,0.0512124805743965,NA,NA
50,"Redistributed",2804,-0.0256763960900774,0.0865637351073246,NA,NA
50,"Redistributed",2854,-0.0440509549342233,0.0855607693419896,NA,NA
50,"Redistributed",2904,-0.0349849430947624,0.0753441087483748,NA,NA
50,"Redistributed",2954,0.00172623162811218,0.111917211678215,NA,NA
50,"Redistributed",2999,-0.0300608021294876,0.106948361446131,NA,NA
50,"Obstructed",2004,0.00433191208040506,0.0377251307651591,-0.0212081772866724,0.0736813343577983
50,"Obstructed",2054,0.0047151706545658,0.027849594296985,-0.0113464589629809,0.0666004815821045
50,"Obstructed",2104,0.00246863129457157,0.0334921162593579,0.00952383653448884,0.0608141609446368
50,"Obstructed",2154,-0.00605201161980285,0.0243962103396565,-0.0115553956706654,0.0737833777604453
50,"Obstructed",2204,-0.00225903012942172,0.0272163488522145,-0.00275535360406932,0.0472754276882563
50,"Obstructed",2254,0.00173822151379328,0.0378498641973791,-0.00797644568119992,0.0522491982511068
50,"Obstructed",2304,0.00674537202679136,0.0450028896961398,0.00301173077516271,0.0498625116158547
50,"Obstructed",2354,-0.00323244700385001,0.0335351236110364,0.00716741838129316,0.0567657305713455
50,"Obstructed",2404,0.0033084163885439,0.043190012484353,0.0125266661268795,0.0481577075257276
50,"Obstructed",2454,-0.00670245069604655,0.0271717842019134,0.016797198211854,0.0401170706712461
50,"Obstructed",2504,-0.00125735031546594,0.0250855249703206,0.0222687733897296,0.0393732904322335
50,"Obstructed",2554,-0.00760234823884517,0.0292525089215689,0.0387930496434105,0.0592192246166128
50,"Obstructed",2604,-0.0116103618978166,0.0328535033939677,0.0107710270775519,0.0126495928391072
50,"Obstructed",2654,-0.00581584964175932,0.034090037496348,0.0364682469423367,0.0639593360713089
50,"Obstructed",2704,-0.00868475274668403,0.0323668633728215,0.0218047320076422,0.0441206805447442
50,"Obstructed",2754,-0.0216735183212678,0.0446054011061853,0.0324681560351434,0.0666376819806077
50,"Obstructed",2804,-0.00909386648940676,0.0535881083490463,0.0218440768728839,0.0733739736579734
50,"Obstructed",2854,-0.00914226655350234,0.0352859462700784,0.0212069091861475,0.0354836324838706
50,"Obstructed",2904,-0.0159139273971303,0.0320677633101639,0.0357807342963674,0.051763805420873
50,"Obstructed",2954,-0.0240326071757922,0.042430316574026,0.0166406910917185,0.0244936808057816
50,"Obstructed",2999,-0.0151015585842138,0.0391256247742139,0.0222217624984927,0.0468976230125664
