"replicate","generation","k","subset","n_poly_global","n_poly_pop","He","sumAe_total","sumAe_within","ok","n_edges","mean_delta","mean_abs_delta"
1,2504,2,1,2,1.32,0.17389,2.94568687241673,2.594993693529,1,44,0.0369837031485028,0.13596153951509
1,2504,2,2,2,1.04,0.150275,2.56360756180574,2.51027233032942,1,31,-0.103118082938738,0.207030623089967
1,2504,2,3,2,1.56,0.272031,3.58141861006877,2.96348365275768,1,51,-0.00269131012324754,0.0826878446209564
1,2504,3,1,3,2.4,0.305426,5.34616747948683,4.64974285956766,1,80,-0.00173790220335835,0.0584855505972665
1,2504,3,2,3,2.44,0.282710666666667,5.73373300475344,4.51076278311327,1,60,0.00570093627087367,0.0588293231582494
1,2504,3,3,3,2.64,0.255900666666667,4.59839463050302,4.30467135316045,1,70,-0.00198936411418716,0.0616459200261624
1,2504,4,1,4,3.2,0.2299095,5.95834758985569,5.53082153211777,1,83,-0.00976468880210699,0.0493515270429477
1,2504,4,2,4,3.64,0.2822905,7.11174924108211,5.9689548209882,1,83,0.0055367072923298,0.0458299120083265
1,2504,4,3,4,3.08,0.243755,6.54303503801701,5.68387811630494,1,88,-0.00663613313478764,0.0427982466434169
1,2504,5,1,5,4.08,0.2554228,8.23304660772697,7.18383086052169,1,79,-0.00275398522277892,0.0448371834888689
1,2504,5,2,5,3.72,0.2162592,7.9978112007589,6.85044687987244,1,90,0.00635828318873947,0.0433684062131096
1,2504,5,3,5,4.04,0.2525728,8.39961997684952,7.14853961828245,1,96,0.00668912875592215,0.0400162334746909
1,2504,6,1,6,4.2,0.216628333333333,9.47569807406894,8.21678697654302,1,91,0.00299806394096254,0.0383079741600242
1,2504,6,2,6,3.84,0.212197333333333,9.50284329564641,8.22756405874087,1,78,0.00329799697430364,0.0465033244185656
1,2504,6,3,6,4.32,0.236256333333333,9.1755920923386,8.45911126028556,1,105,-0.00418150210445033,0.0352482825884824
1,2504,8,1,8,5.8,0.233386,12.5827616971895,11.2377484847799,1,104,0.00510400721226993,0.0416121946387324
1,2504,8,2,8,6.28,0.2673495,13.5923195913695,11.7549590099856,1,107,0.00261992420358918,0.0296500362716639
1,2504,8,3,8,6.48,0.28796325,13.3042382591883,12.0201318271228,1,124,0.0037181826178142,0.0329193921892812
1,2504,10,1,10,7.6,0.2384998,15.4682718049779,14.090363671333,1,120,0.0088752932590254,0.026407951684243
1,2504,10,2,10,7.2,0.2382294,16.2145063526794,14.1497797194966,1,103,-0.00345075338162455,0.0300129228518504
1,2504,10,3,10,7.32,0.2388274,15.8807729400649,14.1522498434162,1,109,0.0013111281795442,0.0300449048322819
1,2504,12,1,12,8.24,0.208108,18.4147893478097,16.2613708435428,1,101,-0.00281864800587008,0.0317542610219761
1,2504,12,2,12,8.92,0.2413575,19.4493375313052,16.9898077986559,1,96,-0.00125653788152627,0.0321762559970591
1,2504,12,3,12,8.92,0.245750666666667,19.3049228381352,17.0826545299029,1,97,-0.00109563449226168,0.0349655487921306
2,2504,2,1,2,0.92,0.11644,3.40187784384002,2.37814528399674,1,30,-0.234651192824499,0.291025352527121
2,2504,2,2,2,1.36,0.210944,3.59431233797308,2.73303650034635,1,56,-0.00012407347723159,0.131146519885833
2,2504,2,3,2,1.64,0.307333,3.40589951625785,3.06975766210633,1,58,-0.000456618491301292,0.071740148479606
2,2504,3,1,3,1.84,0.213895333333333,4.73588750887522,4.0919230840057,1,51,0.00684551839716912,0.147476682469741
2,2504,3,2,3,1.8,0.175492666666667,5.14838178929338,3.8685982576437,1,45,0.0116871473929722,0.130768922979135
2,2504,3,3,3,1.8,0.160632,4.24237357267697,3.81951063893743,1,63,0.00364896546744929,0.0724631431046242
2,2504,4,1,4,2.76,0.22152,5.87058630554025,5.52463307924817,1,83,0.0172586682033156,0.0425862576589811
2,2504,4,2,4,2.76,0.2130015,7.21362502744633,5.4432560631709,1,63,0.0032753635454604,0.0525490701561993
2,2504,4,3,4,2.08,0.1204425,6.00539806100232,4.75440989457651,1,59,0.0103482933883502,0.0690357321075698
2,2504,5,1,5,3.04,0.177188,7.28641850771703,6.48929779560912,1,85,0.00171262244839444,0.0492632374320694
2,2504,5,2,5,2.72,0.1634124,8.23134034125516,6.37537028167146,1,57,0.00526484474356201,0.133369667713704
2,2504,5,3,5,3.44,0.236518,8.40716743489252,7.0342240133157,1,76,0.0164730147757154,0.0429185939091108
2,2504,6,1,6,3.72,0.180444666666667,9.52517413414492,7.81182851414432,1,67,0.0116406745995989,0.0604686525644069
2,2504,6,2,6,4.6,0.233014,9.31783995444432,8.36693146721477,1,92,0.0173068923946364,0.0431772397115538
2,2504,6,3,6,3.12,0.150666,9.80828330947711,7.5043892656536,1,74,0.0137121498233286,0.0382926950992658
2,2504,8,1,8,5.84,0.220406,12.7065329986468,10.9625527998178,1,92,0.0115047296257712,0.0408713109205095
2,2504,8,2,8,4.96,0.20057675,13.180009713238,10.7387599601052,1,88,0.00035928397802548,0.033426092853671
2,2504,8,3,8,5.36,0.19575975,13.9052499825311,10.6139435273771,1,71,0.00552821712670175,0.0414738140112221
2,2504,10,1,10,6.84,0.2218704,17.2053068254933,13.7995168480522,1,87,0.0114324975266689,0.0316184194848874
2,2504,10,2,10,7,0.212234,15.9708688100704,13.6071091679214,1,86,0.0179296424530917,0.0396599197417308
2,2504,10,3,10,5.92,0.1871094,16.1514770424499,13.1800330911211,1,88,0.00931841951590967,0.0352429890665408
2,2504,12,1,12,7.76,0.199789666666667,19.7861984469716,16.0877262864604,1,78,0.0160033586409654,0.0389886386034483
2,2504,12,2,12,8.2,0.204175833333333,19.6309089453531,16.1429026826169,1,80,0.00667342073166462,0.0370026372227498
2,2504,12,3,12,7.96,0.195619,19.6375990389278,15.9676795656888,1,79,0.0118600190468275,0.0393663643316359
3,2504,2,1,2,1.48,0.310052,3.3239193352792,3.13210059090561,1,43,-0.00158196663969913,0.102175885268617
3,2504,2,2,2,1.88,0.335882,3.55711318002804,3.17636636982861,1,55,-0.00339180466080481,0.0691585731368224
3,2504,2,3,2,1.44,0.260644,3.00446954879631,2.91571402253262,1,46,-0.0193955514279379,0.0955138924436363
3,2504,3,1,3,2,0.227582,4.29356323535862,4.20293570787104,1,69,0.0118370939529979,0.0537433175836263
3,2504,3,2,3,2.24,0.253348666666667,4.38858769374423,4.2987590676761,1,73,-0.0129493067173085,0.0500832319942894
3,2504,3,3,3,2.4,0.296724,4.84174945736151,4.59480615416008,1,75,-0.0259755006182415,0.0593098312528682
3,2504,4,1,4,3,0.2246605,6.3131108519179,5.49415593307872,1,85,0.00125094577417809,0.0482474088411355
3,2504,4,2,4,3.2,0.2864615,6.63830879430116,6.03263579768703,1,98,0.00332562552148283,0.0356172646598318
3,2504,4,3,4,3.56,0.32685,6.5988045651216,6.30808223245076,1,120,-0.000514569963790039,0.0342502518585398
3,2504,5,1,5,3.04,0.1793704,7.18414579377291,6.50017709232291,1,65,0.00819564575948859,0.0644531496847867
3,2504,5,2,5,3.24,0.1863396,7.32852799164815,6.53918917184473,1,84,0.000584805218446904,0.0388242569186787
3,2504,5,3,5,3.92,0.2537188,7.63729320032956,7.15954153867535,1,115,0.00732920125907272,0.0368287064536401
3,2504,6,1,6,4.76,0.286768333333333,10.1658944230629,9.0693635080444,1,105,-0.000909425473712017,0.0343656635462487
3,2504,6,2,6,4.32,0.237255666666667,10.161126170062,8.48093097185382,1,90,-0.00817735779374122,0.0515902174493133
3,2504,6,3,6,4.2,0.258781333333333,9.42938437392593,8.79043900558072,1,109,-0.00568227003268182,0.0318505401564464
3,2504,8,1,8,5.72,0.23285575,13.2190908526747,11.2394422160752,1,98,-0.00568548456576072,0.0375749896214816
3,2504,8,2,8,6.08,0.255869,14.0390187013296,11.6179921591536,1,92,-0.0083325080071477,0.0345314872347108
3,2504,8,3,8,6.08,0.24199925,12.9455036973266,11.2987681465218,1,102,-0.00560406788881842,0.040342014721463
3,2504,10,1,10,7.08,0.2403474,15.3871396025137,14.1730739274807,1,117,0.00375638627133148,0.0215208021150584
3,2504,10,2,10,8,0.2586366,16.9112512299094,14.4384909090988,1,109,-0.00181175561231452,0.0265987878726557
3,2504,10,3,10,6.92,0.2264598,16.8551647408781,13.9154476230382,1,85,-0.00363172656607713,0.0385475925815541
3,2504,12,1,12,8.68,0.2257105,19.6666315844954,16.6086873512194,1,87,-0.00563053116950152,0.0329712074235491
3,2504,12,2,12,9.16,0.253847166666667,19.503050707403,17.3005832437708,1,93,-0.00361192862228018,0.0405418995155504
3,2504,12,3,12,8.64,0.219693833333333,18.7743878531567,16.4676849126483,1,90,-0.00194480711799865,0.0401013262444426
4,2504,2,1,2,1.64,0.217205,2.90124791549165,2.73641461068628,1,54,0.0372965951580016,0.0851379061356294
4,2504,2,2,2,1.72,0.265943,2.9211406853233,2.87805934829064,1,60,0.00606512054054968,0.0843850926678683
4,2504,2,3,2,1.8,0.273141,3.11752026597535,2.89095653892021,1,57,-0.0197645000493032,0.0722444797652537
4,2504,3,1,3,2.56,0.281768666666667,4.69258655474164,4.43338422967203,1,79,0.00404116453920595,0.0676533521585335
4,2504,3,2,3,1.28,0.113558,3.58690563317311,3.56206224265983,1,46,0.00529728761810904,0.133935002500358
4,2504,3,3,3,2.56,0.288578666666667,4.77202672500758,4.4915998754186,1,88,-0.00532873159385039,0.0585259848434786
4,2504,4,1,4,3,0.234684,5.77469879939462,5.56523678609964,1,95,-0.00237295031933077,0.0495359775836802
4,2504,4,2,4,3.04,0.242381,6.2634491776606,5.64161844734496,1,94,0.0154421079361758,0.042870932348861
4,2504,4,3,4,3.12,0.251447,6.02261534229604,5.7370182015288,1,80,-0.000239024078769229,0.0495534618011978
4,2504,5,1,5,4.16,0.2771556,7.92016130699011,7.39514960375777,1,106,0.00144979688971514,0.03140903527389
4,2504,5,2,5,3.6,0.2207932,7.71935823356576,6.85970719907254,1,102,0.011062742970346,0.0445339088587571
4,2504,5,3,5,4.4,0.3172364,8.633258693129,7.74576868885862,1,118,-0.00473626224955743,0.0252944618345035
4,2504,6,1,6,5.08,0.266521,9.34391222799328,8.68428975446036,1,115,-0.00662692688148689,0.0299110714047949
4,2504,6,2,6,4.44,0.222685,8.68457840846327,8.22699138026993,1,115,0.00554917348489362,0.0381788916533866
4,2504,6,3,6,4.6,0.250080333333333,9.35187306450508,8.58049545115399,1,91,0.00171292241778003,0.0455857332384508
4,2504,8,1,8,5.56,0.2106775,11.6715390504709,10.8300809011517,1,111,0.000457935394400264,0.0354555012902651
4,2504,8,2,8,6.48,0.25964725,12.8744105586438,11.5064988120502,1,119,0.00731642924103625,0.0306488631488389
4,2504,8,3,8,6.68,0.2885835,13.2804476670641,11.9690419882076,1,140,0.00581932063323078,0.0228722112223142
4,2504,10,1,10,7.64,0.2514608,15.792150748721,14.2883105242109,1,118,0.00419563433577504,0.0308289665272187
4,2504,10,2,10,7.6,0.2450278,15.4945869481973,14.2040003490135,1,118,0.00579876763523548,0.0333988176325868
4,2504,10,3,10,7.64,0.2418774,15.3995782882156,14.1312329884159,1,122,0.019501095098188,0.0327340910972826
4,2504,12,1,12,9.72,0.255503666666667,18.7347368233369,17.2193042011511,1,135,0.011885079524382,0.0281729012618974
4,2504,12,2,12,9.08,0.243564,18.3756285668723,16.932799459979,1,125,0.00528879776674153,0.0269207570183873
4,2504,12,3,12,8.96,0.237282,18.0668279832114,16.8119420291473,1,135,0.0027211249860354,0.0259208556184301
5,2504,2,1,2,1.36,0.220122,3.06935609680051,2.79331940096548,1,38,-0.124277442042305,0.221039484796179
5,2504,2,2,2,1.36,0.229502,3.33564793453132,2.76519230803151,1,40,0.0665272818987797,0.151618768064335
5,2504,2,3,2,1.56,0.245297,3.26223366768805,2.81622024244987,1,47,-0.00240164397609587,0.0850790299144768
5,2504,3,1,3,2.76,0.290208666666667,5.51599324669319,4.48345673321895,1,77,0.0224661120083103,0.0607095530392043
5,2504,3,2,3,2.32,0.261926,4.96136414785961,4.33955063962493,1,70,-0.00909696498602324,0.0523205002939062
5,2504,3,3,3,2.2,0.267223333333333,4.93472584841128,4.38272015345149,1,71,-0.0024894767021181,0.046492928092271
5,2504,4,1,4,3.16,0.281439,7.55535223937222,5.94545492742943,1,69,0.019593053823209,0.065668727966926
5,2504,4,2,4,2.72,0.205721,6.23349851691595,5.37000702563228,1,76,-0.0382333639161643,0.0564558017789113
5,2504,4,3,4,3.72,0.287424,6.74373466900723,5.96365500771813,1,118,0.00923468975154728,0.0271459081344907
5,2504,5,1,5,4.32,0.2503656,9.07896071623131,7.08790870961195,1,92,-0.00563517562960122,0.0420128812829056
5,2504,5,2,5,4.12,0.2985412,8.25222036460928,7.621407009356,1,111,0.0125998943001533,0.0283016285028688
5,2504,5,3,5,4.08,0.2472752,8.22444788909364,7.12230161264584,1,94,0.00374894840414206,0.0359745553839655
5,2504,6,1,6,5,0.27587,10.2780608435004,8.85076233618208,1,103,0.00604816308954188,0.0356625024238912
5,2504,6,2,6,4.68,0.239788,10.5722227543928,8.38090005497119,1,93,-0.0094470244480923,0.0444564014037431
5,2504,6,3,6,3.72,0.208314666666667,9.52592933157429,8.16863753516395,1,79,-0.00923698899525693,0.055279349456797
5,2504,8,1,8,6.52,0.26439775,13.3085689608263,11.6227268495656,1,120,-0.00379156109641127,0.0327401193550921
5,2504,8,2,8,6.36,0.28030925,13.742147407709,11.8923412261178,1,113,-0.00848275137843219,0.0366621206583902
5,2504,8,3,8,6.04,0.2422815,14.1960810658617,11.293718877079,1,84,0.00562350376867091,0.0425230292549622
5,2504,10,1,10,7.12,0.2412902,16.867402543072,14.1802425668283,1,97,6.79093489399626e-05,0.0330507816397714
5,2504,10,2,10,8.08,0.2687048,16.8476323836614,14.605214821743,1,117,-0.00107147294301359,0.0286787164986254
5,2504,10,3,10,7.36,0.2116186,17.1219271457067,13.5049022388449,1,93,-0.0120495640990423,0.0393619087398513
5,2504,12,1,12,9.24,0.248962,20.6564724079517,17.112305858765,1,100,-0.00206388433562525,0.0312408243576377
5,2504,12,2,12,9.44,0.266182833333333,20.7753747370512,17.4891503425846,1,100,-0.00386293458808413,0.0314602440341896
5,2504,12,3,12,9.48,0.247423666666667,20.5087043614538,17.0500159183283,1,100,-0.00210684316659287,0.028115846336335
6,2504,2,1,2,1.68,0.280302,3.27814512156879,2.95963412380568,1,60,-0.00838058778705241,0.0605522181346675
6,2504,2,2,2,2,0.374817,3.9075488538215,3.29799080871496,1,58,0.0159153198588346,0.0537163522450689
6,2504,2,3,2,1.56,0.206132,2.90086585849053,2.67443588515839,1,50,-0.0359266794015809,0.0959415958009549
6,2504,3,1,3,2.88,0.307486666666667,5.24000807209305,4.52777825475055,1,84,-0.00963974061758886,0.0494650275828561
6,2504,3,2,3,2.12,0.200201333333333,4.46183717254265,4.02636798911077,1,56,0.00212761843964137,0.0667497398101818
6,2504,3,3,3,2.68,0.295466666666667,5.17373499430289,4.50025570043631,1,72,0.00425551469941757,0.0435984294219469
6,2504,4,1,4,2.96,0.2311305,6.03806542323135,5.57199860996493,1,84,-0.011115020735246,0.0569818058646022
6,2504,4,2,4,2.32,0.1572705,6.03834436725357,5.04500965965147,1,64,0.0453674656064425,0.111084727238112
6,2504,4,3,4,2.56,0.195254,5.83483914190286,5.31916144923205,1,66,-0.013670970762636,0.0560470799851874
6,2504,5,1,5,3.76,0.2432616,7.90430827805948,7.12547986905403,1,91,-0.01632777090261,0.0404829287912644
6,2504,5,2,5,3.6,0.2140536,7.77391535392372,6.79188585632698,1,62,-0.0227688465064221,0.0647952446632792
6,2504,5,3,5,3.8,0.2512884,7.7843744220714,7.16884229058574,1,98,-0.0115025694342107,0.0329927923279823
6,2504,6,1,6,4.08,0.195877,8.62376278397199,7.95712113516183,1,100,-0.02145987213449,0.046448020696791
6,2504,6,2,6,4.04,0.217150666666667,9.77494135290171,8.2707802077846,1,92,-0.00852046472550334,0.035292961440996
6,2504,6,3,6,5.32,0.305147,10.4255533137993,9.14808807269094,1,142,-0.00126291754456294,0.0213507573746726
6,2504,8,1,8,5.52,0.22187175,11.9496776908022,11.0456881950617,1,118,-0.00751026414378382,0.0287138748098259
6,2504,8,2,8,5.8,0.21450125,11.9044175930333,10.8613278056108,1,116,-0.0117507659839518,0.0245125750796946
6,2504,8,3,8,5.84,0.2259045,12.3686647362965,11.0511912351973,1,100,-0.0170255843669144,0.0313438219920556
6,2504,10,1,10,7.36,0.2319074,15.5205860237312,13.9295525854133,1,119,-0.0180476117954723,0.0300977453007574
6,2504,10,2,10,7.16,0.2266208,16.1298578430505,13.8235877062103,1,95,-0.0148513987560941,0.0329336408139723
6,2504,10,3,10,6.68,0.2001442,15.1090867599241,13.4103057488335,1,100,-0.0192437304004946,0.0312296372927193
6,2504,12,1,12,8.08,0.219923833333333,18.8091009927702,16.5593984876141,1,90,-0.0170843214513265,0.0400318418544843
6,2504,12,2,12,8.28,0.227050666666667,18.8076636469832,16.7097928051184,1,96,-0.023181153924821,0.0339685397361328
6,2504,12,3,12,8.64,0.218248666666667,18.7683550234797,16.3895918816047,1,104,-0.00948008182719605,0.0292792190287572
7,2504,2,1,2,1.56,0.224152,3.26527550466467,2.73496998172814,1,51,0.00687617711533634,0.114464532834383
7,2504,2,2,2,1.48,0.227832,2.98887188235421,2.76003778462137,1,53,-0.0103200515784707,0.0803892122295963
7,2504,2,3,2,1.72,0.305147,3.18374037404154,3.06074720199575,1,59,-0.0128221609603215,0.0665969946399106
7,2504,3,1,3,1.48,0.162701333333333,4.78782169078858,3.84296951159014,1,53,0.0149209750386759,0.0839367038714203
7,2504,3,2,3,1.52,0.151514666666667,4.29635917861882,3.76301869066553,1,45,0.0224816657330482,0.0966449276423816
7,2504,3,3,3,2.2,0.262884666666667,5.00041057821406,4.35961601459279,1,63,-0.00731713742516601,0.0764275859941476
7,2504,4,1,4,2.28,0.1775375,6.55843688352714,5.20773885165364,1,63,0.0329822484384232,0.103089566595703
7,2504,4,2,4,3.56,0.2737865,7.05504085679291,5.80143279284887,1,93,-0.00405421766035424,0.0335382551457394
7,2504,4,3,4,2.44,0.2015905,5.7064268458848,5.38953258471315,1,88,-0.00126569430573763,0.0486086100719626
7,2504,5,1,5,3.72,0.2738128,7.92034597810821,7.40705745028245,1,111,-0.0045689551161724,0.0314605295189264
7,2504,5,2,5,3.36,0.2466248,7.83684467399545,7.17896297959999,1,97,-0.00555079087306368,0.0345295979933417
7,2504,5,3,5,3.44,0.2463756,7.61409567457614,7.16560797652337,1,114,-0.00683506765852113,0.0290707357231732
7,2504,6,1,6,3.92,0.235703,9.61697737967848,8.50521204151081,1,102,-0.00990160264004802,0.0322620651194339
7,2504,6,2,6,3.84,0.220592666666667,9.52511489811899,8.29407606930804,1,89,-0.00954311501506487,0.0370426473290638
7,2504,6,3,6,3.2,0.181887666666667,9.18240053841594,7.89698592567638,1,73,-0.000433293949973563,0.0545776250907537
7,2504,8,1,8,5.84,0.24528875,12.3604887143131,11.3905848841917,1,122,0.0064381288841808,0.028064983794323
7,2504,8,2,8,5.44,0.22883675,12.8285018027779,11.1519623255018,1,109,0.00415408525060104,0.0290883287756289
7,2504,8,3,8,5.04,0.21706275,12.379882653806,11.0010521700368,1,113,-0.00416435241568975,0.0253227534004689
7,2504,10,1,10,6.6,0.213155,16.6308326318862,13.6398657006543,1,97,0.00410352916015958,0.0300240073704567
7,2504,10,2,10,6.36,0.1993926,14.968935350836,13.3712525585091,1,109,0.00626359244517221,0.0267238619031982
7,2504,10,3,10,6.2,0.2022842,16.3778886531334,13.4666237666127,1,89,-0.00932495627894595,0.0399313287031009
7,2504,12,1,12,8.4,0.2314735,20.4092628488014,16.7724404799042,1,92,-0.000272979843710385,0.0356532455762956
7,2504,12,2,12,7.36,0.195691833333333,18.4799551545209,16.0090436660598,1,95,0.00258512544824514,0.026852777100563
7,2504,12,3,12,7.36,0.197057,19.2077459646526,16.0425783628956,1,104,0.00417710922728052,0.0254121877613082
8,2504,2,1,2,1.48,0.21848,3.46339802464339,2.74772065826786,1,55,-0.0322697576241273,0.126909054999027
8,2504,2,2,2,1.4,0.232629,3.38756824174283,2.80137434611702,1,38,-0.03359679364651,0.128748009768013
8,2504,2,3,2,1.72,0.216931,3.14262144285494,2.711504206816,1,48,-0.0132579058267587,0.085270483375536
8,2504,3,1,3,2.44,0.24026,5.70465232433107,4.20880924215333,1,83,-0.00376817196326648,0.0415071955031643
8,2504,3,2,3,2,0.208127333333333,4.44170966962286,4.05966634109951,1,73,-0.000973377804697128,0.0629968945587463
8,2504,3,3,3,1.96,0.185809333333333,4.5705466920698,3.9269466456523,1,73,-0.00858031700904541,0.0513116679507216
8,2504,4,1,4,2.44,0.1872375,6.24158755802177,5.25342654587854,1,85,0.00197988682396803,0.0431004768235594
8,2504,4,2,4,3.36,0.2709915,7.36594455780903,5.86119556742459,1,84,-0.00978885583467696,0.0397332566246528
8,2504,4,3,4,3.24,0.2751355,7.52559590890417,5.92473342207108,1,70,-0.0289188023519516,0.0643497540755237
8,2504,5,1,5,3.28,0.1688984,7.23441789910067,6.36910663287459,1,87,0.00921366511342381,0.0414559698466013
8,2504,5,2,5,3.56,0.2107768,8.58369896684075,6.78925926347122,1,92,-0.00400714046149716,0.0408425780506525
8,2504,5,3,5,3.4,0.2247944,8.04538754153632,6.93728114352154,1,78,0.0198462268064646,0.0487169385590534
8,2504,6,1,6,3.8,0.193485666666667,8.85905061193565,7.96487284358933,1,74,0.00321474027991739,0.0469562411295781
8,2504,6,2,6,3.52,0.175381,9.08080567244505,7.79846933682599,1,71,-0.0256715551904208,0.0780664497120869
8,2504,6,3,6,3.88,0.194087,9.61704719799145,7.99006434067138,1,76,0.0201390823046525,0.0481655980407227
8,2504,8,1,8,4.84,0.17159675,11.814552845748,10.2702216724511,1,87,0.00892830103466937,0.0446528436010427
8,2504,8,2,8,5.68,0.22893075,13.4918738048438,11.1328685707819,1,96,0.00926336606209777,0.0364173008788778
8,2504,8,3,8,5.32,0.196712,12.4142836976605,10.6484804338311,1,109,0.000577348854905978,0.0278995509836082
8,2504,10,1,10,7.72,0.245741,17.095500578357,14.1840191363799,1,105,0.0074815642269112,0.0291959490751568
8,2504,10,2,10,6.6,0.2064136,16.1260178984402,13.5360056170568,1,98,0.0139845122300542,0.0318761686226906
8,2504,10,3,10,6.92,0.2134288,16.4541525240479,13.6212482983049,1,95,0.00790726914617111,0.0280176928931896
8,2504,12,1,12,8.4,0.215415166666667,19.2517381042818,16.3886212848878,1,119,0.00813592711477308,0.025602019801586
8,2504,12,2,12,8.04,0.204814666666667,19.0590478341749,16.1506623713567,1,118,0.0117074556489764,0.0266965882595337
8,2504,12,3,12,7.84,0.1997245,18.4660006335079,16.085358247274,1,93,0.00247669341427128,0.0362725306123231
9,2504,2,1,2,1.52,0.2299,3.76547079575445,2.7592157020199,1,49,0.011852999779729,0.077402000130186
9,2504,2,2,2,1.52,0.23531,3.13809203192936,2.78013868320615,1,48,0.00217114542807952,0.112786157054704
9,2504,2,3,2,1.8,0.285019,3.45006276671545,2.96023441393349,1,64,0.0111232440046842,0.0568410188215712
9,2504,3,1,3,1.6,0.142100666666667,4.80663155099793,3.70669038474132,1,48,-0.0423884419518168,0.112589548816099
9,2504,3,2,3,2.88,0.328379333333333,5.53444693818934,4.67645331371914,1,85,-0.00150115270822767,0.0500859158654672
9,2504,3,3,3,2.64,0.284838,5.03716896790822,4.44704122017822,1,69,0.00267569797623753,0.0599590763705313
9,2504,4,1,4,3.4,0.2758735,7.25296100280003,5.8911004912057,1,81,-0.00179026617075194,0.0369580622213199
9,2504,4,2,4,3.16,0.2429615,6.81662395606136,5.63664179101558,1,82,0.0144720130346323,0.0419169061032897
9,2504,4,3,4,2.32,0.147635,5.9881769357213,4.95306139115758,1,61,-0.0148422539006041,0.0557670325196709
9,2504,5,1,5,3.8,0.2236956,7.7970366773444,6.90255091224463,1,100,0.000886476003335631,0.0376936352965042
9,2504,5,2,5,4.16,0.2607756,9.11012694072949,7.17177956013427,1,86,-0.00580971662122686,0.0416221165134247
9,2504,5,3,5,3.92,0.2553636,8.40514305739642,7.1841209526705,1,104,0.00304286710176549,0.0357710170268341
9,2504,6,1,6,5.12,0.259707,9.86148946719463,8.5860867492805,1,100,-0.00169127469599997,0.0344288575070509
9,2504,6,2,6,4.36,0.219858333333333,9.39909666381267,8.1994497588506,1,101,7.5162495874431e-05,0.0371372978930903
9,2504,6,3,6,5.2,0.282901333333333,10.3258013427427,8.89728329804021,1,115,-0.00541464988436658,0.0338098849244022
9,2504,8,1,8,6.56,0.25137825,13.9554060707357,11.3548298160119,1,104,-0.00687010164097627,0.0278940029512077
9,2504,8,2,8,5.72,0.216313,12.7393491223626,10.8763000123955,1,93,-0.00258175393705815,0.0386627922683306
9,2504,8,3,8,6.68,0.256732,13.6363848064643,11.4157702408508,1,121,0.000850554576130509,0.0216677466290057
9,2504,10,1,10,8.24,0.2556334,17.6347144578505,14.3394507633709,1,109,0.00517068561148944,0.0307138335370933
9,2504,10,2,10,8.12,0.2583568,17.7126419077475,14.3739013056258,1,89,0.00379542841008361,0.0322607680350696
9,2504,10,3,10,6.96,0.2102272,16.7630616563777,13.4961792445264,1,87,-0.00907408216770097,0.0348859775793892
9,2504,12,1,12,9.56,0.2550015,21.1043874368837,17.1427093693904,1,108,-0.00655975716808948,0.02624903121968
9,2504,12,2,12,9.44,0.240788666666667,19.5956186770977,16.8089554300613,1,97,-0.00739597210752334,0.0229450823228836
9,2504,12,3,12,9.36,0.238809333333333,20.5467410217667,16.8005824046785,1,90,-0.00323559625004201,0.0346521693239733
10,2504,2,1,2,1.52,0.278468,3.30795273706251,2.96751016074125,1,60,0.00417373267835035,0.0763971436311261
10,2504,2,2,2,1.72,0.230029,3.218235833096,2.74212905825987,1,58,-0.0134277967679257,0.07742528271128
10,2504,2,3,2,1.88,0.226721,3.47147071719228,2.70677050868909,1,63,0.0117260664650776,0.0780403635305445
10,2504,3,1,3,2.52,0.306808,5.64812300624338,4.59828422273732,1,73,-0.00775558195551638,0.0507877508384474
10,2504,3,2,3,2.68,0.297772,5.78183719547919,4.51094562488835,1,66,-0.0133742768790476,0.0544571608601697
10,2504,3,3,3,2.64,0.265870666666667,5.36413649830939,4.33266361847599,1,73,-0.00845695036038582,0.0413577425521029
10,2504,4,1,4,3.36,0.3200715,7.73133281552913,6.25484120938107,1,93,-0.00754830263165049,0.0371454232452371
10,2504,4,2,4,2.84,0.224908,6.95176601839783,5.5184138159969,1,71,-0.0160432821938815,0.049032248018131
10,2504,4,3,4,3.24,0.270592,7.26871789080269,5.85349907578417,1,91,-0.0205430902436925,0.0408870671682364
10,2504,5,1,5,4.4,0.2971812,9.37197335783315,7.55162498371925,1,98,-0.00392396163695329,0.029177784859155
10,2504,5,2,5,3.96,0.2137032,8.0443163910549,6.73994199366371,1,75,-0.0122103860815889,0.0628756461140627
10,2504,5,3,5,4.12,0.2197692,8.65672152514744,6.83500966887848,1,71,-0.0166899493805855,0.0688666869517526
10,2504,6,1,6,4.72,0.276705,11.1432536435503,8.87480479223406,1,83,-0.016961773889123,0.0558892297490373
10,2504,6,2,6,4.84,0.290280666666667,11.3518312176348,9.02808098176513,1,103,-0.0180624480886532,0.0350954821652226
10,2504,6,3,6,4.16,0.211454,10.3556555503628,8.11957657855709,1,86,-0.0271083261589181,0.0496106323839642
10,2504,8,1,8,6.44,0.24592525,14.7396466994179,11.3254006326008,1,81,-0.0204580810433389,0.0488930618624701
10,2504,8,2,8,6.28,0.257946,14.7673714230421,11.5209102067869,1,89,-0.018658250885564,0.0373421844924782
10,2504,8,3,8,5.68,0.22104675,13.9637360756556,11.01859384098,1,83,-0.0306537866021259,0.0498550019752635
10,2504,10,1,10,7.12,0.225495,17.0559407968462,13.8391395874211,1,94,-0.0293732737825455,0.0443714390463988
10,2504,10,2,10,6.4,0.218224,17.1284821301654,13.7488274533387,1,80,-0.0119583057719352,0.0470206001288255
10,2504,10,3,10,7.28,0.2203796,17.8381788920799,13.7292624198257,1,79,-0.0276734874223891,0.0556924983862213
10,2504,12,1,12,8,0.199099166666667,19.4167799421318,16.0012466108785,1,73,-0.019875851329099,0.0536927695209687
10,2504,12,2,12,7.92,0.198571666666667,19.8825695695653,16.0308442160644,1,86,-0.0267093010156343,0.0461838019258421
10,2504,12,3,12,7.88,0.215336666666667,20.3193834602501,16.3993728877953,1,84,-0.030893426802207,0.0474734021030695
11,2504,2,1,2,1.64,0.26825,3.2957987175791,2.91005097290954,1,46,0.0351879269889539,0.0833120658755011
11,2504,2,2,2,1.2,0.205349,2.8282049874475,2.7110657669231,1,34,0.0254170185362093,0.126837910740182
11,2504,2,3,2,1.88,0.284592,3.71600460512238,2.97863370530281,1,60,0.0123648853977095,0.0582155615291886
11,2504,3,1,3,2.56,0.257963333333333,4.85926787302183,4.29831755483202,1,84,0.000940661338132708,0.0550964530914832
11,2504,3,2,3,2.36,0.243236666666667,4.94673936961186,4.21019761362823,1,71,-0.00580160431327114,0.0422553329313689
11,2504,3,3,3,2.12,0.268002,4.86631228765204,4.43198231912154,1,54,-0.000772447624123779,0.0666053870090457
11,2504,4,1,4,3.72,0.290789,7.08443809916682,5.98240386988449,1,102,-0.0038625497844408,0.0360859262796617
11,2504,4,2,4,2.08,0.1748045,5.47099128939582,5.20200858845563,1,53,-0.00291877904320869,0.0793183073607596
11,2504,4,3,4,2.56,0.1746795,5.52417507360351,5.16535131814546,1,72,-0.0104318593782932,0.0494456324201519
11,2504,5,1,5,4.08,0.257852,8.50649043295781,7.18086983053413,1,114,0.00165175876733281,0.0284517085025262
11,2504,5,2,5,4.04,0.2670428,8.29238490626839,7.33140491223542,1,113,0.0029024059459435,0.0328561015115092
11,2504,5,3,5,4.24,0.2949556,8.86068945557527,7.56130658170008,1,96,-0.00595599111968233,0.0313603540877935
11,2504,6,1,6,4.64,0.261538,9.72399434183434,8.72657559648948,1,125,-0.00940736130294575,0.0284403115648438
11,2504,6,2,6,3.64,0.170965,8.46686116381139,7.7163774878076,1,103,-0.00965871433677003,0.0327065398442587
11,2504,6,3,6,3.44,0.167454333333333,8.06722900051013,7.68203659236235,1,120,0.0015015965891957,0.0328569305125834
11,2504,8,1,8,5.8,0.24117,12.7687678743352,11.3086126253341,1,127,-0.00498246219403858,0.0226080565653035
11,2504,8,2,8,6.16,0.2421035,12.9542080789292,11.329101423224,1,108,-0.00776722086227371,0.026741908889655
11,2504,8,3,8,6.24,0.248757,12.8809045109921,11.4162072975497,1,116,-0.00636690877421549,0.0285437801010241
11,2504,10,1,10,7.88,0.2388308,16.1246093301413,14.0468945572869,1,117,-0.00161033189984958,0.0290067525823092
11,2504,10,2,10,7.24,0.234708,15.8755289421162,14.0342136298676,1,131,-0.0149091157364658,0.0314237888760646
11,2504,10,3,10,7.68,0.2476862,16.0785893051801,14.2868882435838,1,128,-0.00345543990017079,0.0224511821941376
11,2504,12,1,12,8.52,0.225516833333333,18.3219030234378,16.6374957472457,1,129,-0.00701283044737147,0.0269324072549022
11,2504,12,2,12,9.04,0.243679666666667,19.3943677685762,17.0081245243435,1,121,-0.0121564735257595,0.0298650349696824
11,2504,12,3,12,9.44,0.2563205,19.6179525146084,17.2918279448751,1,121,-0.00591521749674697,0.0297838172109717
12,2504,2,1,2,0.36,0.030364,2.09880619532894,2.09327993337931,1,155,-0.043737103145917,0.0679279801003766
12,2504,2,2,2,1.24,0.140519,3.07585930268257,2.43383003585436,1,57,0.0297095536899053,0.121761002758728
12,2504,2,3,2,1.04,0.165328,2.92482577414588,2.56418452789056,1,27,0.0420308688648111,0.191717189328514
12,2504,3,1,3,2.56,0.263539333333333,4.74878174779843,4.35745535930686,1,75,-0.0128904933591245,0.0600417043368629
12,2504,3,2,3,1.72,0.166927333333333,4.05759112137422,3.84119756576456,1,46,0.00818137780031134,0.0891600099367018
12,2504,3,3,3,1.36,0.0988886666666667,3.72038060856352,3.44554564043463,1,49,-0.165166452648223,0.213660709506954
12,2504,4,1,4,2.64,0.2194905,6.51164525998013,5.49100097486321,1,72,-0.0104842239203363,0.0793900483369654
12,2504,4,2,4,3.2,0.2823435,6.47402400521879,5.98574771811164,1,107,0.00551099647494659,0.0337095273139373
12,2504,4,3,4,2.48,0.2121505,5.98124625964276,5.46920706087039,1,71,0.029984199430239,0.062624457066553
12,2504,5,1,5,3.84,0.247126,8.14189094894866,7.10872247332137,1,94,0.00475004556717581,0.034636569545275
12,2504,5,2,5,3.68,0.2461476,7.97733359984084,7.0689381161003,1,92,0.0108480413063188,0.036324879646665
12,2504,5,3,5,3.36,0.2003648,7.20489606941813,6.65470338406529,1,78,-0.00193432122427415,0.0458966177060888
12,2504,6,1,6,4.76,0.262032333333333,10.3068344207908,8.68897911029579,1,94,0.0106388758584395,0.0412840672233475
12,2504,6,2,6,4.44,0.257695333333333,10.312361333005,8.68481969643504,1,104,0.0063846378483261,0.0316865639867345
12,2504,6,3,6,4.24,0.238916,9.18288871663047,8.46450373613201,1,110,0.00584632989841257,0.0286334586416965
12,2504,8,1,8,4.92,0.21050075,12.1362021714308,10.9264444878243,1,111,0.0103410138453504,0.0421409828675394
12,2504,8,2,8,5.88,0.23038975,12.6339185268665,11.1011547115164,1,107,0.00135174121102751,0.0226697286194469
12,2504,8,3,8,5.72,0.2532325,12.7961826244348,11.5464249134812,1,109,0.0129586386732609,0.0373037877314985
12,2504,10,1,10,6.56,0.2190744,15.062447669563,13.7514590067433,1,127,0.0115505734185615,0.0293953308514023
12,2504,10,2,10,6.68,0.2191084,15.4668600702264,13.752397025817,1,114,0.0127746513713842,0.032067720142888
12,2504,10,3,10,6.28,0.1971714,15.4296279221798,13.3409046376352,1,108,0.0171317790429656,0.0389969364944971
12,2504,12,1,12,7.88,0.219534333333333,19.0039328488303,16.5825556446417,1,114,0.0060092347252283,0.0336014784225745
12,2504,12,2,12,7.8,0.207261833333333,18.5527693299072,16.2452379256412,1,106,0.00923888731390219,0.0366775113467494
12,2504,12,3,12,7.72,0.206262166666667,17.7637205565847,16.1912088858961,1,119,0.0119450907551904,0.0291996496361383
13,2504,2,1,2,1.52,0.272516,3.3800290278477,2.94620922867636,1,49,0.0279947234650582,0.100710276855976
13,2504,2,2,2,1.72,0.339318,3.38872869050645,3.20575710277181,1,51,-0.0174879412738468,0.0858876991408124
13,2504,2,3,2,1.6,0.22104,3.76403456131921,2.69488695801653,1,43,-0.0214487005978251,0.114697883177448
13,2504,3,1,3,2.88,0.367842,5.8665692137462,4.96688371994594,1,81,0.00855594890222824,0.04931891963768
13,2504,3,2,3,2.2,0.276188,5.40284617541406,4.47561947110297,1,60,-0.0101990024428217,0.0735173423004504
13,2504,3,3,3,2.4,0.257079333333333,5.19492216199697,4.31763070793362,1,76,0.0177586216383947,0.0520770033612644
13,2504,4,1,4,3.6,0.325347,7.67236869553489,6.31844831018982,1,84,-0.0134196015228028,0.0496799490023247
13,2504,4,2,4,3.24,0.247246,6.95359011378055,5.6562505257937,1,87,-0.0091423173188432,0.0366348348600506
13,2504,4,3,4,3.32,0.271175,7.15272108727699,5.84092910287165,1,95,-0.00219807224059139,0.0469511313498014
13,2504,5,1,5,4,0.2213756,8.94332864929577,6.79410065630676,1,78,0.000324198840014279,0.0544193562634885
13,2504,5,2,5,3.6,0.2004836,8.01984050196649,6.70856896283687,1,78,-0.00957370363620475,0.0618501031440697
13,2504,5,3,5,3.92,0.2573896,8.35068943857119,7.23169000879846,1,97,0.00233521592470322,0.041921617984047
13,2504,6,1,6,4.52,0.230409666666667,10.5825568280507,8.38182370573934,1,65,-0.00194792133849045,0.0516980402229584
13,2504,6,2,6,4.96,0.242174,10.5493350358886,8.38180390224693,1,97,0.00855130926834344,0.0408749377519173
13,2504,6,3,6,5.24,0.332924,11.3271527759715,9.52689534731822,1,113,0.00895617815347224,0.0325224895492013
13,2504,8,1,8,6.48,0.25636675,13.9005080042562,11.4928509072427,1,100,-0.000450423955081741,0.0264302408357707
13,2504,8,2,8,7,0.27168575,14.0050998605171,11.685324506348,1,107,-0.000427258147458838,0.0304775624749057
13,2504,8,3,8,6.76,0.290049,13.8188455948841,12.057808499526,1,116,0.00161629467237711,0.0275140055454508
13,2504,10,1,10,7.96,0.2586432,16.8572252288063,14.5032720070121,1,109,-0.010069108170478,0.0318392188011901
13,2504,10,2,10,7.76,0.2604478,17.4592967591303,14.5209905619883,1,96,-0.00801479647681173,0.0262359048663001
13,2504,10,3,10,7.56,0.2328264,16.795820246067,13.8943303417254,1,97,-0.00780431026712222,0.0360052478217959
13,2504,12,1,12,10.12,0.276621833333333,22.2976989175178,17.6713856464887,1,88,0.00128328769599127,0.0392291086470586
13,2504,12,2,12,9.64,0.270834833333333,22.350288192548,17.614781796807,1,86,0.00703165454879519,0.0302142452722323
13,2504,12,3,12,9.28,0.2341815,21.1413438967107,16.7150843017759,1,80,-0.0152969472483345,0.0401407193798924
14,2504,2,1,2,1.84,0.287794,3.67742033989647,2.96893290566725,1,63,0.00111109049137813,0.0591243334198036
14,2504,2,2,2,1.88,0.317721,3.42388109060775,3.08206965794843,1,50,-0.0440615656677969,0.0925815904032697
14,2504,2,3,2,1.16,0.182641,2.87106434670545,2.62136573164109,1,36,-0.044597655005805,0.174357649702355
14,2504,3,1,3,1.56,0.158119333333333,4.08794997515371,3.79620143157695,1,51,0.0113092826456696,0.0804226650848181
14,2504,3,2,3,2.44,0.254126,5.28984392962775,4.29958030776835,1,77,0.0140688100901765,0.0524464712921882
14,2504,3,3,3,2.56,0.238079333333333,5.06472025870798,4.17407870205119,1,77,-3.35132091122574e-05,0.0398905801929062
14,2504,4,1,4,2.64,0.1879285,6.2072502159667,5.2596723973087,1,54,-0.0211246063803805,0.0744894091535417
14,2504,4,2,4,1.4,0.0809325,5.1217034023646,4.52788996064341,1,46,-0.0476522663416871,0.108389239729539
14,2504,4,3,4,3.68,0.2959505,7.5512610622086,5.97968631479415,1,96,-0.00318741598690961,0.0331230161714045
14,2504,5,1,5,2.44,0.1401432,6.50743385527423,6.17710830674006,1,52,0.0183076403082998,0.0910489497017777
14,2504,5,2,5,3.88,0.2444708,7.32621884018928,7.07920036269785,1,107,-0.00218331299634188,0.039938541944004
14,2504,5,3,5,3.16,0.2096172,7.6418434473031,6.80071079853681,1,101,0.00968458479793024,0.0308579382238196
14,2504,6,1,6,4.28,0.218889333333333,9.85467307640684,8.21184994363417,1,83,0.00216633328539115,0.0414588579845595
14,2504,6,2,6,3.32,0.169412666666667,8.52352810695449,7.72740655493365,1,88,0.000930407777065623,0.0414504386155299
14,2504,6,3,6,4.12,0.20874,9.38365122969781,8.12001542139756,1,105,0.000762073434751482,0.02663883381915
14,2504,8,1,8,5.72,0.226033,12.7972052500569,11.0505556858317,1,108,0.0032847250053161,0.032035163621888
14,2504,8,2,8,5.16,0.19024275,11.5800938700064,10.5692516675261,1,98,0.00279759451356394,0.0343256918748908
14,2504,8,3,8,5.48,0.20158125,12.8405982839807,10.7130045671838,1,104,-0.0086810552082409,0.0297170986840449
14,2504,10,1,10,5.28,0.1541558,14.179153300618,12.5800845735568,1,90,-0.00499095412307695,0.0395009009481284
14,2504,10,2,10,6.12,0.1847678,15.3735494029008,13.1056053201891,1,90,0.00500144349152384,0.0358377862980051
14,2504,10,3,10,5.48,0.1544034,14.6039590891546,12.5871971355505,1,100,-0.00365181215835448,0.0345218733482105
14,2504,12,1,12,8.12,0.207270166666667,18.1069578254483,16.2037437487876,1,118,-0.00127414124670353,0.0262938883754354
14,2504,12,2,12,7.88,0.203481666666667,18.3871169533568,16.1370456891368,1,99,-0.0123310713909264,0.0414773307603052
14,2504,12,3,12,7.32,0.174900666666667,18.0792377285347,15.4900874782717,1,111,-0.00255959860078474,0.0288453754601021
15,2504,2,1,2,1.88,0.363598,3.89600928276116,3.28265343312999,1,68,0.0126525453495847,0.0589318129743878
15,2504,2,2,2,1.8,0.290552,3.38139427051936,3.00478722060156,1,54,-0.00219163999404156,0.0717158080297376
15,2504,2,3,2,1.8,0.308026,3.57458450750692,3.02388190417394,1,56,0.0391575502306433,0.0868599095417058
15,2504,3,1,3,2.12,0.229609333333333,5.12123458972169,4.1592021716397,1,62,0.000713372944906737,0.0615919181051613
15,2504,3,2,3,1.28,0.100933333333333,4.93975020215257,3.4876928692632,1,39,-0.00757772061489499,0.125290132016872
15,2504,3,3,3,2.24,0.226224,5.52459168750884,4.16139116595477,1,67,-0.0224680484677743,0.0750260391757571
15,2504,4,1,4,3.6,0.325933,7.12494738687896,6.27824958121842,1,88,-0.00289101833715205,0.0408527779612906
15,2504,4,2,4,2.04,0.1297175,5.81546329965769,4.84969530232259,1,60,-0.0207464765569432,0.0789515833667991
15,2504,4,3,4,3.24,0.2752695,6.68713743918484,5.92450757752963,1,92,0.0324816335275398,0.0515821663177179
15,2504,5,1,5,3.2,0.2058244,9.0267225138126,6.7828190606374,1,65,0.000103601384395036,0.06303352022663
15,2504,5,2,5,4.2,0.2652388,8.64266165705337,7.24882034696276,1,72,0.00916280609025178,0.0502801275831042
15,2504,5,3,5,4.36,0.2887644,8.51925672572169,7.48684479637784,1,109,0.0102659267183381,0.036817306508483
15,2504,6,1,6,4.36,0.245567333333333,10.0788103027639,8.51948034178348,1,89,-0.000515513995750203,0.0380141333889012
15,2504,6,2,6,4.44,0.246563,10.0061671823017,8.54630064062349,1,92,-0.00291465255523039,0.0434766445820124
15,2504,6,3,6,4.56,0.248167333333333,10.5854355663901,8.547631841631,1,83,0.00663776523765623,0.0457013263907863
15,2504,8,1,8,6.12,0.24032225,13.7270122145084,11.2224220861665,1,90,0.0164820714110651,0.0412734442470585
15,2504,8,2,8,5.76,0.20336925,13.7698398708531,10.7350467331108,1,76,0.00453727996795345,0.0507018523753764
15,2504,8,3,8,5.32,0.20332325,13.6437814029124,10.7789192201122,1,83,0.00236577891071849,0.0463642107661628
15,2504,10,1,10,7.72,0.2393388,16.7564531509264,14.0626000996899,1,87,0.00380487863990197,0.0313375637868873
15,2504,10,2,10,7.68,0.235486,17.3161818673687,14.0193635931892,1,74,0.00796404028709975,0.0502129182289925
15,2504,10,3,10,8,0.2726584,16.5696101433636,14.7059774542971,1,123,0.00373125431651974,0.0310719407820698
15,2504,12,1,12,9.28,0.244778166666667,21.0680374234894,16.9975184740888,1,81,0.00593764630444439,0.0433569080022155
15,2504,12,2,12,9.52,0.2540315,20.3836150344222,17.193055830292,1,89,0.0099716513325525,0.0334538128626121
15,2504,12,3,12,8.88,0.247564833333333,20.996114995797,17.0881543883432,1,73,0.0112681453672642,0.0489595118100905
16,2504,2,1,2,1.52,0.292209,3.52728377919669,3.05346672369244,1,53,0.00553197063306389,0.0723249499812132
16,2504,2,2,2,1,0.16589,2.81900904586238,2.58339049160362,1,49,-0.0045625398768918,0.184890676095242
16,2504,2,3,2,1.08,0.200016,3.01172113707925,2.71151786195566,1,28,-0.0574899415987711,0.187483554209889
16,2504,3,1,3,1.28,0.100982666666667,3.46533861984605,3.480553516488,1,82,-0.0165078832847329,0.0762176399592177
16,2504,3,2,3,2.6,0.291468666666667,5.65024263045689,4.52024270696702,1,83,-0.0148309495827248,0.0461190038570988
16,2504,3,3,3,2.68,0.287174,5.75781332290746,4.48251582159092,1,73,0.00802696554536718,0.0429453318075076
16,2504,4,1,4,2.76,0.212036,6.22355316492071,5.43851244455079,1,72,-0.0337771052986395,0.0929829509502524
16,2504,4,2,4,2.48,0.155568,5.754336945347,5.01839122591732,1,72,-0.033477387716188,0.0639631954391493
16,2504,4,3,4,2.72,0.2129595,6.00654875988972,5.4551481622321,1,77,-0.00139019926542602,0.0498943686502643
16,2504,5,1,5,3.28,0.2017448,7.25299339326476,6.7094271317254,1,102,-0.0142550793183316,0.0431806890716347
16,2504,5,2,5,3.64,0.2323004,8.09951428682795,6.95987161724794,1,71,0.0159667661222308,0.040785873635764
16,2504,5,3,5,2.96,0.1871288,7.9086053270174,6.62017397942886,1,69,-0.0149326619375135,0.0505165950288495
16,2504,6,1,6,4.28,0.203116666666667,9.428572720925,8.00672667818264,1,89,0.00193149289440094,0.0345666643585107
16,2504,6,2,6,3.88,0.192463666666667,9.3302789260526,7.91596870319759,1,95,-0.00329180386946549,0.0349853851700699
16,2504,6,3,6,3.76,0.199719666666667,8.838862888963,8.06947991027084,1,106,-0.00656502819046868,0.0382388611555151
16,2504,8,1,8,5.44,0.20077675,12.2227186667688,10.7041216274288,1,103,-0.0100598089153939,0.0331320104290035
16,2504,8,2,8,4.76,0.158081,11.5404603462762,10.0453027036611,1,93,-0.0186946314330437,0.0442895994303068
16,2504,8,3,8,4.76,0.1683555,11.4217283653632,10.2554533053124,1,93,0.00103960446154543,0.037643818070512
16,2504,10,1,10,5.92,0.1841496,15.0041582474282,13.1399246525538,1,109,-0.00603497441224648,0.0361279134297787
16,2504,10,2,10,7.44,0.2144182,15.6775842652247,13.5638984296149,1,110,8.4591842015715e-05,0.0271897177061026
16,2504,10,3,10,5.48,0.1594348,13.9008487105668,12.658804739947,1,100,-0.00809851961990938,0.0359449915187779
16,2504,12,1,12,7.4,0.185269,17.722081498177,15.7548771655657,1,96,-3.46233036765513e-05,0.0297220178220284
16,2504,12,2,12,7.68,0.190979833333333,17.7257539054963,15.864363108674,1,103,-0.00610983813527467,0.026485727309213
16,2504,12,3,12,8.2,0.216296833333333,18.9871522330439,16.4318487579681,1,100,-0.0114146236431554,0.0285515806256879
17,2504,2,1,2,1.72,0.287351,3.7447739851969,2.98635346567287,1,58,-0.0128025153659226,0.0622731160518596
17,2504,2,2,2,1.32,0.243111,3.21979165166397,2.85175499215114,1,38,0.0461309316262939,0.143144327870428
17,2504,2,3,2,1.84,0.322245,3.99892121909705,3.12609891615226,1,50,-0.0146628052709191,0.0822568238598329
17,2504,3,1,3,2.72,0.349039333333333,5.45846069113379,4.89136193538715,1,81,0.0126873391991247,0.0480520376182817
17,2504,3,2,3,2.56,0.332167333333333,5.22234058003925,4.80723126279054,1,75,0.00415879658116792,0.0519966786380526
17,2504,3,3,3,1.84,0.171079333333333,5.20877178401096,3.85420608622226,1,51,0.0396440578272862,0.0838830684063663
17,2504,4,1,4,3.6,0.3245405,7.4573847902267,6.31225889231429,1,86,-0.00443674352436141,0.035945315881686
17,2504,4,2,4,2.84,0.2354185,7.21560086721424,5.63353526633615,1,64,0.0168720961998381,0.074180689355966
17,2504,4,3,4,3.72,0.3566975,7.44317911320005,6.53844791744354,1,119,0.0046068009076718,0.0362821845910721
17,2504,5,1,5,3.8,0.2587376,8.64369078983098,7.24631913883638,1,81,0.0131387964179437,0.0545260776111214
17,2504,5,2,5,4.08,0.2740112,9.1314944910328,7.36349527831032,1,94,-0.0034847202237126,0.0336163988119916
17,2504,5,3,5,4.2,0.2945492,9.71924707125673,7.56393963353602,1,88,-0.00425497920321457,0.0451485453847212
17,2504,6,1,6,5.32,0.324694333333333,11.3577949635157,9.42187733309048,1,104,-0.00913933461442673,0.030729979233509
17,2504,6,2,6,4.92,0.284844,10.6683914946803,8.99099502937716,1,86,0.00720881531552242,0.0519015780622576
17,2504,6,3,6,4.8,0.281705,11.2118032808035,8.9632020389487,1,90,0.00747333503378079,0.0506304504359878
17,2504,8,1,8,6.44,0.28003725,14.5605168083339,11.9088607969327,1,96,-0.00312062943287468,0.0298587473914981
17,2504,8,2,8,6.12,0.27715375,14.6552815056872,11.8997374603194,1,98,0.0243863949021401,0.0378341810976814
17,2504,8,3,8,6.04,0.244051,13.8644217736049,11.3565564651866,1,99,0.0185857666367677,0.0359331386956676
17,2504,10,1,10,8.04,0.2886622,18.0180986839954,15.0911747159699,1,91,0.0125502756752439,0.0482701408632357
17,2504,10,2,10,8.28,0.2959456,18.0348367680925,15.2227821062496,1,93,0.0130700369837021,0.0505853146877388
17,2504,10,3,10,7.76,0.2735092,17.8563399749364,14.8312676810226,1,89,0.00813602337761467,0.0440498831164684
17,2504,12,1,12,9.92,0.297343333333333,22.0065939286404,18.298734171348,1,94,0.00927810501137533,0.0407915559881182
17,2504,12,2,12,9.64,0.286050166666667,21.7589573266671,18.036158010246,1,91,0.0111369976419237,0.0376855523269387
17,2504,12,3,12,9.72,0.290946833333333,21.2593019416436,18.1591203013633,1,85,0.00846785066786179,0.0418941332700363
18,2504,2,1,2,1.16,0.153938,3.65657565737552,2.50555606377044,1,38,0.0689771704805436,0.164994384145147
18,2504,2,2,2,1.8,0.321365,3.46909482616269,3.15418360727605,1,66,0.0228629411993716,0.0722531706059507
18,2504,2,3,2,1.44,0.211045,3.44702363368101,2.74206780868095,1,45,-0.0139318401372822,0.142836691840965
18,2504,3,1,3,1.6,0.145353333333333,5.63891035920701,3.70383471350054,1,56,0.0052281009388012,0.0941075874280594
18,2504,3,2,3,1.72,0.147586,5.85601090351946,3.6955339388465,1,60,-0.0486929866170249,0.119352281397702
18,2504,3,3,3,1.92,0.183284,4.55063486243029,3.90456793788085,1,60,0.0419773910623729,0.115641003727111
18,2504,4,1,4,3.2,0.237648,6.64390712143322,5.58588759495086,1,102,-0.00428603116985274,0.043187468284531
18,2504,4,2,4,3,0.2220015,6.78582796688649,5.50155913143662,1,82,0.00126878129416882,0.0555471082935263
18,2504,4,3,4,3.44,0.311893,7.92412521706607,6.23655696476266,1,90,0.00018630459281248,0.0361915131789375
18,2504,5,1,5,3.24,0.1978804,8.95236419000394,6.69036034997071,1,65,0.00646388945509354,0.0607032173189882
18,2504,5,2,5,3.4,0.2215208,8.67588409520441,6.90345212757313,1,71,0.018464802202434,0.0615213986534567
18,2504,5,3,5,3.32,0.2396896,9.00758761890004,7.08841696899387,1,73,0.0181921630371443,0.0587333439399535
18,2504,6,1,6,3.88,0.215641666666667,10.0511353402968,8.23841602187036,1,78,0.00485063809665569,0.0495276485904217
18,2504,6,2,6,4.96,0.304514,10.7416247033577,9.22917437302709,1,85,0.00768721285021909,0.0390889079599955
18,2504,6,3,6,4.2,0.213001666666667,9.8186633453864,8.22592649640035,1,75,-0.00227466110413335,0.0618466120191976
18,2504,8,1,8,5.96,0.2438385,13.729811308947,11.4264369064093,1,78,-0.00330822913021679,0.0479117596831744
18,2504,8,2,8,5.8,0.24205725,14.3958651432372,11.3431195440287,1,88,-0.00110888834364693,0.0374706881985717
18,2504,8,3,8,5.76,0.22890875,14.1672612885588,11.1100232094246,1,84,0.00219005146826492,0.0492606466186238
18,2504,10,1,10,7.16,0.2351088,17.4914764630393,14.0577993193512,1,77,0.00315248436081173,0.0504584648751579
18,2504,10,2,10,7.52,0.2269828,16.7549989774846,13.8647517840204,1,95,-0.00991207097940521,0.0346537692410603
18,2504,10,3,10,6.52,0.1844448,17.2147837545877,13.1299051058287,1,79,0.00302670358706578,0.0498636056449223
18,2504,12,1,12,8.32,0.208732,20.6150572460154,16.2245223420841,1,72,0.00704694191901667,0.0498530670080691
18,2504,12,2,12,7.76,0.195132833333333,21.8625314094353,15.9405316518749,1,73,0.00535088056851254,0.0526840785253883
18,2504,12,3,12,8.24,0.220902166666667,21.7515280543937,16.520354265192,1,70,0.00360123617932541,0.0497162922969287
19,2504,2,1,2,0.88,0.111492,2.38130735098023,2.35797159467421,1,61,-0.0330712378820942,0.114033475957214
19,2504,2,2,2,2,0.323774,3.1784721630433,3.09292988170583,1,58,-0.0262344105055503,0.0723253312317593
19,2504,2,3,2,1.12,0.145555,2.72222319515214,2.47501369422942,1,42,0.0814313848983154,0.150766380574945
19,2504,3,1,3,1.44,0.153722,3.98112506270964,3.7871155284319,1,49,-0.00232252043443883,0.0740725030862274
19,2504,3,2,3,2.32,0.25715,4.56903829142731,4.28868283777711,1,71,-0.0158755184309937,0.0458571214888006
19,2504,3,3,3,1.96,0.192840666666667,4.13618769646146,3.95031609924926,1,58,-0.0117081035721373,0.0819327820289898
19,2504,4,1,4,2.72,0.197453,6.58721574838868,5.32509572945498,1,83,-0.011737862116878,0.0590032582970349
19,2504,4,2,4,3.6,0.265305,7.07290429269248,5.79194378194667,1,83,-0.0114795426201174,0.0406696584781058
19,2504,4,3,4,2.52,0.1771325,6.01763297465632,5.16920291839524,1,69,-0.0356899138606596,0.0640634425319008
19,2504,5,1,5,3.96,0.250872,8.32227646290216,7.12352449514938,1,98,-0.0213014500566267,0.0382316471684539
19,2504,5,2,5,3.08,0.1948404,7.97384446134475,6.64135609102281,1,76,0.00825654332123898,0.0569196798573776
19,2504,5,3,5,3.8,0.2546108,8.19835604385543,7.16032786396026,1,112,0.00779488255279029,0.0336592771369855
19,2504,6,1,6,4.88,0.236792666666667,10.0774816711639,8.38718825539681,1,93,-0.0100604504148143,0.0385104201426668
19,2504,6,2,6,4.4,0.229747,9.89768223337447,8.32491491868828,1,78,-0.010833954491543,0.0556566270800662
19,2504,6,3,6,4.28,0.214565333333333,9.33742283607042,8.15919045872515,1,97,0.00385108280328772,0.0393908575760668
19,2504,8,1,8,5.8,0.2192935,12.6100206849581,10.9275900199221,1,99,-0.00884032855791242,0.0475771232205986
19,2504,8,2,8,5.32,0.21469575,11.8984401689508,10.8639986467213,1,97,-0.0160860492363892,0.0433655428588412
19,2504,8,3,8,6.2,0.22652425,12.2169255077681,11.0052220001597,1,114,-0.01451891675927,0.0351822507636005
19,2504,10,1,10,7.08,0.226067,16.0153128520709,13.8279972403198,1,95,-0.00820082655869736,0.0416128439366477
19,2504,10,2,10,7.28,0.2311992,15.6222178608206,13.9072197675502,1,111,-0.0193792081144501,0.0404891078870861
19,2504,10,3,10,6.92,0.2115448,14.8560309362894,13.5234996077785,1,116,-0.0138014256202851,0.0364512952044147
19,2504,12,1,12,9,0.227033833333333,18.689039021689,16.5552792707529,1,105,-0.0108609500719804,0.035834184250228
19,2504,12,2,12,8.36,0.212972166666667,18.7838168037473,16.288899159927,1,99,-0.012613537792859,0.0355811337049312
19,2504,12,3,12,8.88,0.233599,19.7440079830151,16.7496563188121,1,98,-0.0171145453484274,0.0430849330556597
20,2504,2,1,2,1.84,0.288944,3.42727711906479,2.97909691749862,1,62,-0.00928777226833842,0.0755311883274166
20,2504,2,2,2,1.48,0.143813,3.07571789971152,2.43909358897533,1,61,-0.032571680521481,0.0947532489428868
20,2504,2,3,2,1.8,0.327533,3.96309987272561,3.12898376261386,1,54,1.96139931886079e-05,0.0719049107715952
20,2504,3,1,3,2.44,0.248094,4.67656594787639,4.23238341454154,1,92,-0.0086846753350002,0.0500262542601122
20,2504,3,2,3,2.16,0.178512,4.82591631059152,3.86204632881359,1,63,0.0057310768393579,0.056556000511841
20,2504,3,3,3,2.64,0.235926666666667,4.68434270545075,4.15671027264994,1,99,0.00746301415369392,0.0410239970387655
20,2504,4,1,4,3.16,0.271025,6.99896205663594,5.86622996645122,1,84,-0.0158500223628953,0.0424755930131624
20,2504,4,2,4,2.88,0.223022,6.40970160206785,5.49357167236661,1,85,-0.0115530397897602,0.053476222264699
20,2504,4,3,4,2.72,0.204287,6.33127736137331,5.33498186291555,1,71,0.0125179131540551,0.0554424502468184
20,2504,5,1,5,4.44,0.3022036,9.29900135524588,7.59499734390571,1,98,-0.00777725848023934,0.032942376639356
20,2504,5,2,5,3.56,0.2033744,7.55451093555083,6.68289247935636,1,92,0.00423569985510485,0.0402253852960295
20,2504,5,3,5,3.32,0.2028224,7.91616685241618,6.72292423945496,1,78,-0.00202234000532188,0.0421014304167553
20,2504,6,1,6,4.88,0.273568666666667,11.2014763783538,8.80948976780558,1,85,-0.0120722012494295,0.0363173449978344
20,2504,6,2,6,5.16,0.269319333333333,10.6082408147785,8.7121673229044,1,98,-0.00622346366019801,0.0322343001863692
20,2504,6,3,6,4.48,0.219830666666667,10.1806621614905,8.19008604055614,1,98,-0.00983932104222356,0.0287644612673213
20,2504,8,1,8,6.24,0.25764025,14.1065594559603,11.4969135990644,1,116,0.0119285047408497,0.0311949672058069
20,2504,8,2,8,6.24,0.25357575,13.8166542058972,11.4251317409872,1,124,0.00293697703673325,0.0258786636892229
20,2504,8,3,8,6.12,0.241361,13.597871653543,11.2705003954466,1,117,0.000159398689534707,0.0265582488016081
20,2504,10,1,10,7.08,0.205689,15.9526703319183,13.3989267209234,1,107,-0.00510675264464408,0.0268087539961827
20,2504,10,2,10,7.84,0.249765,17.0529580971079,14.2295854875359,1,119,-0.00741803719111382,0.0213471738170157
20,2504,10,3,10,7.76,0.244813,16.9552995741051,14.1602866977985,1,111,-0.0120524519224435,0.0253464787110719
20,2504,12,1,12,8.96,0.244042833333333,20.7580773008569,16.9704163054475,1,97,-0.0084574395463978,0.0311896265211
20,2504,12,2,12,9.36,0.245172,20.8712405588412,16.97078628854,1,104,-0.0114976557968356,0.0269041082452705
20,2504,12,3,12,9.16,0.249996333333333,21.0620269102968,17.0892157158879,1,104,-0.00287679360563524,0.0265111583553051
21,2504,2,1,2,2,0.320784,3.5031043899012,3.10973115707157,1,53,-0.0035192305155434,0.0597734359292859
21,2504,2,2,2,1.12,0.166834,3.84559248435663,2.57375412981644,1,64,-0.0516155390062831,0.107653978610098
21,2504,2,3,2,1.2,0.203161,3.60751555244011,2.69453135931832,1,57,0.094984703898356,0.15148284384976
21,2504,3,1,3,2.36,0.232890666666667,5.03300900424852,4.19488137613138,1,81,0.0111728349357523,0.0553057084031458
21,2504,3,2,3,2.92,0.291773333333333,5.049601093807,4.45547560916942,1,76,0.0026590580740886,0.0543533244395346
21,2504,3,3,3,2.88,0.339168,5.25473035295957,4.77010098490252,1,111,-0.000768329397582989,0.0304215083230263
21,2504,4,1,4,2.8,0.224552,6.93003283609496,5.54832906243098,1,74,0.010863189379332,0.0567874275422938
21,2504,4,2,4,3.44,0.2917265,7.1162982606639,6.01187862932667,1,78,-0.00884654652032242,0.0391685093421261
21,2504,4,3,4,3.36,0.2925565,7.5681933035747,6.04231356727127,1,77,-0.000744163040844055,0.0464004689230278
21,2504,5,1,5,3.56,0.1877692,8.64887602702129,6.56365657887562,1,76,-0.0030379563778783,0.0538560921025399
21,2504,5,2,5,3.76,0.257172,9.05903577388398,7.22623387713371,1,74,0.0115549734912628,0.04273792228914
21,2504,5,3,5,3.32,0.2009736,8.88031059780977,6.71212507754874,1,75,0.0115182838921893,0.044728582139523
21,2504,6,1,6,5,0.286593333333333,10.8243949591973,8.97048781837215,1,110,-0.00859020812484626,0.0239481117164081
21,2504,6,2,6,4.72,0.260686,10.530709533614,8.67772474769398,1,80,-0.00115904912615574,0.0386442016702132
21,2504,6,3,6,4.2,0.200676333333333,10.6548034588182,7.9779957925267,1,66,0.0143751487845785,0.0493243658932854
21,2504,8,1,8,5.92,0.234366,14.2150502509397,11.2269255656203,1,97,0.000685610198383277,0.0285075011233507
21,2504,8,2,8,6.32,0.24948125,13.5440836841368,11.4231680665122,1,96,-0.00772658367345837,0.0318097832038385
21,2504,8,3,8,6.08,0.2458125,14.7640617861257,11.3831114284502,1,79,-0.00509251183808765,0.0457288837796626
21,2504,10,1,10,7.28,0.2312616,17.64286781775,13.9738539751256,1,75,0.00308546115416626,0.0432859448461689
21,2504,10,2,10,7.68,0.240191,18.1453947946701,14.0755686982808,1,69,0.00718951084453205,0.0443394090858052
21,2504,10,3,10,7.28,0.2217684,18.022812504622,13.7889459920093,1,92,0.00192551875608122,0.0348678615796024
21,2504,12,1,12,9.32,0.2483275,21.1305556765178,17.1049967169341,1,91,0.0039038867782388,0.0305209645896622
21,2504,12,2,12,9.16,0.254036666666667,22.0863026773939,17.2648057077929,1,80,0.000536446784749025,0.0307059371221978
21,2504,12,3,12,9.12,0.237459166666667,20.7899188232827,16.8575651245494,1,80,-0.00146464146717598,0.0366451895027145
22,2504,2,1,2,1.6,0.266212,3.58909624579981,2.895231353104,1,58,0.00716180272159127,0.0797692192790209
22,2504,2,2,2,1.84,0.327411,3.36748722669998,3.14735012772645,1,67,-0.00850609901915187,0.0610333391121908
22,2504,2,3,2,1.84,0.330117,3.57189270592886,3.13628564165392,1,57,0.0204543232779271,0.0686096888245035
22,2504,3,1,3,2.8,0.292315333333333,4.79322283618214,4.4932715683068,1,88,-0.0174019148288134,0.0542002735622399
22,2504,3,2,3,1.76,0.164278666666667,4.74492233551824,3.80320534363583,1,60,0.0219964369735171,0.105434994756663
22,2504,3,3,3,1.68,0.12403,4.28032325271755,3.59900391075683,1,53,0.0373638973015863,0.14460574375466
22,2504,4,1,4,3,0.2507875,6.14173046305186,5.70778206597541,1,91,-0.00360277856413048,0.0434139327085751
22,2504,4,2,4,3.2,0.253014,6.29900852637032,5.73352077750152,1,89,-0.00991412547216296,0.0461628796412966
22,2504,4,3,4,3.28,0.306536,7.01097831954048,6.14587961480824,1,78,0.00507042808781095,0.0489046079360089
22,2504,5,1,5,3.44,0.2283508,7.81129777853679,6.92987533889523,1,89,-0.00157160651907835,0.0381345832186867
22,2504,5,2,5,3.56,0.232898,7.67077902012451,7.02819888241744,1,102,-0.000825559827442451,0.0359116852423295
22,2504,5,3,5,3.16,0.1834104,6.95754077625951,6.54630540754595,1,73,-0.0150213376860929,0.0522497989867993
22,2504,6,1,6,5.08,0.280792,10.5076007003693,8.91285603250543,1,103,0.000693137191819247,0.0280293168007958
22,2504,6,2,6,4.72,0.259471333333333,10.5998292011442,8.64234271284209,1,91,-0.0120052918505185,0.0372093375729288
22,2504,6,3,6,5.08,0.277888333333333,10.310508662078,8.82622586478134,1,94,-0.016143304932178,0.0418423590182591
22,2504,8,1,8,6.04,0.23567475,13.4674853475543,11.2131589873725,1,89,-0.00519393498277617,0.0422782830750033
22,2504,8,2,8,5.92,0.260351,13.9895932959214,11.6446379492368,1,93,-0.00154046293804066,0.033619757568249
22,2504,8,3,8,6.6,0.2719825,13.1301490639225,11.7331437264673,1,103,-0.00781828682918816,0.0384729804289955
22,2504,10,1,10,7.28,0.222987,15.7451822471074,13.7406441839776,1,111,-0.00995750983526316,0.0226792497831696
22,2504,10,2,10,8.52,0.2994222,17.3043271873934,15.165092615101,1,115,-0.00374140441675559,0.0286289206291905
22,2504,10,3,10,8.28,0.2922372,17.4312151028925,15.040733916878,1,108,-0.00494987604829007,0.0249036594121134
22,2504,12,1,12,9.92,0.277795333333333,20.1275795105234,17.77960492554,1,119,-0.00285144372790816,0.0282150697168569
22,2504,12,2,12,9.2,0.248258666666667,20.2757347628027,17.0326888819493,1,99,-0.0153738262992704,0.0385416880807051
22,2504,12,3,12,8.88,0.2292795,19.6581378126713,16.6350568733144,1,96,-0.014435133940144,0.03839242577959
23,2504,2,1,2,0.48,0.05495,2.14905546022536,2.16270084752508,1,64,0.0352203474589778,0.175174233433771
23,2504,2,2,2,1.64,0.240299,3.18378853139029,2.83995742238114,1,53,0.0158220971547955,0.0743339197277328
23,2504,2,3,2,1.28,0.187106,3.03348238758532,2.64342943484557,1,66,0.0251005148141061,0.132192499942639
23,2504,3,1,3,1.8,0.191428,4.25712168218479,3.96292430178062,1,42,0.0100025648636602,0.118443007261333
23,2504,3,2,3,2.12,0.235166,5.51683911426737,4.20528814835294,1,61,-0.0177305214358103,0.0661020558840335
23,2504,3,3,3,2.88,0.349858,5.6627094384019,4.82724357412847,1,91,0.0129516912584111,0.0415299445139168
23,2504,4,1,4,3.12,0.2487825,7.09139492233159,5.70755226582127,1,90,0.00784020066034512,0.0353141487900432
23,2504,4,2,4,1.84,0.1420195,5.50077943436773,4.96871951554314,1,58,-0.0105139391270247,0.0798329305419598
23,2504,4,3,4,2.88,0.2233,6.08890078938147,5.56270554843184,1,73,-0.0202785541384148,0.0437754473207381
23,2504,5,1,5,3.92,0.260986,8.73548292678392,7.26742408526448,1,87,-0.010587258912785,0.0399319293390554
23,2504,5,2,5,3.48,0.1982028,7.95350213817598,6.66389432727751,1,75,-0.0104038952360111,0.0529297858028884
23,2504,5,3,5,3.88,0.2171908,7.89254880598675,6.81475940832702,1,97,-0.00363614550487474,0.0370146757300465
23,2504,6,1,6,3.32,0.149868,7.8100542338422,7.47971963638373,1,104,0.00558419895485696,0.0374246934575671
23,2504,6,2,6,5.04,0.274868666666667,11.0504137492247,8.88022874088033,1,114,0.000135872420076472,0.0237470802842939
23,2504,6,3,6,3.96,0.20743,9.05934392731074,8.13643393734823,1,102,-0.000584364824700854,0.0282156232527167
23,2504,8,1,8,5.32,0.19555475,12.1746912206375,10.6491314869326,1,108,-0.00141766537389395,0.0338289909909477
23,2504,8,2,8,5.72,0.24112325,13.5170683729526,11.3204156124809,1,103,0.00211402092267281,0.034955526093624
23,2504,8,3,8,5.28,0.1912615,12.3745941613887,10.6061661834102,1,104,0.00635619919398462,0.0306580147159293
23,2504,10,1,10,7.48,0.2324498,17.1856124871479,13.981100941685,1,101,-0.00286069911576813,0.0281298874378615
23,2504,10,2,10,6.76,0.2289428,16.1673232655491,13.951196744527,1,103,0.00733218114383986,0.0329366366519654
23,2504,10,3,10,6.64,0.2117686,15.6723230930718,13.6270438754516,1,124,0.00737756866697607,0.0188511358176067
23,2504,12,1,12,8.36,0.209514,19.7186805176741,16.2714698915964,1,106,0.00567937198199441,0.0227577537598745
23,2504,12,2,12,7.72,0.191565166666667,17.788801091092,15.8973829035203,1,106,-0.00257518082955219,0.0273841950258377
23,2504,12,3,12,8.28,0.221273,18.8200869051975,16.5697295941091,1,103,-0.00251641634114361,0.0280290381246996
24,2504,2,1,2,1.92,0.347155,3.59192346588838,3.21246614390779,1,66,-0.000622986980390884,0.0623327814017878
24,2504,2,2,2,1.6,0.303838,3.4138927152129,3.0833378004126,1,52,0.000847952755062435,0.0970052460189615
24,2504,2,3,2,1.64,0.26896,3.90987068239322,2.9297648163266,1,54,0.00365075381660625,0.0744405013630157
24,2504,3,1,3,1.96,0.189099333333333,4.04234649012587,3.93227260796288,1,65,0.0151221584591548,0.0884577613514356
24,2504,3,2,3,2.24,0.238233333333333,5.19791353696956,4.22059906643944,1,67,-0.00958147165329662,0.0697482701318115
24,2504,3,3,3,2,0.222975333333333,5.64739543534837,4.15564798389233,1,59,0.0199432084926944,0.102383406566729
24,2504,4,1,4,2.28,0.189747,6.18357958328502,5.31926929975924,1,45,0.010581790839595,0.0953984233716653
24,2504,4,2,4,3.8,0.346257,7.03998262910488,6.40257467567571,1,108,-0.00455590356685902,0.0371579156830681
24,2504,4,3,4,2.88,0.223596,6.71523115056181,5.53332214339914,1,75,0.0207607294434318,0.0529124354297815
24,2504,5,1,5,3.28,0.1775012,7.9406505255062,6.48124063395688,1,76,0.00111164506472553,0.052043183706016
24,2504,5,2,5,2.8,0.1560296,8.03561916828948,6.33114788033822,1,64,0.0164972261054753,0.054800035787534
24,2504,5,3,5,3.76,0.2460128,8.93825933989479,7.11185840269003,1,71,-0.0190511695315441,0.0530815753531003
24,2504,6,1,6,4.8,0.262959666666667,9.76593447583092,8.75607518802961,1,105,0.00438932600399035,0.0344655354525402
24,2504,6,2,6,3.88,0.220194,10.1932328520027,8.32519078459908,1,63,0.0038361701604537,0.0498143365675868
24,2504,6,3,6,4,0.218050333333333,10.1079135062189,8.2448203674938,1,84,0.00950373880385869,0.0575277936080348
24,2504,8,1,8,4.8,0.182342,12.7599015616208,10.5161951365958,1,68,0.00560521403108519,0.0587850091390907
24,2504,8,2,8,3.84,0.13028775,12.0425251654912,9.75516045823635,1,54,0.0369730691644164,0.0835909195419964
24,2504,8,3,8,4.92,0.18632825,11.6082245367765,10.5379451695255,1,87,0.0227444399968908,0.0457569231935225
24,2504,10,1,10,6.8,0.2246508,16.6745132465943,13.8982563674037,1,78,0.00832393025504241,0.0450662352640054
24,2504,10,2,10,7.2,0.246259,16.3359880961738,14.2663845265046,1,90,0.0307798815011877,0.0483115981299589
24,2504,10,3,10,7.68,0.2593844,17.0057920780232,14.5010131033382,1,93,-0.0120476642677399,0.0321685855743276
24,2504,12,1,12,7.84,0.209494166666667,19.444139276356,16.3490365874529,1,83,0.0100058791719505,0.0422925037594286
24,2504,12,2,12,9.24,0.256415666666667,20.2381873773369,17.3619519338245,1,93,-0.00924410444210838,0.030194806608803
24,2504,12,3,12,8.36,0.235791333333333,19.2511483123721,16.9165359465899,1,80,0.0141691074751549,0.045386106795648
25,2504,2,1,2,1.28,0.192394,3.18248542742856,2.63924555045868,1,47,-0.0175057739225296,0.0895387671982912
25,2504,2,2,2,1.6,0.271584,3.14936434369625,2.93859511982987,1,65,0.0108835175812471,0.0698155394681699
25,2504,2,3,2,1.48,0.233659,2.93956787247201,2.792718142611,1,49,-0.00321309205189574,0.101636440997735
25,2504,3,1,3,1.48,0.15838,4.35569013242181,3.79674196994424,1,63,0.102299853219849,0.142006265732691
25,2504,3,2,3,2.4,0.284295333333333,4.74473497386091,4.49140696323267,1,88,0.00694519806495292,0.0422556739452275
25,2504,3,3,3,1.4,0.164113333333333,4.10537346252687,3.85228813787805,1,43,0.042060514438019,0.110611610647305
25,2504,4,1,4,3.2,0.2826065,6.51258727116014,5.9626579413018,1,110,0.0113433581929284,0.033412731644907
25,2504,4,2,4,3.24,0.25258,6.74301793686715,5.66090138442433,1,90,0.00276285641906436,0.0554278971685344
25,2504,4,3,4,2.24,0.17737,6.28006322989187,5.172622832374,1,85,0.0131426120540138,0.0601524168628946
25,2504,5,1,5,4.32,0.3096368,8.45677545845656,7.70783868332468,1,105,0.00686466364266883,0.029241258602138
25,2504,5,2,5,3.76,0.2762976,8.10686371054409,7.43846476542929,1,104,-0.00603759714224588,0.0361329974184898
25,2504,5,3,5,2.92,0.2023156,7.01415204588359,6.7525169057485,1,90,-0.0166092736711553,0.0499213816060852
25,2504,6,1,6,4.88,0.285997,10.2422454582374,8.97183273567291,1,113,0.00378699096385379,0.0416116850434995
25,2504,6,2,6,4.32,0.247475333333333,9.66375267168484,8.5522733387832,1,88,-0.00801827809142616,0.0404004721062085
25,2504,6,3,6,4.56,0.247569666666667,9.7373694869698,8.50566564428055,1,98,0.00236081219811793,0.0438469402271889
25,2504,8,1,8,5.2,0.225619,12.4966526696594,11.1019773994422,1,91,0.00443334282528146,0.0432163822884678
25,2504,8,2,8,5.48,0.2240195,12.6951420146237,11.0239515898403,1,98,0.00364216276090537,0.0318385264700135
25,2504,8,3,8,5.28,0.22006975,12.7731868735785,10.9714052171237,1,89,0.00354594917775792,0.0505790609413974
25,2504,10,1,10,6.84,0.2210546,15.6467932110477,13.7339282033042,1,112,0.00150693874314874,0.0299561515043921
25,2504,10,2,10,7.56,0.2547398,15.9472873820228,14.3632804649596,1,125,0.0116982069940682,0.0274667579279236
25,2504,10,3,10,6.96,0.2209208,15.4007195303268,13.7168422498185,1,110,0.0114212464161942,0.0291049478226516
25,2504,12,1,12,8.6,0.236615333333333,19.3258782991724,16.8245877373072,1,114,0.0125215711474532,0.0286807066464786
25,2504,12,2,12,8.12,0.228633833333333,18.9663022932718,16.6850981677451,1,101,0.00710638197521472,0.0293280940899107
25,2504,12,3,12,9.72,0.276356166666667,20.7299096633073,17.6805807926136,1,105,0.00328383678375412,0.026836846702299
26,2504,2,1,2,1.84,0.273329,3.80243986841094,2.91544679187875,1,72,-0.017338437914284,0.049680522743013
26,2504,2,2,2,1,0.159358,3.19207965654116,2.53309075631567,1,24,-0.0728001421983885,0.202049790232294
26,2504,2,3,2,1.28,0.250702,3.08361788013204,2.8912774171896,1,37,0.0379428025045971,0.127461742618452
26,2504,3,1,3,2.76,0.249888,5.27249643515948,4.20166018716101,1,83,0.00329844254461218,0.0507516318372013
26,2504,3,2,3,2.56,0.303170666666667,5.34922615327733,4.56783128160497,1,78,-0.00258020892369074,0.0524572523984395
26,2504,3,3,3,2.36,0.255,5.29371786982537,4.27911285393533,1,62,0.00343973156825086,0.0575716483886308
26,2504,4,1,4,2.76,0.207068,7.05685249654676,5.37652871898742,1,79,0.00103859535074345,0.049865276215618
26,2504,4,2,4,3.08,0.258424,7.41471170741256,5.7730269387059,1,67,0.00926761646124488,0.0498500511120055
26,2504,4,3,4,3.72,0.3131535,7.77031642103361,6.14689668862922,1,105,0.00575892505232352,0.02986992356429
26,2504,5,1,5,2.8,0.1834604,7.50098378026178,6.56221022464487,1,96,0.00400138856563116,0.0445764644406422
26,2504,5,2,5,4.12,0.2945796,8.62655832319983,7.56509414127592,1,94,0.00933066713997751,0.0365128985772814
26,2504,5,3,5,3.2,0.2250288,7.89038863126452,6.97394374452414,1,73,0.00245461768970279,0.0501180349656947
26,2504,6,1,6,3.8,0.177146666666667,8.8824088821186,7.73905357032667,1,94,-0.00341303951335057,0.0344833954706747
26,2504,6,2,6,4.32,0.222137666666667,9.4778766767722,8.24131362798724,1,93,0.00776646387777394,0.0360484381101324
26,2504,6,3,6,5.56,0.292255666666667,10.7541749277051,8.89793342407765,1,119,-0.000615624854407732,0.0219645553253552
26,2504,8,1,8,6.32,0.26821725,14.2539716696085,11.6797030640592,1,97,-0.00635718084088883,0.0331970394986636
26,2504,8,2,8,4.96,0.1948,13.1643968631157,10.6225336439515,1,76,0.000949013677378449,0.0508388845633799
26,2504,8,3,8,5.56,0.22129475,13.0858020353521,10.9984775214491,1,101,0.00346252515237256,0.0357107075131485
26,2504,10,1,10,7.92,0.2711148,18.1336607308558,14.6183523263911,1,107,0.0045119215598956,0.0272709303878249
26,2504,10,2,10,8.04,0.2433628,17.0759634337155,14.0320743171463,1,112,-0.000586561638466758,0.0240512868078267
26,2504,10,3,10,7.76,0.2374288,17.0676075123706,13.9557536537074,1,103,-0.00473908419085543,0.0249377352322405
26,2504,12,1,12,8.92,0.219555,20.3381512350628,16.341329427731,1,110,0.00601214278301895,0.0234432610702579
26,2504,12,2,12,9.92,0.274657,20.9173436439606,17.6337922671236,1,108,-0.00256392703260331,0.022412288106504
26,2504,12,3,12,8.08,0.215776666666667,18.9700235190291,16.3986809269294,1,99,0.00204556736446402,0.0342017935360121
27,2504,2,1,2,1.32,0.173427,2.96285842809889,2.52713553095198,1,62,-0.0727779401920433,0.136051794060599
27,2504,2,2,2,1.04,0.101714,2.26588536841487,2.2861632352263,1,68,-0.0304555288132543,0.0904418171005568
27,2504,2,3,2,1.28,0.162134,3.0241130202957,2.4925375774504,1,98,0.0452253630517129,0.0784383541225554
27,2504,3,1,3,2.24,0.233692,5.06709770506524,4.16811743148596,1,68,0.00850734031109102,0.0497009750892725
27,2504,3,2,3,1.8,0.139206,4.045121013211,3.64466114048885,1,61,-0.00705937454241956,0.0841152042251815
27,2504,3,3,3,2.6,0.275670666666667,5.42647586800227,4.4085064120488,1,76,4.5064941456392e-05,0.0483874568593832
27,2504,4,1,4,3.04,0.2547285,7.34022067119721,5.74286724632128,1,74,0.00850641480095102,0.0519755005632235
27,2504,4,2,4,2.92,0.2062535,6.28432914725371,5.35116558361421,1,69,0.00449041068555023,0.0508874507517065
27,2504,4,3,4,2.96,0.1949075,6.81855393922225,5.24546113124344,1,81,0.00753400723875476,0.035015818281285
27,2504,5,1,5,3.92,0.2318752,7.87110496750261,6.93243545122489,1,104,0.000198960146539907,0.034214350933471
27,2504,5,2,5,3.28,0.1752108,8.01987933069678,6.37734231301338,1,97,0.0185043958741328,0.047535509796392
27,2504,5,3,5,4,0.2523832,8.42918336868865,7.14442161076028,1,112,-0.000899230029130857,0.0353439650817795
27,2504,6,1,6,4.48,0.239555666666667,10.2404512702514,8.43398569377666,1,82,0.00851809001228527,0.0367967331851974
27,2504,6,2,6,4.48,0.234453666666667,9.66063789964587,8.36459552491864,1,106,-0.0115473238056918,0.0403307128937468
27,2504,6,3,6,4.24,0.211358,9.53788697645589,8.10180352177284,1,87,-0.00809208238094075,0.0479116546492159
27,2504,8,1,8,5.8,0.226584,14.0446160685092,11.0952693251243,1,98,0.00143696225700841,0.038954652334478
27,2504,8,2,8,5.68,0.21232075,12.5475280513937,10.809238107275,1,107,-0.0038643284549486,0.029968257067825
27,2504,8,3,8,5.84,0.22239175,12.9544225404349,10.9008930667569,1,90,-0.0013487104126485,0.0345094908275717
27,2504,10,1,10,7.08,0.2147082,16.4779372810365,13.5884514860887,1,97,0.00235546754609303,0.0296600941068138
27,2504,10,2,10,7.16,0.2138598,15.7543677003137,13.5007913713138,1,115,0.00546955295900156,0.0252536866487377
27,2504,10,3,10,7.2,0.2170722,16.7059315299961,13.5635161023892,1,108,0.00972116787011242,0.0292505956400347
27,2504,12,1,12,8.64,0.219465166666667,19.863070018421,16.3970971240159,1,89,0.00879627567932395,0.0397078032798468
27,2504,12,2,12,9.04,0.226943166666667,20.0417253049458,16.5137001147014,1,107,0.000698085998616234,0.0342398396799692
27,2504,12,3,12,9.12,0.2389785,20.6051613627536,16.8014225050973,1,99,-0.00053526529153816,0.0336189269199806
28,2504,2,1,2,1.52,0.280923,3.39529416120026,3.0055703877811,1,54,-0.00924958919111087,0.103428393641513
28,2504,2,2,2,1.56,0.299541,3.26864176610249,3.08747462198159,1,51,0.00432389240079216,0.0843886120771575
28,2504,2,3,2,1.16,0.209638,3.40875798862213,2.72814352514858,1,41,0.0542591934948465,0.133765026128858
28,2504,3,1,3,2.12,0.232229333333333,5.91331761119229,4.20491076288863,1,62,-0.00506264372352017,0.0599013202816121
28,2504,3,2,3,1.72,0.179244,5.33650420962266,3.90996304530906,1,50,-0.0108894201615327,0.0751118872351977
28,2504,3,3,3,1.8,0.188274666666667,5.01483225539856,3.96449079714797,1,50,0.00128560533054526,0.107081031419242
28,2504,4,1,4,2.6,0.2133075,7.60130672156827,5.47715841731861,1,66,-0.00179914046795154,0.0632309676831738
28,2504,4,2,4,2.92,0.2279115,6.60804272405708,5.52276653254696,1,94,-0.00482529048014223,0.0434878570564421
28,2504,4,3,4,2.6,0.2122445,6.80170659473907,5.44675576887332,1,70,-0.00380340427417708,0.0472852459056233
28,2504,5,1,5,4.08,0.2787148,8.31017852251899,7.4123897324235,1,110,0.00830507369764817,0.0333980332933271
28,2504,5,2,5,3.4,0.2275064,8.39517663125358,6.92882298473817,1,88,-0.00500835059561967,0.0379736566847368
28,2504,5,3,5,3.48,0.1929952,9.40586925827904,6.58794524906823,1,71,-0.0183520582441483,0.0594024336646761
28,2504,6,1,6,4.28,0.245805666666667,10.7122728938935,8.57125981386734,1,91,0.00692606252983188,0.0332794083112088
28,2504,6,2,6,4.24,0.224210666666667,10.1781004820113,8.25200373065341,1,109,-0.00123800362318366,0.0315381997071739
28,2504,6,3,6,5.44,0.300966333333333,10.8141358322055,9.09822975933998,1,114,-0.000375251240898255,0.0325316260397653
28,2504,8,1,8,5.76,0.23259725,13.7055259161055,11.1801300405393,1,104,0.0112363858503113,0.0297119063067177
28,2504,8,2,8,5.48,0.217712,13.0518310378495,10.9383548527362,1,98,0.0014119635756275,0.0356155763164532
28,2504,8,3,8,5.72,0.23008425,14.1948471967661,11.1318756716514,1,99,-0.00333812285348475,0.0334564794310974
28,2504,10,1,10,7.32,0.2327038,17.2295057344949,13.9101121039669,1,102,0.00408751071626312,0.0318462438449858
28,2504,10,2,10,7.04,0.2350612,16.7244834634118,14.0776186106249,1,102,0.00489490373372055,0.0245232993630544
28,2504,10,3,10,7.12,0.2299846,17.2001514782056,13.9179144874042,1,95,-0.00147230703465476,0.0308954545155698
28,2504,12,1,12,8.2,0.228669333333333,20.2186377167224,16.7232358165864,1,106,0.0019810405823621,0.030815788808426
28,2504,12,2,12,8.32,0.222881166666667,20.385044610823,16.5278611783641,1,92,0.000681956166389368,0.0333001212478946
28,2504,12,3,12,9.28,0.247820333333333,20.1718395160093,17.0562624406144,1,108,0.00228509596450618,0.0232960461638897
29,2504,2,1,2,1.68,0.288106,3.29610733370234,2.99944691957191,1,52,-0.0233948875328341,0.0932564694281726
29,2504,2,2,2,1.8,0.253455,3.22704437739906,2.84063400335261,1,67,-0.00064647309566296,0.0554782651377308
29,2504,2,3,2,2,0.404563,3.73214383810604,3.4583053670887,1,64,0.0182088211174697,0.0709844700120712
29,2504,3,1,3,2.24,0.270008666666667,4.63236011962958,4.41182886988736,1,82,-0.00181045344883762,0.0503388809911318
29,2504,3,2,3,2.52,0.269334666666667,5.66242101996433,4.35078804689173,1,65,-0.0222681945886826,0.0631370117208799
29,2504,3,3,3,2.44,0.315675333333333,5.41225453228019,4.6805861833752,1,74,0.00295706794094072,0.0445920678963589
29,2504,4,1,4,3.48,0.3306435,6.99282327329637,6.36358392441449,1,102,0.00257325685538689,0.0481877448848414
29,2504,4,2,4,3.2,0.2715875,7.23415001616389,5.85400832968913,1,82,-0.00410201162439005,0.0404534916665973
29,2504,4,3,4,3.12,0.2256785,6.23357310186524,5.48306531531777,1,71,-0.00214394371479779,0.0628655391885659
29,2504,5,1,5,3.88,0.243528,8.09519435654319,7.03499165516452,1,98,0.00846890925622865,0.033312715415377
29,2504,5,2,5,4,0.2930936,8.24811096621166,7.59289213976851,1,103,0.000164549724475401,0.0424677413221427
29,2504,5,3,5,4.08,0.3058124,8.5681614921106,7.7181284500231,1,113,-0.000643265801196896,0.0408010228021236
29,2504,6,1,6,4.76,0.280908666666667,10.4222310577268,8.91752261582755,1,114,0.0121324591588182,0.0322537756670578
29,2504,6,2,6,4.76,0.294398666666667,10.6129202644937,9.09630697013837,1,82,-0.0161121139415284,0.0462974521297796
29,2504,6,3,6,5.2,0.287572,10.4365197587901,8.94742644488067,1,111,0.00931836274484061,0.030306096459464
29,2504,8,1,8,6.16,0.25981575,13.3868695923202,11.5882552209472,1,109,0.00155847099988802,0.0325062664374914
29,2504,8,2,8,6.92,0.319397,13.8736701490259,12.4934794748187,1,138,0.00524992077649724,0.0285422729004803
29,2504,8,3,8,6.36,0.262548,13.1591332033673,11.5831513649251,1,116,0.00398054560881834,0.0286827932100157
29,2504,10,1,10,8.28,0.2866084,17.1321356699469,15.0115410126164,1,122,0.00157997547060109,0.0240076061527485
29,2504,10,2,10,8.24,0.2635892,16.9817812580273,14.4809079474509,1,121,0.00382552325323083,0.0222516476766998
29,2504,10,3,10,8.08,0.2796138,17.2298198974516,14.8644824322238,1,116,-0.00462553013787566,0.026046750241068
29,2504,12,1,12,10.44,0.293746666666667,21.3893535459447,18.0953487492932,1,123,0.00553520731894719,0.0259519582052448
29,2504,12,2,12,9.96,0.284044666666667,20.8233451430107,17.9306533561699,1,114,0.00476246845594124,0.0298353105944874
29,2504,12,3,12,10.12,0.292292666666667,21.1751765626101,18.1260465384849,1,119,0.0047227673788416,0.0305652155668493
30,2504,2,1,2,1.6,0.25447,3.21958497381328,2.86616028089072,1,50,-0.0158175569312577,0.0846196395837419
30,2504,2,2,2,1.64,0.338776,3.74069292201087,3.24125210886435,1,48,-0.0408432181631197,0.11164602759386
30,2504,2,3,2,1.64,0.31881,3.89309579556739,3.15369037526675,1,57,-0.0307377113748999,0.114789451634634
30,2504,3,1,3,2.24,0.274933333333333,5.15253442831011,4.49228316058216,1,80,0.000562222288485553,0.0587900000097353
30,2504,3,2,3,2.44,0.278678,5.26862084530307,4.47558989509952,1,64,-0.00577681454355413,0.0623068411072498
30,2504,3,3,3,2.68,0.312821333333333,5.43814096900904,4.63198874274307,1,87,0.00646822694326858,0.0432166526309046
30,2504,4,1,4,3.24,0.2833775,7.32528238739228,5.96986984424056,1,77,-0.000712116064420469,0.0386300486909183
30,2504,4,2,4,3.08,0.2355505,6.13132434246617,5.54823448435299,1,83,-0.00257705451343,0.0451563787321279
30,2504,4,3,4,3.68,0.307435,7.31303279420209,6.06353574091286,1,105,0.00454476750205623,0.0340190253512026
30,2504,5,1,5,3.88,0.2494692,8.57760301005186,7.14106093324657,1,80,-0.00543154745115606,0.0527682351844583
30,2504,5,2,5,4.32,0.2762988,8.60053917564064,7.32292349003277,1,111,-0.00947173297016837,0.0332741685066244
30,2504,5,3,5,3.8,0.2714908,9.32858074781594,7.40947301366803,1,92,-0.000821436532687558,0.0351983820827818
30,2504,6,1,6,4.56,0.259806333333333,10.8744917115183,8.71969622159188,1,81,0.00202158281596232,0.0375606313534497
30,2504,6,2,6,4.28,0.244294333333333,10.1103552914965,8.56218820338741,1,93,0.0161374276644198,0.0441691805765556
30,2504,6,3,6,4,0.206312,9.36309117326529,8.08613767737193,1,92,0.00384459582461267,0.0374539527294444
30,2504,8,1,8,6.84,0.291517,14.072618714486,12.0039751026774,1,130,-0.00481121298777024,0.0255446030905201
30,2504,8,2,8,6.48,0.279373,14.267139115689,11.8827000911061,1,96,-0.00116828774515425,0.0331689926134332
30,2504,8,3,8,6,0.25829225,13.911990416743,11.5753106766038,1,99,0.00021050631902246,0.0380828431937513
30,2504,10,1,10,7.44,0.2657918,17.6081822926688,14.6964320079632,1,90,0.00533194050485596,0.0348337709296731
30,2504,10,2,10,7.6,0.2521132,16.1031274436076,14.320143267771,1,116,0.00992400015252227,0.0345241116998006
30,2504,10,3,10,8.08,0.2697258,17.3708641708209,14.6200678174999,1,103,-0.0107235101307517,0.0345446948270911
30,2504,12,1,12,8.88,0.254737666666667,21.0227796824083,17.3411721670133,1,93,-0.0018372756588479,0.0313513406407077
30,2504,12,2,12,9.72,0.272646,20.7600205485231,17.5993327245322,1,116,-0.00256133376813521,0.0240526294594717
30,2504,12,3,12,9.52,0.271457666666667,21.0047780699379,17.6402482728151,1,108,-0.00626697133274425,0.026364346482919
31,2504,2,1,2,1.4,0.177847,3.76797348021477,2.58472002010882,1,55,0.0167830895477488,0.104917138803528
31,2504,2,2,2,1.72,0.308937,3.98580201032588,3.09586205357477,1,44,-0.0222937190825642,0.0693375226542413
31,2504,2,3,2,1.4,0.177847,3.76797348021477,2.58472002010882,1,55,0.0167830895477488,0.104917138803528
31,2504,3,1,3,2.28,0.259816,5.64166875049445,4.3526906922085,1,66,0.00708665168292565,0.0593369747506931
31,2504,3,2,3,2.48,0.308886,5.8632633155667,4.6334964158231,1,66,0.0153630119013266,0.0595585657617358
31,2504,3,3,3,2.28,0.250028666666667,5.27029077087109,4.29229829200911,1,79,0.0054270083211936,0.0562103842231147
31,2504,4,1,4,3,0.259104,6.3317549159112,5.82609961423079,1,81,0.00480504925322225,0.0458088385241548
31,2504,4,2,4,2.84,0.2514375,6.64606610995524,5.76186472105186,1,78,-0.00218051774884499,0.0428970968775957
31,2504,4,3,4,3.4,0.320118,7.49896922265885,6.27046239330411,1,101,0.0101285793999369,0.0281493413321621
31,2504,5,1,5,4.24,0.2978376,8.79812811690251,7.58077975033238,1,101,-0.00934657210038563,0.0371680379785218
31,2504,5,2,5,2.84,0.1638044,7.72561860392933,6.3841898029724,1,76,0.0094255719689429,0.058820544979088
31,2504,5,3,5,3.52,0.2166016,8.40440751669707,6.78944948041183,1,84,-0.00115575587267812,0.0516368522169366
31,2504,6,1,6,4.4,0.226562333333333,10.239667732744,8.26126541088107,1,90,0.000667893806573869,0.0502094852707036
31,2504,6,2,6,4.44,0.26973,10.8313745378395,8.84618652855267,1,89,0.00509892105178707,0.046483699876834
31,2504,6,3,6,5,0.281632,11.0299547831226,8.92145698809359,1,89,0.00243323550531607,0.038978608041707
31,2504,8,1,8,6.16,0.2565995,14.9813276596467,11.5616023452585,1,95,0.00678077414713604,0.041097426373811
31,2504,8,2,8,5.84,0.23930325,13.7616747430018,11.2641339706724,1,95,0.00344067911651235,0.0365125042913592
31,2504,8,3,8,5.76,0.23548075,14.2064868342389,11.2281940329695,1,88,0.0102771529229458,0.0436153517980069
31,2504,10,1,10,7.28,0.2360248,17.0832343433345,14.0222258693917,1,102,0.000220097726530994,0.0365932319872504
31,2504,10,2,10,7.12,0.242987,17.5464479874579,14.2375971814471,1,98,0.00368068190594807,0.0400196995543921
31,2504,10,3,10,7.92,0.2805904,18.4717193990966,14.919901851779,1,97,0.00191145279241589,0.0349840223169092
31,2504,12,1,12,8.72,0.248429833333333,20.7589432943024,17.1668592117709,1,101,0.00544714842019496,0.0322110551206194
31,2504,12,2,12,9.48,0.26626,21.9130120932165,17.5070408226033,1,99,0.0055724788315179,0.0359184148583924
31,2504,12,3,12,8.6,0.2384205,20.9177759031351,16.947626977212,1,102,0.00933760920991855,0.0352257752539264
32,2504,2,1,2,1.32,0.17492,3.3845124338348,2.5550442396014,1,35,-0.154706567269529,0.185673057261894
32,2504,2,2,2,1.08,0.146562,2.64441055479575,2.49268211117393,1,59,-0.0976326968137921,0.166323638207673
32,2504,2,3,2,1.44,0.202903,2.84991527834082,2.68736247115837,1,53,-0.00968271309322197,0.0684614087606831
32,2504,3,1,3,2.2,0.198138,4.14032005803671,3.98039227283009,1,66,-0.00967518492050052,0.0727415953405432
32,2504,3,2,3,2.44,0.224110666666667,4.238226039654,4.12729087808299,1,73,-0.00556293675828027,0.0699035998966422
32,2504,3,3,3,1.96,0.190974,4.83815366761296,3.96084404761204,1,56,-0.00845495794003982,0.0982419173047944
32,2504,4,1,4,2.04,0.1093675,5.17429392825577,4.65323726768389,1,67,-0.0373088983129411,0.0796542466839801
32,2504,4,2,4,2.64,0.190793,6.71899658035235,5.23851982469991,1,73,-0.0125404657618362,0.0664157006634582
32,2504,4,3,4,2.48,0.182123,5.49297040726241,5.23976586111896,1,83,0.0111515904028957,0.0479907249469659
32,2504,5,1,5,3,0.2019544,7.30015762597938,6.74906982307541,1,105,0.00411174152688769,0.0383870281611902
32,2504,5,2,5,2.68,0.1488264,6.90741859082452,6.21763704912388,1,90,-0.009495892316751,0.0613005610085362
32,2504,5,3,5,3.48,0.2294692,8.04868393500117,6.9908351400946,1,83,0.00431480181012309,0.0478843209085922
32,2504,6,1,6,3.76,0.194502666666667,8.9621219786654,8.01909396270993,1,101,-0.00103022313109647,0.034437702998011
32,2504,6,2,6,3.72,0.173212,8.38995253507738,7.72461654560815,1,105,0.011699433777264,0.0458346522957899
32,2504,6,3,6,3.76,0.192026,9.58782746726414,7.92269930089656,1,91,0.00346516439726993,0.039515532636117
32,2504,8,1,8,5.6,0.2059365,11.2387143716475,10.7821515191304,1,136,0.00180174639798922,0.02555224645645
32,2504,8,2,8,5.16,0.18138625,11.53160183951,10.390806211441,1,113,0.00942309267342407,0.0282964083115547
32,2504,8,3,8,4.88,0.1789405,11.6428501727326,10.3837701250348,1,107,-0.00184290030395301,0.0381979617886698
32,2504,10,1,10,6.4,0.1841492,14.2140033022104,13.1006804488783,1,100,0.000241893200615126,0.0324730257656187
32,2504,10,2,10,6.76,0.1940722,15.1109498873428,13.239209130516,1,104,-0.00490440712090443,0.0313191249582885
32,2504,10,3,10,6.56,0.2042022,15.5072287347837,13.4402368027372,1,94,-0.00107593600838246,0.0417695935488989
32,2504,12,1,12,8.6,0.215002,18.2142845866368,16.367423648073,1,114,-0.000918501759332238,0.02146613635661
32,2504,12,2,12,7.72,0.1888735,18.2683774884197,15.7776880256012,1,103,0.00400091521581992,0.032334326875639
32,2504,12,3,12,8.16,0.20024,18.6296725802971,16.0399654231024,1,109,0.00125845909853467,0.0323527047990637
33,2504,2,1,2,1.92,0.251916,3.27153785216901,2.84584552552857,1,65,0.0190305087421156,0.0565624157141467
33,2504,2,2,2,1.48,0.252118,3.13082982435949,2.8950514018646,1,43,0.00139729281669633,0.0933305392955783
33,2504,2,3,2,1.96,0.324988,3.95174229646193,3.13548792899745,1,50,0.00434001869038741,0.0806517844255301
33,2504,3,1,3,2,0.216042,4.94996624331669,4.09877615982058,1,51,0.00499253622813762,0.0829844531261545
33,2504,3,2,3,1.92,0.202797333333333,4.94643883663394,4.03461313484118,1,65,-0.0294306081011325,0.0546506146542848
33,2504,3,3,3,1.56,0.182822,4.34878991208343,3.9669638455002,1,54,0.00694577123354994,0.0594579709459007
33,2504,4,1,4,2.92,0.2343975,6.22750303488484,5.5939183676388,1,69,-0.00287275190778058,0.0495866692514627
33,2504,4,2,4,3.24,0.262069,6.7825150318334,5.80089109828476,1,82,0.00837917305176205,0.0438124656665875
33,2504,4,3,4,3.48,0.310955,7.33720937658683,6.19688090979487,1,95,0.00869858875189999,0.0416099792978691
33,2504,5,1,5,2.88,0.1956608,7.862637089805,6.72464973111747,1,68,-0.00783804251799173,0.0547123433736584
33,2504,5,2,5,4.44,0.2411904,8.12516194747518,7.04796921093837,1,107,-0.00408778322029189,0.0289254780477216
33,2504,5,3,5,3.68,0.2357056,8.21143381811812,7.0421682333674,1,90,0.00703244151111875,0.0347864211451093
33,2504,6,1,6,4.84,0.280884,10.4209034805445,8.9372203311543,1,93,-0.0131762808953629,0.0403002012986683
33,2504,6,2,6,4.44,0.221158333333333,9.08487277774576,8.26416055551185,1,100,-0.00307481026152643,0.0302398457099334
33,2504,6,3,6,5.2,0.237429,9.79496689468498,8.36367273231122,1,101,0.00175816632790248,0.0396424608199032
33,2504,8,1,8,6.64,0.265737,13.9429252127381,11.6597657734603,1,107,0.00743558415298525,0.0274201517510526
33,2504,8,2,8,5.88,0.21717725,12.5884360321446,10.9762614500903,1,111,0.00151398742462236,0.0264814076092936
33,2504,8,3,8,6.68,0.25021875,13.3154908940808,11.4140667076501,1,112,-0.000819068305381717,0.0253167603369602
33,2504,10,1,10,8.4,0.2657094,16.7227410622523,14.5549039047508,1,111,-0.000183477479214389,0.0264867487585896
33,2504,10,2,10,8.36,0.2580332,16.8184929117528,14.413609548519,1,96,-0.00807186408836619,0.0316284377536997
33,2504,10,3,10,8.04,0.2313472,16.3510912189788,13.8576228795012,1,115,-0.00168967415046369,0.0270293341458959
33,2504,12,1,12,9.48,0.262377,20.8098214033502,17.4212626200722,1,121,0.000961714883169654,0.02920015472552
33,2504,12,2,12,9.8,0.2493625,20.2063326826904,17.0559142330058,1,112,-0.00741410822866715,0.0252381278200078
33,2504,12,3,12,9,0.22895,19.3722127280533,16.652901098344,1,122,0.000652008289493017,0.0257043735501636
34,2504,2,1,2,1.52,0.260575,3.45340820591865,2.89408590234391,1,34,-0.0320244211723291,0.131373744230808
34,2504,2,2,2,1.96,0.34656,3.78348546752292,3.22859170112155,1,65,0.0207996257749443,0.0757767062587999
34,2504,2,3,2,1.76,0.313905,3.41063025184716,3.09536349953118,1,64,0.0066672812169147,0.0742094377945876
34,2504,3,1,3,2.8,0.322222666666667,5.18657570067183,4.68509684142429,1,80,0.00281049646516246,0.0411410040322455
34,2504,3,2,3,2.88,0.362000666666667,5.79051911132788,4.91381520847007,1,87,0.00104333640407212,0.0495036501819755
34,2504,3,3,3,2.96,0.357585333333333,5.38497952736165,4.85986673593446,1,85,-0.00475047267209105,0.0420895428057065
34,2504,4,1,4,2.4,0.1628705,5.63630922720847,5.04960528436359,1,63,0.00667565742136344,0.0634247331516612
34,2504,4,2,4,2.84,0.2274645,6.30500653837224,5.54182683774276,1,86,0.0097469269931591,0.0450728320315365
34,2504,4,3,4,3.4,0.2716445,6.83373200195304,5.81684934594687,1,80,0.0102830273043736,0.0515402324064989
34,2504,5,1,5,3.12,0.1912712,7.23719227271053,6.6189791409972,1,86,0.00694604924215193,0.0462326470861245
34,2504,5,2,5,3.68,0.223636,8.64572878598658,6.88125391262872,1,76,0.00400816714624949,0.0340190679102121
34,2504,5,3,5,3,0.1699376,7.41516820077786,6.39411922897595,1,83,0.0123652253636151,0.049697771660354
34,2504,6,1,6,4.76,0.257422666666667,9.56573118102714,8.6236107358791,1,105,0.00928166857629654,0.0362118837594635
34,2504,6,2,6,4.16,0.21796,9.72787379358851,8.20355599906413,1,93,0.0133709648176849,0.0422136430809494
34,2504,6,3,6,4.24,0.219492666666667,8.84627167324384,8.20045029128524,1,90,0.00492153163444258,0.0339135344015771
34,2504,8,1,8,6.48,0.25900125,12.9439177779512,11.5263166083883,1,116,0.0124331631489394,0.0319343641201874
34,2504,8,2,8,6.6,0.26534525,13.5104720384666,11.6262444236166,1,114,0.0083761670305208,0.030661800727714
34,2504,8,3,8,5.8,0.22451925,12.5080660520473,10.9951233325012,1,88,-0.00509067715718408,0.0486864299290164
34,2504,10,1,10,7.4,0.22952,16.0654407569556,13.8732151221606,1,102,0.00201854464741597,0.0302858432860712
34,2504,10,2,10,8.6,0.2891138,17.9462682758671,14.9976909341351,1,110,0.0131587410502955,0.0257055688567853
34,2504,10,3,10,7.4,0.2368448,15.4137836350965,14.000185314269,1,101,0.0100648996234843,0.0329770703194181
34,2504,12,1,12,8.8,0.2277445,19.1440585216544,16.6200948061363,1,96,0.0155759121304875,0.0388740453828986
34,2504,12,2,12,9.84,0.265781,19.7376698488168,17.4336953897611,1,115,0.00407525577796959,0.0185279224873143
34,2504,12,3,12,8.96,0.242749666666667,19.5961004647175,16.9496440766629,1,91,0.0101081776050435,0.034670039917926
35,2504,2,1,2,1.2,0.196582,3.37811169925981,2.67207668907528,1,49,-0.0505387953888403,0.124657279354501
35,2504,2,2,2,0.96,0.168768,3.18442983047456,2.58979626203462,1,58,-0.127150149618708,0.189285781548865
35,2504,2,3,2,1,0.151392,2.60737127153421,2.50271894813827,1,33,-0.239118763542376,0.325394383740976
35,2504,3,1,3,2.04,0.217546,4.83838220360195,4.11089145286052,1,60,-0.0379569534870541,0.074250820259219
35,2504,3,2,3,1.36,0.114969333333333,4.5221773866447,3.56935160272182,1,42,0.00708305292196503,0.108048884981668
35,2504,3,3,3,2.32,0.209410666666667,5.05045355394,4.02185993691838,1,51,0.0312660548188336,0.0757005470269419
35,2504,4,1,4,2.48,0.185745,5.91934228192499,5.22984783024446,1,76,0.00693576297149964,0.0569222986975856
35,2504,4,2,4,3.4,0.252433,7.53633364560704,5.69046817904219,1,66,0.0149847142333025,0.0477662094316802
35,2504,4,3,4,3.36,0.2893,7.50291391472707,5.99787381168728,1,90,-0.00287783199624339,0.0407385941166352
35,2504,5,1,5,3.08,0.2001192,7.72115539474767,6.7060033212793,1,89,0.000304521140150874,0.045283539835576
35,2504,5,2,5,4.04,0.2727612,8.96468184234594,7.34659513450407,1,104,0.00282524368927921,0.0335179750974617
35,2504,5,3,5,3.08,0.1859816,8.02359422488162,6.57247494801136,1,89,0.0105660004442346,0.0452560701129913
35,2504,6,1,6,4.08,0.228206666666667,10.1319375897417,8.37236261470381,1,93,0.0128169867311774,0.033774260211083
35,2504,6,2,6,4.48,0.231162,10.4886614941443,8.36470929981562,1,83,-0.000644834807278114,0.0365924885761507
35,2504,6,3,6,3.2,0.176898666666667,8.76054818885561,7.82101923435982,1,93,0.0143515812900374,0.0537601706369501
35,2504,8,1,8,5.36,0.211443,12.3601373490011,10.858478448261,1,95,0.0147050576703014,0.0430944442079962
35,2504,8,2,8,5.44,0.21910975,13.1840177253728,11.0162361466985,1,95,0.0125390989286436,0.0329234905900883
35,2504,8,3,8,5.68,0.21470975,13.602323410306,10.8643385910761,1,93,0.00579582218737228,0.0313318653754706
35,2504,10,1,10,5.48,0.1637704,14.5766745447967,12.7550553135868,1,77,0.00501617520783051,0.0440205692330907
35,2504,10,2,10,6.76,0.2159692,16.1770049973659,13.6705620101515,1,97,0.00739705121375802,0.0284361555696166
35,2504,10,3,10,7.04,0.2193592,16.5979745730119,13.6974572266128,1,84,0.000690542625789477,0.0325815394186452
35,2504,12,1,12,8.4,0.217608666666667,19.6929215800548,16.4219266290506,1,79,-0.00226806213193362,0.0409575122539726
35,2504,12,2,12,7.2,0.1788305,18.3547000324459,15.5768387697262,1,74,-0.000722212385371995,0.0571997292485214
35,2504,12,3,12,7.44,0.192416166666667,19.2557193686374,15.9187611753609,1,87,0.00538615972280717,0.0344729983558676
36,2504,2,1,2,1.36,0.230424,3.26526801971327,2.80350584929207,1,82,-0.0314769555079197,0.0921405608234089
36,2504,2,2,2,1.08,0.165361,2.93850761275087,2.59193261521645,1,44,-0.144239676085216,0.217982168221942
36,2504,2,3,2,1.08,0.197191,2.87124751359798,2.70446525487971,1,144,-0.0116299240229692,0.0435327856041449
36,2504,3,1,3,1.92,0.219438666666667,5.22452100404861,4.15450785432519,1,61,-0.0129645248785696,0.0753668589767349
36,2504,3,2,3,2,0.171884666666667,4.97321242505663,3.84319679079783,1,38,0.0427738971193252,0.105861868656102
36,2504,3,3,3,1.8,0.158896666666667,4.21895553346778,3.77113074147548,1,66,0.0376587763533724,0.11065764081253
36,2504,4,1,4,2.24,0.1710155,6.16865190109603,5.16130721580869,1,90,0.00470293473201944,0.0492180557267563
36,2504,4,2,4,2.96,0.244932,7.26223834794205,5.67201907459421,1,69,-0.00931920268926954,0.0688915147211747
36,2504,4,3,4,2.16,0.148666,6.37707824982055,4.96187238708835,1,40,0.0147948954332804,0.114204120566784
36,2504,5,1,5,3.96,0.2727896,8.5548115575642,7.33325629372699,1,101,0.008042255646343,0.0347413420630517
36,2504,5,2,5,3.6,0.2411308,8.41299942270792,7.04722122152933,1,76,0.0327293444175571,0.0636430807384597
36,2504,5,3,5,3.2,0.1949252,7.35354983741661,6.65949636817543,1,76,-0.00218642215519288,0.061686424111324
36,2504,6,1,6,3.64,0.217509666666667,10.0675564714545,8.29054768169437,1,80,0.0213588483173292,0.0506084906870771
36,2504,6,2,6,4.96,0.27241,10.078820316404,8.78572993661125,1,122,-0.00354888088638319,0.0254977048747657
36,2504,6,3,6,4.52,0.250192666666667,9.95701631395209,8.56905563047652,1,104,0.0169719624108888,0.0317258689305373
36,2504,8,1,8,5.4,0.214884,12.96641724172,10.9040239255699,1,95,0.0203576803764653,0.0458358396619789
36,2504,8,2,8,5.4,0.20721825,13.1618908933201,10.8037954523277,1,83,0.0146050420207206,0.0442931427843959
36,2504,8,3,8,5.36,0.2149155,13.5545232666443,10.9406384823729,1,79,0.0206029400076191,0.0564733834894381
36,2504,10,1,10,6.64,0.2248416,16.8917147978605,13.8956248982848,1,81,0.0143700265273577,0.0565378538056893
36,2504,10,2,10,5.92,0.1971458,15.9879847028528,13.4026642041247,1,82,0.0216268936233474,0.0452168666411812
36,2504,10,3,10,7.52,0.251859,17.2092075802172,14.3376986990941,1,93,-0.00335745837759921,0.0363185175335129
36,2504,12,1,12,7.6,0.209182833333333,19.392986623951,16.3267575545451,1,94,0.0238375244082548,0.0465327148477067
36,2504,12,2,12,8.12,0.215182166666667,19.579773738918,16.390026188584,1,93,0.0186139651635774,0.0359313016481224
36,2504,12,3,12,8.28,0.228787666666667,19.8933847819853,16.719387505965,1,96,0.0132666764312892,0.0432291697739394
37,2504,2,1,2,1.6,0.240095,2.94109346271627,2.78589443701636,1,55,0.000791999807116002,0.101689629994617
37,2504,2,2,2,1.4,0.211143,3.7291949259075,2.72434292267239,1,51,-0.0297947590538372,0.131976914926258
37,2504,2,3,2,1.8,0.30256,3.73369555392554,3.04556115024544,1,46,-0.0119490212601707,0.0721171696233131
37,2504,3,1,3,2.28,0.260333333333333,4.95168574525122,4.36692186920067,1,76,0.00664248349974505,0.0550579035546736
37,2504,3,2,3,2.24,0.224547333333333,4.8110919510782,4.14579787322385,1,65,-0.00410779279610793,0.0654226742241725
37,2504,3,3,3,2.68,0.316069333333333,5.60116330948029,4.6625889691065,1,71,0.00388319651022055,0.0407505887303441
37,2504,4,1,4,3.16,0.264414,7.74305619529692,5.81091962911793,1,86,-0.000953331464121972,0.0513571057716761
37,2504,4,2,4,3,0.231716,6.88134459680688,5.58749611701769,1,79,-0.00635483955444732,0.0498272416153159
37,2504,4,3,4,3,0.2384775,7.13630862558453,5.61018406197709,1,74,-0.0144242710156309,0.0536493996248192
37,2504,5,1,5,3,0.1741276,6.84358546117074,6.45886037290727,1,78,-0.0235430626831448,0.0582586756910238
37,2504,5,2,5,3.56,0.2427324,8.55010661787583,7.14125804407704,1,94,-0.000969242441001714,0.0384508589226313
37,2504,5,3,5,3.84,0.2360744,8.07404608306469,6.95638244919853,1,84,0.000930163557314252,0.0490139246601194
37,2504,6,1,6,3.96,0.22203,9.36664796135461,8.29855200760844,1,100,-0.000311270741623618,0.0394937840611427
37,2504,6,2,6,4.16,0.213174,9.75800872636502,8.19869885921835,1,86,0.00663281050644374,0.0453888926317594
37,2504,6,3,6,4.4,0.228612,10.0012433490809,8.33586320481889,1,98,0.00246671138952062,0.036812738399526
37,2504,8,1,8,5.8,0.222251,13.6244360181232,11.0470102464201,1,94,-0.0112188404999841,0.0408039382864045
37,2504,8,2,8,5.76,0.23624975,14.3358612683735,11.2758145019201,1,94,-0.00284641937345343,0.0411151772321782
37,2504,8,3,8,5.32,0.20442625,12.6179497162221,10.7775420030339,1,108,-0.00336136822433108,0.0294588904245451
37,2504,10,1,10,7.4,0.2289334,16.6710853686558,13.8662322874109,1,109,-0.00840670301343644,0.0329010266537573
37,2504,10,2,10,6.64,0.2044844,15.9679314669318,13.4849116491822,1,104,-0.00579502289469627,0.036118428473494
37,2504,10,3,10,6.28,0.1979828,15.8439474668769,13.4132675247076,1,87,-0.00294249208021563,0.0379397731384252
37,2504,12,1,12,8.88,0.234304333333333,20.7855110503258,16.8446684509363,1,97,5.6359625131969e-05,0.0377758976845055
37,2504,12,2,12,9.56,0.253364166666667,21.5239095305036,17.2043625519705,1,102,-0.0042341892548842,0.0358099989809195
37,2504,12,3,12,8.76,0.225849333333333,19.6260020438564,16.5861428059395,1,102,0.00488947939983034,0.0356715540040792
38,2504,2,1,2,1.96,0.353249,3.69413833007095,3.21503804568821,1,55,0.0119471787720099,0.0737007178027048
38,2504,2,2,2,1.68,0.302713,3.690828399032,3.0542704589777,1,54,0.0305575145500041,0.0984465073122013
38,2504,2,3,2,1.48,0.280311,3.93773434768984,3.00887256816301,1,45,-0.00796945256267694,0.0984524474614412
38,2504,3,1,3,2.08,0.216118,5.33924405498046,4.10979412173932,1,61,0.0170325483311728,0.0762874774819257
38,2504,3,2,3,2.44,0.292720666666667,5.50575112098462,4.54913645779643,1,70,0.0112510832009832,0.0554839327997034
38,2504,3,3,3,1.52,0.152202,4.7648174257662,3.78338590185742,1,51,-0.00498936871924743,0.0948661387396589
38,2504,4,1,4,3.24,0.300864,7.45223297716172,6.14798774858376,1,94,-0.00360257180744011,0.0365151404559259
38,2504,4,2,4,3.4,0.2930205,6.57870182690462,6.04268980961157,1,84,0.00289211572974261,0.0424836522874208
38,2504,4,3,4,3.12,0.283528,7.14753629441313,5.98062465457972,1,91,-0.00321859914071928,0.0353067238724944
38,2504,5,1,5,3.52,0.2287684,8.86034277182224,6.98226593023093,1,81,0.0116118476497993,0.0423011581456152
38,2504,5,2,5,3.4,0.2281184,8.32146843847441,6.98746490223498,1,74,-0.000411046638439468,0.0515336580298792
38,2504,5,3,5,4.36,0.30389,9.34227977483538,7.65620610600979,1,108,0.00672991925370212,0.0327431903463471
38,2504,6,1,6,4.4,0.263668333333333,11.3141073299963,8.77403847008339,1,91,0.00521230761612649,0.0443781273372461
38,2504,6,2,6,4.12,0.242909333333333,11.2749468008486,8.57552425801834,1,84,0.0102687570319769,0.046180590987468
38,2504,6,3,6,4.28,0.241733666666667,10.2407639378422,8.5632378126324,1,81,-0.0193403658431533,0.0468172655273154
38,2504,8,1,8,6.76,0.2909415,14.7673742523094,12.0692863800207,1,93,0.00718920925703745,0.0405538571046365
38,2504,8,2,8,6,0.2606165,14.564808319481,11.6244764166626,1,77,-0.00152454769495365,0.0496515511899802
38,2504,8,3,8,6.52,0.2810805,14.5311507629283,11.8971127298713,1,107,0.0041792130202268,0.0273468627180714
38,2504,10,1,10,6.44,0.1960256,16.3950391316588,13.3237048398685,1,93,0.00189580647668049,0.0455800594777288
38,2504,10,2,10,7.28,0.2452186,17.544649204559,14.2443733202732,1,97,0.00912122421697775,0.0282342401137802
38,2504,10,3,10,7.88,0.2746096,17.8971773063153,14.8208750441033,1,90,-0.0104682403690111,0.0388592082313456
38,2504,12,1,12,10.32,0.296882166666667,21.3852612110905,18.2392143519958,1,119,0.00561681292801817,0.0292249109820976
38,2504,12,2,12,8.56,0.230782666666667,19.860787532437,16.7165685152637,1,103,0.00256376048031336,0.0350255114555238
38,2504,12,3,12,8.92,0.247113333333333,20.9068943064171,17.1334533681765,1,88,0.00542950577762612,0.0325187323114283
39,2504,2,1,2,1.48,0.248652,3.11872201665074,2.84923394772377,1,44,0.0250905567415841,0.118227284205652
39,2504,2,2,2,1.48,0.248652,3.11872201665074,2.84923394772377,1,44,0.0250905567415841,0.118227284205652
39,2504,2,3,2,1,0.098541,2.29326551026597,2.30545083401818,1,53,0.00658942743893551,0.132832579265194
39,2504,3,1,3,2.04,0.218817333333333,5.36505891647778,4.09815290957483,1,56,0.0082297773651338,0.0835036136826059
39,2504,3,2,3,2.16,0.233742666666667,4.53850514368272,4.17296525776542,1,59,0.00885513035268963,0.0564852192205913
39,2504,3,3,3,1.28,0.103668666666667,4.0858585453049,3.48545035699781,1,62,-0.0130753562701133,0.101566161256108
39,2504,4,1,4,1.72,0.113761,5.70962964621507,4.74980612331516,1,59,-0.00907108354365236,0.114972012994288
39,2504,4,2,4,1.92,0.148639,6.27051724106933,5.00080141875644,1,47,0.0134368549383694,0.10326418315416
39,2504,4,3,4,2.44,0.192501,6.26075575126953,5.32792957874454,1,66,-0.0103212406726651,0.0628021548227516
39,2504,5,1,5,2.12,0.1101204,7.30394169891608,5.90522799908231,1,56,-0.031340157782042,0.0840875045569087
39,2504,5,2,5,2.52,0.1527828,6.79721955448434,6.28599857236188,1,68,0.0151252036498508,0.0712005031461942
39,2504,5,3,5,2.88,0.186878,7.54336014514468,6.58906084667894,1,91,0.0212952079910982,0.0491664073785152
39,2504,6,1,6,3.8,0.171591,8.37918255978605,7.66906293240388,1,84,0.00584272380452847,0.0475375792742713
39,2504,6,2,6,3.76,0.170124333333333,7.9205688895677,7.64935832107084,1,100,0.00466856769028825,0.0362927628744047
39,2504,6,3,6,3.88,0.181078333333333,9.10131774418568,7.78172038100849,1,93,0.00103671962398617,0.0378873271738252
39,2504,8,1,8,4.8,0.18389025,12.0146834513743,10.4604427298078,1,85,0.000759090452802102,0.0463293106193368
39,2504,8,2,8,4.48,0.16347175,12.3389192363982,10.1667579286234,1,84,-0.00019513589208287,0.047661373661463
39,2504,8,3,8,4.28,0.15335325,11.168906750109,10.074731686542,1,83,0.000190065995741539,0.0395730628901809
39,2504,10,1,10,5.32,0.1464112,13.947230556033,12.4069594706237,1,102,0.011328187069439,0.0378361012658974
39,2504,10,2,10,5.84,0.1674416,14.2971816835371,12.7733534808659,1,96,0.00430377342770228,0.0361673635069807
39,2504,10,3,10,6.08,0.182576,15.434194641641,13.0570675207358,1,79,0.00316839311690409,0.0461975132187114
39,2504,12,1,12,6.2,0.144172666666667,16.5366141691781,14.8856151645877,1,94,-0.00688591341182555,0.0410127190910344
39,2504,12,2,12,7.28,0.183296666666667,18.1714844350305,15.6943265439091,1,91,0.00117660038899706,0.0318952049206915
39,2504,12,3,12,6.96,0.1796355,18.2910944779482,15.6335961227103,1,77,0.00646338419330495,0.0479153868764688
40,2504,2,1,2,1.72,0.320672,3.6723397675407,3.13320714715856,1,55,-0.0137820666593861,0.07120606716376
40,2504,2,2,2,1.24,0.175126,3.34443270256029,2.57516087471172,1,57,-0.0318027532180299,0.132563438423763
40,2504,2,3,2,1.56,0.312745,3.41101114391605,3.11590840483836,1,45,0.0507010132473268,0.0895024390880345
40,2504,3,1,3,2.68,0.333769333333333,5.16919033867403,4.77534772131587,1,67,0.00297378091389687,0.0495434386111205
40,2504,3,2,3,2.72,0.348926,5.62168516955732,4.86610917557918,1,92,-0.0151003283184765,0.048843369796683
40,2504,3,3,3,2.52,0.319932,5.28602774998873,4.71551611862339,1,71,0.00749433361841987,0.063603737792813
40,2504,4,1,4,3.16,0.275563,7.10005536835311,5.93148129364436,1,68,0.0225269925139564,0.0648949229756814
40,2504,4,2,4,3.68,0.34722,7.38015923180856,6.44494591080928,1,104,-0.00729608125052046,0.0377824791290492
40,2504,4,3,4,2.6,0.2252005,6.80539063360396,5.58365410790437,1,76,-0.00569856024124054,0.0492503445484212
40,2504,5,1,5,3.72,0.256266,8.60684185750579,7.27031047566846,1,93,0.00627549082496373,0.0378489593777215
40,2504,5,2,5,3.72,0.2464572,9.07328938907813,7.13305939829427,1,90,9.48846036033275e-05,0.0470227455196946
40,2504,5,3,5,3.64,0.2257348,8.22926233244435,6.92396836181771,1,90,-0.00294881193719163,0.0435830895475567
40,2504,6,1,6,4.24,0.248521333333333,10.1690677987803,8.62865976277846,1,92,0.00107902975458005,0.0450219921944955
40,2504,6,2,6,3.68,0.210935,10.2954010412831,8.21774295270065,1,73,0.00643009458460022,0.0419417677908006
40,2504,6,3,6,5.04,0.317602666666667,10.463488184735,9.37630336423577,1,109,0.0035818934165585,0.0390186867656966
40,2504,8,1,8,5.92,0.24963825,13.7448690540713,11.4730389934733,1,95,0.000476828123529314,0.0373907658512264
40,2504,8,2,8,6.52,0.30391975,14.297197067424,12.2909895509113,1,97,-0.00222984688474716,0.030641094346442
40,2504,8,3,8,6.4,0.28956425,13.8266570465786,12.0600173220751,1,104,0.00660624787448493,0.0294080587733024
40,2504,10,1,10,7.44,0.2529622,16.8743239187576,14.4061786281771,1,95,0.00367395807871757,0.0406023248381677
40,2504,10,2,10,7.2,0.2451108,17.5702614241102,14.293831700114,1,88,0.00184689712166508,0.0418114370137135
40,2504,10,3,10,7.64,0.2631396,17.3516380783046,14.6148451237961,1,94,0.00240999825442856,0.0328469702412952
40,2504,12,1,12,9.36,0.2710075,20.6533728819159,17.6880428236355,1,93,0.0014632690870093,0.034431890826309
40,2504,12,2,12,9,0.267826,20.6613250308089,17.6427623626181,1,93,0.0018747541352029,0.0396383961867131
40,2504,12,3,12,8.88,0.249567666666667,20.7030947950528,17.2071323309548,1,90,0.000758333090485234,0.0381943372786646
41,2504,2,1,2,1.28,0.200182,3.01579501112177,2.66720791257773,1,37,0.0259785618442395,0.153604904803004
41,2504,2,2,2,1.04,0.15604,2.66610442448133,2.5254132514074,1,48,-0.0668814824302759,0.167943028765053
41,2504,2,3,2,1.44,0.237331,2.95417164929502,2.80916338134246,1,39,-0.0316758883118704,0.0973819265843367
41,2504,3,1,3,2.44,0.279588666666667,4.92833506201394,4.43125867236336,1,74,0.0126939788196831,0.0387122292651075
41,2504,3,2,3,2.52,0.279779333333333,5.73170686711198,4.45712506635713,1,79,-0.00419388396501702,0.0409855068768647
41,2504,3,3,3,2.72,0.276018,5.74106537523456,4.37120460618341,1,70,0.00466826303961546,0.0617398120159777
41,2504,4,1,4,2.72,0.2060905,6.17742149625229,5.38400169547147,1,72,0.0148993333202871,0.0589217577698816
41,2504,4,2,4,3.48,0.289317,7.14244317958062,5.95939738166932,1,95,0.0001162734132558,0.0305563314616203
41,2504,4,3,4,2.72,0.2042795,6.15536313211912,5.37994735984141,1,81,0.00622151431537728,0.0490023060484119
41,2504,5,1,5,3.6,0.2189192,8.02346143418098,6.85912855722805,1,92,-0.00548701484216394,0.0429691759206325
41,2504,5,2,5,4.28,0.29847,9.30029029548973,7.58926667845706,1,93,0.00330605087000521,0.0313123715656514
41,2504,5,3,5,3.96,0.2654176,8.65582570598736,7.29603413892803,1,98,-0.00045435042417348,0.0305757018811362
41,2504,6,1,6,4.12,0.21137,9.40024624293565,8.16155017416394,1,90,-0.000658020302491582,0.0436297525087577
41,2504,6,2,6,4.92,0.272819,10.4147983722616,8.84387015878146,1,98,-0.00903173633636165,0.0386696053569935
41,2504,6,3,6,4.52,0.23524,9.99394407576427,8.38838669899795,1,94,0.00118822895128481,0.0431593290339454
41,2504,8,1,8,5.64,0.23381675,12.6140847261616,11.2247368733304,1,90,0.00499254914748674,0.0381099601521045
41,2504,8,2,8,5.76,0.2376345,13.0484055258638,11.2656636684416,1,86,0.00225579865173272,0.0326715504610807
41,2504,8,3,8,5.92,0.250624,13.5272024130523,11.4863545102094,1,94,0.00189333833541326,0.0372853705193912
41,2504,10,1,10,8,0.2677126,17.3422268955339,14.6131705370219,1,101,0.00336917174685427,0.0252689903675528
41,2504,10,2,10,7.56,0.246837,16.4907325704699,14.2095974313782,1,98,0.00450292279726008,0.0347592118606805
41,2504,10,3,10,7.28,0.233264,16.5273378364314,13.9845809686269,1,98,0.00426169015324432,0.029349771870492
42,2504,2,1,2,0.88,0.073765,2.18852038331783,2.20607146650227,1,91,-0.0366967533720561,0.0970706598529933
42,2504,2,2,2,1.2,0.201856,2.78477545283913,2.69351693044583,1,29,0.119043642361559,0.24471152192881
42,2504,2,3,2,1.4,0.245762,3.08234035635581,2.86530449345392,1,53,0.0227656167554193,0.09882296723001
42,2504,3,1,3,2.56,0.303188,5.07159091168093,4.58436961373191,1,87,-0.00547902320947213,0.0521255176795441
42,2504,3,2,3,1.48,0.158758,4.02387148309297,3.83198611152037,1,46,0.00278161881272589,0.103778685277885
42,2504,3,3,3,1.4,0.109448666666667,3.66219324258555,3.52066206393745,1,47,-0.0050453177708564,0.0976544907189799
42,2504,4,1,4,3.12,0.247524,7.11796698854481,5.67729607108305,1,66,0.0182500555374349,0.0561081177396518
42,2504,4,2,4,2.56,0.2037845,5.83187160355087,5.39516793186033,1,88,-0.00694415438116668,0.057879132284075
42,2504,4,3,4,3.24,0.296939,6.84018705516266,6.0899284339584,1,88,-0.00397294514562589,0.0447284793533695
42,2504,5,1,5,3.24,0.1976084,7.02462174470277,6.65566175320415,1,108,0.000465654063635903,0.042241899009677
42,2504,5,2,5,3.24,0.2307452,7.66681521721878,7.03227830597086,1,66,0.007355862489895,0.0601017087459327
42,2504,5,3,5,4.4,0.2956832,8.29706538850187,7.58369127101481,1,110,0.00142384111621443,0.0374946855553202
42,2504,6,1,6,5.12,0.304995,10.2090409752299,9.20271198176878,1,120,-0.000827695704565837,0.0369756603068907
42,2504,6,2,6,4.44,0.197752,9.08109880645727,7.93911695787511,1,101,0.0053241012707279,0.0317961624338122
42,2504,6,3,6,4.44,0.264708,10.2689635102015,8.7857536282134,1,110,0.0114356751475458,0.0320596939470802
42,2504,8,1,8,5.84,0.24606475,12.4353653998451,11.4007744201063,1,118,0.0133146992957231,0.0402226609949938
42,2504,8,2,8,6.2,0.26245875,12.7946463723072,11.6710378723536,1,138,0.00575455876899607,0.0286891205846597
42,2504,8,3,8,5.08,0.2205575,11.6930830328862,11.0916339718551,1,116,-0.00413181466291418,0.0391631409617602
42,2504,10,1,10,6.6,0.2211924,14.7581691555944,13.8538040136365,1,117,0.00038576581864879,0.0339963282592825
42,2504,10,2,10,7.12,0.2418114,15.6343223033485,14.203071109311,1,106,0.00314909018101645,0.0350229013513879
42,2504,10,3,10,6.32,0.212247,15.2659310302973,13.677325640717,1,114,0.00307067962713257,0.0300592963195691
42,2504,12,1,12,9.16,0.264171666666667,18.9924386570957,17.5187718080069,1,122,0.00385108680202458,0.0282481128039523
42,2504,12,2,12,9,0.2591375,19.0097588505042,17.4317558938779,1,126,0.0035418956405995,0.0332321228990613
42,2504,12,3,12,9.76,0.275803166666667,20.097790769197,17.7534383177764,1,110,0.00187021763519292,0.0280876931615044
43,2504,2,1,2,1.68,0.25166,2.94276900995201,2.8557343952676,1,65,-0.00569285493624148,0.074617021776281
43,2504,2,2,2,1.2,0.142075,2.5212204281517,2.46033343963094,1,69,0.0283848448024101,0.131430776134926
43,2504,2,3,2,1.4,0.16249,2.92047203465024,2.51341042882576,1,43,-0.0060252707879529,0.12186875878989
43,2504,3,1,3,1.68,0.169099333333333,4.0492254877913,3.87251582585685,1,93,-0.00377394612143822,0.0684642877486677
43,2504,3,2,3,2.16,0.211194,4.3953103700759,4.07767304310654,1,70,0.0201330853513948,0.0646626281079945
43,2504,3,3,3,2.12,0.214716,4.79990910414391,4.09056346933511,1,61,0.0117548342007832,0.0696031754652052
43,2504,4,1,4,2.2,0.1478405,5.40561081035322,4.96709385165214,1,70,0.00937020309721556,0.0684063469906476
43,2504,4,2,4,2.6,0.2034695,5.98873988454078,5.3802553510292,1,64,0.0135404704212579,0.066926562549767
43,2504,4,3,4,2,0.147211,5.44366531435679,4.99361330070974,1,52,-0.0732825848102044,0.158588578179716
43,2504,5,1,5,3.72,0.1892132,7.35721118474432,6.5575469257706,1,92,-0.0160648224472886,0.0450943538313758
43,2504,5,2,5,4.08,0.227438,8.02948308949816,6.92198229140545,1,78,-0.00976331414071232,0.0571873361581562
43,2504,5,3,5,4.12,0.2630752,8.79470760857647,7.26562268427894,1,93,-0.00784218891275431,0.0441459980054867
43,2504,6,1,6,2.72,0.108108333333333,7.37412211135845,7.04752898070416,1,68,-0.0354667816299365,0.115371411996853
43,2504,6,2,6,4.88,0.246358666666667,10.7993671372191,8.53223036131206,1,74,-0.00261820815967921,0.0624586950078486
43,2504,6,3,6,5,0.273962333333333,10.149316617614,8.84140666465985,1,98,0.005081184241325,0.037992333048705
43,2504,8,1,8,5.52,0.19305225,12.6317305494715,10.6031268356247,1,70,0.00212695150894271,0.047045137792943
43,2504,8,2,8,5.44,0.176456,12.4204389319764,10.351064774597,1,77,-0.00595099161600938,0.0649039904562168
43,2504,8,3,8,6.2,0.2358285,13.8286551522233,11.2111222111382,1,104,0.000438005547686047,0.0330216512546153
43,2504,10,1,10,5.72,0.1663264,15.1569626583227,12.8127082187105,1,69,-0.00450453913494871,0.0481487567124827
43,2504,10,2,10,7.48,0.2362278,16.424832156303,14.0541158225204,1,97,0.000270329537831326,0.0315492156190909
43,2504,10,3,10,6.8,0.1974654,15.6386265904758,13.3425422031807,1,80,0.00132974719076912,0.0408185286702939
43,2504,12,1,12,8,0.202994833333333,19.124582883222,16.1587911918808,1,71,0.0143684088908629,0.0570925393605559
43,2504,12,2,12,8.4,0.210171833333333,18.704214816991,16.2906713743661,1,105,0.00269398260255824,0.0272318238006127
43,2504,12,3,12,7.68,0.194046666666667,17.4616400596719,15.9788145521073,1,111,0.00738470606616604,0.0326064551934624
44,2504,2,1,2,1.92,0.324641,3.69314491603929,3.09997311527418,1,59,0.00901097746521547,0.0833933394597545
44,2504,2,2,2,1.56,0.222778,3.09686920073803,2.72558249419295,1,49,-0.0235332129873791,0.0999330535490659
44,2504,2,3,2,1.56,0.266813,3.84711057603798,2.92093119650909,1,50,0.0311611143166915,0.0979817591632874
44,2504,3,1,3,2.84,0.319078666666667,5.77916068462561,4.65037773104068,1,87,-0.00784802378950379,0.0412170972744367
44,2504,3,2,3,1.84,0.208323333333333,4.74180621880332,4.08985455553657,1,62,0.0215322154417195,0.062488120197566
44,2504,3,3,3,2.52,0.270779333333333,5.03038656095349,4.3784765142289,1,64,-0.0109237975804185,0.0619110327063048
44,2504,4,1,4,3.56,0.3059445,7.53192920085863,6.06017756110734,1,90,0.00991915003950863,0.0379589989734447
44,2504,4,2,4,2.08,0.1612335,5.67809670981341,5.12117954147937,1,65,-0.00792304306802464,0.0659864838359954
44,2504,4,3,4,3.32,0.279849,6.75275814094645,5.9051376184981,1,83,-0.0160196915883408,0.0468652040078233
44,2504,5,1,5,4.08,0.2914668,8.80735415949321,7.54573832923926,1,87,-0.0152417765445079,0.0443655013164732
44,2504,5,2,5,3.96,0.2574828,8.00003583637045,7.19905889158657,1,118,0.00486147703002417,0.0333117390889002
44,2504,5,3,5,3.64,0.2360156,8.23235140730286,6.9954080430015,1,60,-0.01897685329446,0.0671726334841562
44,2504,6,1,6,5.44,0.309811333333333,11.5656655897806,9.1859255501554,1,106,-0.0085450007532204,0.0299606090543338
44,2504,6,2,6,5.32,0.312116666666667,11.1276202230264,9.23469694157077,1,111,-0.00917413699086485,0.0263836717998948
44,2504,6,3,6,5.4,0.298357,10.7490826847394,9.06055754150247,1,111,-0.00939087882510169,0.0338848309918413
44,2504,8,1,8,7.04,0.28472775,13.7449735712028,11.8470583984953,1,115,-0.0066655430414855,0.0236007901448171
44,2504,8,2,8,5.2,0.208994,13.061708475284,10.8401508399321,1,96,-0.0208502015462088,0.0408182733325918
44,2504,8,3,8,6.48,0.26809925,13.4994833631999,11.7063027392429,1,102,-0.00131028246234765,0.0350748143109759
44,2504,10,1,10,7.76,0.2491074,16.533386501378,14.2459172034132,1,110,-0.00459844923970973,0.0295120227507535
44,2504,10,2,10,7.84,0.2554528,16.8201010342313,14.3803435538073,1,106,-0.0122085200079867,0.0316722501100748
44,2504,10,3,10,8.08,0.26824,17.3067379900741,14.6129448905034,1,87,-0.0133883975703456,0.0484376608472763
44,2504,12,1,12,9.52,0.257054833333333,19.9606911138078,17.2620712401244,1,116,-0.00242493506838755,0.022674883255325
44,2504,12,2,12,9.52,0.267292833333333,20.6188633643097,17.533217313347,1,95,-0.00112337539260835,0.0389148125565025
44,2504,12,3,12,9.04,0.247428833333333,20.193897986341,17.099792642502,1,91,-0.0161685198298319,0.0348131060515306
45,2504,2,1,2,0.64,0.09883,2.4234369174475,2.32328724217987,1,63,0.0342211570974313,0.170298642260649
45,2504,2,2,2,1.96,0.346234,3.38031708664525,3.24211061194629,1,57,-0.0358767919760616,0.0871069770700427
45,2504,2,3,2,1.4,0.200045,3.5725031997716,2.67092365942871,1,46,0.0074778630562959,0.11569756769267
45,2504,3,1,3,2,0.218409333333333,4.53151656315615,4.14438968135314,1,71,-0.0315541250601193,0.073459818203422
45,2504,3,2,3,2,0.193284,4.46306382939209,3.98312148232831,1,55,-0.0420322811929193,0.091278908161081
45,2504,3,3,3,1.96,0.216565333333333,4.39119097045962,4.10921501074977,1,61,-0.0315764652313086,0.0854239978984145
45,2504,4,1,4,3.16,0.2834965,6.51112129143311,6.01957873128914,1,99,-0.0131274007555601,0.0425882289797346
45,2504,4,2,4,2.6,0.222532,5.80375400409275,5.56539785412615,1,69,-0.0046745055131697,0.0744992449782764
45,2504,4,3,4,2.16,0.1884365,5.58293629996799,5.35848145781497,1,66,-0.00334068431399947,0.073396438991992
45,2504,5,1,5,3,0.18648,7.38613752886242,6.61554299160078,1,74,-0.00404693713377099,0.0590234534813102
45,2504,5,2,5,2.96,0.193426,6.93710931868904,6.70799355543854,1,92,-0.00202295253916087,0.0530127849986215
45,2504,5,3,5,3.12,0.2273376,7.39341638221199,7.01129989625561,1,86,-0.00489402520267589,0.0727310778471509
45,2504,6,1,6,3.12,0.158152666666667,7.86742717580439,7.6515490457142,1,95,-0.000164493198215941,0.0646313422486557
45,2504,6,2,6,4.2,0.227563,8.79702547371328,8.37846644827411,1,112,-0.0208528349347996,0.0487419417754203
45,2504,6,3,6,2.88,0.152392666666667,7.94233917673343,7.55329789920739,1,99,0.0153230337328061,0.0525210247064471
45,2504,8,1,8,5.32,0.23921975,12.460639714537,11.3750470444457,1,123,0.0112610114595452,0.0385003731942311
45,2504,8,2,8,5.44,0.2265535,12.0681552711977,11.1911092382203,1,120,-0.011641624142125,0.0393750371205987
45,2504,8,3,8,6,0.22682575,11.7453932734688,11.1170761339482,1,128,-0.00849807903371133,0.0321134805401919
45,2504,10,1,10,7.2,0.2178738,15.1278283555531,13.7299931065086,1,114,-0.00817010393208157,0.0346419939043949
45,2504,10,2,10,5.88,0.1800662,14.2920500660518,13.0817060229284,1,102,0.000915200517178055,0.0409760229646709
45,2504,10,3,10,6.84,0.2252058,14.9882804242531,13.9303439934902,1,120,-0.0148809070958042,0.0362434597936842
45,2504,12,1,12,8.28,0.217177666666667,18.4807901035089,16.5151463097845,1,106,-0.00742055775339336,0.036273390318594
45,2504,12,2,12,7.68,0.1974565,17.8152843046334,16.0577226112215,1,97,0.000853275155705362,0.0468603156131194
45,2504,12,3,12,7.84,0.214042166666667,17.7408198864611,16.4850848338995,1,119,-0.00323013955132001,0.0417154639538765
46,2504,2,1,2,1.52,0.211569,3.51219182001039,2.71235008775031,1,43,-0.044017573763876,0.11303857284152
46,2504,2,2,2,1.24,0.215893,3.30781981056777,2.76164771878359,1,37,-0.0445008028932183,0.100274530327188
46,2504,2,3,2,1.08,0.140026,2.80310318074163,2.45925578106718,1,36,0.0264763997059756,0.11798997461727
46,2504,3,1,3,2.2,0.227004666666667,5.18469198087804,4.14346511317418,1,60,0.0313578904643861,0.0734660403438033
46,2504,3,2,3,1.8,0.178734,4.44481266724088,3.9137025205497,1,56,-0.0385941013095159,0.084912639411237
46,2504,3,3,3,2.2,0.211468,4.7078981635568,4.03528294152999,1,67,-0.0335699393589605,0.0770254220619264
46,2504,4,1,4,2.48,0.1839665,5.92427548595082,5.22562704454996,1,65,0.00629699472147811,0.0785299642517296
46,2504,4,2,4,2.68,0.2264185,6.6144218035353,5.56489024747047,1,60,0.0299188159050488,0.0633689410220576
46,2504,4,3,4,2.8,0.2007565,6.70569730636663,5.35703469950441,1,77,-0.00493957811426847,0.0439069384422233
46,2504,5,1,5,3.2,0.1885136,7.9749460762279,6.57807918355274,1,69,-0.00284871241857413,0.0571179682353429
46,2504,5,2,5,3.48,0.217938,8.01587365452894,6.85464913844065,1,79,-0.0126209363783684,0.0581886864644825
46,2504,5,3,5,2.92,0.1720692,7.36216970130134,6.45717546799338,1,67,0.00448337737991803,0.0588854224451689
46,2504,6,1,6,3.8,0.180422333333333,9.22799594876555,7.80256990802268,1,96,-0.00213712838280852,0.0358787355882346
46,2504,6,2,6,4.56,0.247935,10.1957442067058,8.55795813588512,1,89,0.0115352533296556,0.0428826237562045
46,2504,6,3,6,3.76,0.175979333333333,8.67273687374696,7.71147058113733,1,101,-0.0212922977355144,0.0380293130105796
46,2504,8,1,8,5.6,0.220893,12.6762386469369,10.9959266803711,1,95,0.0082663136826993,0.0369452341170594
46,2504,8,2,8,5.2,0.19902425,12.425469455437,10.6882801906447,1,98,-0.00839658495808572,0.0443021307698226
46,2504,8,3,8,5.6,0.21793975,12.5418012244111,10.9233818844526,1,95,0.0172416348336409,0.0338335262238176
46,2504,10,1,10,7.16,0.2231496,15.7264681312565,13.7766194830375,1,97,-0.00397286680352566,0.0390462082807844
46,2504,10,2,10,6.04,0.171303,15.4671054650515,12.8414217439351,1,72,0.0106598220670253,0.0497605940538306
46,2504,10,3,10,6.84,0.2197984,15.4619597681972,13.7464708018287,1,96,-0.0122810984989468,0.0393149153941832
46,2504,12,1,12,7.4,0.184928833333333,18.7230048087959,15.7210813615887,1,83,0.0116281966405941,0.048358977981524
46,2504,12,2,12,8.44,0.223399833333333,19.639134771624,16.5709176901632,1,90,0.00749354862193524,0.0396013204535693
46,2504,12,3,12,8.16,0.212966666666667,19.437245676265,16.3338965519974,1,84,-0.00759906059121913,0.0442983844241029
47,2504,2,1,2,1.12,0.22018,3.01670010762409,2.78384371436141,1,33,0.0167439321196448,0.142193174212116
47,2504,2,2,2,1.76,0.355191,3.60242271831128,3.28137072943676,1,63,-0.00713694341733289,0.0590347096065484
47,2504,2,3,2,1.6,0.27675,3.54455991969935,2.99770343350122,1,45,-0.0236523441162542,0.095078613160002
47,2504,3,1,3,0.96,0.0727366666666667,3.31068348915713,3.32606473158008,1,63,-0.0232163504341457,0.0964651348297318
47,2504,3,2,3,2.56,0.284478,5.32314275092064,4.46876979667843,1,75,0.00741877749978364,0.0565125453879933
47,2504,3,3,3,2.04,0.204068666666667,5.03238706627932,4.03901475648162,1,55,0.0233933074072254,0.064475368484834
47,2504,4,1,4,2.72,0.199054,5.9570065568009,5.28751834038518,1,81,0.00504289177949651,0.0543132078153323
47,2504,4,2,4,2.12,0.1535795,6.03368264099086,4.97597425385074,1,88,0.0130294032138963,0.0587109053526907
47,2504,4,3,4,2.88,0.2095915,5.71202996452824,5.42713315233105,1,90,0.00855117675199187,0.0511988593955655
47,2504,5,1,5,3.56,0.2270852,8.08915446710914,6.92374011324884,1,82,-0.00544354617046509,0.051125589134661
47,2504,5,2,5,3.04,0.1812072,7.78239703007104,6.47888450098985,1,92,0.0096365749206883,0.0484077365400716
47,2504,5,3,5,3.24,0.1990072,8.3399773636528,6.69445838054704,1,67,-0.0183203850941026,0.063240192684118
47,2504,6,1,6,3.76,0.196571666666667,9.06058461149576,7.98159955230046,1,78,0.0204556538121619,0.0593294992457975
47,2504,6,2,6,4.88,0.274961,10.2911147616099,8.81049402056217,1,91,0.0108275805603478,0.0423671450219841
47,2504,6,3,6,4.76,0.265272333333333,10.4610997977714,8.69199834412074,1,106,0.0165213090366218,0.034938448651621
47,2504,8,1,8,5.88,0.221607,12.9039524363609,10.9310936649021,1,101,0.00889642607515348,0.0397177315988615
47,2504,8,2,8,6.04,0.24723,13.3313362437033,11.3813454713148,1,93,0.0171795166324841,0.0403163109568171
47,2504,8,3,8,5.76,0.22993825,12.9337147816367,11.0833057130594,1,108,0.00385002149446657,0.0278068504368445
47,2504,10,1,10,7.16,0.2334518,16.5752126683064,13.9697495561078,1,95,0.0142150298693493,0.0423767576889939
47,2504,10,2,10,6.08,0.170521,14.8946105760625,12.7753000018203,1,97,0.015057698294951,0.0420069238728042
47,2504,10,3,10,6.48,0.1999742,15.4933395618702,13.3755746887443,1,114,0.00233019661025409,0.0206556149808663
47,2504,12,1,12,7.64,0.192989833333333,18.2622851171968,15.8787638753291,1,105,0.00465889697192049,0.033874122738373
47,2504,12,2,12,7.8,0.203480666666667,17.8514290697632,16.1712885208483,1,115,0.00687289116508807,0.0266329285595645
47,2504,12,3,12,7.96,0.206336166666667,18.9380206743376,16.2345890246283,1,95,0.00989858041672603,0.037772288981037
48,2504,2,1,2,1.96,0.368519,3.9481131580777,3.30014141594739,1,65,-0.00482604553910645,0.0633320472609127
48,2504,2,2,2,1.8,0.275873,3.6085852862224,2.9205675024115,1,54,-0.0077291018008226,0.0757967504144008
48,2504,2,3,2,1.52,0.227305,3.08467284141238,2.77102586739156,1,54,0.00537126319759423,0.0836023138974466
48,2504,3,1,3,2.32,0.222732,4.86139739945629,4.12598715120796,1,88,0.00159433686518295,0.0575305696331762
48,2504,3,2,3,1.6,0.137018666666667,4.13060580382953,3.68171907069158,1,45,-0.0396090162737026,0.109006839149406
48,2504,3,3,3,2.32,0.223586666666667,5.13519010153042,4.09751086107312,1,54,-0.0241935464001363,0.0725919836471564
48,2504,4,1,4,3.32,0.2513085,6.68867052594204,5.68686644664709,1,87,-0.0218304222546082,0.0401253224687938
48,2504,4,2,4,3.64,0.312357,7.56556386976462,6.18292959101861,1,107,0.00219450515858529,0.0341550628809303
48,2504,4,3,4,3.52,0.274748,7.25111828298274,5.85400218189833,1,95,0.00482683514620831,0.0470727718430854
48,2504,5,1,5,3.36,0.1965848,7.05711773854852,6.61287481087589,1,113,0.00688859226512325,0.0326091339426778
48,2504,5,2,5,3.72,0.2003524,7.52620657749978,6.633962247044,1,113,0.00575527919445841,0.0301427059270276
48,2504,5,3,5,3.76,0.2068132,7.21905170045146,6.65897133860643,1,128,0.00229520738187201,0.0308117417690208
48,2504,6,1,6,4.84,0.253787333333333,10.027333933726,8.55547316940549,1,119,0.00622646926045337,0.0273565597418993
48,2504,6,2,6,4.84,0.245416,10.2597408906056,8.4589843303001,1,87,-0.0117999032443096,0.0390545241190958
48,2504,6,3,6,5.16,0.269977666666667,10.7320592093245,8.7449926155959,1,83,-0.0188379347586427,0.0499419538773196
48,2504,8,1,8,5.84,0.2255975,13.1323937488866,11.0035728637967,1,93,-0.00478895590639275,0.0371044109650224
48,2504,8,2,8,6.72,0.2674115,13.9744646750529,11.5954074387047,1,103,-0.00078182139208828,0.0381032937007709
48,2504,8,3,8,6.2,0.235488,13.2641449625069,11.1617184270325,1,100,-0.000856270055993343,0.0410973282564643
48,2504,10,1,10,7.84,0.2547972,16.3425954846108,14.3464747239621,1,138,-0.00226920510024676,0.0221270405717816
48,2504,10,2,10,7.2,0.2072932,15.8584210971634,13.4278890927992,1,92,-0.000145397385925135,0.0437778409804349
48,2504,10,3,10,7.32,0.2219384,15.8452987491031,13.7208810323024,1,109,0.000498629570927877,0.0279404790612327
48,2504,12,1,12,9.36,0.236307833333333,19.5665306197183,16.7178601627224,1,111,-0.000345407827556525,0.0302466132182394
48,2504,12,2,12,8.72,0.215137,19.3256964530838,16.3134911204834,1,112,-0.00256288641309954,0.0286376433538775
48,2504,12,3,12,9.56,0.253750666666667,20.7321529814951,17.1573176545507,1,99,-0.00151159204993259,0.0348689844534837
49,2504,2,1,2,1.2,0.195941,2.97238686326039,2.65848072103411,1,67,-0.0857526701082889,0.151121065527318
49,2504,2,2,2,1.52,0.239963,2.85160983417042,2.7821620983175,1,47,-0.00124978598505479,0.0808059060535342
49,2504,2,3,2,1.44,0.247154,3.33910590456201,2.85534316526607,1,50,-0.0897516229289753,0.167730211474179
49,2504,3,1,3,2.6,0.313624666666667,5.18677193405558,4.65728144890398,1,63,0.0232103960741894,0.0686605481518908
49,2504,3,2,3,2.4,0.281743333333333,4.72107549931846,4.45353427510668,1,88,-0.0136313893595941,0.0521831483889067
49,2504,3,3,3,1.88,0.203087333333333,4.39535359179385,4.01562768938335,1,60,-0.00636112600581551,0.0743465203427591
49,2504,4,1,4,3.08,0.2670435,6.57062028056457,5.82621179309791,1,79,0.0190242126788803,0.0575111610786853
49,2504,4,2,4,2.92,0.232144,6.34864094033078,5.56700634494723,1,87,0.00797015272799683,0.0408720377905551
49,2504,4,3,4,2.96,0.2225285,6.14816043394121,5.48588801462519,1,99,0.013649384171375,0.031458009339314
49,2504,5,1,5,3.36,0.2372712,8.72014781155346,7.08146036019738,1,70,0.00590705869671839,0.0509339251800052
49,2504,5,2,5,4.16,0.2899916,8.03263847244708,7.497250452955,1,108,-0.00622268175640158,0.0404180278897795
49,2504,5,3,5,4.28,0.3064244,9.03431789862716,7.64337826649819,1,106,-0.0110485953979365,0.0309979800362467
49,2504,6,1,6,5.12,0.290496,10.2503389155448,9.03826684099611,1,107,-0.00528071153244579,0.0274016496801482
49,2504,6,2,6,4.8,0.250981333333333,9.59892820242688,8.52898547715409,1,95,0.0153536146080055,0.0357607954853152
49,2504,6,3,6,4.6,0.248463666666667,9.41586949190659,8.53942196060859,1,112,0.0126636405618731,0.0303694750382244
49,2504,8,1,8,6.08,0.25915275,12.8889972153023,11.6040535873987,1,101,-0.0014460496477118,0.0328086581951936
49,2504,8,2,8,5.8,0.23735575,13.0093919034489,11.2166527662698,1,100,0.00283573000411021,0.0281134849010798
49,2504,8,3,8,6.6,0.2823485,13.2089818041123,11.8918888732838,1,115,0.00592293284641505,0.0307609114154545
49,2504,10,1,10,7.64,0.2635706,17.2421397272207,14.5384074759099,1,94,0.00270907497085217,0.032166774835963
49,2504,10,2,10,7.24,0.243663,16.29691529777,14.1540617871504,1,91,0.00623334209722099,0.0405317068289803
49,2504,10,3,10,7.44,0.2439106,16.1130733064547,14.1444842253516,1,97,-0.00276075273090489,0.0300890559640544
49,2504,12,1,12,8.8,0.2410545,19.3296307511043,16.9205094219684,1,92,0.00638622475610474,0.0370319605677946
49,2504,12,2,12,9.04,0.2595275,20.0120925667236,17.3735449603602,1,98,0.00239198186075642,0.0270192631398793
49,2504,12,3,12,9.6,0.2714205,19.837174094677,17.5893946009803,1,101,0.00304809662614771,0.024531000793102
50,2504,2,1,2,1.08,0.216684,3.13177078604212,2.79455365236637,1,39,0.133819846450802,0.252844348110136
50,2504,2,2,2,1.16,0.203707,2.78702107790052,2.71658721122055,1,39,0.00735113045674444,0.131736515999145
50,2504,2,3,2,0.88,0.120589,2.62238922813909,2.37705406270206,1,29,0.0229884911682855,0.200055966726706
50,2504,3,1,3,1.96,0.226057333333333,4.6137898431077,4.20713376321761,1,56,0.00347440554537797,0.0808044957798052
50,2504,3,2,3,2,0.210985333333333,5.29634670729405,4.07226389339526,1,45,-0.0317028705538443,0.0883652385098821
50,2504,3,3,3,2.4,0.295995333333333,5.24293455068748,4.59135950097763,1,68,-0.00606967427075837,0.0645672740227475
50,2504,4,1,4,3.12,0.243332,6.47688716270221,5.62618739327159,1,80,0.0171836046327615,0.0582514350101524
50,2504,4,2,4,2.52,0.2053545,6.49266710709791,5.39893693878115,1,59,0.0196031953004795,0.0635594406387924
50,2504,4,3,4,3.08,0.238353,6.20310320696258,5.6127198060327,1,95,0.000583021329503425,0.0364883188786682
50,2504,5,1,5,3.88,0.2854936,8.8352081307804,7.54231083124268,1,96,0.00882081197987493,0.0354919150472977
50,2504,5,2,5,4.08,0.2756312,8.60327291228351,7.38558822282033,1,102,0.00222534317468627,0.028520702764566
50,2504,5,3,5,3.28,0.1991088,8.01997660567943,6.6662232559544,1,62,0.0102293947065487,0.0658790016735238
50,2504,6,1,6,4.2,0.250203333333333,9.96593212702314,8.64875299082836,1,101,0.0184084352873827,0.0412582488487179
50,2504,6,2,6,4.16,0.220271666666667,9.49361225846923,8.22776660345429,1,86,0.0184679566860497,0.0412158577840366
50,2504,6,3,6,5.04,0.294639333333333,10.4987519130246,9.08605242967401,1,124,-0.00931872924996003,0.0272275585364173
50,2504,8,1,8,5.04,0.19752275,11.7831534870173,10.6657221011357,1,81,0.00678718748730946,0.0508451949807859
50,2504,8,2,8,5.8,0.25258725,14.0278566409586,11.5454258425376,1,75,-0.00628543103065098,0.040661122862794
50,2504,8,3,8,5.56,0.2364415,13.167517086262,11.2810154203011,1,100,0.00891473040307448,0.0408933559409769
50,2504,10,1,10,7.04,0.2271232,15.8230186104843,13.9069682323607,1,99,0.00948692455442216,0.0371468065450268
50,2504,10,2,10,7,0.229914,16.1197388276627,13.9347699012085,1,91,0.00471452968848592,0.0416903871347347
50,2504,10,3,10,7.88,0.2603528,16.8042863017432,14.4913829944525,1,103,-0.00822398989494847,0.0287751083780226
50,2504,12,1,12,8.96,0.243833666666667,19.6871627198782,17.0141333551954,1,90,0.00637436650519676,0.0407146098445502
50,2504,12,2,12,8.44,0.242305,20.0342934303748,17.0674961448854,1,85,0.00402264123181963,0.0489135584043622
50,2504,12,3,12,7.8,0.208896666666667,18.7717785158058,16.2640161159699,1,81,0.00320030347861102,0.045522450538014
1,2999,2,1,2,1.64,0.245122,3.2962705685364,2.82955030441224,1,47,0.0202354409145161,0.069096857537598
1,2999,2,2,2,1.2,0.230051,3.05761984638967,2.80820173497776,1,46,-0.0352776782235025,0.167175152297963
1,2999,2,3,2,1.68,0.291932,3.4145922992883,3.0216293944729,1,58,-0.00217819371833724,0.0560325030764033
1,2999,3,1,3,2.32,0.296868666666667,5.32371075874916,4.5702215433278,1,73,0.00117487928126553,0.0446157175013772
1,2999,3,2,3,2.12,0.235734666666667,4.80559107340532,4.22451443287155,1,65,-0.0306283770957921,0.0637587481622623
1,2999,3,3,3,2.6,0.299200666666667,5.24413602744338,4.57427980245869,1,84,0.0170790775272789,0.0439936676434558
1,2999,4,1,4,3,0.2384425,6.73294260830206,5.61293820089673,1,82,-0.00351086291606356,0.0529083807205915
1,2999,4,2,4,3.36,0.31872,7.33890114099093,6.2569733100319,1,91,0.00339803518882881,0.0396234885632517
1,2999,4,3,4,2.52,0.2249195,6.17717803061646,5.56609167471827,1,68,0.00526143537560626,0.0609907935528623
1,2999,5,1,5,3.88,0.257432,8.69583534827802,7.19822750052373,1,87,0.000462254295106905,0.0386478106788235
1,2999,5,2,5,2.76,0.1660524,7.03886755608399,6.38353419548951,1,66,-0.0112746841121242,0.0563750777118402
1,2999,5,3,5,3.04,0.22396,8.13128308677486,6.95832846800688,1,74,0.00469407115688728,0.0526796518970877
1,2999,6,1,6,4.56,0.271121333333333,10.6666787747151,8.82249225917854,1,105,-0.0144012300471444,0.0320788094939426
1,2999,6,2,6,3.96,0.257974666666667,9.75559151764202,8.75532176411707,1,92,-0.00811157924765537,0.0352402089514112
1,2999,6,3,6,3.96,0.230929333333333,9.54069725580446,8.41426854212545,1,94,-0.00389474935872699,0.0420856616848345
1,2999,8,1,8,5.8,0.2604915,13.5483858437768,11.6374480099169,1,92,-0.00924197099528704,0.035460890846825
1,2999,8,2,8,4.64,0.20997175,12.1468035037511,10.9336353561564,1,86,-0.000311110547246482,0.0501301656314716
1,2999,8,3,8,5.56,0.2483375,13.2348070251854,11.4496873907622,1,96,-0.0039429892476183,0.0299399876505576
1,2999,10,1,10,7.28,0.2476606,16.5684932650016,14.2912490800295,1,96,-0.0101697997498211,0.0393683624577112
1,2999,10,2,10,7.04,0.235896,16.0680423783488,14.0794821336244,1,102,-0.0061330490984226,0.0343451925569221
1,2999,10,3,10,6.84,0.241053,16.6515043306786,14.1931464185997,1,84,-0.00462833999127306,0.0418990606372495
1,2999,12,1,12,8,0.235821333333333,19.2391266654557,16.9163684709115,1,99,-0.0139828259515923,0.0361531232538133
1,2999,12,2,12,8,0.2246135,19.1542401486271,16.6335687880682,1,90,-0.00636371383780314,0.0370900424155641
1,2999,12,3,12,8.6,0.250060666666667,19.9109033509205,17.2074617180935,1,103,-0.00999453627441592,0.0355071391394228
2,2999,2,1,2,1.36,0.194652,2.8827341085111,2.6389825134789,1,39,-0.00670930248408432,0.142777157780763
2,2999,2,2,2,1.72,0.263746,3.03085213533964,2.90287300952707,1,59,0.00323017557870701,0.0533982970019434
2,2999,2,3,2,1.28,0.208729,2.7951966491731,2.73606469055655,1,48,-0.0148186707514235,0.119466099751183
2,2999,3,1,3,1.88,0.185488,4.52828367600584,3.95402727582508,1,57,0.0221492786231426,0.0808721673160641
2,2999,3,2,3,1.92,0.188296666666667,4.84503313556934,3.94976300323524,1,56,0.00977200025613666,0.0785322474681167
2,2999,3,3,3,2.76,0.304955333333333,5.05204524621662,4.53015852522242,1,85,-0.00696966730951062,0.0451159402254434
2,2999,4,1,4,2.88,0.238114,6.25565278533604,5.61426680213274,1,80,0.00829992016039677,0.0406462715460144
2,2999,4,2,4,2.52,0.180222,6.01274493114543,5.20081178197894,1,73,0.00204889266293386,0.0619071163547313
2,2999,4,3,4,2.6,0.2087545,6.18540215444477,5.44358086848715,1,67,0.000968161469990665,0.065951844554988
2,2999,5,1,5,3.8,0.2526036,7.9296849263566,7.14348194831214,1,96,0.00203210165852476,0.032362596389169
2,2999,5,2,5,4,0.2807224,8.21990681310083,7.41559096319603,1,100,0.00556104531802744,0.0360991290495816
2,2999,5,3,5,3.72,0.2447008,7.48316726295167,7.12849129274568,1,101,-0.0134535992328638,0.035837735431161
2,2999,6,1,6,3.28,0.165183666666667,9.35021383834131,7.68669313136295,1,69,0.00994331751502165,0.0494820176903663
2,2999,6,2,6,4.56,0.240413,9.25233163240087,8.42624668891195,1,107,-0.0028911586152677,0.0279936803289963
2,2999,6,3,6,4.6,0.266609666666667,9.24038818395663,8.80825303769484,1,125,0.00107134612576123,0.0294443038226483
2,2999,8,1,8,6.2,0.24480025,12.06855589189,11.3419348552604,1,110,0.0027033536610164,0.0319198094482489
2,2999,8,2,8,6.24,0.258633,12.6176555401352,11.5359085505013,1,114,-0.00667097485907587,0.026600277882472
2,2999,8,3,8,6.8,0.2817225,13.3462766796392,11.8495264913834,1,97,0.00635266900847031,0.0304279048156996
2,2999,10,1,10,6.68,0.2118618,16.0049190637,13.6089356929031,1,93,0.00825034813710387,0.0362404743501152
2,2999,10,2,10,7.88,0.2659358,15.9802700930017,14.5855199768472,1,119,0.000252009260397495,0.0245540122064914
2,2999,10,3,10,7.28,0.245968,16.2882363950744,14.2571299840214,1,95,0.00798192218142543,0.0369310256371504
2,2999,12,1,12,8.52,0.238097333333333,19.4727057170055,16.9164288088658,1,89,0.00556995757146262,0.0399005648289393
2,2999,12,2,12,8.52,0.226228666666667,19.1175030201733,16.6061928375374,1,90,0.00221712153023109,0.034240119494112
2,2999,12,3,12,9,0.247494333333333,19.7356345250089,17.0801517065992,1,88,0.00290822536126819,0.0441874679300802
3,2999,2,1,2,1.48,0.209786,3.36055340558583,2.65896379432359,1,50,0.011360526333693,0.098571184494692
3,2999,2,2,2,2,0.375798,3.84594496126048,3.31567480299592,1,58,-0.0246115391406166,0.0621125237918533
3,2999,2,3,2,1.84,0.281327,3.1582108088913,2.9626707546019,1,49,-0.0069211578993043,0.074041684965627
3,2999,3,1,3,2.12,0.201564,4.60446392955179,3.95746764936959,1,67,-0.0114000575767409,0.061349433812908
3,2999,3,2,3,2.28,0.23489,4.41959235684315,4.19720848188278,1,53,0.0401750526870539,0.0895267054723537
3,2999,3,3,3,2.08,0.173351333333333,4.511858539182,3.81171827492795,1,92,-0.00189929960712154,0.0445998924600161
3,2999,4,1,4,3.84,0.3415755,7.04329236431264,6.3756037930787,1,89,-0.00749101671592759,0.0358223904696946
3,2999,4,2,4,3.04,0.2372725,6.1510618281763,5.60618248643315,1,89,0.00517797169679758,0.0456584140431055
3,2999,4,3,4,2.72,0.205662,5.70722396328311,5.36769056818848,1,77,-0.000663110407667309,0.0525485104188091
3,2999,5,1,5,4.04,0.2522864,7.63515835500737,7.11767694934264,1,109,-0.00257754530377986,0.0378345348666188
3,2999,5,2,5,4.04,0.247082,8.20679998167848,7.0537484630973,1,63,0.00342263418816221,0.0555362231866656
3,2999,5,3,5,3.2,0.168654,6.50233438977851,6.34528634984937,1,78,0.00834799832830092,0.056986064621658
3,2999,6,1,6,4.56,0.223183333333333,8.5686667641605,8.25404787882798,1,98,0.012125394682231,0.0354177940357661
3,2999,6,2,6,3.88,0.175169333333333,8.17405006623499,7.71752924684666,1,74,0.00898068431417898,0.0621998483244851
3,2999,6,3,6,3.8,0.173986333333333,8.17708870760519,7.68158674157039,1,80,-0.00537278423978149,0.0549142943318899
3,2999,8,1,8,6.4,0.239269,11.8956311036527,11.2273306885845,1,134,5.38790972061299e-05,0.027456637482314
3,2999,8,2,8,6.52,0.24490675,12.4580515231289,11.2600166142441,1,116,0.00346921320111547,0.03385521512085
3,2999,8,3,8,5.64,0.19993575,11.0883670594563,10.6272306920713,1,105,0.00317283394261189,0.0414305693201636
3,2999,10,1,10,6.64,0.1875962,14.1268307711488,13.0678012793201,1,93,0.00245661328905589,0.0267320643822185
3,2999,10,2,10,8.08,0.25278,16.0959896144657,14.2265124743897,1,118,-0.000465449859592071,0.0302615702590143
3,2999,10,3,10,7.64,0.2320884,15.7656477136157,13.8498017826618,1,100,-0.00407819823859896,0.0345120591293029
3,2999,12,1,12,8.4,0.2111115,18.0160741636998,16.1782379505241,1,105,-0.00285887336508312,0.0345107367059727
3,2999,12,2,12,9.44,0.247162166666667,18.8450170405391,16.9792348862613,1,102,0.00281164716862982,0.0342916256289833
3,2999,12,3,12,9.32,0.2412685,19.3183919467014,16.8112752953175,1,105,-0.00245935610970894,0.0377188845524837
4,2999,2,1,2,1.6,0.247537,3.12857250136634,2.83254751043058,1,59,0.0140524674016768,0.0513989991366124
4,2999,2,2,2,1.2,0.171992,2.61778130262315,2.55879731431936,1,37,0.0179135197223299,0.124904557352401
4,2999,2,3,2,1.68,0.231465,3.21796254914306,2.75851134964077,1,55,-0.00773929983004175,0.0833304298927282
4,2999,3,1,3,1.88,0.190438666666667,4.13235104823901,3.98850835004014,1,65,0.0333357088473052,0.0780498149693825
4,2999,3,2,3,1.88,0.166896666666667,4.20457431825212,3.80528351682524,1,72,-0.0169033333569095,0.0635116890540109
4,2999,3,3,3,1.52,0.135789333333333,3.65474762247012,3.65746689077851,1,57,0.0717230334169565,0.136175800980732
4,2999,4,1,4,2.6,0.176131,5.50837770954979,5.17749574920335,1,72,-0.0021921637461839,0.0664609790377812
4,2999,4,2,4,2.68,0.209888,6.01235955849039,5.42787561242176,1,80,0.00830720331026411,0.0580317085418144
4,2999,4,3,4,2.68,0.2070685,5.96328584960305,5.40406201815303,1,95,-0.0162144008730549,0.0467222142703688
4,2999,5,1,5,2.28,0.0901196,5.64946716649701,5.69560522376635,1,80,0.0145277152950657,0.067989977618451
4,2999,5,2,5,3,0.167778,6.54053134152437,6.40714971580456,1,79,0.00229436745451907,0.0454722246484265
4,2999,5,3,5,3.6,0.1938612,6.88468832745104,6.59616139760814,1,97,0.0172799151308729,0.0522213491762763
4,2999,6,1,6,4.24,0.175487333333333,8.44757997787114,7.69890360877343,1,98,-0.014381377461047,0.0430699637929386
4,2999,6,2,6,4.08,0.137975666666667,7.54612835901669,7.27047696423318,1,131,-0.00378512918715344,0.0242777238443748
4,2999,6,3,6,3.48,0.151407,7.86445991775787,7.46781812134162,1,91,-0.00490081644843946,0.0456804506559463
4,2999,8,1,8,4.36,0.11847375,9.88918107226243,9.47426353366307,1,96,0.00182470599790855,0.0398368504546458
4,2999,8,2,8,5.56,0.2153015,11.8871464722111,10.9102176404731,1,107,-0.0135342576526276,0.0359279643709935
4,2999,8,3,8,5.04,0.15285075,9.99281691107401,9.93069940702074,1,128,0.00505059825663901,0.0348635802589981
4,2999,10,1,10,6.8,0.1995086,14.3895196074498,13.2962083996823,1,116,-0.00619425949221057,0.0338419698220718
4,2999,10,2,10,6.36,0.1719378,13.8251744117819,12.8379393529193,1,117,-0.00368891998108195,0.0276639389245528
4,2999,10,3,10,6.8,0.1775438,13.6949353733378,12.8851863129127,1,121,-0.0134210603319278,0.0325246899332527
4,2999,12,1,12,8.2,0.198227,16.9027124878912,15.9595020223673,1,120,-0.0018379367954264,0.0360954325385399
4,2999,12,2,12,8.6,0.186567166666667,16.7103106127583,15.6287466349531,1,133,-0.00672977190881347,0.024405065819284
4,2999,12,3,12,8.12,0.176403166666667,16.2147343772398,15.4335190550451,1,124,-0.00335663943295713,0.0335952621051801
5,2999,2,1,2,1.16,0.194593,3.56944902939969,2.64263726807234,1,52,-0.0964565144314475,0.162169128632145
5,2999,2,2,2,1.24,0.193183,3.40372560394183,2.64717395959975,1,43,-0.0765236578079723,0.15576091126421
5,2999,2,3,2,0.96,0.131718,2.57973881152424,2.43080282569178,1,29,0.0432147310482844,0.214167336993738
5,2999,3,1,3,2,0.166449333333333,4.98996717999289,3.81706574613574,1,73,-0.00207439234253569,0.0613646499250387
5,2999,3,2,3,2.56,0.265993333333333,5.94278259316804,4.34884028751151,1,81,-0.0202684033963836,0.050025750151035
5,2999,3,3,3,2.24,0.242126666666667,5.40843081846294,4.2486836301084,1,64,-0.00434276723129916,0.064592080011367
5,2999,4,1,4,2.88,0.2080555,7.51067469400155,5.35023186086015,1,70,-0.00893228889183083,0.0505191340454
5,2999,4,2,4,2.72,0.189573,7.25115033918249,5.27972893276178,1,85,0.0199761089030415,0.0574835297332182
5,2999,4,3,4,2.72,0.1768515,7.05514635628113,5.15840757862178,1,81,-0.00487911092097791,0.0537212532512861
5,2999,5,1,5,2.76,0.1555184,8.20555725172537,6.28587006846667,1,67,-0.01024665862516,0.0583095152160695
5,2999,5,2,5,3.2,0.1804976,8.41445578624695,6.49617746761264,1,66,-0.0210662850880549,0.059365959318742
5,2999,5,3,5,3.48,0.1996028,8.84788168609575,6.66062071163042,1,88,0.0086616745015716,0.0352094017175683
5,2999,6,1,6,4.24,0.222162333333333,10.6459504377192,8.2300922849081,1,75,-0.0122668693206346,0.0455629380142345
5,2999,6,2,6,3.56,0.163111,9.07360838878591,7.6022519840676,1,86,0.00579573443723956,0.0458688094558438
5,2999,6,3,6,3.76,0.184620333333333,10.2965119291313,7.85161950924434,1,79,-0.00960021666122926,0.0483624609124065
5,2999,8,1,8,4.96,0.170364,12.0300299939086,10.2931147147858,1,109,0.00839482403532901,0.0267147851756569
5,2999,8,2,8,6,0.221008,14.3633412257623,10.9597647172172,1,90,-0.00195933338428382,0.031634380371063
5,2999,8,3,8,4.88,0.1906875,12.4517118767309,10.5991900726356,1,95,0.0112504210676539,0.0334191285646675
5,2999,10,1,10,6.84,0.2181128,16.1742233350691,13.7394433630545,1,99,0.0132252527480167,0.0377636781583686
5,2999,10,2,10,6.44,0.1777854,15.7110071570066,12.9350374346768,1,91,0.0086974711705545,0.0337981063873563
5,2999,10,3,10,6.48,0.1999792,16.7617826222412,13.3615852298475,1,85,0.0122853131494047,0.0442107593568433
5,2999,12,1,12,7.68,0.1828295,18.8648145014717,15.6607174591025,1,97,-0.00858117282307691,0.0360222685748513
5,2999,12,2,12,7.76,0.19606,18.8691869325463,15.9668451316369,1,101,0.00799080430550402,0.0361378929685794
5,2999,12,3,12,8,0.205766333333333,20.1858588870849,16.1702782031628,1,90,0.00123872307280794,0.0349799424477149
6,2999,2,1,2,1.28,0.192279,3.02317621716854,2.64644037849924,1,42,0.0186160258176973,0.0833112220556486
6,2999,2,2,2,0.88,0.115432,2.58858342842464,2.3851778797468,1,84,0.0830688166913633,0.143560580698441
6,2999,2,3,2,1.8,0.317805,3.24733201250506,3.08744033045829,1,60,-0.0342083649208888,0.0760638104444357
6,2999,3,1,3,1.88,0.2082,4.394791893633,4.08692977470498,1,73,0.00495532498138753,0.055726829966423
6,2999,3,2,3,1.68,0.182322666666667,4.79059606521617,3.95551690412842,1,48,0.06797350456194,0.136959934539286
6,2999,3,3,3,1.24,0.0745333333333334,3.30978145196319,3.324217215463,1,118,0.0207191967973018,0.0491048660542139
6,2999,4,1,4,2.12,0.133748,5.95395360686817,4.86754997473931,1,59,-0.0360173241526154,0.0663214533000529
6,2999,4,2,4,2.16,0.189589,5.87594563035009,5.32742976847107,1,54,-0.0107193822568277,0.107492973880461
6,2999,4,3,4,3.52,0.3017095,7.1667705127392,6.06640521585794,1,99,-0.00960425202089542,0.0399484819601822
6,2999,5,1,5,2.72,0.1411412,7.51342544109399,6.17345483504623,1,59,0.00846204908211699,0.0680904984138648
6,2999,5,2,5,3.04,0.195796,7.29969672442954,6.65662487117485,1,88,-0.00831288202147802,0.04974427383201
6,2999,5,3,5,3.64,0.2131808,8.87730053053868,6.78832898968521,1,79,0.00163470059806455,0.043788456807069
6,2999,6,1,6,3.48,0.192083333333333,8.68259203776967,7.98056229806116,1,87,-0.0135200824936821,0.0501421860510989
6,2999,6,2,6,2.36,0.100947666666667,7.83265660285714,7.00784354337499,1,63,-0.0320900333056446,0.120695679100791
6,2999,6,3,6,3.48,0.161445666666667,8.38791200656699,7.5938556879099,1,107,0.00438121084449896,0.0311981429866172
6,2999,8,1,8,5.48,0.21051725,12.5048908478681,10.833261560443,1,95,-0.00184846363707,0.0416954418675041
6,2999,8,2,8,4.88,0.1877305,12.0681506704994,10.5631137218283,1,93,-0.00768576729645541,0.0288185081047576
6,2999,8,3,8,5.16,0.20479175,12.8157494606056,10.8005868294224,1,89,0.00106893980398603,0.0374990971324444
6,2999,10,1,10,5.72,0.162862,14.3483261827477,12.7195751190314,1,87,0.00592699742661062,0.0463983719580709
6,2999,10,2,10,5.6,0.1534612,14.3367532257471,12.5303766512855,1,110,-0.00577253827093157,0.0356688968865855
6,2999,10,3,10,6.44,0.1897214,15.544089435383,13.1841109651341,1,104,-0.000123384825023496,0.0308103152873274
6,2999,12,1,12,6.72,0.1570585,17.2053114463592,15.1490232501554,1,93,-0.00297817718212391,0.0369146846007909
6,2999,12,2,12,6.88,0.166737666666667,17.4997092867437,15.3428295332281,1,95,-0.0100196246499855,0.0391523909718154
6,2999,12,3,12,6.84,0.1568225,17.7255400204992,15.1052477809683,1,100,-0.00810644186375222,0.0315689983215905
7,2999,2,1,2,1.04,0.172052,2.70786645793378,2.58681636676601,1,40,0.0299580311886098,0.114646634422166
7,2999,2,2,2,1.4,0.197058,2.92998072633119,2.65590755235561,1,42,0.0241244460706707,0.0967189152501728
7,2999,2,3,2,1.12,0.153151,3.04478956727423,2.50973949430337,1,35,-0.198655610609562,0.289491310463
7,2999,3,1,3,1.88,0.193188,4.82085222690682,3.96841617470614,1,58,0.0170940388936234,0.0829436557926206
7,2999,3,2,3,1.48,0.131212666666667,5.01012915279827,3.65335363745773,1,59,-0.0997147440487681,0.138133678569549
7,2999,3,3,3,2.16,0.206464666666667,5.17419530824989,3.99875418629022,1,61,0.0134706017611821,0.0657326296363186
7,2999,4,1,4,2.08,0.151033,6.37621816781421,5.01577945934759,1,46,-0.00399704958028429,0.089941176663856
7,2999,4,2,4,2.28,0.1603905,5.98287808902486,5.0792935151083,1,73,0.0154086782256039,0.0579620432866592
7,2999,4,3,4,2,0.1592615,5.6166896951383,5.06743909549483,1,76,-0.0046033796458016,0.0518202554685052
7,2999,5,1,5,3.88,0.2664728,8.3843258296387,7.31116444008348,1,98,0.00172927077484598,0.0369654526636732
7,2999,5,2,5,3.4,0.2211912,7.78774331882655,6.91310047914495,1,92,-0.00660669673660629,0.0502870192279004
7,2999,5,3,5,3.12,0.1660692,7.8892933011857,6.36212821360019,1,65,0.0143398789520553,0.0645597336924053
7,2999,6,1,6,4.52,0.225596,9.51044826688896,8.28523292386691,1,93,0.0177649159601624,0.0355492871773859
7,2999,6,2,6,4.28,0.194668333333333,9.57351206091241,7.90804563237256,1,70,0.0315054402154138,0.0559564575069754
7,2999,6,3,6,4.04,0.198438,9.75394486220711,7.9736192939009,1,87,-0.00125468147158949,0.0461797449444032
7,2999,8,1,8,5.2,0.2025325,12.7344539975442,10.7490424097431,1,90,0.0164453730014865,0.043277075942975
7,2999,8,2,8,5.08,0.1992085,11.7776413299368,10.6595040083186,1,119,-0.00479670699777265,0.0275041938869322
7,2999,8,3,8,4.64,0.178602,12.5654191419398,10.4304122571719,1,80,-0.0039598379774434,0.0520246822272711
7,2999,10,1,10,6.76,0.206825,16.3874618515345,13.479209327283,1,87,0.00114952183313361,0.042037688007756
7,2999,10,2,10,7.08,0.2224374,16.1600115336112,13.7557080584705,1,102,0.00613357883619266,0.0334662866284306
7,2999,10,3,10,6.6,0.1900908,15.8009744128296,13.1240531159571,1,92,0.0123263786164241,0.0374230241009691
7,2999,12,1,12,7.52,0.183013666666667,18.4659806884322,15.712225914963,1,83,-0.00445916182322506,0.0489495511827849
7,2999,12,2,12,8.04,0.196689833333333,19.1618083122177,15.9300032103828,1,90,0.00337799317954428,0.0444768195845078
7,2999,12,3,12,8.12,0.202330166666667,18.6761032274349,16.0445627571211,1,83,-0.000290947428929117,0.0455283800774005
8,2999,2,1,2,1.52,0.232777,3.77505361020035,2.75739893119648,1,43,-0.0279907943282003,0.130920161980462
8,2999,2,2,2,1.64,0.285628,3.27907461578443,2.96596058428466,1,50,-0.017254343710999,0.0960030708114756
8,2999,2,3,2,1.48,0.250277,3.25068168324396,2.84542024319715,1,46,0.00599558663517009,0.0815722040941585
8,2999,3,1,3,2.64,0.270818666666667,5.78516052136123,4.35628283605414,1,79,-0.00320157183587554,0.0471023452757622
8,2999,3,2,3,2.24,0.216193333333333,4.93547413935195,4.06431837896889,1,62,0.0127263919386185,0.0709205744231138
8,2999,3,3,3,1.96,0.199006,5.20234292963205,3.96177053519985,1,46,0.0399297905768518,0.100785886435777
8,2999,4,1,4,3.36,0.256895,7.06095067113471,5.6846953148255,1,92,-0.00923839738691586,0.0401878015307283
8,2999,4,2,4,2.56,0.2020105,5.93021059902156,5.31676182727028,1,61,0.00615409438697424,0.0673100806030092
8,2999,4,3,4,2.28,0.1593625,5.93926699667199,5.07193049877023,1,58,0.000363527272597099,0.0756263291228645
8,2999,5,1,5,2.96,0.1967496,7.80320106865576,6.66983403086173,1,77,0.0101119046896774,0.0501357895287641
8,2999,5,2,5,3.92,0.243724,8.99553214954101,7.00964817534752,1,87,0.00646937112612217,0.0447551903023127
8,2999,5,3,5,3.04,0.1650084,8.75330482726086,6.36123187074862,1,72,0.0120462970230212,0.0493167897554004
8,2999,6,1,6,3.48,0.172364,9.70388584929271,7.67831526987913,1,71,0.0136295071535359,0.0531258129771947
8,2999,6,2,6,3.92,0.205075,10.0188362371659,8.07075592185373,1,87,0.00203301896109782,0.0311101730562237
8,2999,6,3,6,4.2,0.216413333333333,9.97796886950328,8.16871233170022,1,93,0.00322858655476011,0.0368992051873414
8,2999,8,1,8,5.08,0.1913025,13.1266768232777,10.5936843282004,1,81,0.0132605625386442,0.0440119487940812
8,2999,8,2,8,5.36,0.21710175,13.0236796079964,10.9220832750128,1,95,0.00773960550604401,0.0264132969503142
8,2999,8,3,8,4.6,0.162203,12.9444790779496,10.1713613432986,1,80,0.00330133503192909,0.0410773670445072
8,2999,10,1,10,6.48,0.1900076,16.6507517756574,13.151174259734,1,86,-0.00154565783504761,0.0363398905697496
8,2999,10,2,10,6.4,0.1968338,16.1003411667695,13.2754184382155,1,90,0.00187002789081447,0.0321757689266535
8,2999,10,3,10,6.12,0.1847956,16.1161036718667,13.0902381462988,1,89,0.0049001730055133,0.0283864857736346
8,2999,12,1,12,7.52,0.190569666666667,19.5401514227193,15.8107031445312,1,92,0.00682235901643338,0.0258581241032255
8,2999,12,2,12,7.44,0.185054666666667,19.5236145363882,15.6998312274378,1,87,0.00261077653646646,0.0287736247870963
8,2999,12,3,12,7.24,0.186603166666667,19.017359365138,15.7594354550902,1,93,0.000864422288012724,0.024700617256517
9,2999,2,1,2,1.64,0.256714,3.61252614747007,2.85251337530515,1,58,0.0142162914625093,0.0813245977921903
9,2999,2,2,2,1.92,0.333777,3.67814442939067,3.18177613972924,1,61,-0.00544253509640816,0.0669272510598858
9,2999,2,3,2,1.64,0.259591,3.6063754505706,2.88090878850312,1,61,-0.000425811829543056,0.0553445349533517
9,2999,3,1,3,2.24,0.23368,4.8961399872391,4.19632121932354,1,71,0.0140405713227027,0.0516747298778662
9,2999,3,2,3,2.08,0.246262,5.10797288897254,4.29985220993267,1,71,-0.00268794595717805,0.054612953925957
9,2999,3,3,3,2.32,0.249753333333333,5.70046488349002,4.28738282128589,1,66,-0.00358157423167252,0.0530794085461442
9,2999,4,1,4,3.16,0.251929,6.29409366688204,5.72144357178313,1,97,-0.00917929835008847,0.045738538822572
9,2999,4,2,4,2.92,0.228652,6.77600206251058,5.56439396173798,1,91,0.0153261947643188,0.0391985525476774
9,2999,4,3,4,3.56,0.287116,7.29719785053221,5.95180930888902,1,91,-0.00147516913372736,0.0312288345517144
9,2999,5,1,5,3.96,0.2745464,9.11259005782034,7.39866031315704,1,91,0.00384467147621215,0.0361445168291342
9,2999,5,2,5,3.76,0.2417124,8.40040994657822,7.05992923782804,1,90,-0.00040617964264154,0.029751435652165
9,2999,5,3,5,4.24,0.288972,9.37426733448081,7.52804586589619,1,102,0.00399123404348311,0.0278996424777511
9,2999,6,1,6,4.76,0.253506,9.81992536810454,8.5863096128502,1,119,0.000100523231574153,0.0323565086247161
9,2999,6,2,6,4.48,0.248297,10.4637188980848,8.61061284651387,1,91,0.00193828318350146,0.0319214720329933
9,2999,6,3,6,4.24,0.253424666666667,10.56984721805,8.70706301950086,1,97,0.00426214940322154,0.0361581128213314
9,2999,8,1,8,6.28,0.26803875,14.855031229692,11.729819018396,1,95,-0.0010525956265088,0.0324979046215906
9,2999,8,2,8,6.24,0.26177375,13.3920365186981,11.6762252392168,1,131,-0.0056865400433509,0.0186139657589347
9,2999,8,3,8,6,0.23184975,13.4114053642872,11.1550461004585,1,79,0.0030626286143435,0.0353878736879453
9,2999,10,1,10,7.36,0.24051,17.698452979249,14.1237213190199,1,94,0.00125348299410256,0.0360650100280809
9,2999,10,2,10,8.68,0.2976924,18.1902015438616,15.1718377209282,1,116,0.000306102044845171,0.0272853687579877
9,2999,10,3,10,7.88,0.2696888,17.9950969829995,14.6967078412255,1,108,-0.00218562316473597,0.0310685130124575
9,2999,12,1,12,9,0.2446915,20.9086223380463,17.0395186682788,1,104,-0.00100375736883739,0.02926112258127
9,2999,12,2,12,8.8,0.248178833333333,21.183869683595,17.2259896111485,1,111,0.0015401090603366,0.0284183407699728
9,2999,12,3,12,9.16,0.24433,20.7698923624105,17.032336857284,1,110,0.00170712873313133,0.0294364272710088
10,2999,2,1,2,1.48,0.255073,3.7888380342924,2.8968317689034,1,43,0.0821592260129496,0.16755503518361
10,2999,2,2,2,1.52,0.237654,3.07603420727036,2.81333831722113,1,59,0.0212069635229598,0.118939434966403
10,2999,2,3,2,1.72,0.274639,3.70748403431961,2.9570109117402,1,54,0.00587780796332131,0.095981069336429
10,2999,3,1,3,2.44,0.272722666666667,4.97229353448087,4.37004154124401,1,73,-0.00359996544465357,0.0479735564634319
10,2999,3,2,3,2.72,0.320807333333333,5.66044303280474,4.69224855314275,1,63,-0.0327508312592713,0.0662641016665285
10,2999,3,3,3,2.16,0.293426,5.3528384215359,4.58190788524602,1,54,-0.0124301900084717,0.087598071844838
10,2999,4,1,4,3.16,0.2547465,6.74060151168101,5.77483567599534,1,81,-0.0135489933225001,0.0596065925343716
10,2999,4,2,4,3.16,0.2375705,6.52282194668279,5.62820580248431,1,85,-0.00777231889733857,0.0514755447893328
10,2999,4,3,4,2.64,0.205357,5.65459952773061,5.39577375458144,1,66,0.00907625181417183,0.0873202762124446
10,2999,5,1,5,4,0.2638492,8.18735036996278,7.26029015509644,1,84,-0.00295675174095027,0.0325790891428293
10,2999,5,2,5,3.72,0.2634124,8.16917269394758,7.32551669454009,1,97,0.00998671348618514,0.047558149654469
10,2999,5,3,5,3.16,0.2092644,7.98471331061396,6.82312290989685,1,72,0.0110469389142825,0.0584093451565764
10,2999,6,1,6,4.56,0.261357,9.59548159454136,8.74219012139354,1,85,-0.011096768239695,0.0492669001803722
10,2999,6,2,6,4.48,0.252129333333333,10.3303364630094,8.6321165085928,1,74,-0.0041650340133628,0.0383495286158274
10,2999,6,3,6,4.24,0.212871666666667,8.9009266841387,8.12762623003279,1,93,-0.0130252305112923,0.0332823128934453
10,2999,8,1,8,5.56,0.2118565,12.519515657839,10.8754056204847,1,88,-0.0079322303276602,0.0419943681379049
10,2999,8,2,8,5.56,0.236355,12.8836723272466,11.2840320283479,1,84,-0.0197193026846028,0.0396622613151993
10,2999,8,3,8,6.04,0.2351175,12.3612044833779,11.2176362682657,1,106,-0.00308572857163857,0.0333893570586323
10,2999,10,1,10,7.08,0.228994,15.1247524463878,13.9045007332922,1,108,-0.0113697292431278,0.0322748976782614
10,2999,10,2,10,7.64,0.2505344,15.7565013673841,14.2842976095989,1,104,-0.0189364373558324,0.0321130955005131
10,2999,10,3,10,7.2,0.2287156,15.3522491059276,13.9049024393266,1,86,-0.0167686932318851,0.039279308861974
10,2999,12,1,12,8.96,0.230799333333333,18.8854902717475,16.6914346090313,1,103,-0.0156976065336005,0.0384563205887258
10,2999,12,2,12,9.2,0.237347833333333,19.3567332224142,16.850066543957,1,96,-0.019230591238408,0.0410615728853027
10,2999,12,3,12,7.96,0.204524833333333,17.8744273037403,16.2052841437507,1,94,-0.0164308337223351,0.0327591942040027
11,2999,2,1,2,2,0.279113,3.3498111748783,2.92413870902075,1,72,-0.00613094860723344,0.0588094613113591
11,2999,2,2,2,1.48,0.240974,3.29491504484935,2.82857310412783,1,47,0.0533741298088403,0.111108466993798
11,2999,2,3,2,1.56,0.278357,3.64029458421026,2.96708857459913,1,48,-0.0236967086275876,0.0941745285650781
11,2999,3,1,3,2.6,0.318242666666667,5.25236833285513,4.66426242352921,1,81,-0.0033238720749322,0.0485190441635022
11,2999,3,2,3,2.24,0.196352666666667,3.96650358411353,3.94981512148765,1,63,-0.00584567477456074,0.0841953233964013
11,2999,3,3,3,2.12,0.218078,4.98088144465158,4.11019234624881,1,70,-0.0032301106794331,0.0619320993433914
11,2999,4,1,4,2.64,0.164699,5.04925062441996,5.04204568472112,1,78,0.00775138358256384,0.0524656339076573
11,2999,4,2,4,3.12,0.24077,5.82498992753429,5.62404326918746,1,89,0.00619953159941628,0.0436444091655422
11,2999,4,3,4,3.04,0.2848445,6.95788249956319,6.02143960949845,1,82,0.00950248744703553,0.032894133823916
11,2999,5,1,5,4.24,0.300158,8.94223938480579,7.6065916519651,1,113,0.000983197236328021,0.0259381800208499
11,2999,5,2,5,3.72,0.2274864,7.78517611669241,6.90050752902824,1,103,-0.00830178624272973,0.0397104812235388
11,2999,5,3,5,3.6,0.2196808,7.81064620979625,6.85456562976588,1,75,0.000787152502030746,0.0385048263319874
11,2999,6,1,6,3.68,0.201106666666667,8.69970230137285,8.06801474112821,1,90,0.00367777197066137,0.0315793930471435
11,2999,6,2,6,4.64,0.238836,9.07845900994602,8.42117124710444,1,110,0.00107669131799886,0.0291338211294789
11,2999,6,3,6,3.88,0.205836,8.7238086760094,8.08919729422732,1,101,0.00361752652729032,0.0305831638329401
11,2999,8,1,8,5.84,0.22953425,12.4752930304959,11.1346561238648,1,118,-0.00206135203363091,0.0244614334201573
11,2999,8,2,8,5.92,0.22522425,12.1268700725759,11.0548061467451,1,128,-0.00325465239773642,0.0229530993197144
11,2999,8,3,8,5.2,0.19663725,11.1062648360212,10.6423049462265,1,126,-0.00487928948171429,0.0222075922210198
11,2999,10,1,10,6.6,0.1996574,14.2991695177264,13.3680823720044,1,116,-0.00438202702017083,0.0240428330705631
11,2999,10,2,10,7.24,0.222873,15.3079704950305,13.7705585552368,1,126,-0.00199331928949247,0.0210138318935001
11,2999,10,3,10,7.16,0.2102044,15.1430121845564,13.5179334690646,1,117,-0.000516046968628722,0.0297192273851397
11,2999,12,1,12,8.44,0.219028,18.2557630473366,16.4527780282802,1,129,-0.00123362927223589,0.0198991280623294
11,2999,12,2,12,8.44,0.219028,18.2557630473366,16.4527780282802,1,129,-0.0012336292722359,0.0198991280623294
11,2999,12,3,12,8.44,0.219028,18.2557630473366,16.4527780282802,1,129,-0.00123362927223589,0.0198991280623294
12,2999,2,1,2,1.28,0.176189,2.6310646696171,2.57676440843663,1,49,0.0182994939050849,0.112239695125481
12,2999,2,2,2,1.6,0.236702,3.83166465580724,2.81295020389408,1,55,0.017240654044257,0.121905691463783
12,2999,2,3,2,1.04,0.12999,2.98228149083502,2.41390446041885,1,37,-0.161665045671336,0.297730036640881
12,2999,3,1,3,2.16,0.21584,4.15930888450975,4.05639703972841,1,76,0.0100523751638932,0.061088659013512
12,2999,3,2,3,2.08,0.184744666666667,4.58837461947344,3.92118163011306,1,54,-0.00683242643443164,0.0825019156747256
12,2999,3,3,3,2.08,0.217411333333333,4.84012534468369,4.12553899104909,1,78,-0.0105691042828166,0.0498738755426299
12,2999,4,1,4,2.92,0.2206395,6.89583405861274,5.51788632397375,1,79,0.00154884064399146,0.0510309854704368
12,2999,4,2,4,2.6,0.1957765,6.16617373352004,5.3234872330597,1,76,-0.0101086712792028,0.0461758932768374
12,2999,4,3,4,2.96,0.2457865,6.4946299256689,5.71736653705048,1,72,0.00261417917748966,0.0534766876571011
12,2999,5,1,5,3.4,0.2209836,8.11585756810356,6.9162514336082,1,93,-0.00472252838915959,0.0489705962131586
12,2999,5,2,5,3.36,0.2003552,7.22067019883777,6.68945808421224,1,115,0.00119507264107114,0.0313644532847392
12,2999,5,3,5,3.68,0.2150084,8.2861324419559,6.81877918546585,1,82,-0.00540541234600774,0.0454841392315271
12,2999,6,1,6,3.48,0.176327333333333,9.09285254864882,7.80690869217266,1,90,0.00614799721168657,0.0427388365016874
12,2999,6,2,6,4.88,0.258420666666667,10.5298928615593,8.63382363934911,1,93,-0.00386908875397158,0.0336721338763779
12,2999,6,3,6,4.12,0.214305,9.43003737902147,8.20537476600335,1,92,0.00359508151193409,0.0458801184013327
12,2999,8,1,8,6.16,0.24510625,14.1449733282786,11.352851224275,1,88,0.00194694578700898,0.0432725257666703
12,2999,8,2,8,5.2,0.19590275,12.8977274737517,10.6514768786308,1,101,0.000769309878768429,0.0322376737913853
12,2999,8,3,8,5.72,0.22586725,13.231463245642,11.1349314331663,1,88,-0.0112974024366995,0.0416389110810407
12,2999,10,1,10,7.04,0.2233728,16.2137922178382,13.8075632367044,1,98,-0.0020251024279502,0.0378230880607228
12,2999,10,2,10,7.12,0.2143882,15.9899717404565,13.6046885370561,1,107,-0.00369348466538079,0.0274150585822135
12,2999,10,3,10,6.68,0.198393,15.5961850173964,13.330394645342,1,90,-0.00694537300962744,0.0406145857755906
12,2999,12,1,12,8.8,0.228755,19.9884631989674,16.6694190150148,1,102,-0.00496293457381485,0.0327584702862611
12,2999,12,2,12,8.24,0.209369,19.4650055578662,16.2533545142851,1,98,-0.00417609105228712,0.0315696923690637
12,2999,12,3,12,8.36,0.2105005,19.0905007630036,16.2628053429871,1,105,-0.00311697307920122,0.0263614341054954
13,2999,2,1,2,1,0.114323,3.14457370101509,2.36304536870693,1,29,-0.0220614759323319,0.183274292627053
13,2999,2,2,2,1.88,0.313282,3.30107964117116,3.08602864576011,1,52,-0.0276911222336754,0.0942348897822089
13,2999,2,3,2,1.68,0.243291,2.82375244471999,2.7813134363854,1,65,0.0014992804466593,0.0753633642600254
13,2999,3,1,3,2,0.214198666666667,4.27470902971761,4.05631503451027,1,70,-0.0139700044713427,0.0585647979946176
13,2999,3,2,3,1.64,0.181486666666667,4.84281657909102,3.90792066928361,1,49,-0.0242581239527198,0.0859038222098297
13,2999,3,3,3,2.28,0.23565,5.13401781085886,4.17326256371319,1,66,-0.0170370340938241,0.0709490853118403
13,2999,4,1,4,3.04,0.197919,6.43206682665887,5.28824361420229,1,85,0.00781286997761214,0.0495357323744484
13,2999,4,2,4,2.64,0.2146315,6.04676551587728,5.4675012363193,1,82,0.0215098565438005,0.0488580788442334
13,2999,4,3,4,3.16,0.230046,6.33723251297563,5.53481612938112,1,72,-0.00526431166878949,0.0506614012622669
13,2999,5,1,5,3.72,0.2109952,8.13957480669237,6.74422044538989,1,87,0.00887169535846667,0.0427812530645179
13,2999,5,2,5,3.4,0.216528,8.58555326416233,6.83310662414948,1,90,-0.00224462323185434,0.0352722688407363
13,2999,5,3,5,2.96,0.1910096,8.51765594802675,6.6331776725948,1,67,0.00362831904009349,0.0506863038853092
13,2999,6,1,6,4.64,0.224744666666667,9.88259075363114,8.21140582741322,1,96,-0.000704217617485634,0.0298723591482188
13,2999,6,2,6,4.36,0.233602,10.0210753430937,8.38553130680458,1,83,-0.00468012929967448,0.0507368753394211
13,2999,6,3,6,4.08,0.217591,9.78962792426378,8.2012326044768,1,86,-0.000391091591459611,0.0384793997890677
13,2999,8,1,8,4.84,0.17821225,12.8621245702407,10.4005679075714,1,79,0.00451562750511178,0.0436233342484739
13,2999,8,2,8,5.72,0.206737,13.5777760518622,10.7257785362222,1,92,0.00379919516918334,0.0348433961249788
13,2999,8,3,8,5.08,0.18356075,13.1182204882386,10.4317100669179,1,89,-0.000230503795716155,0.0383236245273571
13,2999,10,1,10,8,0.244437,16.0963962574656,14.0947888636122,1,103,-0.00519156497909888,0.0283489971429291
13,2999,10,2,10,7.6,0.2370088,16.3920235906872,14.0181641122476,1,99,-0.00316354784351093,0.0332887640119003
13,2999,10,3,10,7.2,0.2195438,16.7330845053484,13.6707408634572,1,92,0.00278465365597028,0.0294343736638296
13,2999,12,1,12,8.28,0.202346833333333,19.1508947656902,16.0017047284128,1,93,-0.00284198531013266,0.0288845660364122
13,2999,12,2,12,8.84,0.225521666666667,19.0555321341441,16.5629348398089,1,91,0.00499598257402342,0.0310669676215066
13,2999,12,3,12,9.08,0.236964333333333,19.913348950118,16.7989496657681,1,106,0.00160845164656264,0.0246837039762884
14,2999,2,1,2,1.92,0.370497,3.78591100529192,3.32688154505837,1,52,0.00455458297036807,0.0784282204701709
14,2999,2,2,2,1.4,0.271069,3.11793687805745,3.00818713459084,1,40,-0.0682532908823256,0.136927883359063
14,2999,2,3,2,1.28,0.265213,3.0903913633117,2.98779525229779,1,32,-0.120142893350347,0.152339720278385
14,2999,3,1,3,1.68,0.180750666666667,5.00963752421782,3.94558267133826,1,52,-0.0294705992873313,0.100436452973909
14,2999,3,2,3,2.92,0.351998,5.46616334599584,4.847284978694,1,92,-0.000650732671542572,0.0450092042716683
14,2999,3,3,3,1.68,0.172546,3.95494751376268,3.88386129778046,1,48,0.000915596188741636,0.0755344026342416
14,2999,4,1,4,2.6,0.204982,5.6101978404626,5.37723517620048,1,92,-0.0159802158139638,0.0429066823388534
14,2999,4,2,4,2.4,0.187843,6.25683018968955,5.27870750187241,1,63,0.0108232877876236,0.0520641590005785
14,2999,4,3,4,3.48,0.317834,6.60789644385232,6.23348931349051,1,104,-0.00661552549654748,0.0410038314778185
14,2999,5,1,5,3.76,0.244782,8.16172774187347,7.09919287219213,1,84,0.0181359912079636,0.0524985348837772
14,2999,5,2,5,2.6,0.1666688,6.55361500084403,6.4652782599723,1,69,0.00087428885975044,0.0678301847830104
14,2999,5,3,5,3.48,0.2391304,7.60276013564068,7.07785543553564,1,78,-0.0106503533836646,0.0549624460879895
14,2999,6,1,6,3.64,0.180343,9.5545073577825,7.80628658153358,1,78,-0.00052269490839757,0.0476931287890917
14,2999,6,2,6,3.4,0.178855333333333,9.56003482549257,7.86338557342212,1,78,0.00102307610455135,0.0493496341125966
14,2999,6,3,6,3.92,0.201591,8.97229470644609,8.03674335946218,1,80,0.00544271187505466,0.047846836110507
14,2999,8,1,8,4.8,0.18804075,12.3652927554429,10.5931937257597,1,86,0.00288240562756586,0.039652800578538
14,2999,8,2,8,5.56,0.23751625,12.6782051469876,11.3245212691684,1,85,0.0144189058295537,0.0409412290523467
14,2999,8,3,8,5.84,0.250714,12.9124370694361,11.5214783273395,1,80,0.0189457816667026,0.0444617098319831
14,2999,10,1,10,7.04,0.2442886,15.9549117350736,14.3031500097974,1,91,0.004280952590929,0.0412999763381307
14,2999,10,2,10,8.24,0.2892086,17.7696696289595,15.0587068763179,1,99,0.00503966491307681,0.0349047505122804
14,2999,10,3,10,7.12,0.2338864,16.4321605469887,14.0142369886885,1,97,-0.0018704582288616,0.0317556463201906
14,2999,12,1,12,8.52,0.2450225,19.2580207394459,17.1649795047686,1,96,0.00299649296020705,0.0374758871160464
14,2999,12,2,12,8.2,0.228303,19.1903755936956,16.7644593528521,1,91,0.00502905439132436,0.0387354792882307
14,2999,12,3,12,8.2,0.222323333333333,19.1950292469748,16.5950205630747,1,98,0.00215888085444704,0.0337756856799372
15,2999,2,1,2,0.84,0.07797,3.13160063535443,2.26085337090082,1,43,-0.0829138072647099,0.203048596613744
15,2999,2,2,2,2,0.356289,3.84067727612986,3.20871728280903,1,74,0.0073019559717856,0.0456175227172615
15,2999,2,3,2,1.72,0.316808,3.56301890149943,3.1139567486549,1,76,0.0201194493022314,0.0546875616543394
15,2999,3,1,3,1.8,0.213122,4.56903690117348,4.1202055779795,1,86,0.0179353308941513,0.0469508208966489
15,2999,3,2,3,2.68,0.289540666666667,5.70427738510038,4.48782234761448,1,83,0.00216951860068525,0.0374454813897686
15,2999,3,3,3,2.52,0.262869333333333,5.73165986891412,4.35294508691244,1,63,-0.00259341780627276,0.077501850685052
15,2999,4,1,4,1.84,0.1420855,5.62466809916991,4.96937375770317,1,49,0.028190031614675,0.106585528475024
15,2999,4,2,4,2.24,0.136449,6.55985821929895,4.92037303065326,1,55,0.00704077032638527,0.0886615151696805
15,2999,4,3,4,3.72,0.3268975,7.40705745500408,6.25000217760553,1,96,0.00338523051100477,0.0395405127760395
15,2999,5,1,5,3.2,0.1805912,7.31971962514192,6.53971208130508,1,66,-0.00212212602952869,0.0608214776327494
15,2999,5,2,5,3.56,0.2330172,8.16234967480115,7.02684874988797,1,98,-0.00624075012529373,0.0350580494010505
15,2999,5,3,5,3.64,0.2325972,7.98938736934823,6.97912448970572,1,93,-0.00111136858533738,0.0401083596768989
15,2999,6,1,6,4.6,0.209847333333333,10.109621215093,8.1026567841289,1,94,0.0199368120744824,0.0450073887224491
15,2999,6,2,6,3.96,0.210309333333333,10.2110418194465,8.1960431820759,1,75,0.00522603631153377,0.0502960313862545
15,2999,6,3,6,4.44,0.239580333333333,9.98269033636017,8.47072640380422,1,111,0.00356427500171666,0.0314127613937954
15,2999,8,1,8,5.88,0.23839325,13.6604589559035,11.2978406475645,1,92,-0.0036298623048154,0.0347290212234757
15,2999,8,2,8,5.44,0.191789,12.4886457543772,10.5860385554364,1,96,-0.00279404192378482,0.0421123269642669
15,2999,8,3,8,5.56,0.23426525,12.7267035048841,11.2566809134919,1,118,0.00999909342555859,0.0314802693560742
15,2999,10,1,10,7.44,0.2337402,16.8013895440763,13.9743985384336,1,86,0.00983253902314018,0.0474407069832699
15,2999,10,2,10,6.92,0.215552,16.345642236912,13.684356855111,1,80,-0.0038005689087228,0.050989234045163
15,2999,10,3,10,7.2,0.223108,16.8236661432243,13.7878921010319,1,103,0.00063671360906482,0.0360503460727559
15,2999,12,1,12,8.96,0.215409333333333,19.9716149643899,16.3201521925728,1,98,0.00542678221650582,0.0314361174486535
15,2999,12,2,12,8.88,0.236394,20.1464984015648,16.8309050465443,1,78,-0.000380559640748606,0.0398591436966771
15,2999,12,3,12,7.68,0.1818995,18.6276130902958,15.6601485414456,1,78,-0.00465129236950762,0.0451789662867935
16,2999,2,1,2,1.24,0.185083,2.9834262851101,2.63337109784843,1,53,0.00185322632152449,0.111518736382387
16,2999,2,2,2,1.24,0.161422,2.97954873790322,2.51281997623841,1,47,0.0261132900380394,0.122306071758261
16,2999,2,3,2,1.48,0.194599,3.23007017099393,2.63232877150407,1,67,0.0179557170813168,0.0825255173264611
16,2999,3,1,3,1.92,0.169372666666667,4.77969272061954,3.80726468151845,1,48,0.0159078221613146,0.12268310170681
16,2999,3,2,3,1.8,0.152402666666667,4.49622337745727,3.74585593941191,1,56,-0.00448186241063579,0.0867131244822264
16,2999,3,3,3,2.24,0.220993333333333,4.80603880857233,4.0607596915463,1,75,0.00270786880421594,0.064735823204022
16,2999,4,1,4,2.92,0.2078685,5.85461807993465,5.33047620838148,1,78,-0.00864434241415181,0.0498772242906514
16,2999,4,2,4,3.16,0.232289,6.12152684254091,5.54076858543956,1,82,0.00614233105060182,0.0450103593512484
16,2999,4,3,4,2.6,0.1897415,5.75497500008363,5.26160017689945,1,82,0.0280187092569267,0.0565786883994492
16,2999,5,1,5,3.24,0.1727664,7.60955411990048,6.38831069490007,1,74,0.00725944177515622,0.0645513801044005
16,2999,5,2,5,3.68,0.2153724,7.69079017680282,6.76474763741819,1,94,0.0163150502217491,0.0472133721172557
16,2999,5,3,5,3.72,0.2383628,8.14668095794735,7.02904357885443,1,82,-0.00425552391535483,0.0492412418710139
16,2999,6,1,6,4.32,0.19927,8.82720223067803,7.93324348885716,1,83,-0.0155465802502361,0.0504026036492868
16,2999,6,2,6,4.28,0.195291666666667,9.77599318581461,7.87840689739981,1,102,0.0144764309147267,0.0514938472479721
16,2999,6,3,6,4.32,0.222001666666667,9.45403044267327,8.22601919651147,1,90,0.0111325634907284,0.0438826025452631
16,2999,8,1,8,5.48,0.18688925,11.5807194637989,10.4239308216034,1,105,-0.00250624181803463,0.0439778424078728
16,2999,8,2,8,6,0.21714725,12.7602677112889,10.877234688759,1,106,0.00280066640348862,0.0433440789465895
16,2999,8,3,8,6,0.23428275,12.6693802568588,11.1636984027429,1,95,0.00324654611195378,0.0515137373768829
16,2999,10,1,10,6.76,0.184547,15.2327275498022,12.9731921136231,1,100,0.0154722886193693,0.0387860733769047
16,2999,10,2,10,6.32,0.1850306,15.3909779091042,13.0475739487689,1,87,0.0044353182977295,0.0490092616925583
16,2999,10,3,10,7.6,0.2227188,16.0407720102882,13.665709233562,1,95,0.00358866739818448,0.0393445635166046
16,2999,12,1,12,8.56,0.206667,19.1531807174376,16.0967635482212,1,102,0.00424504088270672,0.0432034483804944
16,2999,12,2,12,8.48,0.206526666666667,18.3413605531441,16.1229198298413,1,103,0.00275538330447999,0.0381484588062972
16,2999,12,3,12,8.56,0.1998555,18.2125786245525,15.9162543807816,1,101,0.00110748219913128,0.0365864759560492
17,2999,2,1,2,1.56,0.273366,3.84205576576708,2.95650213520193,1,57,-0.00399954582768,0.076084363885993
17,2999,2,2,2,0.84,0.100922,2.85607603116939,2.30855129283656,1,87,-0.0957936035073244,0.158825722465456
17,2999,2,3,2,1.28,0.179262,3.30761030565905,2.586987101772,1,50,0.0225296563308223,0.0980734872912867
17,2999,3,1,3,2.12,0.189572,5.07559503402035,3.89279466105249,1,77,-0.00532463623385994,0.0599683438767423
17,2999,3,2,3,2.8,0.316514666666667,5.76746216381667,4.60427919865466,1,78,-0.0127901164424952,0.0632117932187634
17,2999,3,3,3,2.12,0.217862666666667,5.29195144958425,4.10548948478991,1,57,0.031310108095525,0.0803569729743782
17,2999,4,1,4,3.12,0.2497885,7.18594772401658,5.68838942125962,1,90,0.00378343908737435,0.0409663767251768
17,2999,4,2,4,3.04,0.235082,7.12558336784089,5.54296572244562,1,90,0.0150024940482588,0.0331122786193954
17,2999,4,3,4,3.16,0.241519,7.1527416738912,5.6102802250868,1,82,0.00401675880515549,0.038344135732759
17,2999,5,1,5,3.68,0.2495684,8.39923558515172,7.11727439373036,1,79,0.019971628207914,0.0460416586468316
17,2999,5,2,5,3.32,0.2126496,8.33401660763554,6.79437585001665,1,61,0.0123753825035317,0.0675899373161975
17,2999,5,3,5,3.92,0.2673824,9.25712201371457,7.32668415185783,1,91,-0.00448048132511982,0.0385455661956956
17,2999,6,1,6,4.64,0.264609666666667,10.9746460438036,8.73726437876966,1,85,-0.00863713001244327,0.0316909537560246
17,2999,6,2,6,4.48,0.251526333333333,10.3870175639521,8.54377444460198,1,88,0.0143434828082738,0.0388708071454926
17,2999,6,3,6,4.6,0.263227666666667,11.1037391464089,8.70928348308401,1,87,0.0117419961135909,0.0403041465211685
17,2999,8,1,8,5.52,0.21236675,13.4047582839627,10.8397448983767,1,83,0.0153457803136465,0.0459378077479296
17,2999,8,2,8,6.36,0.2614115,14.089623212513,11.5656349917959,1,100,-0.000755228742445416,0.0286000257722287
17,2999,8,3,8,5.52,0.225907,12.9618410754323,11.0730818147208,1,99,0.0120773180202604,0.0344820636224562
17,2999,10,1,10,7.2,0.2353132,17.7366419291548,14.0247051724022,1,88,0.00340819112583413,0.0347110875198625
17,2999,10,2,10,7.48,0.248945,17.2229854321273,14.2897480086588,1,106,0.00790473617937677,0.0309924577641031
17,2999,10,3,10,7.92,0.2638024,17.9316789782801,14.5221371269979,1,105,-0.000160754523876174,0.0264444275811143
17,2999,12,1,12,8.88,0.246844166666667,20.6793680010897,17.0561267617003,1,104,0.00791087405436884,0.0251366952947328
17,2999,12,2,12,8.96,0.241079,20.7583219483837,16.9116442028273,1,110,0.00446041498845157,0.0217123416640786
17,2999,12,3,12,9.28,0.265158333333333,21.1801061626384,17.4570223935712,1,107,0.00338222490642028,0.0296870261179259
18,2999,2,1,2,1.52,0.252861,3.54590366081473,2.86158235054274,1,49,0.0102460749931488,0.0956140592702622
18,2999,2,2,2,1.32,0.154603,3.75902019100077,2.47849208508772,1,37,0.0607950794635692,0.135547234565356
18,2999,2,3,2,1.52,0.253195,3.96145175736111,2.84986080640705,1,51,-0.0142188042657698,0.0674059875550973
18,2999,3,1,3,1.88,0.200561333333333,5.22181905154193,4.02021441127398,1,58,0.0155044602878678,0.0550646874669003
18,2999,3,2,3,2.2,0.203642666666667,5.15852145133827,3.9956447409914,1,64,0.0147912120183621,0.0471430286254809
18,2999,3,3,3,1.76,0.176508666666667,4.99627368526552,3.85927781291369,1,50,0.00883939393140138,0.0939588995607289
18,2999,4,1,4,2.52,0.1935335,6.8186007894245,5.29795795833625,1,55,-0.000390845132987714,0.0736842923815175
18,2999,4,2,4,2.36,0.159956,6.56675285281901,5.02229780419699,1,59,-0.0162888568209334,0.116248497997887
18,2999,4,3,4,2.96,0.2529975,7.28197095556703,5.71216549514351,1,68,-0.00642885453742375,0.0561273017029218
18,2999,5,1,5,3.36,0.2178876,7.77046482215726,6.86194900142499,1,86,0.0084420551302835,0.0506322427071164
18,2999,5,2,5,4,0.2620424,9.14399404315052,7.2104078985006,1,83,-0.00721458014034194,0.0377190855028661
18,2999,5,3,5,3.32,0.203782,8.53324947363041,6.72723406984741,1,72,0.00897493648174406,0.0482212183977045
18,2999,6,1,6,4.52,0.244749,10.4399593302951,8.53181687816049,1,83,0.00222933342949284,0.0352929293681847
18,2999,6,2,6,4.44,0.232881666666667,10.8864024454821,8.34046941622544,1,93,-0.00940056203145399,0.0370782992385077
18,2999,6,3,6,4.76,0.272807333333333,10.6577680770876,8.83935237952577,1,89,0.00313946725685415,0.0410135588609952
18,2999,8,1,8,5.48,0.20331875,13.4524598769997,10.7095439221657,1,89,0.00635057357888606,0.037651532138858
18,2999,8,2,8,6.2,0.24464275,14.3592809391132,11.2952048036185,1,95,-0.00129030580387898,0.0394897687304272
18,2999,8,3,8,5.56,0.2099645,14.4899552289767,10.7970762992896,1,85,0.00139981227743745,0.0370854575088195
18,2999,10,1,10,7.76,0.250045,17.9250127216868,14.208626809026,1,95,-0.00646138230492302,0.0309563642764112
18,2999,10,2,10,7.68,0.2478032,18.1499141423502,14.1689456695139,1,97,-0.00735998962797852,0.0312307735903971
18,2999,10,3,10,6.72,0.2092886,17.2692077272993,13.4877001084789,1,89,-0.00126043375564792,0.0356949475638712
18,2999,12,1,12,8.04,0.195230833333333,20.5900494198435,15.8760069919964,1,83,0.005101755326807,0.0367058942409224
18,2999,12,2,12,8.24,0.208790166666667,20.5065106009123,16.201151955888,1,82,-0.00422635514380125,0.0342742470679253
18,2999,12,3,12,9.16,0.237779,22.129812864579,16.8068405775658,1,83,0.000599803957312803,0.0417616921825234
19,2999,2,1,2,1.28,0.163687,2.91262661971854,2.53252350098828,1,40,0.103027589040473,0.207559970015714
19,2999,2,2,2,1.44,0.203821,2.98144081408661,2.65682518415818,1,45,-0.00464460137046581,0.0980956133472663
19,2999,2,3,2,1.76,0.296647,3.83199353630984,3.02298099292778,1,55,0.0115046863890613,0.0663409038367255
19,2999,3,1,3,1.64,0.143733333333333,4.25673503460635,3.67482538710794,1,70,0.0302913502131585,0.0731720480140558
19,2999,3,2,3,1.84,0.203248,4.64122400609041,4.03829058169325,1,57,-0.00750153644152685,0.0765636557287335
19,2999,3,3,3,2.76,0.311216,5.73283326647576,4.59265123580702,1,75,-0.000656418504780912,0.0430712859991683
19,2999,4,1,4,2.88,0.219477,5.95051651265471,5.48206970744021,1,90,-0.00118859347002163,0.0474014042739143
19,2999,4,2,4,2.72,0.2058165,6.32691457444302,5.37987378404862,1,63,-0.00930346314102094,0.0705939860496652
19,2999,4,3,4,2.36,0.1837425,6.50753319599005,5.25201802145628,1,66,-0.00760196433578541,0.0484328501088846
19,2999,5,1,5,4.36,0.2871012,8.12163736554147,7.41812406219863,1,97,-0.000164295023633703,0.0312582077397982
19,2999,5,2,5,3.76,0.2450836,7.81390819881376,7.06718483478943,1,91,-0.00863488072110131,0.041447270723215
19,2999,5,3,5,3.88,0.246926,8.8285068099622,7.09281729278504,1,69,-0.0108594617067984,0.0589405603149355
19,2999,6,1,6,4,0.214116,9.77416133236017,8.1946020021037,1,82,-0.004618267858074,0.0516522384953902
19,2999,6,2,6,4.6,0.263518333333333,9.49273668548683,8.71684130865049,1,101,-0.0037661649232274,0.0418332663269688
19,2999,6,3,6,3.96,0.194573333333333,9.77148359959432,7.95067748853478,1,60,-0.00397978305696812,0.067181449171892
19,2999,8,1,8,4.96,0.18496575,12.3152002630765,10.4775981818469,1,88,-0.00411559216833993,0.0440999257034463
19,2999,8,2,8,7,0.297227,13.5688786910635,12.0567463314129,1,125,-0.00694167467098287,0.0251168208103198
19,2999,8,3,8,6.04,0.2518455,13.3178565663259,11.441867551437,1,105,-0.0020037652398514,0.0349156882722619
19,2999,10,1,10,8.24,0.2764356,17.5872300670317,14.7338256943627,1,90,-0.00358882818832092,0.0333456665580949
19,2999,10,2,10,7.6,0.2367098,15.9320791308489,13.9840188922453,1,94,-0.00824849471415643,0.0347436455763381
19,2999,10,3,10,7.48,0.2443766,16.9899546821944,14.173874416772,1,88,-0.00321654378420862,0.0361200682413452
19,2999,12,1,12,9.52,0.257922833333333,20.2865754899396,17.2336112665221,1,88,-0.00653285119630619,0.0331221125145632
19,2999,12,2,12,8.92,0.233690666666667,19.6498910049159,16.7119522961857,1,90,0.00296471809520546,0.0368480122849576
19,2999,12,3,12,9.28,0.260893666666667,19.9337723718502,17.3749396073028,1,113,-0.00638843086506411,0.0225768766652987
20,2999,2,1,2,1.04,0.12633,2.77394064818166,2.40445011026983,1,51,0.0631576579221943,0.132251906316004
20,2999,2,2,2,1.88,0.289962,3.76442503886231,2.97968033833343,1,49,-0.00122662946204721,0.0814007414200056
20,2999,2,3,2,1.76,0.288546,3.44088739786113,2.98508451613457,1,43,-0.0127980565556855,0.122290118885721
20,2999,3,1,3,1.52,0.169118,4.62715985338112,3.91357250063422,1,65,0.0433467746280331,0.103160490474168
20,2999,3,2,3,2.32,0.249001333333333,4.82504143181845,4.26511608002459,1,92,0.00750038539713933,0.0408621518029768
20,2999,3,3,3,2.28,0.244022666666667,5.49535067214526,4.2604649703838,1,72,0.00870472718145305,0.0515559080594705
20,2999,4,1,4,2.76,0.2124695,6.19999700454232,5.42707558829107,1,79,-0.0120730413496481,0.0465703904165597
20,2999,4,2,4,2,0.1563305,5.96193426983182,5.08814097958212,1,68,0.0240688041835682,0.0666765325860057
20,2999,4,3,4,3.36,0.2972965,7.03048665110465,6.09383308677121,1,93,-0.00931047130491226,0.0466448406447597
20,2999,5,1,5,3.76,0.2346032,8.56075006476443,7.02140935071668,1,103,-0.00444623435575744,0.0295471870760904
20,2999,5,2,5,4.12,0.2887448,8.77405749994896,7.50692408369839,1,94,-0.00423161765390924,0.0382026462796522
20,2999,5,3,5,3.48,0.2423088,8.45030762792487,7.17179437152503,1,100,-0.00490563564719296,0.0315860194178937
20,2999,6,1,6,5.16,0.277569333333333,11.1882779490609,8.85590484013703,1,103,-0.0028187294078515,0.0346928245890896
20,2999,6,2,6,4,0.217145,10.1964284932558,8.24652826361168,1,88,-0.0115620143175835,0.0351373697338642
20,2999,6,3,6,4.64,0.259411666666667,10.8142751145369,8.74316427169951,1,113,-0.0107936886287137,0.0255828626092715
20,2999,8,1,8,6.4,0.2740805,14.7704222161993,11.8156995661468,1,106,-0.00854849456172905,0.0334496233162652
20,2999,8,2,8,6.04,0.244958,13.3851813782142,11.3817189452151,1,96,-0.00962006929253453,0.0372566185098657
20,2999,8,3,8,5.28,0.22149475,12.8981611402718,11.0770667500083,1,93,-0.00596118167550602,0.0327156290528178
20,2999,10,1,10,7.4,0.2466506,17.6724339943847,14.3016281630002,1,100,-0.0125623520808314,0.0386503352665384
20,2999,10,2,10,7.2,0.2457348,17.3843681202626,14.3116769468331,1,108,-0.0084354294912918,0.0235974830055257
20,2999,10,3,10,7.08,0.2391482,16.6280495874426,14.1641554669402,1,108,-0.00254080256746208,0.0309413177110008
20,2999,12,1,12,8.68,0.245221833333333,20.3234865272629,17.1191110879675,1,94,-0.00279060027288989,0.0310824366842439
20,2999,12,2,12,8.88,0.246259,20.3213912381763,17.1029050350772,1,97,-0.0053752320431976,0.0297381355312802
20,2999,12,3,12,9.12,0.255310333333333,21.0984903507454,17.3242536410215,1,97,-0.00829963883015732,0.0321122115184071
21,2999,2,1,2,1.52,0.287925,3.78616314723621,3.02171476156508,1,49,0.0135121869611722,0.0790152181166092
21,2999,2,2,2,1.92,0.325263,3.47611493012089,3.11050564414415,1,76,-0.00192842318545045,0.0563903465358818
21,2999,2,3,2,1.76,0.27945,3.87789417274217,2.95232737880895,1,52,-0.0238539329972422,0.0805959290724327
21,2999,3,1,3,2.72,0.27371,5.45930779687212,4.35085307612695,1,91,0.00328801736304158,0.0448582115344586
21,2999,3,2,3,2.28,0.240101333333333,4.87297607382621,4.18175238601638,1,74,0.00610633341952241,0.0472144030082678
21,2999,3,3,3,2.68,0.284834666666667,4.88569093733939,4.43825602334011,1,81,-0.0104491185506686,0.0491442481321636
21,2999,4,1,4,3.16,0.244733,6.57234955109337,5.66766176964037,1,91,0.00819383050932821,0.042474656999507
21,2999,4,2,4,3.16,0.2189895,6.28225286988104,5.42461709978598,1,75,0.00579805166122397,0.0526573956355343
21,2999,4,3,4,3.4,0.2934785,6.88638204820502,6.01538494464329,1,100,0.000337530670688701,0.0458478281901723
21,2999,5,1,5,4.24,0.30162,8.82492495012207,7.5994568747539,1,105,0.00771810204628548,0.0351771410525309
21,2999,5,2,5,4.12,0.2971988,8.62333268758502,7.58628141394119,1,102,0.0123142774470246,0.0448824770535387
21,2999,5,3,5,4.16,0.23919,8.66378177307522,6.94615070708477,1,87,0.00927253559543594,0.036964412757326
21,2999,6,1,6,4.92,0.242562333333333,10.3189603039703,8.38407840895397,1,99,0.000624520942864444,0.0305402298744415
21,2999,6,2,6,5.12,0.300999,10.0989714231057,9.13767769535998,1,123,0.00638075119729991,0.0309096026927975
21,2999,6,3,6,5.24,0.310966666666667,11.6595789600218,9.28466595345585,1,101,0.00258804191877189,0.0404972456319074
21,2999,8,1,8,6.92,0.2832505,14.3119320914692,11.8608524761066,1,118,0.00245559411545878,0.0322332578475891
21,2999,8,2,8,6.92,0.29140725,13.8811075059394,12.0010449054849,1,108,0.000796167244519393,0.0352148194933468
21,2999,8,3,8,6.64,0.2678785,13.6309111612718,11.647920653578,1,128,-0.000857153277537226,0.0282755462977904
21,2999,10,1,10,8.4,0.2902942,17.9785495039659,15.0106318079834,1,139,0.00176552961459151,0.0251898718302935
21,2999,10,2,10,8.72,0.282153,17.7969858615214,14.7869086006033,1,120,-0.00182260500157462,0.0257890546707774
21,2999,10,3,10,8.8,0.2768198,17.9492351125937,14.6606010749601,1,110,-0.00258050430957919,0.0302770181915231
21,2999,12,1,12,9.96,0.280132833333333,20.94213206427,17.7760079454174,1,128,-0.000129746705104154,0.0258592438038381
21,2999,12,2,12,10.24,0.281810666666667,20.5389578847206,17.7565576967909,1,108,0.003123939250678,0.0280434836083173
21,2999,12,3,12,10.44,0.287712,21.5045631087924,17.9239452051091,1,120,-6.58163736470925e-05,0.0289040099043541
22,2999,2,1,2,1.64,0.256165,3.66697087803192,2.84930093971121,1,57,-0.00060059140525756,0.0595187367352594
22,2999,2,2,2,1.76,0.259842,3.10519075452646,2.89624860362427,1,61,-0.0163412115193579,0.0624229877866564
22,2999,2,3,2,1.04,0.148818,2.76960446019764,2.47810227371664,1,59,0.0767670385817468,0.119089474192025
22,2999,3,1,3,2.32,0.261841333333333,5.12808148099687,4.34854027756601,1,58,0.00289125176066145,0.0700996347581896
22,2999,3,2,3,2.4,0.260278666666667,5.58752964173195,4.34576593636823,1,67,0.00969762160959888,0.0531014032568025
22,2999,3,3,3,2.28,0.235808,5.47571213578588,4.18404913528476,1,65,0.00439607837581639,0.0692918267110144
22,2999,4,1,4,3.2,0.2626995,7.31419589557636,5.78876699177783,1,89,0.00919650650181115,0.0474460988489066
22,2999,4,2,4,2.92,0.260628,7.26565701886468,5.81253794707672,1,79,0.00306060736257854,0.0422982663363025
22,2999,4,3,4,3.12,0.2854065,6.75398391468112,5.98546474014453,1,103,-0.00265917115505183,0.0295546695242896
22,2999,5,1,5,3.76,0.267742,8.07005606413583,7.34236819126512,1,94,-0.0150652479998338,0.0395798869775757
22,2999,5,2,5,3.24,0.2026032,8.08795337778544,6.70561913992351,1,91,-0.00663432378712368,0.038246257136837
22,2999,5,3,5,4.4,0.26483,8.18461821403353,7.25129492046738,1,99,-0.00812436601616213,0.0385133652214027
22,2999,6,1,6,4.16,0.207966,10.1328582109845,8.06026891256209,1,88,0.0027005386193021,0.0412909808365585
22,2999,6,2,6,4.36,0.221987666666667,10.2947197478031,8.2378084315125,1,79,0.0106866922426038,0.048238914606029
22,2999,6,3,6,4.28,0.235117,11.0400151048755,8.40668690893412,1,93,-0.0114453774356416,0.0379795524915861
22,2999,8,1,8,5.28,0.2015065,12.4950733572728,10.7147570701579,1,91,-0.00277286187590105,0.0389107321334288
22,2999,8,2,8,5.92,0.246023,13.3590088677032,11.3737710783113,1,98,-0.0058294396462167,0.0375051419494484
22,2999,8,3,8,7.2,0.27257075,14.1087856595802,11.6504950968196,1,111,0.00581271064104179,0.0285614265209776
22,2999,10,1,10,7.88,0.2661268,17.615655724844,14.5599526175538,1,96,-0.00608402375243402,0.0330769992812546
22,2999,10,2,10,6.76,0.2218742,16.9827238132031,13.7672067112563,1,86,-0.00431614398484305,0.0442636941858699
22,2999,10,3,10,6.68,0.2009154,16.5667218567568,13.3056485703224,1,99,-0.00629956720998858,0.0331769704892843
22,2999,12,1,12,8.28,0.215255666666667,19.3292211337617,16.3620472554425,1,97,-0.00205061517536636,0.0364498016234166
22,2999,12,2,12,9.4,0.255717333333333,21.2211547172868,17.210794775431,1,95,0.00303707833550894,0.0373425236838997
22,2999,12,3,12,8.32,0.225781,20.3793731814776,16.5820002218195,1,92,-0.00619694609277921,0.0373570656634237
23,2999,2,1,2,0.64,0.071977,2.20845949342802,2.217377347896,1,43,-0.00750641141099792,0.252017455787711
23,2999,2,2,2,1.4,0.208674,3.65903036862537,2.68334615181065,1,45,-0.0859686599508834,0.215431772092121
23,2999,2,3,2,1.28,0.234392,3.36321899306025,2.84578422383,1,47,-0.00612769312805347,0.103143498250914
23,2999,3,1,3,1.8,0.158480666666667,5.01611285900023,3.76191715608863,1,44,-0.0197906443234385,0.166639731948338
23,2999,3,2,3,2.08,0.214868666666667,5.25339351684719,4.07070451432868,1,58,-0.06495837611565,0.165990272425102
23,2999,3,3,3,2.52,0.284966666666667,4.9796953092659,4.48320418716245,1,68,0.00540801686948595,0.047857081830075
23,2999,4,1,4,2.76,0.215803,6.88739584115569,5.46246351292974,1,70,0.00991630437265386,0.0617368469119727
23,2999,4,2,4,2.36,0.2007425,6.11099894790875,5.39418393038135,1,76,-0.00205130030310138,0.0609346490059085
23,2999,4,3,4,2.92,0.2554045,6.69344192427738,5.76956527555585,1,75,0.00711537293570155,0.0485138930906512
23,2999,5,1,5,3.56,0.2535336,8.51167906839879,7.23329265783547,1,93,-0.000501508997368914,0.0471132549863925
23,2999,5,2,5,3,0.1889388,7.28433091136402,6.60303097104865,1,95,0.00589878766475899,0.0487135212801466
23,2999,5,3,5,3.8,0.2574724,8.78436791644038,7.22940816985794,1,78,0.0134877595997561,0.0469037684312965
23,2999,6,1,6,3.92,0.233174666666667,9.88205827560654,8.44985036312534,1,100,0.0143554121074376,0.037901092908455
23,2999,6,2,6,3.64,0.208323333333333,9.57285877096881,8.18323066656882,1,84,-0.00122364208027914,0.03891171282712
23,2999,6,3,6,4.48,0.266338666666667,10.4696052222449,8.81146247835377,1,105,-0.0032353080717252,0.034354722586947
23,2999,8,1,8,6.44,0.30150225,14.269610258644,12.283641478042,1,110,0.00016713586628995,0.0287124516451541
23,2999,8,2,8,4.76,0.20148075,12.8947482681846,10.807463706244,1,80,0.00426317091036531,0.036231322507554
23,2999,8,3,8,5.52,0.25653025,13.4496710731302,11.6324748452019,1,97,-0.00662667986719613,0.0280854866602936
23,2999,10,1,10,7.8,0.278259,17.8077891589558,14.8762391721874,1,101,0.00336173437247418,0.0270645080084397
23,2999,10,2,10,7.68,0.2858976,17.7727758003449,15.072052491675,1,95,-0.00121930981921983,0.0309510697102601
23,2999,10,3,10,6.92,0.2569454,16.7846399908478,14.5747239018047,1,97,0.00337567473647542,0.0341714823614701
23,2999,12,1,12,8.76,0.253159166666667,20.4993268268999,17.2945307636395,1,99,0.00478443948430601,0.0379928433502823
23,2999,12,2,12,8.2,0.242441833333333,20.3289511032971,17.094466692478,1,95,0.00230305278057707,0.0276105579201962
23,2999,12,3,12,8.64,0.244901333333333,20.3678410458147,17.0892943740483,1,99,0.00370204167128304,0.032679786113945
24,2999,2,1,2,1.08,0.152714,2.50054654444877,2.49507024900093,1,40,-0.00712394433703385,0.121119681482784
24,2999,2,2,2,1.88,0.306373,3.81070503479132,3.05873943474139,1,60,-0.00938121317964391,0.0668972418179106
24,2999,2,3,2,1.16,0.186305,3.34455923187225,2.62435772522366,1,65,0.0740632171901191,0.142846309059636
24,2999,3,1,3,2.16,0.237270666666667,5.42216835915821,4.19948965196886,1,70,-0.000834083712752912,0.0438449537651538
24,2999,3,2,3,2.32,0.243700666666667,5.38975166841586,4.21800958613477,1,58,0.00200984218089181,0.0758636720333773
24,2999,3,3,3,1.96,0.187586666666667,4.91503162845067,3.93745679651374,1,65,-0.00400818599373374,0.071217453205682
24,2999,4,1,4,3.08,0.2347745,6.45958890352502,5.57555535432932,1,69,-7.86393280175873e-05,0.064238850873388
24,2999,4,2,4,2.16,0.156984,5.22673871188064,5.04159061539022,1,61,0.0202874798580209,0.0714925413214
24,2999,4,3,4,2.88,0.2368685,6.76397491760948,5.58969038397076,1,89,0.00692012637806728,0.0476309020176828
24,2999,5,1,5,3.36,0.1941868,7.89199522925194,6.59922939154855,1,69,0.0149870101705962,0.0666034872945801
24,2999,5,2,5,2.6,0.1603556,6.69842392451691,6.32901011436135,1,79,0.00931770026696263,0.0506872319053482
24,2999,5,3,5,3.2,0.2115488,7.74704052606399,6.7784805430053,1,80,0.027557928995136,0.0538845041904237
24,2999,6,1,6,4.04,0.207447666666667,10.6067940484402,8.15683159487419,1,93,0.00484352007060471,0.0343071064408816
24,2999,6,2,6,3,0.140210333333333,9.39076853506779,7.41150964153302,1,67,0.017324834940158,0.0610298610537765
24,2999,6,3,6,4.44,0.249706666666667,9.85850501039327,8.58481788762062,1,89,-0.0124736118007478,0.0349529876288655
24,2999,8,1,8,5.6,0.234379,12.779540288279,11.2127172063667,1,88,0.00287718995920723,0.0421258393809636
24,2999,8,2,8,6.48,0.269497,13.534152544491,11.7027901540057,1,107,0.00835615850306853,0.0256798292172316
24,2999,8,3,8,5.92,0.223388,13.2119761409019,11.009775553403,1,97,0.00683084585747471,0.0256381839958402
24,2999,10,1,10,7.44,0.243069,16.8700862823593,14.1479516521641,1,102,-0.00198935319225463,0.0235938433655844
24,2999,10,2,10,6.44,0.1953898,15.4440259699495,13.3001344517313,1,102,0.0124747904386328,0.0359806997835661
24,2999,10,3,10,6.12,0.1917094,16.0294566021378,13.2659489238359,1,80,-0.00135445425991444,0.038300121038266
24,2999,12,1,12,7.44,0.187843333333333,18.3079133695478,15.8075344941875,1,96,0.00595253404222935,0.0324695866620666
24,2999,12,2,12,8.72,0.239384666666667,20.4798632266649,16.8974550348644,1,93,0.0023647651866805,0.0365970829396472
24,2999,12,3,12,7.36,0.183210166666667,18.5531025496178,15.7073267843903,1,91,-0.00125290943909342,0.0408034108497045
25,2999,2,1,2,1.64,0.27472,3.65625467411237,2.94422425930749,1,56,0.00657301494387275,0.0672081952248925
25,2999,2,2,2,1.2,0.207032,3.35674719580889,2.73248818007021,1,26,-0.0504803869672671,0.168329895267685
25,2999,2,3,2,1.68,0.295872,3.62251300057206,3.01950815585124,1,60,0.00216445212914337,0.0784018076906925
25,2999,3,1,3,2.16,0.248038666666667,5.1007697030579,4.32504882149961,1,60,-0.015550491968264,0.0771580838439663
25,2999,3,2,3,2.28,0.249954666666667,4.58110584257235,4.25553620497973,1,71,0.0227054211715295,0.0663182691086595
25,2999,3,3,3,2.48,0.303004,5.33164772675602,4.58072135457145,1,63,0.00265019983751753,0.0621295347955647
25,2999,4,1,4,3,0.2477325,6.82406262715399,5.72213491539531,1,73,0.00344029403965671,0.0562565203612033
25,2999,4,2,4,2.88,0.246425,6.56561929495121,5.71539927931802,1,81,-0.00403218732060379,0.0506865963778394
25,2999,4,3,4,3.36,0.28073,7.33240526869821,5.91676041388009,1,90,-0.00257853075204389,0.0398488244795446
25,2999,5,1,5,3.44,0.2181548,8.34535483358543,6.84197447812677,1,86,-0.00546653643933773,0.047550245866058
25,2999,5,2,5,3.6,0.2159988,8.37039988455511,6.789778256773,1,88,0.00763569269139061,0.0462293725631042
25,2999,5,3,5,3.08,0.1781544,7.96141907699354,6.48921443304133,1,81,0.00522731585102281,0.0464676375675517
25,2999,6,1,6,4.76,0.265158333333333,10.2530036120751,8.68805246422607,1,127,0.00622329623265012,0.0273545868713672
25,2999,6,2,6,4.48,0.255579,9.80766008732575,8.64613280750337,1,96,0.0147364061905407,0.039953097702164
25,2999,6,3,6,4.56,0.234872333333333,10.8553342189314,8.38325567921223,1,97,0.00242589998601573,0.0345446882280889
25,2999,8,1,8,6.52,0.27834225,13.9740742942917,11.8341586094402,1,121,0.00320221588581447,0.0278440044505089
25,2999,8,2,8,6.2,0.25092475,13.9907527497388,11.4732908289749,1,104,0.0101667521049153,0.0327572949316187
25,2999,8,3,8,6.28,0.255115,13.4823450184819,11.4918968996222,1,115,0.0124957545495276,0.0268136028253364
25,2999,10,1,10,8.2,0.278303,17.3807338455211,14.7799123791688,1,126,0.00622106110809769,0.02209719227112
25,2999,10,2,10,7.8,0.243784,17.2200873581021,14.113414042489,1,109,0.0133278795584405,0.0313529153342507
25,2999,10,3,10,7.64,0.246023,17.2365212685844,14.1902525017226,1,124,0.00612801724757006,0.0256761722126219
25,2999,12,1,12,9.68,0.261346,21.0193373157459,17.3304680776107,1,115,0.00946248860881051,0.0288453499480415
25,2999,12,2,12,9.4,0.2550595,20.9178732579628,17.2044775790259,1,111,0.00666365734536582,0.0322339429360862
25,2999,12,3,12,9.52,0.260032333333333,20.9287601110204,17.3164084624966,1,108,0.0102293774251382,0.0278420977516423
26,2999,2,1,2,1.04,0.165527,3.00508322972853,2.58171352385792,1,33,0.0193446741694731,0.176897513696796
26,2999,2,2,2,1.88,0.323544,3.68242286947908,3.13279560283522,1,58,0.00164609733763044,0.067286197776746
26,2999,2,3,2,1.24,0.168617,3.07191259684798,2.53735996563492,1,37,0.018597223316151,0.123287091663819
26,2999,3,1,3,2.36,0.207913333333333,4.54389220606846,3.99133017364574,1,79,0.00462541158769664,0.0543661483702419
26,2999,3,2,3,2.2,0.252666,4.77433689625405,4.29718633547131,1,82,-0.00197614822236496,0.0525259752516452
26,2999,3,3,3,2.48,0.284345333333333,4.97367623506392,4.46769226189146,1,69,-0.00807871764189487,0.0581482288036266
26,2999,4,1,4,3.44,0.2726465,6.53786753120031,5.87438736330927,1,107,-0.00239891600313103,0.0321151168330682
26,2999,4,2,4,1.88,0.143904,5.67643517645426,4.97842050243758,1,50,-0.0154482795765308,0.0820217470417339
26,2999,4,3,4,3.44,0.255676,6.40222852979803,5.69875962113249,1,85,0.0130313302280234,0.0613750813980303
26,2999,5,1,5,3.52,0.231218,7.92167785808008,6.97200272222455,1,90,0.0123422294433772,0.0510891443161779
26,2999,5,2,5,3.32,0.1999308,6.93315587597846,6.6907206960535,1,105,-0.0108021367915403,0.0401638018691939
26,2999,5,3,5,3.92,0.2055636,7.17453194034005,6.67466949093367,1,98,0.00935528861113673,0.0481176926623315
26,2999,6,1,6,4.36,0.206501,8.9105562062156,8.05353568128656,1,108,-0.000119115227610241,0.0446873834609707
26,2999,6,2,6,5.12,0.251737666666667,9.96307857698066,8.55921867596953,1,127,0.00681310174282254,0.0260568125324313
26,2999,6,3,6,4.56,0.241740333333333,9.74603862103942,8.49565851193508,1,135,0.00804505705868159,0.0261762693694208
26,2999,8,1,8,6.84,0.25531975,12.9291301590621,11.4438540850413,1,132,0.017297378995534,0.0315923590746726
26,2999,8,2,8,6,0.224344,12.1436506416074,11.0366440165276,1,140,0.0135495534291083,0.0275708890891035
26,2999,8,3,8,6.96,0.2871855,13.7216269106865,11.9257822206173,1,149,0.00142786859226109,0.0250072385563462
26,2999,10,1,10,7.52,0.2289706,16.1119558173727,13.8898453827755,1,123,0.0102255143094323,0.0359368479440994
26,2999,10,2,10,8.4,0.2748144,17.3802961648118,14.7229993293576,1,132,0.00826131095721359,0.0191505263409195
26,2999,10,3,10,7.24,0.196843,15.0182003158963,13.2376573721045,1,111,0.00295705801205246,0.0350524514717116
26,2999,12,1,12,10.2,0.268533166666667,20.3780536488089,17.4831299965602,1,129,0.0074997010707729,0.0239633391148214
26,2999,12,2,12,8.72,0.212296,18.2660599670234,16.2501966721098,1,130,0.00601400521521868,0.0276048737159584
26,2999,12,3,12,9.56,0.230082333333333,18.9741862014798,16.5916286516778,1,112,0.00852069092420802,0.0272821340963037
27,2999,2,1,2,1.24,0.238203,3.52346273194456,2.85004592217759,1,59,0.149253087927107,0.171988459747972
27,2999,2,2,2,1.56,0.294792,3.78160416914878,3.03699215496145,1,47,-0.00583703334055955,0.0805325757526687
27,2999,2,3,2,1.8,0.314295,3.48994530940832,3.08582262714636,1,70,0.00565129362531932,0.0601668200255329
27,2999,3,1,3,2.12,0.214674,4.64437163245145,4.05435434667672,1,55,-0.0310893661321266,0.0873960157880505
27,2999,3,2,3,2.12,0.209612666666667,5.14612035372396,4.03558100120551,1,56,0.00844186140961716,0.0735505575774849
27,2999,3,3,3,1.72,0.177504666666667,5.27867204103178,3.90785033871295,1,46,-0.020957269288679,0.10662373668618
27,2999,4,1,4,2.96,0.2171015,6.69478943003428,5.45620107617102,1,79,-0.00629281118689224,0.0448735431630738
27,2999,4,2,4,3.36,0.2579305,6.78533472356813,5.70653337634293,1,86,0.0202543734131532,0.0496556728019464
27,2999,4,3,4,3.32,0.239294,6.63550131237712,5.59464851657293,1,96,0.00251701786738979,0.0447532333710601
27,2999,5,1,5,3.6,0.2025076,8.20605894415921,6.65612105764444,1,73,0.0179886653534483,0.0548376213682301
27,2999,5,2,5,4.28,0.2305972,8.036493669042,6.83902919818096,1,80,-0.00917026218751965,0.0436336210050038
27,2999,5,3,5,2.56,0.1301764,7.24218217100902,6.04764551244313,1,57,0.0016687125509634,0.0689363538338664
27,2999,6,1,6,4.28,0.197789666666667,9.06211124436746,7.97028905585171,1,84,-0.0067093298277938,0.0476566497397871
27,2999,6,2,6,3.64,0.184476666666667,8.57244509523313,7.87343154140874,1,108,0.0111386194498136,0.0307609680120124
27,2999,6,3,6,4.16,0.16955,8.71399385978387,7.63216551711674,1,99,-0.00528928719305302,0.0351957677359857
27,2999,8,1,8,5.84,0.2270125,13.1946106702109,11.0459127765865,1,87,0.00771047747468502,0.0365873197729808
27,2999,8,2,8,5.92,0.21444725,12.5218189058285,10.8382572509713,1,96,-0.000201600552804997,0.0307517668157797
27,2999,8,3,8,5.44,0.182189,12.0736901558188,10.3849040653232,1,103,-0.00367755226384716,0.0325588548611948
27,2999,10,1,10,6.24,0.178023,15.5149929006843,12.9647332404357,1,81,-0.00427569997918042,0.0443947414621369
27,2999,10,2,10,7.28,0.21762,15.4665850184706,13.6354868091651,1,109,0.00352987933000455,0.0266718665993617
27,2999,10,3,10,6.8,0.1827956,15.8015482127761,12.9652643855048,1,87,0.000131111415675085,0.0350029571572203
27,2999,12,1,12,8.84,0.211407,19.4439793652203,16.1984442451004,1,80,-0.0082802387859784,0.0318808545112663
27,2999,12,2,12,8.2,0.177386333333333,17.4932209673695,15.4226340451344,1,93,-0.00123711219818113,0.0396981990833933
27,2999,12,3,12,8.68,0.204042,18.6390604741448,16.0198564603354,1,97,0.00181933422396287,0.0329110253571259
28,2999,2,1,2,1.36,0.231986,3.26689535522905,2.82358529415844,1,41,-0.0521685181752531,0.120452007585882
28,2999,2,2,2,1.4,0.229975,3.31132875537567,2.80786775219271,1,42,0.0365598774944739,0.102361176775382
28,2999,2,3,2,1.16,0.166414,3.75589633405133,2.53097891528393,1,32,-0.100776858777612,0.18968352692641
28,2999,3,1,3,2.4,0.28326,5.76175491991073,4.45445475453679,1,69,-0.00812162893214667,0.0466879343206737
28,2999,3,2,3,2.12,0.25128,5.29410587742702,4.34192240674151,1,69,0.00610307318961144,0.0553851892194116
28,2999,3,3,3,2.12,0.290244,5.20968568579754,4.60283291549625,1,84,-0.0265799341688859,0.0551756771360523
28,2999,4,1,4,3.12,0.254054,7.61485132935505,5.71437133739505,1,64,-0.0106534411840136,0.0568104445553825
28,2999,4,2,4,2.12,0.147332,5.37207951252789,5.03591105512078,1,71,0.00321591617908604,0.0730658945756699
28,2999,4,3,4,2.4,0.2063635,6.0354621446341,5.45522321525802,1,64,-0.0130211185748931,0.0697237716073177
28,2999,5,1,5,2.96,0.1901516,7.62700987238884,6.64549951469518,1,74,0.00295321189603147,0.0533903239211958
28,2999,5,2,5,3.64,0.2353052,8.96549295957488,6.99135144620925,1,76,0.0119561400968986,0.0403215868314472
28,2999,5,3,5,3.88,0.2785868,8.22676224217218,7.48919041769198,1,104,0.00426413396359448,0.0364618026357461
28,2999,6,1,6,4.04,0.223354333333333,10.8059836343655,8.2894417962582,1,65,-0.0166317025536418,0.0541358324363002
28,2999,6,2,6,4.52,0.260457333333333,9.89700304339233,8.67868394997563,1,95,-0.00652778218025657,0.0435070323441583
28,2999,6,3,6,4.44,0.246282,9.74679019175003,8.57964048703187,1,96,-0.00736208927217835,0.0339186967748365
28,2999,8,1,8,4.84,0.199071,12.7092920967838,10.7946167113001,1,84,-0.000827916925893132,0.048232930602393
28,2999,8,2,8,5.72,0.254772,14.2165331537514,11.5817233363171,1,89,0.00761398797821645,0.0282627780534471
28,2999,8,3,8,5.32,0.22098325,12.8568723878268,11.0714481951466,1,92,-0.000581655448348898,0.0355568688386462
28,2999,10,1,10,6.72,0.2092588,16.0099957331473,13.5823370140853,1,89,0.00455069745326841,0.0369238419965696
28,2999,10,2,10,6.84,0.217528,16.8151760626553,13.7581099188275,1,102,0.00643225908300103,0.0325777393176525
28,2999,10,3,10,6.04,0.2123262,16.5781987738361,13.7585710333037,1,100,0.011458967906149,0.0367862136472878
28,2999,12,1,12,8,0.206421,19.5494719493591,16.1838911076208,1,89,0.00645402616992137,0.0313388402479557
28,2999,12,2,12,7.64,0.219459,18.6465278340192,16.6511024344408,1,92,0.00232339745254678,0.0270174861255842
28,2999,12,3,12,8.24,0.231320833333333,20.1844667360774,16.8334604355881,1,103,-0.0035698886438348,0.0314441521822789
29,2999,2,1,2,1.44,0.249702,3.26953743564338,2.85772967093672,1,40,-0.0151028974686657,0.130789338135988
29,2999,2,2,2,1.6,0.208923,3.81374340102549,2.67730684159047,1,53,0.00319240928021151,0.0890815163053943
29,2999,2,3,2,1.6,0.296224,3.55518544573736,3.02755619410631,1,48,0.0189528116788849,0.0957101076625124
29,2999,3,1,3,2.16,0.193476,5.21815956792255,3.93522823927501,1,60,-0.0129747896215476,0.0721752545996148
29,2999,3,2,3,2.84,0.300775333333333,5.73768614093824,4.52892937321749,1,79,-0.013300486166968,0.0451163761753878
29,2999,3,3,3,2.48,0.290415333333333,5.60996886327288,4.50289700838271,1,65,-0.00970699263771653,0.058361450092692
29,2999,4,1,4,3.8,0.3011875,7.66194248513444,6.03349815897311,1,78,-0.00937368915506331,0.0440240523294325
29,2999,4,2,4,3.08,0.233466,7.06038477838071,5.56784742866523,1,84,0.00550561177766426,0.0573261083208406
29,2999,4,3,4,2.96,0.24357,6.38050041866735,5.66622734300123,1,83,0.0128947382385153,0.0419666819734512
29,2999,5,1,5,3.68,0.2331188,8.39307375728657,6.96130618673372,1,91,-0.00736296297850842,0.0455489741920528
29,2999,5,2,5,4.04,0.2503228,9.70057890475606,7.11833471358317,1,78,0.00244196364901542,0.0471994102255272
29,2999,5,3,5,3.84,0.2539172,8.98258080429838,7.18178272794542,1,90,-0.00822968228795427,0.043357221653036
29,2999,6,1,6,4.96,0.262266,10.5605177257047,8.61958986100724,1,78,0.00144763635317953,0.0465440360598687
29,2999,6,2,6,4.92,0.237988333333333,10.9468909028918,8.34919621340048,1,83,-0.00770246992742975,0.0422778971446793
29,2999,6,3,6,4.8,0.260596666666667,11.0638876151896,8.68911512079659,1,92,0.00152866050189698,0.0293542547378833
29,2999,8,1,8,6.76,0.273944,14.8128268064716,11.7251206701742,1,92,9.3591086863184e-05,0.0337315386359062
29,2999,8,2,8,6.16,0.25281,14.165035545775,11.4625030339995,1,96,0.00921880941833629,0.0294145531260132
29,2999,8,3,8,6.56,0.253644,14.4925790022795,11.406954115597,1,91,-0.00657368054343541,0.0379256203278981
29,2999,10,1,10,8,0.2621268,16.7249149051783,14.467398090286,1,106,0.000187747926585114,0.0293373222723022
29,2999,10,2,10,8.12,0.2675324,18.01158710749,14.5996873538529,1,93,-0.00347797555056402,0.0374146402698064
29,2999,10,3,10,7.56,0.238793,17.6513362001341,14.064717383208,1,88,0.00241593774253298,0.0373067242344779
29,2999,12,1,12,9.6,0.2595425,20.745447115744,17.3078236864623,1,88,-0.00317044122106748,0.0348725140351628
29,2999,12,2,12,9.4,0.249429166666667,20.7123268277709,17.0706963432742,1,87,0.00081551069377623,0.0326596975215919
29,2999,12,3,12,9.56,0.270267166666667,21.3017613744032,17.6059282366229,1,99,0.000541265886933779,0.0311138125506087
30,2999,2,1,2,1.4,0.230278,3.56799858577188,2.77444445581294,1,45,0.0263244663621026,0.103427766172858
30,2999,2,2,2,1.44,0.226205,3.20553331592183,2.77763805049179,1,47,0.0091000495027938,0.0922072849188971
30,2999,2,3,2,1.68,0.314008,3.8895095841784,3.10954828943308,1,58,0.00228915826629177,0.0675364950937702
30,2999,3,1,3,1.96,0.200466666666667,5.06392929661167,3.99285755835129,1,67,0.000713657624626636,0.0631552666814718
30,2999,3,2,3,2,0.209100666666667,4.79978762557239,4.04655784183872,1,74,-0.0095135984721246,0.0569416265990689
30,2999,3,3,3,1.92,0.185334666666667,4.82741854082291,3.94948932160332,1,61,0.00966719196499336,0.0816925660990722
30,2999,4,1,4,2.84,0.261267,7.37258279118737,5.84492165515682,1,67,0.00515241427145755,0.0573093287086095
30,2999,4,2,4,1.92,0.131781,5.22480555865719,4.87712774854504,1,57,0.0145978200785076,0.0898679321241633
30,2999,4,3,4,2.52,0.216032,7.17659139153942,5.47840489588725,1,75,-0.00159523489512252,0.0453850343037399
30,2999,5,1,5,3.44,0.2075628,7.9193572004368,6.72520234227386,1,93,0.0045232307940406,0.0499452776614265
30,2999,5,2,5,3.64,0.2422868,8.94792827647132,7.04752881957187,1,88,0.00506417977380324,0.0401223003272912
30,2999,5,3,5,3.96,0.2675336,8.68448700606981,7.31026555079518,1,105,0.0117941145428291,0.0370664826158413
30,2999,6,1,6,3.88,0.210590333333333,9.72834114775797,8.13892882613019,1,87,0.00768448184438633,0.0546133460333909
30,2999,6,2,6,3.8,0.205197,9.05970575861566,8.09779704942969,1,97,0.00170281467253414,0.044973930637214
30,2999,6,3,6,4.56,0.255335,10.8816800826787,8.6560029369088,1,86,0.00248824089623381,0.038069497690888
30,2999,8,1,8,4.16,0.13885,11.6542406442406,9.81134023888074,1,82,0.0157138735979984,0.0493975087754972
30,2999,8,2,8,4.24,0.15925,12.5231901908245,10.1271579056576,1,83,0.00829136995391344,0.0464191119124038
30,2999,8,3,8,5.8,0.246388,13.4224809992172,11.450060536482,1,98,-0.00352833723351717,0.039636900598103
30,2999,10,1,10,6.16,0.2123316,16.448256726829,13.6751975107707,1,104,0.00922495768666608,0.0369240039054984
30,2999,10,2,10,6.36,0.1927658,16.4497400832569,13.1991811681544,1,79,0.011592702798169,0.038591643006291
30,2999,10,3,10,7.48,0.2444188,17.4255513610712,14.1489775108485,1,85,0.0126288403928843,0.0405336658864245
30,2999,12,1,12,7.72,0.208396,19.5193075663205,16.2816781935536,1,91,0.00816952192005686,0.0331687550496961
30,2999,12,2,12,8.4,0.226748666666667,20.4245731283359,16.6270528069148,1,96,-0.00450159178447049,0.0322448347261665
30,2999,12,3,12,8.48,0.235683333333333,20.6269757016745,16.8427597023916,1,87,0.00359092230947542,0.0368657578206263
31,2999,2,1,2,2,0.377725,3.87579277694474,3.33852551367371,1,60,0.013142883085926,0.0689099917077616
31,2999,2,2,2,1.92,0.279248,3.88898957196607,2.9355792789534,1,62,-0.00404770582803233,0.0648223372561223
31,2999,2,3,2,1.76,0.299709,3.52630585407532,3.02620685093084,1,43,-0.0146639253815601,0.0863954753928296
31,2999,3,1,3,2.52,0.266693333333333,5.14672925742215,4.3491568747708,1,77,0.000579784327288339,0.0536427221903269
31,2999,3,2,3,1.88,0.224118,4.32506544608908,4.16349724233097,1,58,0.00707704482975543,0.0745760846190592
31,2999,3,3,3,1.84,0.163670666666667,4.25615783759738,3.7984857945765,1,62,0.00414984352264264,0.0651147585606776
31,2999,4,1,4,2.72,0.2208035,6.86196614200318,5.48686258017833,1,74,-0.000373175982755061,0.0322607096684657
31,2999,4,2,4,2.92,0.172547,6.3856968326464,5.06611084717185,1,92,-0.00585720199416267,0.0411142405448789
31,2999,4,3,4,2.68,0.186921,6.28478088024054,5.21528695204332,1,81,-7.37466786604999e-05,0.0363334635542391
31,2999,5,1,5,3.8,0.2618264,8.96257753083993,7.26356747558816,1,99,0.00193711166386796,0.0363580626779777
31,2999,5,2,5,3.52,0.245922,8.84537476087826,7.11486094253367,1,92,0.00424925648374187,0.0337024911673013
31,2999,5,3,5,3.36,0.1916012,8.57904275098917,6.56654007442558,1,83,-0.000549544888066068,0.0393037231513186
31,2999,6,1,6,3.32,0.149742,9.33981901231073,7.46063631385979,1,73,0.00515164182003811,0.042870354087273
31,2999,6,2,6,4.28,0.206898666666667,10.1901185771382,8.05336423722764,1,82,0.00887219320447053,0.040779938367093
31,2999,6,3,6,4.36,0.223458666666667,9.83047520748795,8.23930657493731,1,87,0.0144208481330092,0.0411931995866687
31,2999,8,1,8,6.04,0.24132725,13.9109610566894,11.2146224819736,1,93,0.00150939453690048,0.0277320553253328
31,2999,8,2,8,6.48,0.2406525,14.0054499733992,11.1990885165018,1,95,0.00387260354544477,0.0372305422512336
31,2999,8,3,8,5.56,0.21210625,12.7452066788012,10.8260667055828,1,95,-0.00474921217363236,0.0285236858387324
31,2999,10,1,10,7.24,0.2297676,17.0267692277284,13.8342452470048,1,95,0.00165654075765715,0.0365476499920312
31,2999,10,2,10,7.2,0.2374498,17.0386479569525,14.0463078250213,1,87,0.00818400128211036,0.046474234802069
31,2999,10,3,10,7.12,0.2131768,16.6160994494408,13.5133206992641,1,96,-0.00143416781987056,0.0301625273701232
31,2999,12,1,12,8.84,0.238362166666667,20.5484968464373,16.8231284201659,1,97,0.0074786543095427,0.0366814683498034
31,2999,12,2,12,8.68,0.2262505,20.1741831712877,16.5519027373744,1,99,-0.000819729441180948,0.0330889676638795
31,2999,12,3,12,8.72,0.2319055,20.6636339157887,16.6805492798314,1,97,0.000692577648563138,0.0322665482892751
32,2999,2,1,2,1.2,0.109859,3.10992753125505,2.30227797684385,1,58,0.117435607433955,0.161997781597879
32,2999,2,2,2,1.32,0.169003,2.96019733914872,2.5483961152893,1,38,0.00862751544617062,0.137033770256804
32,2999,2,3,2,1.24,0.188455,3.76482099520965,2.62447546706858,1,42,-0.0239635792673644,0.163417491204087
32,2999,3,1,3,2.08,0.202010666666667,4.87742707873216,4.01819389845195,1,56,0.0096288784763109,0.0621555207028835
32,2999,3,2,3,1.72,0.153501333333333,4.66562938579951,3.75920879911312,1,41,0.0237398092343136,0.0785452951994783
32,2999,3,3,3,2.36,0.268437333333333,4.61405826661844,4.42689471550656,1,78,0.000164009396414408,0.0485073589186038
32,2999,4,1,4,3.36,0.289473,6.63677930085102,6.02800873676756,1,118,-0.00985513485789065,0.0280301553229461
32,2999,4,2,4,2.24,0.177677,7.26475629177761,5.20792589108274,1,54,0.0142578007543921,0.0807401072331131
32,2999,4,3,4,3.12,0.2850175,7.31867646724567,6.00692804557454,1,76,0.017942285222784,0.0548629868401739
32,2999,5,1,5,3.84,0.2460492,8.36898140564879,7.12084895178602,1,52,-0.0164847868396442,0.0654819133950113
32,2999,5,2,5,3,0.1876924,8.58938738200039,6.59373666028538,1,68,0.00163844741264138,0.0629964615988222
32,2999,5,3,5,3.16,0.1914968,7.1520873879175,6.61830437895631,1,102,0.0194616901848041,0.032273277750027
32,2999,6,1,6,3.68,0.181771333333333,10.3392671205951,7.83716220086434,1,76,0.00752444268137547,0.0451091002499679
32,2999,6,2,6,3.96,0.197185666666667,10.1931025524452,7.98920268986383,1,86,0.00595225404451112,0.0400217056409309
32,2999,6,3,6,4.68,0.242555333333333,9.55703272781851,8.51348996871594,1,107,-0.00374215879842767,0.0278475646702093
32,2999,8,1,8,5.2,0.20215975,12.301889767692,10.7706654929786,1,92,0.00884774505091405,0.0339221810766727
32,2999,8,2,8,5.48,0.2045,12.6250764366644,10.7403131020886,1,79,0.00908906319644918,0.0495521510362128
32,2999,8,3,8,5.84,0.2327475,13.9193971591446,11.1686410758882,1,87,0.00514833870360927,0.0435820502207184
32,2999,10,1,10,7.64,0.2548762,16.5962832907049,14.4343226869585,1,99,0.00523393624578421,0.0248020329276162
32,2999,10,2,10,6.92,0.2168354,16.8889908838473,13.6839081998747,1,92,0.00361579686169719,0.0292707230552137
32,2999,10,3,10,6.6,0.199827,15.8065266607523,13.3474411593224,1,97,0.00639981936126856,0.0364170589450998
32,2999,12,1,12,7.76,0.2031715,19.6650760471534,16.144601124851,1,86,0.00768103255412274,0.0329008926302956
32,2999,12,2,12,7.8,0.201554,18.9996362217444,16.0869212605579,1,96,0.0139799394296207,0.0377930384640387
32,2999,12,3,12,8.2,0.2277115,20.5110757977177,16.7146427432278,1,89,0.00809268415381004,0.0363419209759257
33,2999,2,1,2,2,0.350027,3.88233052371453,3.20292021485977,1,49,0.0223971023766952,0.0921327184833529
33,2999,2,2,2,1.84,0.352751,3.60953351531578,3.26579985674273,1,70,-0.00477669296773266,0.0687998452397
33,2999,2,3,2,1.68,0.260386,3.31743603663883,2.8921982350485,1,59,0.00210504994211983,0.0964410786194337
33,2999,3,1,3,2.76,0.305202,5.32243620191387,4.54322819939944,1,88,0.0266226910275712,0.0491980485239866
33,2999,3,2,3,2,0.190588666666667,4.65394185835293,3.94319309794666,1,58,0.058703916848836,0.0940882145789953
33,2999,3,3,3,1.52,0.130591333333333,4.38581663195426,3.64788428375034,1,68,0.0284688321244047,0.120330009787241
33,2999,4,1,4,2.84,0.22255,6.66235156153415,5.48967137418523,1,70,0.0403438444748965,0.0680393256833838
33,2999,4,2,4,2.72,0.2059055,5.88778134470715,5.3696134321118,1,69,0.00585599865321614,0.0492690409994929
33,2999,4,3,4,3.4,0.2914005,6.58283556198234,6.01978797172036,1,99,0.0210311063861624,0.0477855310420309
33,2999,5,1,5,4,0.2804796,8.21970200648519,7.41852372813277,1,92,0.00869317600377847,0.0423721570639735
33,2999,5,2,5,3.76,0.2348384,7.79836159153033,6.98755748371651,1,84,0.0123892093246947,0.0407366791257662
33,2999,5,3,5,4.28,0.2890872,9.00622649454885,7.48562000671185,1,82,0.0100107549015844,0.0552268290160623
33,2999,6,1,6,4.84,0.275415666666667,10.4364313818095,8.86053314975777,1,103,-0.000633390222296187,0.0410797682801605
33,2999,6,2,6,5.12,0.281708,10.5884411610226,8.87113140813875,1,95,0.0156497607872546,0.0356648992811569
33,2999,6,3,6,5.12,0.287502,10.0370276295349,8.9917565158067,1,123,-0.00398135982305407,0.0275361171646914
33,2999,8,1,8,6.52,0.280772,13.9198709120352,11.8837023723369,1,111,0.00899030641349861,0.0346672832079261
33,2999,8,2,8,6.16,0.26199575,13.397104802414,11.6416544880892,1,109,0.00144686285935642,0.0409548862389709
33,2999,8,3,8,5.88,0.2325355,12.6877004960604,11.1938913584491,1,96,0.00940101957792984,0.0437488457771586
33,2999,10,1,10,8.24,0.282586,17.7686329854194,14.8732885133529,1,98,0.014078402537351,0.041864328344408
33,2999,10,2,10,8.24,0.273888,16.6892777396511,14.6923046917823,1,119,0.00267892699976877,0.0343968859829213
33,2999,10,3,10,8.68,0.2922484,17.4727626456243,15.0456328727458,1,131,0.00266069617000289,0.0251727985823506
33,2999,12,1,12,9.56,0.258935666666667,19.2600083027528,17.2906019887746,1,117,0.00455648122478489,0.0342535387176158
33,2999,12,2,12,8.92,0.230679166666667,19.0698730661956,16.7092801171447,1,106,0.00973710816767561,0.0318739498939397
33,2999,12,3,12,9.76,0.2751865,20.5236590784794,17.6999861208303,1,112,0.0122795761342789,0.0307816531138091
34,2999,2,1,2,1.32,0.219122,3.8986238825428,2.73410042693583,1,66,-0.0379148091360091,0.0982518945184125
34,2999,2,2,2,1.8,0.298107,3.43952375488703,3.00638988680418,1,54,-0.0095398438400331,0.0855761946507604
34,2999,2,3,2,1.72,0.263662,2.96514580989056,2.8654940849789,1,66,-0.00102397512640766,0.0731520435813329
34,2999,3,1,3,1.92,0.187732666666667,4.30313486618109,3.93736760100972,1,67,0.0148853218282085,0.0638133130952949
34,2999,3,2,3,1.96,0.183927333333333,4.23877599470649,3.88962865017385,1,59,-0.0148452978838014,0.065075780046688
34,2999,3,3,3,2.04,0.206890666666667,4.71315393970296,4.03052445199913,1,63,-0.0151766044022084,0.0476233492795955
34,2999,4,1,4,3.04,0.2362585,6.7646020682321,5.6003816182807,1,91,0.0028231771254473,0.039570757808507
34,2999,4,2,4,2.44,0.170416,5.95103039968446,5.11969475423983,1,58,0.00092006395429257,0.0652335065322545
34,2999,4,3,4,3.56,0.253162,7.36285114323746,5.65632307242775,1,90,0.0117777652070219,0.0390333642400317
34,2999,5,1,5,4.16,0.2842488,9.42467937852878,7.43459247101143,1,93,-0.00622457806298153,0.0432059730617414
34,2999,5,2,5,4.24,0.2908244,9.75778814642333,7.48559346901343,1,95,0.0023815910605437,0.0373579637101647
34,2999,5,3,5,3.4,0.2200204,7.51886588334704,6.89221780168503,1,85,-0.00524765015665894,0.04240548183149
34,2999,6,1,6,5,0.264644,10.2482680606615,8.70292721110529,1,98,0.00688135628342681,0.0391188435687465
34,2999,6,2,6,4.6,0.232629666666667,10.3699554908943,8.31075872739939,1,100,0.00549748436581384,0.0348621301885321
34,2999,6,3,6,4.4,0.234361666666667,10.029068127824,8.3916933257098,1,108,-0.0100176996724748,0.0354373077582182
34,2999,8,1,8,6.8,0.27240875,13.6354643707413,11.6772167300059,1,96,0.00700921496308352,0.0384310092502377
34,2999,8,2,8,6.32,0.24563525,13.3349628929152,11.2788007395845,1,97,0.00476158323553899,0.039703938702213
34,2999,8,3,8,6.32,0.25713025,13.257001837575,11.4762224215567,1,91,-0.00450588533412071,0.0465709484553335
34,2999,10,1,10,7.36,0.2279806,16.1959853590934,13.810078336641,1,103,0.0121589447141024,0.0358146682007294
34,2999,10,2,10,8.08,0.2656338,17.4690173227425,14.5115704679521,1,102,-0.000694148741528269,0.0341039842591464
34,2999,10,3,10,8.04,0.239902,17.0562328777051,13.9657444011538,1,101,0.00034208142041545,0.0353928194789129
34,2999,12,1,12,8.84,0.239736833333333,19.4013417532418,16.8801616277001,1,100,-0.00418207984223732,0.0318255967613298
34,2999,12,2,12,8.72,0.224152666666667,19.2076145282611,16.5153698705571,1,93,-0.00456970843110809,0.0383231049650234
34,2999,12,3,12,9.52,0.2413615,19.5251186896555,16.842052950965,1,91,0.00495170883527321,0.0392116881340712
35,2999,2,1,2,1.52,0.279826,3.72989010056628,2.99112717741307,1,43,0.0787344430612457,0.182236697525029
35,2999,2,2,2,1.84,0.340637,3.56483075910109,3.18595735354881,1,65,-0.0101375054647588,0.0694858759501233
35,2999,2,3,2,1.68,0.29079,3.24812982807902,2.98508645646123,1,61,-0.00858548987936615,0.0739490442077158
35,2999,3,1,3,1.96,0.207126666666667,4.59487091419245,4.0734182842394,1,64,-0.0177087189476994,0.0706596093755388
35,2999,3,2,3,2.28,0.24232,5.05682243534144,4.20219179638478,1,63,0.00302516192701942,0.0605340432698709
35,2999,3,3,3,1.92,0.213454,5.03420616381096,4.09427703001379,1,53,-0.00342302890224708,0.0620555438999622
35,2999,4,1,4,3.52,0.2974445,6.7332615025618,6.03180558511226,1,101,0.007444355150428,0.0377901739271394
35,2999,4,2,4,3.08,0.288849,7.30192317382615,6.01929210627514,1,89,-0.00691368672663638,0.0381646680450326
35,2999,4,3,4,2.88,0.252271,6.89528328105045,5.73443347247956,1,64,0.00743361078476437,0.0608818938851129
35,2999,5,1,5,3.56,0.2134256,7.93795757326841,6.76164852120728,1,66,-0.00820647705113703,0.0594316497824371
35,2999,5,2,5,3.48,0.2223828,8.50009601256623,6.85034035868381,1,79,-0.0184007067046885,0.0601958237181144
35,2999,5,3,5,3.72,0.2532168,8.1078926024361,7.15983698338374,1,96,-0.0139383605350534,0.0518235136590238
35,2999,6,1,6,4.6,0.256651666666667,9.73862358528249,8.62190685542631,1,100,-0.0127688125093698,0.0424042115372651
35,2999,6,2,6,5.04,0.290111,9.70206673216034,8.97316026969012,1,107,0.00490241823749475,0.0343447307786943
35,2999,6,3,6,4.88,0.287290333333333,10.5336828890921,8.95283845474251,1,90,0.00282366505893729,0.0332519538640274
35,2999,8,1,8,6,0.27615025,14.1004540045227,11.8529392805631,1,90,-0.00239955431439178,0.038019881338731
35,2999,8,2,8,5.84,0.24900125,13.3217252440665,11.4076801695589,1,99,-0.00215382263895267,0.033737946683367
35,2999,8,3,8,6.04,0.26291025,13.4144440260652,11.6265117972757,1,111,-0.00476512397886599,0.0253184689364134
35,2999,10,1,10,7.76,0.2741374,17.4421235767891,14.7453590092037,1,103,0.0031233420848588,0.0278138353196231
35,2999,10,2,10,7.28,0.2481548,16.9076818693862,14.2312623624502,1,86,-0.0122527180209897,0.035550774234777
35,2999,10,3,10,7.6,0.2606342,16.8388064594941,14.4048627534761,1,91,-0.00298170993823851,0.0369912191019636
35,2999,12,1,12,9,0.252048333333333,20.1326321522847,17.1458934594706,1,88,-0.00905030362459044,0.0365895855857331
35,2999,12,2,12,8.92,0.259581166666667,20.3182555317853,17.3104732612102,1,83,-0.00558942898432366,0.0367690814585225
35,2999,12,3,12,8.92,0.256995833333333,20.5866193925424,17.2889658595318,1,84,-0.0106002771091162,0.0396243455142155
36,2999,2,1,2,1.84,0.280277,3.60599177221085,2.9296657274522,1,64,0.0138218817813628,0.0648748447697257
36,2999,2,2,2,1.36,0.256167,3.5549506833563,2.91467756810433,1,47,0.075062658315795,0.134637011512362
36,2999,2,3,2,1.64,0.203979,3.18381870299513,2.65690941449598,1,64,-0.0342148181588411,0.071268695112137
36,2999,3,1,3,2.16,0.224084666666667,5.59379756403062,4.12463972374569,1,70,0.00523649784159449,0.0749484937164019
36,2999,3,2,3,2.52,0.238956666666667,4.8348094356119,4.21643499246557,1,63,0.00671305079599762,0.0579164950730762
36,2999,3,3,3,2.4,0.234207333333333,4.69478621379172,4.19661402520741,1,66,-0.00845370657616693,0.0695698203314773
36,2999,4,1,4,3.04,0.2312915,6.16907457122035,5.6226288256063,1,72,0.0045105552789998,0.0481161500169559
36,2999,4,2,4,2.92,0.2236275,6.58692928570795,5.49587530759638,1,89,0.00039143301313322,0.0527019706466047
36,2999,4,3,4,2.76,0.18668,5.85505768972636,5.21483836088893,1,89,-0.00557861771823085,0.0462386705992348
36,2999,5,1,5,4.04,0.23604,8.40470476993409,6.99511636997427,1,89,-0.0124142747695832,0.0514216072789572
36,2999,5,2,5,3.08,0.1846556,8.24769888654982,6.58966734411396,1,84,0.0145100775676877,0.0439877688419931
36,2999,5,3,5,3.24,0.1597712,7.08335846185197,6.30186658621951,1,81,-0.00360193092669576,0.0473149039961334
36,2999,6,1,6,4,0.214249,9.61377581470272,8.23655736015747,1,96,0.0181112314039569,0.0402429779517209
36,2999,6,2,6,4.6,0.227951,9.38337255130704,8.35970049785126,1,110,0.000295061621854306,0.0321908435108224
36,2999,6,3,6,4.2,0.236150666666667,9.99762599922405,8.44613583248469,1,104,0.00562727404544838,0.0296786599543932
36,2999,8,1,8,6.04,0.2236345,13.4189828110979,11.0217414602633,1,99,0.0152572669466637,0.0357207838177475
36,2999,8,2,8,5.76,0.22344525,13.5050770813419,11.076544576976,1,83,-0.00183804619983603,0.042280107874822
36,2999,8,3,8,4.96,0.17788225,12.4069309998631,10.3864455275657,1,93,0.00413377389549178,0.0449666997819835
36,2999,10,1,10,6.92,0.1918626,16.991194247543,13.1692825659001,1,89,0.0192807566963891,0.0402124100733636
36,2999,10,2,10,7.24,0.214976,17.2399041178358,13.6370906611522,1,96,0.000838865852289928,0.0319719454491229
36,2999,10,3,10,6.84,0.2025102,16.450582335654,13.4252958949271,1,87,-0.00378512433913509,0.0477343606325478
36,2999,12,1,12,8.72,0.208576333333333,19.5367982713136,16.1928717758383,1,86,0.00108802827446159,0.0355892847596284
36,2999,12,2,12,8.44,0.216737666666667,20.5495236654042,16.4686805027923,1,94,0.0107461292451845,0.0292536639868806
36,2999,12,3,12,8.72,0.213111833333333,20.2963061009698,16.3022455661087,1,89,0.0053626258163448,0.0364643289294109
37,2999,2,1,2,1.08,0.213888,3.59614158241692,2.78128735702165,1,39,0.173798887840319,0.252501150751022
37,2999,2,2,2,1.12,0.107099,2.45013619327934,2.3264055301949,1,65,-0.0242583643427987,0.121898442875555
37,2999,2,3,2,1.56,0.280381,3.34330991475718,2.96602248200707,1,51,-0.0193507414775174,0.0859683238090066
37,2999,3,1,3,1.84,0.189740666666667,4.62937282387028,3.94753656650395,1,61,-0.0128758374791075,0.0673331516045176
37,2999,3,2,3,1.68,0.169410666666667,4.41760187775302,3.8752021710908,1,46,-0.0109460441965143,0.0923497284958741
37,2999,3,3,3,2.08,0.178852666666667,4.44898485644935,3.87604038476629,1,59,0.00361374299007319,0.07605251827538
37,2999,4,1,4,2.6,0.170775,6.59434990612021,5.16402641202646,1,76,0.0121281660117605,0.0491459608827754
37,2999,4,2,4,2.4,0.131999,5.10630803385829,4.85854006489009,1,70,-0.00655048262041102,0.0813809138504675
37,2999,4,3,4,3.4,0.2845385,7.05417983907358,5.95695961668928,1,95,0.0202670613936586,0.0382693800254538
37,2999,5,1,5,3.2,0.1737196,8.31465075028414,6.4821139194147,1,75,0.00483388090157318,0.0617867863307033
37,2999,5,2,5,3.16,0.168718,8.09142743114206,6.44766373096791,1,81,-0.00283128555389155,0.0487880584477182
37,2999,5,3,5,3.2,0.1736084,7.61788201489006,6.4885192237161,1,85,0.00825824041849979,0.0465724466597468
37,2999,6,1,6,4.48,0.239851333333333,9.77680181533053,8.47941421107671,1,117,-0.00229651959767018,0.0272410575408224
37,2999,6,2,6,4.12,0.204037,9.03316510432189,8.08377074747631,1,85,0.000574439255689173,0.0458372505032032
37,2999,6,3,6,5.2,0.251988,10.3380070074686,8.4951846277309,1,94,0.00216020623779483,0.0335095704070995
37,2999,8,1,8,5.4,0.19218375,12.8749352221505,10.6221509796228,1,84,-0.00534522597755987,0.0393425218046417
37,2999,8,2,8,5.24,0.18304525,12.2412141042351,10.4415167003603,1,98,0.00389365527747218,0.0325866709090747
37,2999,8,3,8,5.2,0.195651,12.1159695830863,10.6700419712993,1,106,0.00208744250961728,0.0285263017263867
37,2999,10,1,10,7.44,0.227877,17.0404283831359,13.8619472355507,1,92,-0.00951736780842616,0.0304169261838133
37,2999,10,2,10,7.4,0.2146384,16.0069311667472,13.6239087025895,1,96,0.00187485100649277,0.0326604151218511
37,2999,10,3,10,7.12,0.2053028,16.1425034828625,13.4472747643183,1,90,-0.00175687553851393,0.0340803548824914
37,2999,12,1,12,8.04,0.195141333333333,19.1170414782247,15.9754940116336,1,99,0.00198301886732122,0.0298467003203389
37,2999,12,2,12,8.56,0.2085195,19.3890701476536,16.2127541531685,1,94,-0.00400404380104487,0.0338048129238613
37,2999,12,3,12,8.28,0.203281166666667,19.0090736450475,16.1341738359672,1,110,0.00627805606414211,0.0299175549801932
38,2999,2,1,2,2,0.367492,3.88002741099913,3.29836422258915,1,58,0.0430061915832146,0.0716985688587678
38,2999,2,2,2,1.92,0.357907,3.96004803602746,3.26086891480194,1,68,-0.0143760646003422,0.0644451588092837
38,2999,2,3,2,1.08,0.127912,2.38707060964072,2.37629547602034,1,43,-0.0398082520830668,0.157048380476279
38,2999,3,1,3,2.4,0.303122,5.26987036020757,4.64262258013493,1,59,0.0175080845390532,0.0833678556731569
38,2999,3,2,3,1.96,0.216864666666667,4.59918287616243,4.14104144457227,1,61,-0.0156813219176164,0.0780249318189232
38,2999,3,3,3,1.88,0.213061333333333,4.93099557722905,4.10709024106298,1,57,0.00961291411947346,0.0636627873256652
38,2999,4,1,4,3.4,0.3191345,7.37471863474671,6.26515594868061,1,84,-0.00188233178242989,0.0431697336061155
38,2999,4,2,4,3.2,0.2891275,7.5112647997334,6.05685234175043,1,75,0.00807902716241451,0.0453584217497347
38,2999,4,3,4,2.84,0.233357,7.33042215732109,5.58341850108333,1,70,0.0120240423333327,0.052378839967959
38,2999,5,1,5,3.08,0.2108812,8.46700243833734,6.83690010949006,1,79,-0.0063697689528735,0.0455521557407826
38,2999,5,2,5,4.44,0.3181916,8.67538804040983,7.80689672593982,1,120,0.00909816464662098,0.031669017133028
38,2999,5,3,5,3.88,0.2812392,8.97960431048353,7.46171269146565,1,93,0.00192204790730663,0.0337204454645249
38,2999,6,1,6,4.84,0.300150666666667,10.5266748914672,9.18187412540801,1,115,0.0115372432740067,0.0340357683297109
38,2999,6,2,6,4.8,0.275893666666667,10.6535750194026,8.88154115342328,1,106,0.0118254915883584,0.0286377483877387
38,2999,6,3,6,4.6,0.280735,10.2593366620683,8.98361638498599,1,122,0.0127582827442768,0.0288132217559498
38,2999,8,1,8,6.24,0.263065,13.6456389558819,11.6064573942504,1,112,0.00261664252880528,0.0257208117114995
38,2999,8,2,8,6.24,0.2797785,13.5272191802275,11.9260405256648,1,128,0.0127875528137374,0.0264023595743067
38,2999,8,3,8,5.64,0.258409,13.3541720841838,11.6620904127903,1,110,-0.00100057287252059,0.0215264548700208
38,2999,10,1,10,8,0.2875784,17.6445402052204,15.0817385609314,1,116,-0.00163829729620015,0.0260670218724663
38,2999,10,2,10,8.2,0.3037808,18.2686949146721,15.418929800378,1,103,0.00331019103027011,0.0260144766017266
38,2999,10,3,10,8.4,0.295741,17.537305093617,15.1445963871092,1,116,0.00162090179782277,0.0288830903553086
38,2999,12,1,12,9.84,0.2883425,21.4310739454831,18.0367378192596,1,109,0.0107351088137763,0.028351918263311
38,2999,12,2,12,9.28,0.2662975,20.9065948177643,17.5688926277352,1,101,-0.00456772155822925,0.0266025153887432
38,2999,12,3,12,9.92,0.294594333333333,21.6974431834536,18.1870355572695,1,104,0.00130234133845369,0.0305103029518298
39,2999,2,1,2,1.44,0.234872,2.99108660403014,2.80466378774574,1,42,0.0149162599283202,0.0947051585456041
39,2999,2,2,2,1.4,0.178754,3.40124443067733,2.55988720789977,1,68,-0.0430630084076465,0.117590540160906
39,2999,2,3,2,1.56,0.238457,3.81976843682253,2.83434971512001,1,42,0.0206811100854116,0.141950054315528
39,2999,3,1,3,2.44,0.232885333333333,5.39347275076895,4.16159478100557,1,55,0.00926850630977193,0.0730002719456787
39,2999,3,2,3,2.08,0.163088,5.31053335098834,3.79257729373212,1,60,-0.0217097719284516,0.0826040823130968
39,2999,3,3,3,2.44,0.225554,5.14094497306547,4.15528765215882,1,52,0.0362588639237377,0.105444721715947
39,2999,4,1,4,2.76,0.1959635,6.01869995612156,5.29254983991481,1,63,0.00917250355108522,0.0800207966052034
39,2999,4,2,4,3.2,0.183379,6.63892038638788,5.16898099638927,1,67,0.011865071609786,0.056085444604478
39,2999,4,3,4,2.88,0.1915195,5.97318669787929,5.26895657857569,1,65,0.0145025825276407,0.0485872508321419
39,2999,5,1,5,4.2,0.2384752,9.12503831568607,7.01073334764284,1,76,0.00057349177693266,0.0469042779068613
39,2999,5,2,5,3.6,0.2115732,8.01796294781231,6.78119556014821,1,63,0.016496489172104,0.0574524055096469
39,2999,5,3,5,3.6,0.1926444,9.11889405354774,6.60574200976813,1,63,0.00203689496570908,0.0617146295362195
39,2999,6,1,6,4.48,0.220877333333333,10.1170690244942,8.22960875255543,1,86,0.000410505689763182,0.0385971313214693
39,2999,6,2,6,4.6,0.216315666666667,10.7523371700286,8.17556874457533,1,73,0.020123938563352,0.0465699954742265
39,2999,6,3,6,4.76,0.219951666666667,10.0371232623001,8.22692229227127,1,74,0.00699076058002356,0.0414232251723422
39,2999,8,1,8,5.96,0.2028565,13.7784976383669,10.6806113728144,1,65,0.0220755684183277,0.0514598393696156
39,2999,8,2,8,5.96,0.18171825,13.6045876661552,10.3591073820638,1,88,0.0057688373184274,0.0365064396487333
39,2999,8,3,8,5.6,0.18025,12.2371210186174,10.3355968448097,1,81,0.0193306371788486,0.0440031699591016
39,2999,10,1,10,6.96,0.1875664,16.7290074763069,13.1011906237404,1,73,0.00867449866280441,0.0444419367288839
39,2999,10,2,10,7.44,0.2054204,16.2172045961366,13.4047651390649,1,83,0.0216139550432262,0.0403498327395644
39,2999,10,3,10,7.52,0.2103564,16.0558232184217,13.5194721321861,1,80,0.0114517383858919,0.0424682332740658
39,2999,12,1,12,8.84,0.201133666666667,20.0310045983783,16.002651134801,1,70,0.0134433456466309,0.0461477330600762
39,2999,12,2,12,8.84,0.201133666666667,20.0310045983783,16.002651134801,1,70,0.0134433456466309,0.0461477330600762
39,2999,12,3,12,8.84,0.201133666666667,20.0310045983783,16.002651134801,1,70,0.0134433456466309,0.0461477330600761
40,2999,2,1,2,1.4,0.198278,3.4567803964468,2.63578873049932,1,48,-0.00943534515041356,0.103748179167789
40,2999,2,2,2,1.72,0.26609,3.33911808841766,2.87370203207132,1,64,-0.0129111034608152,0.0756764054936158
40,2999,2,3,2,1.44,0.198101,3.03637713498031,2.64033171692946,1,45,0.0122268339234988,0.116836206847943
40,2999,3,1,3,1.88,0.177272,3.93962203375962,3.87011784939449,1,39,0.0218881818363168,0.139118870164073
40,2999,3,2,3,1.68,0.168802666666667,5.06356488624028,3.8346903871032,1,78,-0.00698929238827472,0.0829839906822046
40,2999,3,3,3,1.68,0.143496,4.9846286394678,3.68082237750023,1,49,-0.00585470467431558,0.125392523710333
40,2999,4,1,4,2.68,0.2012695,5.81697219455841,5.32441651226723,1,63,0.0230079506788313,0.0757444954824241
40,2999,4,2,4,3.04,0.207669,6.0238315656966,5.35040272848598,1,85,-0.00785795212840603,0.0512109853444568
40,2999,4,3,4,2.48,0.1866965,5.56436198907254,5.2315560300985,1,75,0.00931739954311025,0.0647901161941152
40,2999,5,1,5,4.2,0.2345856,8.44820571937917,6.89762032823842,1,95,0.012761936767591,0.032383208381752
40,2999,5,2,5,3.36,0.201366,8.53724707465662,6.6686450880047,1,72,0.00912680122881516,0.0528882373505299
40,2999,5,3,5,2.72,0.1290036,6.55537840703509,6.01477459502501,1,58,0.0081298093989346,0.0656351988467672
40,2999,6,1,6,5,0.241254333333333,9.33520235362824,8.37283104545906,1,100,0.0108521264343195,0.0430328030006426
40,2999,6,2,6,4.24,0.184622,8.91786569953579,7.76252733200641,1,91,0.000388242023225888,0.0414739438298759
40,2999,6,3,6,4.96,0.235621,9.93483521378854,8.3124118583495,1,79,0.00783887301131589,0.0436098233385931
40,2999,8,1,8,5.24,0.1658765,11.3138084724726,10.1253920526152,1,100,0.00679719692343734,0.0382222050904544
40,2999,8,2,8,6.24,0.221043,13.14294933678,10.8733101223974,1,91,-0.000708817962602865,0.0413929519401457
40,2999,8,3,8,5.8,0.20982675,13.7381493876822,10.7486846306531,1,79,0.0129627658026604,0.044591994133921
40,2999,10,1,10,7.2,0.1911356,15.2230442754004,13.0525140197856,1,85,0.00569915674096338,0.0387245171879277
40,2999,10,2,10,6.88,0.1931686,15.2008797522123,13.1272903053701,1,81,0.000105346551910906,0.0497906194651749
40,2999,10,3,10,6.8,0.1805856,15.3045782892974,12.9041206314602,1,87,0.00265621801239694,0.0395507709021939
40,2999,12,1,12,7.96,0.177842833333333,18.2225482370796,15.4364077937182,1,85,0.0161045678714525,0.0420225665982902
40,2999,12,2,12,8.16,0.182506333333333,18.1735505873255,15.5382112322495,1,87,0.00671328547500358,0.0400848213997795
40,2999,12,3,12,8.04,0.188453,18.7521412919866,15.6835735839278,1,80,0.00687206296098453,0.0465226075465324
41,2999,2,1,2,1.32,0.229529,3.36317159591872,2.80514858833407,1,56,-0.0291142255120099,0.053397817492004
41,2999,2,2,2,1.24,0.192117,3.06585871734125,2.64397379559457,1,39,0.0424498579825527,0.155903435475239
41,2999,2,3,2,1.72,0.323583,3.62344958544925,3.13815038320879,1,61,0.0158355739100794,0.0852558089281991
41,2999,3,1,3,1.92,0.223057333333333,5.02038793119294,4.16876248857186,1,65,-0.0130452207215518,0.0548076558884976
41,2999,3,2,3,2.28,0.274454666666667,5.36316359595072,4.43399153097669,1,71,-0.00627670524547617,0.0668705359670071
41,2999,3,3,3,2.76,0.324169333333333,5.8430961087838,4.67744127973847,1,59,0.0104022497671447,0.0564797969506877
41,2999,4,1,4,2.16,0.179403,6.07925172707509,5.21646156405204,1,70,-0.00511619114056109,0.0432754396419245
41,2999,4,2,4,2.92,0.2662075,6.84574639160611,5.86054308571474,1,75,0.00722610307775309,0.0413200464752978
41,2999,4,3,4,3.16,0.279441,7.22928372764797,5.94751036526295,1,77,-0.00455562295186752,0.0410752925628958
41,2999,5,1,5,3.6,0.2335736,8.89538363678033,7.00165569900747,1,68,0.0102123078462681,0.0491808871281503
41,2999,5,2,5,3.44,0.2300444,8.13559243339169,6.98608081216453,1,79,0.00640131974249306,0.0417152658721737
41,2999,5,3,5,3.2,0.2024416,8.42648239809474,6.709676864866,1,68,-0.00728944730297483,0.0524654640339884
41,2999,6,1,6,4.24,0.24167,10.1820675642318,8.50150377710023,1,73,0.0129467492486262,0.0481754072224248
41,2999,6,2,6,4.56,0.259771,10.6652762162549,8.71882006405517,1,68,-0.00838590807861668,0.042344305422158
41,2999,6,3,6,4.2,0.242514666666667,10.1497054727251,8.51208018296754,1,72,0.00215123512949741,0.0426915858194861
41,2999,8,1,8,5.84,0.24606725,13.6359128774177,11.3982930494982,1,87,0.0105221324700898,0.0413853742863645
41,2999,8,2,8,5.72,0.2394325,13.4121199269774,11.3160672006534,1,89,0.00111832453643739,0.0346338868425572
41,2999,8,3,8,5.92,0.25542025,13.9332257559952,11.5594678422377,1,82,0.00536994490588605,0.0419073483650202
41,2999,10,1,10,7.12,0.2464346,17.0048059328605,14.2682834229819,1,85,0.00558443788325735,0.0441654867716511
41,2999,10,2,10,7.52,0.2581788,17.3418601380942,14.4686706802371,1,100,-0.00346429425371587,0.0322102479322639
41,2999,10,3,10,7.36,0.2509042,17.3756188879512,14.3229771399087,1,79,0.00443474245298261,0.0465630748799659
42,2999,2,1,2,1.8,0.315501,3.83957189753977,3.08743965749224,1,51,0.00943794042040384,0.0680743812344195
42,2999,2,2,2,1.24,0.153923,2.786119477319,2.48587347313799,1,41,0.0235748406102175,0.131127265734492
42,2999,2,3,2,1.52,0.274027,3.26061967688465,2.91456903855067,1,57,0.00878834290378375,0.0836143735188608
42,2999,3,1,3,2.64,0.274162666666667,5.11878566101862,4.34448356055911,1,93,0.0139659575458878,0.039684788335902
42,2999,3,2,3,2.24,0.229589333333333,4.54311347757169,4.10647560633183,1,61,0.0332661898013321,0.0830726611500692
42,2999,3,3,3,1.88,0.163563333333333,4.04340027242202,3.76850565585775,1,46,0.0134931644516775,0.086484207917028
42,2999,4,1,4,2.96,0.2415575,6.33212359897299,5.62294990902829,1,89,-0.00444805746196109,0.0405764590705284
42,2999,4,2,4,2.8,0.230579,6.74029434731711,5.55304487161613,1,73,-0.00242445202307776,0.0578801865594354
42,2999,4,3,4,2.8,0.232217,6.22809972110776,5.58438773384357,1,90,-0.00554408100105726,0.0354337568108807
42,2999,5,1,5,4,0.2543656,7.95174005585094,7.10250918293086,1,87,0.0143400810453269,0.0451281167820189
42,2999,5,2,5,3.4,0.2017552,7.84444381850521,6.66945075788254,1,78,0.000304441832030093,0.0441208645898758
42,2999,5,3,5,3.64,0.217754,7.82893725352644,6.79992876393411,1,96,0.0175184908881446,0.0334181249506897
42,2999,6,1,6,3.6,0.202591666666667,9.32324214176371,8.06744756969919,1,88,-0.00564924676142246,0.0392296908956804
42,2999,6,2,6,4.96,0.287038333333333,10.365810620822,8.93016921092832,1,78,0.0114353715825531,0.0401010865520383
42,2999,6,3,6,3.76,0.195007,9.32316768947843,7.96452384127843,1,80,0.00767547964290506,0.046749728709252
42,2999,8,1,8,5.68,0.22150275,12.8044948430767,10.9494317806363,1,91,0.00267039829096664,0.0376620662382176
42,2999,8,2,8,5.32,0.20199025,12.5132211523554,10.6547849678162,1,93,0.00239410443380039,0.0346727220640701
42,2999,8,3,8,6.48,0.2706625,13.5352386300885,11.6828474607573,1,99,0.00515495944549955,0.0339242023371521
42,2999,10,1,10,6.72,0.2166348,15.4925058668692,13.7001576813033,1,116,0.00577159720507847,0.0282485173602167
42,2999,10,2,10,7.24,0.234493,15.9556114728844,13.9814934426212,1,104,0.0173389708401595,0.0361174519306523
42,2999,10,3,10,7.76,0.2420596,16.5726749197847,14.0482193619641,1,97,0.0106932486188802,0.0326518766609418
42,2999,12,1,12,9,0.240398833333333,19.690741017155,16.8078982497436,1,90,0.00920083707765357,0.0407638715096261
42,2999,12,2,12,9.08,0.2403605,19.8689310790876,16.785455261894,1,106,0.00206965248811397,0.0284124562777166
42,2999,12,3,12,8.12,0.220431166666667,19.0260844421558,16.4863917467853,1,104,0.00918972957688769,0.0346347524515775
43,2999,2,1,2,1.44,0.247745,3.86486752740819,2.85582666536914,1,46,-0.0129147155663253,0.0832259848481139
43,2999,2,2,2,1.88,0.362211,3.68801120650039,3.25982175038753,1,59,-0.022037178076937,0.0787057636150189
43,2999,2,3,2,1.08,0.175462,2.7140952964297,2.59231562192903,1,35,-0.0289338092688954,0.128453171382303
43,2999,3,1,3,2.32,0.273823333333333,5.11630741981086,4.38802792230365,1,68,0.00464964145179456,0.0532235319449975
43,2999,3,2,3,1.96,0.157512666666667,4.10822990943883,3.73038473167562,1,66,0.0214729883815639,0.0512845445250629
43,2999,3,3,3,2.2,0.228919333333333,5.08649048854211,4.14572446911839,1,69,0.0349709187452887,0.06751745291451
43,2999,4,1,4,3.16,0.237734,7.0368475954638,5.59305920423001,1,71,0.0244905854541683,0.0587202953060163
43,2999,4,2,4,3.4,0.2817665,6.16219828967359,5.89361300552172,1,112,0.0128150329131826,0.0329272606205546
43,2999,4,3,4,3,0.264884,6.98525557264343,5.82051599725129,1,86,0.0131732968036853,0.040978607857626
43,2999,5,1,5,3.96,0.2654912,8.33779514350421,7.26410784266448,1,98,-0.000253011803911452,0.0487870321706667
43,2999,5,2,5,3.36,0.2209164,7.50471265868585,6.87278711354119,1,87,0.0119949861147032,0.0536830267872763
43,2999,5,3,5,3.28,0.2089916,8.51588355879523,6.77774340111423,1,70,0.023362729198551,0.0546022345278858
43,2999,6,1,6,5,0.278082333333333,9.84473855598245,8.826533507137,1,107,0.00650563801658005,0.026488500718481
43,2999,6,2,6,3.36,0.172723666666667,8.64395413797854,7.76464883445246,1,102,-0.00998430077663941,0.0438001818750839
43,2999,6,3,6,4.08,0.208783,9.26476432542991,8.09794002877897,1,99,0.00751762011741985,0.048569497440019
43,2999,8,1,8,6.36,0.260637,13.4438354544937,11.5192707412902,1,102,0.00604531623736284,0.0356762852353873
43,2999,8,2,8,5.52,0.22438875,12.1147664736495,11.0257109778595,1,98,-0.00626096233701728,0.0488597017963628
43,2999,8,3,8,5.96,0.24237925,12.1021642382868,11.2587577156658,1,112,0.0127679615970491,0.037350600871491
43,2999,10,1,10,7.44,0.228947,15.2900496835591,13.8357160459161,1,104,0.00094972792599224,0.0423094319367557
43,2999,10,2,10,7.72,0.2460476,16.1531707057905,14.1633401774363,1,104,-0.0021644432742464,0.0302024824766022
43,2999,10,3,10,6.64,0.2055674,14.6953099973735,13.4439250806167,1,118,-0.00575744743591348,0.029452653947327
43,2999,12,1,12,8.72,0.229913,18.8498246322753,16.650579536616,1,101,0.00618366314672743,0.028457654764643
43,2999,12,2,12,8.36,0.207643,18.4017808503832,16.1304764494242,1,98,0.00141847977500379,0.0313825270531805
43,2999,12,3,12,7.76,0.175941166666667,17.1596042758346,15.4395084737524,1,108,0.00556403666873479,0.0379031056908333
44,2999,2,1,2,1.56,0.223022,3.26383851768268,2.7591623072909,1,52,0.0259953906668625,0.0918230547844753
44,2999,2,2,2,1.8,0.308803,3.83979461254347,3.07160097525727,1,61,-0.0123233840295892,0.0728834831749749
44,2999,2,3,2,1.32,0.212829,3.28975959162481,2.7233066510506,1,38,-0.00693029208784079,0.161665212592288
44,2999,3,1,3,2.68,0.245547333333333,4.7755061841747,4.20602693431968,1,93,-0.00337978177372964,0.0384329931375449
44,2999,3,2,3,2.64,0.274582666666667,5.61891993832326,4.40037486278144,1,72,-0.00199080244209417,0.0555455677646332
44,2999,3,3,3,2.72,0.283392,5.84940516786905,4.43743721030989,1,78,0.00371211399826526,0.044880054274145
44,2999,4,1,4,3.72,0.3106525,7.71006573705645,6.14099227220469,1,104,-0.0124039473172433,0.0355430188208872
44,2999,4,2,4,3.64,0.307863,7.8915561793415,6.12321106307056,1,92,0.00285373499804703,0.0358947199039188
44,2999,4,3,4,3.44,0.2564045,7.15535675953261,5.70066098798379,1,92,-0.00231713134875392,0.036455716623532
44,2999,5,1,5,4.04,0.2421964,8.43424174683922,7.03928966872264,1,104,0.000788154409542841,0.0326690835246894
44,2999,5,2,5,4.72,0.3277764,9.92441295134249,7.85407055435092,1,96,0.00276197084081302,0.0355925596462343
44,2999,5,3,5,4.24,0.2902728,9.15744229454935,7.54000581379061,1,93,0.0061799971035161,0.0367846939605376
44,2999,6,1,6,5.32,0.285922666666667,11.0547330163647,8.94643615819834,1,115,-2.89415707835375e-05,0.0233667487475385
44,2999,6,2,6,4.72,0.231572666666667,10.3919885071285,8.32278720472784,1,92,-0.0101130321221768,0.0369295862291893
44,2999,6,3,6,4.76,0.254754,10.3766000971232,8.64065979303806,1,111,-0.00998307730391527,0.0319316691463793
44,2999,8,1,8,6.96,0.27220975,14.2165017971814,11.6762828754438,1,113,-0.00138809608091206,0.0233489061826637
44,2999,8,2,8,7,0.29249325,14.5907348923354,12.0497293590508,1,117,-0.00340260684659473,0.0256025875266914
44,2999,8,3,8,7.24,0.28165725,14.4958422060117,11.803720008724,1,118,0.00565255480568127,0.0276776162586537
44,2999,10,1,10,8.12,0.2575262,16.5279411395388,14.4093586270425,1,121,0.00093778039317576,0.0300638233095672
44,2999,10,2,10,7.92,0.2451902,16.6485294681002,14.1594176231613,1,117,0.00272051304222406,0.0341859415198019
44,2999,10,3,10,8.6,0.2781508,17.8330148404206,14.7755929384696,1,112,-0.000278347409935986,0.0297065243142956
44,2999,12,1,12,9.72,0.249128166666667,20.8855215435304,17.0407558651982,1,103,-0.0051927458241874,0.0288925077523102
44,2999,12,2,12,9.76,0.247469666666667,20.4869198659212,16.9997358695476,1,104,0.000215575094573742,0.0351634029680024
44,2999,12,3,12,10.44,0.2819935,21.8264873804865,17.81744510814,1,105,0.00486702617762675,0.0308593465331016
45,2999,2,1,2,1.44,0.167401,3.06568809446445,2.52402353524957,1,48,-0.00867014985905084,0.129039825020902
45,2999,2,2,2,1.24,0.179928,2.61167608974631,2.61586589578862,1,71,0.0363687181782558,0.116647974014408
45,2999,2,3,2,1.44,0.190194,3.2080407994933,2.61481212054133,1,58,-0.0727909449191817,0.144454050837815
45,2999,3,1,3,2.16,0.219558666666667,4.53205914608111,4.14909645988038,1,40,-0.0368251374421647,0.12163951680598
45,2999,3,2,3,2.32,0.245279333333333,4.42113136496658,4.25315531233522,1,75,-0.00913478207265132,0.0636698226165113
45,2999,3,3,3,2.6,0.296918666666667,5.20452129664737,4.58160563751417,1,68,-0.00158164667285751,0.0537300466631703
45,2999,4,1,4,3.12,0.2291765,6.81890729174587,5.54510583414902,1,74,-0.00158406938898829,0.0551011033213905
45,2999,4,2,4,3,0.2254325,6.15793766013241,5.52082895018572,1,76,-0.000904586963734183,0.0546347559678304
45,2999,4,3,4,2.92,0.2042115,6.69285687291105,5.34472536883495,1,72,-0.00816390552104013,0.056264937866663
45,2999,5,1,5,4.44,0.2620492,8.70210329378523,7.2142964653736,1,79,0.00663516223492048,0.0559627897955175
45,2999,5,2,5,3.92,0.24549,8.1627314796246,7.10486174964822,1,87,-0.0210241143460318,0.0549349642052329
45,2999,5,3,5,4.36,0.2790784,8.62537798088227,7.3733669990068,1,79,-0.00337237051616043,0.0480530449833932
45,2999,6,1,6,4.4,0.211596333333333,9.18146974599672,8.15117514196902,1,76,0.00257389745731772,0.0525587655169325
45,2999,6,2,6,4.6,0.242757333333333,9.5284903081753,8.50708988833694,1,90,0.00769909641018291,0.0440011706166991
45,2999,6,3,6,4.48,0.219393,9.55794646553083,8.24728937352866,1,61,0.00109084063903439,0.0681364253981866
45,2999,8,1,8,6.28,0.2282445,13.305114466206,11.0640092808453,1,75,-0.000638162101994766,0.0415746677886748
45,2999,8,2,8,5.8,0.21375325,11.9004540182142,10.8618570772675,1,102,-0.016308571538479,0.0354794062142912
45,2999,8,3,8,6.32,0.25797475,12.731908662802,11.5655269982255,1,99,-0.00548807263161928,0.0421777760172406
45,2999,10,1,10,7.28,0.2143544,15.9148605681563,13.6074557134095,1,79,-0.00163029824976377,0.0367020614045269
45,2999,10,2,10,7.76,0.2381074,16.7638162607814,14.0831745970378,1,72,0.00266118272438594,0.0457611334866177
45,2999,10,3,10,7.68,0.23049,16.1584362718822,13.924223578672,1,79,-0.00425500901255912,0.0375861835349644
45,2999,12,1,12,9.04,0.222049,18.9911604517231,16.4871021086571,1,79,-0.00815827050705718,0.0395744001564538
45,2999,12,2,12,9.28,0.236269833333333,19.6090035171558,16.8359935349238,1,78,-0.000707255424191637,0.0352823149435838
45,2999,12,3,12,9.04,0.219476833333333,19.0638251193677,16.4297233565656,1,70,-0.00228172896764174,0.0478421977929467
46,2999,2,1,2,1.6,0.257826,3.06686391414907,2.86604160720312,1,46,0.0112273450161755,0.0849630623144656
46,2999,2,2,2,1.2,0.190058,3.13940737513592,2.62358977509052,1,38,-0.0353936170021399,0.133022473212607
46,2999,2,3,2,1.44,0.230132,3.85669034557384,2.80007833242062,1,42,-0.0343178275969868,0.115009984750864
46,2999,3,1,3,2.56,0.249779333333333,5.21043189883067,4.23170711942475,1,68,0.00554548004009957,0.0566067021638597
46,2999,3,2,3,2.56,0.314236666666667,5.53871618220492,4.62575700485372,1,82,0.000533184017496511,0.0380271266988367
46,2999,3,3,3,1.84,0.207435333333333,5.33043565000065,4.06661295785785,1,55,0.0415880667930913,0.0999600249815277
46,2999,4,1,4,3.2,0.319473,7.52297705745415,6.28225049668487,1,81,0.00917280608081,0.0446529895338317
46,2999,4,2,4,3.08,0.2650575,7.29780755618075,5.8332405279783,1,71,-0.0154178697966848,0.0501198458696619
46,2999,4,3,4,3.08,0.210548,6.19525756891862,5.3351580539207,1,89,-0.011848483284781,0.0359386409329791
46,2999,5,1,5,3.72,0.2504292,7.99626829464884,7.15116266275302,1,110,0.00220755004206724,0.0403104619430928
46,2999,5,2,5,3.68,0.228478,7.85046069552936,6.93566085661619,1,109,0.00024064800669012,0.0360097888104742
46,2999,5,3,5,3.96,0.2874484,8.46938087191835,7.54415608819445,1,107,0.00119217505536586,0.0325361080747417
46,2999,6,1,6,5.04,0.302172,11.2499178870904,9.16560920877147,1,90,0.000856050238277315,0.0352630024596466
46,2999,6,2,6,4.04,0.217322666666667,10.1062040178472,8.25783755673855,1,79,-0.0117803350231987,0.0482483222686608
46,2999,6,3,6,4.88,0.267264,10.8899186213963,8.76319408925078,1,99,0.00408531591046702,0.0361940615261413
46,2999,8,1,8,6.16,0.26791675,14.1797276461191,11.7288699427444,1,99,0.00237970518410833,0.0297496285180281
46,2999,8,2,8,6.04,0.26835775,14.114759825672,11.7984076410417,1,107,0.00185237210415335,0.0324289993867313
46,2999,8,3,8,6.48,0.26955425,13.843137438065,11.7653022190811,1,114,-0.00485697684423296,0.0249641950314512
46,2999,10,1,10,7.12,0.2475938,17.3945898030682,14.3248572248525,1,96,-0.000820066176158276,0.0271666590778185
46,2999,10,2,10,7.64,0.27301,18.2448258728275,14.787139407408,1,94,-0.000725110258885307,0.0326531442679478
46,2999,10,3,10,7.64,0.2749418,17.4107405377663,14.8154140008964,1,95,-0.00390504780167912,0.0278621814651294
46,2999,12,1,12,9.44,0.274186666666667,20.4924920860878,17.7154976046297,1,131,-0.000490601452837786,0.0204341362437051
46,2999,12,2,12,9.08,0.256232,21.3770246292779,17.3024254861256,1,90,0.000865969846340482,0.0264344579078892
46,2999,12,3,12,9.04,0.2523855,20.5078031143416,17.211789967099,1,114,5.77322383006199e-05,0.0247624985029794
47,2999,2,1,2,1.52,0.25982,3.61716376175327,2.89446363799364,1,52,-0.0541211934440148,0.101368974931763
47,2999,2,2,2,1.84,0.280919,3.87859535123065,2.94311028226746,1,43,0.00502197965827962,0.0924826805511556
47,2999,2,3,2,2,0.328877,3.98321375606028,3.07582764247279,1,59,-0.00818460676623547,0.0663211987134762
47,2999,3,1,3,2.44,0.225749333333333,5.56812905344674,4.12537585005904,1,58,-0.00171004528738059,0.0602443070530329
47,2999,3,2,3,2.4,0.262446666666667,5.58209183909787,4.33679497835608,1,44,0.00679895687297897,0.0888771051223429
47,2999,3,3,3,2.6,0.288134,5.33416385189143,4.45991633698721,1,83,0.0117808111610103,0.0523491835916197
47,2999,4,1,4,3.28,0.24905,6.88135542844472,5.67366187850919,1,95,-0.00114119941352123,0.0454827886385136
47,2999,4,2,4,2.88,0.2231765,6.22981814561756,5.46334083610696,1,78,0.00576665145008848,0.0584361036602555
47,2999,4,3,4,3.68,0.305493,7.26611712449311,6.0542821919741,1,84,0.011138634827065,0.0489155776852023
47,2999,5,1,5,4,0.240058,8.78675750740485,6.9807504059833,1,73,0.00658781794770885,0.0515475148473022
47,2999,5,2,5,4.44,0.3016428,9.46205680167635,7.5131352071809,1,91,-0.00422296143378439,0.0475379692654031
47,2999,5,3,5,3.8,0.2167812,8.64886554728037,6.76848144178102,1,91,0.013246540875311,0.0383587658667996
47,2999,6,1,6,4.76,0.242410333333333,10.6501097319776,8.39931087781346,1,93,0.00152896914709451,0.0410522101453968
47,2999,6,2,6,3.44,0.184119333333333,9.00742333581035,7.8758247320214,1,85,-0.00435226492089423,0.0497643431160045
47,2999,6,3,6,4.4,0.235391,9.84698190737084,8.3578044741006,1,88,0.00336114253888283,0.0508616517306022
47,2999,8,1,8,6.04,0.24031025,13.5036698676097,11.1852970786573,1,78,0.00466729056938156,0.0420063542963968
47,2999,8,2,8,6.36,0.24938125,13.348113300765,11.3383436024401,1,119,0.0044288892255933,0.0300114467430615
47,2999,8,3,8,6.24,0.25375525,13.9586712403148,11.4080154580536,1,96,0.00319537508334379,0.0377811839808136
47,2999,10,1,10,7.4,0.2343198,16.7187901691468,13.9372148989473,1,104,0.00789681642967831,0.0337034637849897
47,2999,10,2,10,7.56,0.2345328,17.2976965480048,13.8978794961293,1,94,0.000136924344575749,0.0364634426860106
47,2999,10,3,10,7.88,0.245321,17.4846574429918,14.0582290247274,1,100,0.00536142502469964,0.0313214844134287
47,2999,12,1,12,9.28,0.245169166666667,20.6669323225516,16.9154644927541,1,102,0.00550076582687485,0.0314957312437857
47,2999,12,2,12,9.28,0.245169166666667,20.6669323225516,16.9154644927541,1,102,0.00550076582687485,0.0314957312437857
47,2999,12,3,12,9.28,0.245169166666667,20.6669323225516,16.9154644927541,1,102,0.00550076582687485,0.0314957312437857
48,2999,2,1,2,1.76,0.296739,3.51642006164063,3.03136931438598,1,55,0.004315721207083,0.0748342427886529
48,2999,2,2,2,1.72,0.215546,3.22218893116905,2.68383837169018,1,58,0.00956645799473489,0.072239095981215
48,2999,2,3,2,1.64,0.211029,2.6954270889656,2.68318710599136,1,66,0.00683179710989663,0.0748244373827752
48,2999,3,1,3,2.72,0.291919333333333,4.87634418800235,4.45539348510158,1,98,0.0156952911757437,0.0348314309862713
48,2999,3,2,3,2.6,0.252457333333333,5.63058431174796,4.25848012999832,1,64,-0.0129493944927152,0.0588164078462419
48,2999,3,3,3,2.04,0.211536,4.50393007507411,4.04674417384353,1,61,0.0478719855198209,0.0693614216366588
48,2999,4,1,4,2.44,0.1595585,5.43090432418424,5.0320335549176,1,69,0.00196964089494526,0.0531778860300745
48,2999,4,2,4,3.24,0.2263125,6.83258031746715,5.47425035783239,1,91,-0.00765446203156899,0.0355741893357504
48,2999,4,3,4,3.24,0.1953865,6.44508801240477,5.20496674820693,1,108,-0.000870089149244198,0.0332483512197352
48,2999,5,1,5,4,0.248598,7.97745661955848,7.1244261136197,1,69,-0.00647346455260276,0.0600573631897459
48,2999,5,2,5,4.12,0.2214004,7.67330664607633,6.79825151523824,1,103,-0.0089329407687952,0.0355235144241924
48,2999,5,3,5,4.56,0.2769688,8.75383208966456,7.272017390135,1,110,0.00348386896748856,0.0326105380443038
48,2999,6,1,6,5.52,0.272173,10.1759825699209,8.67909285828035,1,106,0.00681934263567583,0.0368739128152072
48,2999,6,2,6,4.52,0.20755,9.24975771540874,8.02687714502809,1,94,0.00978770893925795,0.0340090031273659
48,2999,6,3,6,4.72,0.227150666666667,9.10166715204519,8.19133635549811,1,109,-0.0129816569511713,0.0320309780350293
48,2999,8,1,8,6.32,0.226897,12.6082584807291,10.9987574969756,1,119,-0.00953503482132425,0.026652466369231
48,2999,8,2,8,6.44,0.2113315,11.2821279741285,10.6865639653651,1,142,-0.00393875017019271,0.0234597417290802
48,2999,8,3,8,6.6,0.23799425,12.5419274299222,11.1558905522518,1,97,-0.0149259829950087,0.0433064286821132
48,2999,10,1,10,8.32,0.225672,15.1178975801319,13.6164782704034,1,119,-0.00852577954515564,0.0293046806563303
48,2999,10,2,10,8.04,0.2349566,15.7624830350933,13.8136023130324,1,128,0.00181280083590347,0.0260901839949487
48,2999,10,3,10,8.32,0.2519308,16.4251466956084,14.171987769768,1,112,0.00985484368294471,0.0262673759061729
48,2999,12,1,12,10.32,0.244317166666667,19.7288961262639,16.7723015517023,1,107,-0.00425067976967872,0.023618399479726
48,2999,12,2,12,9.6,0.235993333333333,19.3075311380687,16.7121639555389,1,98,-0.00429220944777143,0.0301877718872858
48,2999,12,3,12,9.64,0.225527666666667,18.604781470409,16.4205229482385,1,101,-0.00246007769595809,0.024514705632684
49,2999,2,1,2,1.44,0.17955,2.58082186787541,2.56911677542291,1,55,0.0373091345179964,0.100784838875303
49,2999,2,2,2,1.96,0.331317,3.65271391755645,3.13778420021079,1,68,-0.00191479221588077,0.0599702724341284
49,2999,2,3,2,1.2,0.172672,2.61485120676071,2.56288632401868,1,41,-0.0153594871679265,0.116894435801271
49,2999,3,1,3,1.92,0.219226666666667,4.73652103044122,4.16777307322873,1,59,-0.0222500080195,0.0673543461601543
49,2999,3,2,3,2.4,0.278268,4.92184620012309,4.46940176584113,1,69,-0.00834963564085978,0.0500796052308979
49,2999,3,3,3,2,0.190036,5.19643108916643,3.93101356486154,1,73,0.00530064079886783,0.0759011210858602
49,2999,4,1,4,2.44,0.2133715,6.22218581595706,5.51484017389838,1,74,-0.0513644171508612,0.110980841548283
49,2999,4,2,4,2.2,0.1609335,6.06653690297314,5.05773167710716,1,61,-0.014368841243474,0.0622901643097451
49,2999,4,3,4,2.68,0.18857,6.47087761500928,5.2660141983759,1,58,0.0124540609375495,0.0581860025825436
49,2999,5,1,5,2.96,0.1795608,7.35216751111289,6.51143463456758,1,59,0.0118296820230932,0.0684313794894594
49,2999,5,2,5,3.6,0.237176,8.20520651987358,7.06529924496785,1,89,-0.00557083384129123,0.040257768704203
49,2999,5,3,5,3.6,0.24366,8.4079993146146,7.12394251960572,1,94,0.0112483497633777,0.0354021849955374
49,2999,6,1,6,3.64,0.178318333333333,9.04430163148574,7.7927335557332,1,82,-0.00152126486776493,0.0375311385950974
49,2999,6,2,6,4.08,0.216770333333333,9.22956737817815,8.21821547451173,1,86,0.00453564126549858,0.0429016585284773
49,2999,6,3,6,4.16,0.215927,9.19700481064644,8.22790531583899,1,107,0.00137197787776661,0.0306691740082908
49,2999,8,1,8,5.32,0.2144795,12.3664527951928,10.9586448934208,1,94,2.41815542224273e-05,0.0320532878880195
49,2999,8,2,8,5.44,0.2290185,13.8060816267949,11.1796334693727,1,99,-0.0010532515154039,0.0352902415940475
49,2999,8,3,8,5.56,0.2309115,12.5597593554272,11.1914305012053,1,104,0.00552221107659862,0.0286436758119192
49,2999,10,1,10,6.44,0.2142336,15.924710193809,13.7340719338873,1,99,0.0100959844667147,0.033443126097967
49,2999,10,2,10,6.72,0.2068878,15.7315342951921,13.5200051195177,1,98,0.00274515906363809,0.0310361387019911
49,2999,10,3,10,7.32,0.2401096,16.6932329656725,14.1436633134038,1,105,-0.00143155297074794,0.0277907485611888
49,2999,12,1,12,8.16,0.216864666666667,19.4067451797537,16.475754988621,1,117,0.0155762673942086,0.0247391651858784
49,2999,12,2,12,8.28,0.224028666666667,19.7133757335685,16.6344606284592,1,106,0.00922245425921464,0.028467200429091
49,2999,12,3,12,8.08,0.216253166666667,18.9431216974609,16.4732789455779,1,101,-0.000318562243199277,0.0303736522686517
50,2999,2,1,2,1.2,0.156096,3.065326972644,2.51248627358034,1,39,-0.0650753524288853,0.127513656615367
50,2999,2,2,2,0.64,0.090023,2.26484518044987,2.28112651740496,1,151,-0.0651177731387111,0.0795349033323669
50,2999,2,3,2,0.88,0.104952,2.41117583205812,2.34405790778076,1,42,-0.0796069987688608,0.173785045072213
50,2999,3,1,3,1.6,0.187522,4.14896431707111,3.95927787696057,1,44,-0.00480339670702043,0.0892132038115538
50,2999,3,2,3,0.92,0.0800006666666667,3.342004609352,3.36731429789801,1,170,-0.052838428424339,0.0632974615240757
50,2999,3,3,3,1.96,0.204074,4.36118785882458,4.03491258881742,1,64,0.0180472209360833,0.0568406361222699
50,2999,4,1,4,2.12,0.172216,5.43063417899143,5.17648058495296,1,64,0.0136265075710139,0.0721039567212102
50,2999,4,2,4,3.04,0.2402655,6.166366124534,5.61293063640001,1,84,0.00625981529838831,0.0499989395730262
50,2999,4,3,4,2.24,0.208817,5.91583837925889,5.46900959182797,1,65,-0.00421677871216105,0.0610477526489446
50,2999,5,1,5,2.88,0.1776756,7.2430465068205,6.50436767924633,1,88,-0.0044048624501666,0.0447977105488607
50,2999,5,2,5,3.44,0.231744,7.436103127483,7.00104176449774,1,81,0.0036365194560281,0.0453381601297096
50,2999,5,3,5,2.84,0.1553128,7.13777479066649,6.29263116505496,1,89,0.0154110780361005,0.0467483446967969
50,2999,6,1,6,4.32,0.259002666666667,9.64022732954199,8.70261391586466,1,126,-0.00243033566888989,0.0321022534826853
50,2999,6,2,6,4.24,0.231508333333333,9.05519692164305,8.38574106672078,1,118,0.00314651957477245,0.0324323477573503
50,2999,6,3,6,3.72,0.197934333333333,9.00448382648852,7.98974357131668,1,93,0.00417321548812186,0.0454019682173724
50,2999,8,1,8,5.72,0.2482725,12.895848314859,11.4710832843612,1,107,0.00746954431350998,0.0279491433982462
50,2999,8,2,8,6.24,0.24952225,13.2379223595547,11.4044514114179,1,107,0.00592612328501826,0.0272424345826724
50,2999,8,3,8,5.88,0.23813325,13.0439577985072,11.2809322216683,1,93,0.0132163790913247,0.0320008659373428
50,2999,10,1,10,6.68,0.2222138,14.6495591641713,13.8154174762051,1,118,0.0122835772090095,0.0278493598971823
50,2999,10,2,10,6.32,0.2094916,14.5899805931249,13.5985496692974,1,120,0.0102516510901214,0.02901583380796
50,2999,10,3,10,7.04,0.227313,15.6597314309915,13.9188709068259,1,106,0.00941517534467565,0.0269531129300221
50,2999,12,1,12,8.32,0.220279,18.5324038668445,16.5112122674419,1,94,0.00809328392806719,0.0345771334511596
50,2999,12,2,12,8.32,0.233869833333333,19.0098949583767,16.8591214899593,1,108,0.0118447865091749,0.0268786698415764
50,2999,12,3,12,8.32,0.222724666666667,18.6525549489405,16.5642361407182,1,106,0.0106118446620141,0.0323864800955222
