"replicate","generation","k","subset","n_poly_global","n_poly_pop","He","sumAe_total","sumAe_within","ok","n_edges","mean_delta","mean_abs_delta"
1,2504,2,1,2,1.32,0.17389,2.94568687241673,2.594993693529,1,44,0.0527165238251822,0.189386470680406
1,2504,2,2,2,1.04,0.150275,2.56360756180574,2.51027233032942,1,31,-0.117120157803393,0.292200858546556
1,2504,2,3,2,1.56,0.272031,3.58141861006877,2.96348365275768,1,51,-0.0205081902856117,0.144147595345402
1,2504,3,1,3,2.4,0.305426,5.34616747948683,4.64974285956766,1,80,0.00249476373414388,0.07170618107825
1,2504,3,2,3,2.44,0.282710666666667,5.73373300475344,4.51076278311327,1,60,-0.0122094409237532,0.0932226710270153
1,2504,3,3,3,2.64,0.255900666666667,4.59839463050302,4.30467135316045,1,70,-0.0274923613057726,0.108648382291202
1,2504,4,1,4,3.2,0.2299095,5.95834758985569,5.53082153211777,1,83,-0.00536385288903028,0.0746877112494232
1,2504,4,2,4,3.64,0.2822905,7.11174924108211,5.9689548209882,1,83,0.00807858532619537,0.0655952937881839
1,2504,4,3,4,3.08,0.243755,6.54303503801701,5.68387811630494,1,88,-0.0108399070137214,0.0617736995605971
1,2504,5,1,5,4.08,0.2554228,8.23304660772697,7.18383086052169,1,79,-0.0160764832156841,0.0615074166142232
1,2504,5,2,5,3.72,0.2162592,7.9978112007589,6.85044687987244,1,90,0.00202861106900006,0.0486399400202862
1,2504,5,3,5,4.04,0.2525728,8.39961997684952,7.14853961828245,1,96,0.00856845655474994,0.0601052997052747
1,2504,6,1,6,4.2,0.216628333333333,9.47569807406894,8.21678697654302,1,91,-0.00347727851138126,0.0413157710353963
1,2504,6,2,6,3.84,0.212197333333333,9.50284329564641,8.22756405874087,1,78,0.00593989092150408,0.0738998179669662
1,2504,6,3,6,4.32,0.236256333333333,9.1755920923386,8.45911126028556,1,105,0.00183535987873951,0.0544979399587928
1,2504,8,1,8,5.8,0.233386,12.5827616971895,11.2377484847799,1,104,0.011151473261124,0.0397105142712571
1,2504,8,2,8,6.28,0.2673495,13.5923195913695,11.7549590099856,1,107,-0.00360368875104009,0.0438577843742154
1,2504,8,3,8,6.48,0.28796325,13.3042382591883,12.0201318271228,1,124,0.00419561185195681,0.0390106937500466
1,2504,10,1,10,7.6,0.2384998,15.4682718049779,14.090363671333,1,120,0.00456067360688438,0.0366573424105028
1,2504,10,2,10,7.2,0.2382294,16.2145063526794,14.1497797194966,1,103,-0.00757887690585435,0.0444033475796871
1,2504,10,3,10,7.32,0.2388274,15.8807729400649,14.1522498434162,1,109,0.00213175288035525,0.0359804486067244
1,2504,12,1,12,8.24,0.208108,18.4147893478097,16.2613708435428,1,101,-0.00371855689725034,0.0414305532812962
1,2504,12,2,12,8.92,0.2413575,19.4493375313052,16.9898077986559,1,96,-0.00148100832381797,0.0378268859326349
1,2504,12,3,12,8.92,0.245750666666667,19.3049228381352,17.0826545299029,1,97,-0.00469396769964001,0.0417066518835323
2,2504,2,1,2,0.92,0.11644,3.40187784384002,2.37814528399674,1,30,-0.269850804895709,0.324810004155476
2,2504,2,2,2,1.36,0.210944,3.59431233797308,2.73303650034635,1,56,0.00555943318833443,0.163027037619605
2,2504,2,3,2,1.64,0.307333,3.40589951625785,3.06975766210633,1,58,-0.00706082012585157,0.115036630327154
2,2504,3,1,3,1.84,0.213895333333333,4.73588750887522,4.0919230840057,1,51,0.00292621391401984,0.181188901123253
2,2504,3,2,3,1.8,0.175492666666667,5.14838178929338,3.8685982576437,1,45,-0.0050600138917552,0.156485255517297
2,2504,3,3,3,1.8,0.160632,4.24237357267697,3.81951063893743,1,63,0.038421335451799,0.144082164750951
2,2504,4,1,4,2.76,0.22152,5.87058630554025,5.52463307924817,1,83,-0.000769361636280536,0.0764509078053028
2,2504,4,2,4,2.76,0.2130015,7.21362502744633,5.4432560631709,1,63,0.00453025901187121,0.093632198032915
2,2504,4,3,4,2.08,0.1204425,6.00539806100232,4.75440989457651,1,59,-0.0050099711760032,0.123951824176463
2,2504,5,1,5,3.04,0.177188,7.28641850771703,6.48929779560912,1,85,0.0175602709020311,0.077482049703693
2,2504,5,2,5,2.72,0.1634124,8.23134034125516,6.37537028167146,1,57,0.012873208560331,0.16419816587963
2,2504,5,3,5,3.44,0.236518,8.40716743489252,7.0342240133157,1,76,0.0219101003709559,0.0819988507281818
2,2504,6,1,6,3.72,0.180444666666667,9.52517413414492,7.81182851414432,1,67,0.0268446779167082,0.0932200292723998
2,2504,6,2,6,4.6,0.233014,9.31783995444432,8.36693146721477,1,92,0.0241811314334091,0.0519432487345526
2,2504,6,3,6,3.12,0.150666,9.80828330947711,7.5043892656536,1,74,0.0245376965804044,0.0685998349929094
2,2504,8,1,8,5.84,0.220406,12.7065329986468,10.9625527998178,1,92,0.0169567891238782,0.0428163643912758
2,2504,8,2,8,4.96,0.20057675,13.180009713238,10.7387599601052,1,88,0.0058511200536855,0.054407013803111
2,2504,8,3,8,5.36,0.19575975,13.9052499825311,10.6139435273771,1,71,0.0239425296993312,0.0680143722470055
2,2504,10,1,10,6.84,0.2218704,17.2053068254933,13.7995168480522,1,87,0.022894038930213,0.04488529027046
2,2504,10,2,10,7,0.212234,15.9708688100704,13.6071091679214,1,86,0.0240765601618117,0.0546688072696391
2,2504,10,3,10,5.92,0.1871094,16.1514770424499,13.1800330911211,1,88,0.0228376791593002,0.0449813228996796
2,2504,12,1,12,7.76,0.199789666666667,19.7861984469716,16.0877262864604,1,78,0.0287863501693127,0.0627734642417564
2,2504,12,2,12,8.2,0.204175833333333,19.6309089453531,16.1429026826169,1,80,0.0180384043841411,0.0602388942138366
2,2504,12,3,12,7.96,0.195619,19.6375990389278,15.9676795656888,1,79,0.0287095587560279,0.063354388395577
3,2504,2,1,2,1.48,0.310052,3.3239193352792,3.13210059090561,1,43,0.0310196933909193,0.214812086778966
3,2504,2,2,2,1.88,0.335882,3.55711318002804,3.17636636982861,1,55,-0.00822283905258469,0.106891528621248
3,2504,2,3,2,1.44,0.260644,3.00446954879631,2.91571402253262,1,46,-0.0227181190639709,0.138729660388189
3,2504,3,1,3,2,0.227582,4.29356323535862,4.20293570787104,1,69,0.0132053907067623,0.0913740107699886
3,2504,3,2,3,2.24,0.253348666666667,4.38858769374423,4.2987590676761,1,73,-0.0293036608801576,0.0789058475126818
3,2504,3,3,3,2.4,0.296724,4.84174945736151,4.59480615416008,1,75,-0.017306915735957,0.086183202300075
3,2504,4,1,4,3,0.2246605,6.3131108519179,5.49415593307872,1,85,0.0147716541598453,0.069665231204763
3,2504,4,2,4,3.2,0.2864615,6.63830879430116,6.03263579768703,1,98,0.0189636501604704,0.0637562132328576
3,2504,4,3,4,3.56,0.32685,6.5988045651216,6.30808223245076,1,120,0.00930235869896761,0.0439435689556045
3,2504,5,1,5,3.04,0.1793704,7.18414579377291,6.50017709232291,1,65,-0.0152987232251789,0.110241465812435
3,2504,5,2,5,3.24,0.1863396,7.32852799164815,6.53918917184473,1,84,-0.00511962165777849,0.0600640903817357
3,2504,5,3,5,3.92,0.2537188,7.63729320032956,7.15954153867535,1,115,0.00404990129570914,0.0500947592941648
3,2504,6,1,6,4.76,0.286768333333333,10.1658944230629,9.0693635080444,1,105,-0.00459112550217674,0.0579820227389238
3,2504,6,2,6,4.32,0.237255666666667,10.161126170062,8.48093097185382,1,90,-0.000407382040392493,0.0823419078958662
3,2504,6,3,6,4.2,0.258781333333333,9.42938437392593,8.79043900558072,1,109,0.00884486167496928,0.0562675766119421
3,2504,8,1,8,5.72,0.23285575,13.2190908526747,11.2394422160752,1,98,-0.00438202253806433,0.0608750406074304
3,2504,8,2,8,6.08,0.255869,14.0390187013296,11.6179921591536,1,92,-0.0115386776757171,0.064032365141051
3,2504,8,3,8,6.08,0.24199925,12.9455036973266,11.2987681465218,1,102,-0.00390061713607054,0.0559396327731691
3,2504,10,1,10,7.08,0.2403474,15.3871396025137,14.1730739274807,1,117,0.00083404978077555,0.0260612622248434
3,2504,10,2,10,8,0.2586366,16.9112512299094,14.4384909090988,1,109,-0.00391445712675879,0.0349769176138851
3,2504,10,3,10,6.92,0.2264598,16.8551647408781,13.9154476230382,1,85,0.0092885754444078,0.0694382692909015
3,2504,12,1,12,8.68,0.2257105,19.6666315844954,16.6086873512194,1,87,0.00510187017002244,0.0444626984852039
3,2504,12,2,12,9.16,0.253847166666667,19.503050707403,17.3005832437708,1,93,0.0058565538002955,0.0506824520272235
3,2504,12,3,12,8.64,0.219693833333333,18.7743878531567,16.4676849126483,1,90,0.00229110842328716,0.0589318551168503
4,2504,2,1,2,1.64,0.217205,2.90124791549165,2.73641461068628,1,54,0.023825198804096,0.106309753568281
4,2504,2,2,2,1.72,0.265943,2.9211406853233,2.87805934829064,1,60,0.00840281462672514,0.1169622507741
4,2504,2,3,2,1.8,0.273141,3.11752026597535,2.89095653892021,1,57,0.0089861822899319,0.130609781250777
4,2504,3,1,3,2.56,0.281768666666667,4.69258655474164,4.43338422967203,1,79,-0.0083517139992752,0.101256287960995
4,2504,3,2,3,1.28,0.113558,3.58690563317311,3.56206224265983,1,46,0.0250295908501234,0.200191193262969
4,2504,3,3,3,2.56,0.288578666666667,4.77202672500758,4.4915998754186,1,88,-0.0263636517395008,0.0813168923185049
4,2504,4,1,4,3,0.234684,5.77469879939462,5.56523678609964,1,95,-0.00266549926541666,0.0685695562843548
4,2504,4,2,4,3.04,0.242381,6.2634491776606,5.64161844734496,1,94,0.0215580938543129,0.0675553878525697
4,2504,4,3,4,3.12,0.251447,6.02261534229604,5.7370182015288,1,80,-0.0135456471076462,0.0726980622363481
4,2504,5,1,5,4.16,0.2771556,7.92016130699011,7.39514960375777,1,106,-0.00919554190653751,0.0470260522798827
4,2504,5,2,5,3.6,0.2207932,7.71935823356576,6.85970719907254,1,102,0.0058667657176318,0.0537413365448142
4,2504,5,3,5,4.4,0.3172364,8.633258693129,7.74576868885862,1,118,-0.0151992923896305,0.0365547156041923
4,2504,6,1,6,5.08,0.266521,9.34391222799328,8.68428975446036,1,115,-0.0075513072373906,0.0495851671429752
4,2504,6,2,6,4.44,0.222685,8.68457840846327,8.22699138026993,1,115,0.000271344032392024,0.0553600516035584
4,2504,6,3,6,4.6,0.250080333333333,9.35187306450508,8.58049545115399,1,91,-0.00395930800405694,0.063059457098991
4,2504,8,1,8,5.56,0.2106775,11.6715390504709,10.8300809011517,1,111,0.00483578846339342,0.0464079192966929
4,2504,8,2,8,6.48,0.25964725,12.8744105586438,11.5064988120502,1,119,0.00925222114018525,0.0336238281136847
4,2504,8,3,8,6.68,0.2885835,13.2804476670641,11.9690419882076,1,140,0.000875877862015487,0.0257810411923844
4,2504,10,1,10,7.64,0.2514608,15.792150748721,14.2883105242109,1,118,-0.00178236280469676,0.0349105479656332
4,2504,10,2,10,7.6,0.2450278,15.4945869481973,14.2040003490135,1,118,0.00781028443711828,0.0377467173324862
4,2504,10,3,10,7.64,0.2418774,15.3995782882156,14.1312329884159,1,122,0.00589589522094233,0.0364261511495845
4,2504,12,1,12,9.72,0.255503666666667,18.7347368233369,17.2193042011511,1,135,0.00302054655132062,0.0310650776909317
4,2504,12,2,12,9.08,0.243564,18.3756285668723,16.932799459979,1,125,0.00246111339445944,0.0317103740964244
4,2504,12,3,12,8.96,0.237282,18.0668279832114,16.8119420291473,1,135,-0.000329169565134301,0.0311920855471764
5,2504,2,1,2,1.36,0.220122,3.06935609680051,2.79331940096548,1,38,-0.0953701391100372,0.258916579467079
5,2504,2,2,2,1.36,0.229502,3.33564793453132,2.76519230803151,1,40,0.0760589973562803,0.27675262684952
5,2504,2,3,2,1.56,0.245297,3.26223366768805,2.81622024244987,1,47,0.0248959834332877,0.178662304986419
5,2504,3,1,3,2.76,0.290208666666667,5.51599324669319,4.48345673321895,1,77,0.0106101765661489,0.0962850100815803
5,2504,3,2,3,2.32,0.261926,4.96136414785961,4.33955063962493,1,70,-0.000978640777602369,0.0924570155111752
5,2504,3,3,3,2.2,0.267223333333333,4.93472584841128,4.38272015345149,1,71,-0.0123903032044811,0.0746800792521963
5,2504,4,1,4,3.16,0.281439,7.55535223937222,5.94545492742943,1,69,0.00654599862934477,0.0972450313634167
5,2504,4,2,4,2.72,0.205721,6.23349851691595,5.37000702563228,1,76,-0.0563542591775361,0.0981575510249738
5,2504,4,3,4,3.72,0.287424,6.74373466900723,5.96365500771813,1,118,0.009056157190155,0.0532253012268419
5,2504,5,1,5,4.32,0.2503656,9.07896071623131,7.08790870961195,1,92,-0.00712601722824971,0.0631536300709193
5,2504,5,2,5,4.12,0.2985412,8.25222036460928,7.621407009356,1,111,0.00170985376599016,0.0299683993370687
5,2504,5,3,5,4.08,0.2472752,8.22444788909364,7.12230161264584,1,94,0.00794546279828954,0.0508102188488473
5,2504,6,1,6,5,0.27587,10.2780608435004,8.85076233618208,1,103,0.00806930325015756,0.0521609730223674
5,2504,6,2,6,4.68,0.239788,10.5722227543928,8.38090005497119,1,93,-0.00336323947233238,0.0604676118622874
5,2504,6,3,6,3.72,0.208314666666667,9.52592933157429,8.16863753516395,1,79,-0.0115617857575504,0.0781775786114228
5,2504,8,1,8,6.52,0.26439775,13.3085689608263,11.6227268495656,1,120,-0.0045386604517186,0.0413059171619857
5,2504,8,2,8,6.36,0.28030925,13.742147407709,11.8923412261178,1,113,-0.00873401923335283,0.0441084000433135
5,2504,8,3,8,6.04,0.2422815,14.1960810658617,11.293718877079,1,84,0.00507198229168233,0.0607837386116265
5,2504,10,1,10,7.12,0.2412902,16.867402543072,14.1802425668283,1,97,-0.0033184977720074,0.0490391720448933
5,2504,10,2,10,8.08,0.2687048,16.8476323836614,14.605214821743,1,117,-0.00118581170161665,0.0416043996886708
5,2504,10,3,10,7.36,0.2116186,17.1219271457067,13.5049022388449,1,93,-0.00456994593518587,0.0594370309874641
5,2504,12,1,12,9.24,0.248962,20.6564724079517,17.112305858765,1,100,-0.0025822703869123,0.053887793321273
5,2504,12,2,12,9.44,0.266182833333333,20.7753747370512,17.4891503425846,1,100,-0.00448805943613306,0.0549745230847811
5,2504,12,3,12,9.48,0.247423666666667,20.5087043614538,17.0500159183283,1,100,0.00494610117505,0.052589577103558
6,2504,2,1,2,1.68,0.280302,3.27814512156879,2.95963412380568,1,60,0.0108356961542916,0.0893174788354928
6,2504,2,2,2,2,0.374817,3.9075488538215,3.29799080871496,1,58,0.018219432352822,0.0894925123048409
6,2504,2,3,2,1.56,0.206132,2.90086585849053,2.67443588515839,1,50,-0.024180394240265,0.158427530302152
6,2504,3,1,3,2.88,0.307486666666667,5.24000807209305,4.52777825475055,1,84,0.000826863775997919,0.0760152825439075
6,2504,3,2,3,2.12,0.200201333333333,4.46183717254265,4.02636798911077,1,56,0.00841024695840157,0.0977085354921597
6,2504,3,3,3,2.68,0.295466666666667,5.17373499430289,4.50025570043631,1,72,0.0201324432428538,0.0922145245171413
6,2504,4,1,4,2.96,0.2311305,6.03806542323135,5.57199860996493,1,84,-0.0382283062702124,0.083762624608955
6,2504,4,2,4,2.32,0.1572705,6.03834436725357,5.04500965965147,1,64,0.0417112349209257,0.143335839789415
6,2504,4,3,4,2.56,0.195254,5.83483914190286,5.31916144923205,1,66,-0.0219884224676508,0.0858959456751799
6,2504,5,1,5,3.76,0.2432616,7.90430827805948,7.12547986905403,1,91,-0.0055062135561692,0.0600105562846577
6,2504,5,2,5,3.6,0.2140536,7.77391535392372,6.79188585632698,1,62,5.50055581970847e-05,0.0918940301473622
6,2504,5,3,5,3.8,0.2512884,7.7843744220714,7.16884229058574,1,98,-0.00379183440713193,0.0593955478006889
6,2504,6,1,6,4.08,0.195877,8.62376278397199,7.95712113516183,1,100,-0.019320151539283,0.0509865148942878
6,2504,6,2,6,4.04,0.217150666666667,9.77494135290171,8.2707802077846,1,92,-0.00271709954556841,0.0580999588135498
6,2504,6,3,6,5.32,0.305147,10.4255533137993,9.14808807269094,1,142,-0.000317736479125304,0.0323693392921677
6,2504,8,1,8,5.52,0.22187175,11.9496776908022,11.0456881950617,1,118,0.00131273729755601,0.0423056523142549
6,2504,8,2,8,5.8,0.21450125,11.9044175930333,10.8613278056108,1,116,-0.00394784632729253,0.042638728834798
6,2504,8,3,8,5.84,0.2259045,12.3686647362965,11.0511912351973,1,100,-0.00556329903398983,0.0421035739653011
6,2504,10,1,10,7.36,0.2319074,15.5205860237312,13.9295525854133,1,119,-0.017427914985898,0.0399782777605697
6,2504,10,2,10,7.16,0.2266208,16.1298578430505,13.8235877062103,1,95,-0.00788438063368074,0.0494525289816134
6,2504,10,3,10,6.68,0.2001442,15.1090867599241,13.4103057488335,1,100,-0.0176276917425476,0.0520335603065962
6,2504,12,1,12,8.08,0.219923833333333,18.8091009927702,16.5593984876141,1,90,-0.00817350969040321,0.0514079817256452
6,2504,12,2,12,8.28,0.227050666666667,18.8076636469832,16.7097928051184,1,96,-0.0137415589328373,0.0438161436379291
6,2504,12,3,12,8.64,0.218248666666667,18.7683550234797,16.3895918816047,1,104,-0.00214152582518797,0.0436909527376276
7,2504,2,1,2,1.56,0.224152,3.26527550466467,2.73496998172814,1,51,-0.014008791862245,0.15245551325868
7,2504,2,2,2,1.48,0.227832,2.98887188235421,2.76003778462137,1,53,-0.016865809944004,0.144311685086493
7,2504,2,3,2,1.72,0.305147,3.18374037404154,3.06074720199575,1,59,-0.015477442195253,0.131173254814727
7,2504,3,1,3,1.48,0.162701333333333,4.78782169078858,3.84296951159014,1,53,0.0223537784230991,0.138280303089309
7,2504,3,2,3,1.52,0.151514666666667,4.29635917861882,3.76301869066553,1,45,0.0799634671738101,0.158618401499225
7,2504,3,3,3,2.2,0.262884666666667,5.00041057821406,4.35961601459279,1,63,-0.0173383517494943,0.123934970319209
7,2504,4,1,4,2.28,0.1775375,6.55843688352714,5.20773885165364,1,63,0.0209490652316769,0.14148850845993
7,2504,4,2,4,3.56,0.2737865,7.05504085679291,5.80143279284887,1,93,0.00691441247493196,0.0578114628979291
7,2504,4,3,4,2.44,0.2015905,5.7064268458848,5.38953258471315,1,88,-0.0262742005449392,0.0755471405161555
7,2504,5,1,5,3.72,0.2738128,7.92034597810821,7.40705745028245,1,111,-0.0227332092556633,0.0537088658216387
7,2504,5,2,5,3.36,0.2466248,7.83684467399545,7.17896297959999,1,97,-0.0216205092539904,0.0587759853045255
7,2504,5,3,5,3.44,0.2463756,7.61409567457614,7.16560797652337,1,114,-0.0239724808590379,0.045743310522623
7,2504,6,1,6,3.92,0.235703,9.61697737967848,8.50521204151081,1,102,-0.0290164641305849,0.0567308045266346
7,2504,6,2,6,3.84,0.220592666666667,9.52511489811899,8.29407606930804,1,89,-0.0208578705322952,0.0572196041775768
7,2504,6,3,6,3.2,0.181887666666667,9.18240053841594,7.89698592567638,1,73,-0.024775165439284,0.079588078027084
7,2504,8,1,8,5.84,0.24528875,12.3604887143131,11.3905848841917,1,122,-0.0045149761369123,0.0398444310358369
7,2504,8,2,8,5.44,0.22883675,12.8285018027779,11.1519623255018,1,109,-0.00511166443780702,0.0404896166498021
7,2504,8,3,8,5.04,0.21706275,12.379882653806,11.0010521700368,1,113,-0.0203314435641388,0.0412095432652425
7,2504,10,1,10,6.6,0.213155,16.6308326318862,13.6398657006543,1,97,0.000186002992848123,0.0383765633277129
7,2504,10,2,10,6.36,0.1993926,14.968935350836,13.3712525585091,1,109,0.00606135608606158,0.0408540154853238
7,2504,10,3,10,6.2,0.2022842,16.3778886531334,13.4666237666127,1,89,-0.0105049555961653,0.0460698737038544
7,2504,12,1,12,8.4,0.2314735,20.4092628488014,16.7724404799042,1,92,-0.00418802706978714,0.0432645013394111
7,2504,12,2,12,7.36,0.195691833333333,18.4799551545209,16.0090436660598,1,95,-0.00682129148071568,0.034886960642289
7,2504,12,3,12,7.36,0.197057,19.2077459646526,16.0425783628956,1,104,-0.00351105589708977,0.030843380921854
8,2504,2,1,2,1.48,0.21848,3.46339802464339,2.74772065826786,1,55,-0.0396925811038829,0.176871045322505
8,2504,2,2,2,1.4,0.232629,3.38756824174283,2.80137434611702,1,38,-0.0286736602908174,0.230560544907878
8,2504,2,3,2,1.72,0.216931,3.14262144285494,2.711504206816,1,48,0.0123887238966734,0.104418790635905
8,2504,3,1,3,2.44,0.24026,5.70465232433107,4.20880924215333,1,83,-0.0103933376540696,0.0838221627216135
8,2504,3,2,3,2,0.208127333333333,4.44170966962286,4.05966634109951,1,73,0.0169142812404759,0.117237961276369
8,2504,3,3,3,1.96,0.185809333333333,4.5705466920698,3.9269466456523,1,73,-0.02251414153139,0.092886136246575
8,2504,4,1,4,2.44,0.1872375,6.24158755802177,5.25342654587854,1,85,-0.0165624989285123,0.07231435616235
8,2504,4,2,4,3.36,0.2709915,7.36594455780903,5.86119556742459,1,84,0.0135987205928921,0.0739247927925071
8,2504,4,3,4,3.24,0.2751355,7.52559590890417,5.92473342207108,1,70,-0.0215222428172383,0.0770137632978593
8,2504,5,1,5,3.28,0.1688984,7.23441789910067,6.36910663287459,1,87,0.00151714762780535,0.073668613794259
8,2504,5,2,5,3.56,0.2107768,8.58369896684075,6.78925926347122,1,92,-0.0138168855767165,0.0681381901860003
8,2504,5,3,5,3.4,0.2247944,8.04538754153632,6.93728114352154,1,78,0.0220113080683224,0.0666913485466153
8,2504,6,1,6,3.8,0.193485666666667,8.85905061193565,7.96487284358933,1,74,-0.00244883577558536,0.0888468279205949
8,2504,6,2,6,3.52,0.175381,9.08080567244505,7.79846933682599,1,71,-0.0105946109655117,0.111827297528484
8,2504,6,3,6,3.88,0.194087,9.61704719799145,7.99006434067138,1,76,0.0414416843262654,0.0742462677167036
8,2504,8,1,8,4.84,0.17159675,11.814552845748,10.2702216724511,1,87,0.00399860321364837,0.0723768902041135
8,2504,8,2,8,5.68,0.22893075,13.4918738048438,11.1328685707819,1,96,0.0166482477537191,0.0366537498936974
8,2504,8,3,8,5.32,0.196712,12.4142836976605,10.6484804338311,1,109,-0.00423793375966539,0.0385360481432787
8,2504,10,1,10,7.72,0.245741,17.095500578357,14.1840191363799,1,105,-0.00608845224025999,0.0345428201766468
8,2504,10,2,10,6.6,0.2064136,16.1260178984402,13.5360056170568,1,98,0.00111121874512867,0.0365847878348698
8,2504,10,3,10,6.92,0.2134288,16.4541525240479,13.6212482983049,1,95,0.00245380742077316,0.0352229517088743
8,2504,12,1,12,8.4,0.215415166666667,19.2517381042818,16.3886212848878,1,119,0.00055693620537928,0.0259421447745176
8,2504,12,2,12,8.04,0.204814666666667,19.0590478341749,16.1506623713567,1,118,0.00522940903079306,0.0306994743892827
8,2504,12,3,12,7.84,0.1997245,18.4660006335079,16.085358247274,1,93,0.0020231569580523,0.0538323410951551
9,2504,2,1,2,1.52,0.2299,3.76547079575445,2.7592157020199,1,49,0.0103262968979166,0.133993003766089
9,2504,2,2,2,1.52,0.23531,3.13809203192936,2.78013868320615,1,48,-0.0501615502001183,0.164021084527283
9,2504,2,3,2,1.8,0.285019,3.45006276671545,2.96023441393349,1,64,0.020919142896686,0.12069891473158
9,2504,3,1,3,1.6,0.142100666666667,4.80663155099793,3.70669038474132,1,48,-0.0123055939345387,0.1665120474668
9,2504,3,2,3,2.88,0.328379333333333,5.53444693818934,4.67645331371914,1,85,0.0339841112594419,0.0726291990676628
9,2504,3,3,3,2.64,0.284838,5.03716896790822,4.44704122017822,1,69,0.0193273233002136,0.0854812734183447
9,2504,4,1,4,3.4,0.2758735,7.25296100280003,5.8911004912057,1,81,-0.00572027202158701,0.074517609864029
9,2504,4,2,4,3.16,0.2429615,6.81662395606136,5.63664179101558,1,82,0.018463449732689,0.0787238652547368
9,2504,4,3,4,2.32,0.147635,5.9881769357213,4.95306139115758,1,61,-0.00602654726831029,0.107859821366342
9,2504,5,1,5,3.8,0.2236956,7.7970366773444,6.90255091224463,1,100,0.00688906150120379,0.0551613493003478
9,2504,5,2,5,4.16,0.2607756,9.11012694072949,7.17177956013427,1,86,0.000247485330082607,0.067092458614386
9,2504,5,3,5,3.92,0.2553636,8.40514305739642,7.1841209526705,1,104,0.0109271591179859,0.0435031213866549
9,2504,6,1,6,5.12,0.259707,9.86148946719463,8.5860867492805,1,100,-0.00417389506600876,0.0435232215522064
9,2504,6,2,6,4.36,0.219858333333333,9.39909666381267,8.1994497588506,1,101,0.00697274095624445,0.0296423175234424
9,2504,6,3,6,5.2,0.282901333333333,10.3258013427427,8.89728329804021,1,115,-0.00241082006437946,0.0334007743548226
9,2504,8,1,8,6.56,0.25137825,13.9554060707357,11.3548298160119,1,104,-0.00538700974608745,0.0343306263375154
9,2504,8,2,8,5.72,0.216313,12.7393491223626,10.8763000123955,1,93,-0.00865064749954078,0.0468426347632375
9,2504,8,3,8,6.68,0.256732,13.6363848064643,11.4157702408508,1,121,0.00455368368295675,0.0254531126602034
9,2504,10,1,10,8.24,0.2556334,17.6347144578505,14.3394507633709,1,109,0.00505069302110854,0.0294169045635711
9,2504,10,2,10,8.12,0.2583568,17.7126419077475,14.3739013056258,1,89,0.0108691587005656,0.0425365899480397
9,2504,10,3,10,6.96,0.2102272,16.7630616563777,13.4961792445264,1,87,-0.004291106792195,0.0471873236152991
9,2504,12,1,12,9.56,0.2550015,21.1043874368837,17.1427093693904,1,108,-0.00211320102829843,0.0309241270164263
9,2504,12,2,12,9.44,0.240788666666667,19.5956186770977,16.8089554300613,1,97,-0.000228437026955737,0.0296956568316778
9,2504,12,3,12,9.36,0.238809333333333,20.5467410217667,16.8005824046785,1,90,0.00272093827502721,0.0458858512550603
10,2504,2,1,2,1.52,0.278468,3.30795273706251,2.96751016074125,1,60,-0.0346957172930194,0.150698442256721
10,2504,2,2,2,1.72,0.230029,3.218235833096,2.74212905825987,1,58,-0.0534868707143929,0.145306538933036
10,2504,2,3,2,1.88,0.226721,3.47147071719228,2.70677050868909,1,63,0.0253703482114621,0.139009539442686
10,2504,3,1,3,2.52,0.306808,5.64812300624338,4.59828422273732,1,73,-0.00619521278381591,0.0874018941616376
10,2504,3,2,3,2.68,0.297772,5.78183719547919,4.51094562488835,1,66,-0.012733460745887,0.0882497105275154
10,2504,3,3,3,2.64,0.265870666666667,5.36413649830939,4.33266361847599,1,73,-0.00817902671642232,0.0984049617332436
10,2504,4,1,4,3.36,0.3200715,7.73133281552913,6.25484120938107,1,93,-0.0095085283359806,0.0592061906781982
10,2504,4,2,4,2.84,0.224908,6.95176601839783,5.5184138159969,1,71,-0.0250743027351951,0.0658993462625177
10,2504,4,3,4,3.24,0.270592,7.26871789080269,5.85349907578417,1,91,-0.0182563122643471,0.053298011993808
10,2504,5,1,5,4.4,0.2971812,9.37197335783315,7.55162498371925,1,98,-0.0018918126951982,0.042753725687411
10,2504,5,2,5,3.96,0.2137032,8.0443163910549,6.73994199366371,1,75,-0.0276924426257687,0.0785735203086082
10,2504,5,3,5,4.12,0.2197692,8.65672152514744,6.83500966887848,1,71,-0.0186786679906656,0.0672949008974162
10,2504,6,1,6,4.72,0.276705,11.1432536435503,8.87480479223406,1,83,-0.0116810081002928,0.0573490219623631
10,2504,6,2,6,4.84,0.290280666666667,11.3518312176348,9.02808098176513,1,103,-0.0190774344846913,0.0432856620988956
10,2504,6,3,6,4.16,0.211454,10.3556555503628,8.11957657855709,1,86,-0.031710433566011,0.0657407370294361
10,2504,8,1,8,6.44,0.24592525,14.7396466994179,11.3254006326008,1,81,-0.0228678633638173,0.068616853501003
10,2504,8,2,8,6.28,0.257946,14.7673714230421,11.5209102067869,1,89,-0.0257112222441593,0.0571465424518472
10,2504,8,3,8,5.68,0.22104675,13.9637360756556,11.01859384098,1,83,-0.0291624053984141,0.0628958384885591
10,2504,10,1,10,7.12,0.225495,17.0559407968462,13.8391395874211,1,94,-0.025766033303752,0.0481611891893924
10,2504,10,2,10,6.4,0.218224,17.1284821301654,13.7488274533387,1,80,-0.0173211968955202,0.0661799114645864
10,2504,10,3,10,7.28,0.2203796,17.8381788920799,13.7292624198257,1,79,-0.0244169287756868,0.066094166668779
10,2504,12,1,12,8,0.199099166666667,19.4167799421318,16.0012466108785,1,73,-0.0385454341913661,0.0775404502197502
10,2504,12,2,12,7.92,0.198571666666667,19.8825695695653,16.0308442160644,1,86,-0.0334294025314673,0.0642474114020924
10,2504,12,3,12,7.88,0.215336666666667,20.3193834602501,16.3993728877953,1,84,-0.0265787301433905,0.0569191676623067
11,2504,2,1,2,1.64,0.26825,3.2957987175791,2.91005097290954,1,46,0.0402491904538924,0.144833200556579
11,2504,2,2,2,1.2,0.205349,2.8282049874475,2.7110657669231,1,34,-0.0311345587695341,0.200696892186434
11,2504,2,3,2,1.88,0.284592,3.71600460512238,2.97863370530281,1,60,0.000132651555184376,0.0963937266977992
11,2504,3,1,3,2.56,0.257963333333333,4.85926787302183,4.29831755483202,1,84,0.00243895033306009,0.0765930155328388
11,2504,3,2,3,2.36,0.243236666666667,4.94673936961186,4.21019761362823,1,71,0.0178470793839149,0.0891778573217296
11,2504,3,3,3,2.12,0.268002,4.86631228765204,4.43198231912154,1,54,-0.0107770330646206,0.0883412979195499
11,2504,4,1,4,3.72,0.290789,7.08443809916682,5.98240386988449,1,102,0.00973101376311018,0.0602111358529962
11,2504,4,2,4,2.08,0.1748045,5.47099128939582,5.20200858845563,1,53,0.00154610021768528,0.124208520814938
11,2504,4,3,4,2.56,0.1746795,5.52417507360351,5.16535131814546,1,72,0.0182052048619622,0.0817590760234037
11,2504,5,1,5,4.08,0.257852,8.50649043295781,7.18086983053413,1,114,0.00484179739227181,0.0444130729259055
11,2504,5,2,5,4.04,0.2670428,8.29238490626839,7.33140491223542,1,113,0.00314841347339661,0.0466175385665609
11,2504,5,3,5,4.24,0.2949556,8.86068945557527,7.56130658170008,1,96,0.00553260367589439,0.0452643233634387
11,2504,6,1,6,4.64,0.261538,9.72399434183434,8.72657559648948,1,125,-0.0126628873409546,0.0428714768890632
11,2504,6,2,6,3.64,0.170965,8.46686116381139,7.7163774878076,1,103,0.0025453106260124,0.0545440198513211
11,2504,6,3,6,3.44,0.167454333333333,8.06722900051013,7.68203659236235,1,120,-0.0040477049452415,0.0487206986748928
11,2504,8,1,8,5.8,0.24117,12.7687678743352,11.3086126253341,1,127,-0.00729674176591705,0.0320119325342662
11,2504,8,2,8,6.16,0.2421035,12.9542080789292,11.329101423224,1,108,-0.000177265920926139,0.0332057068766667
11,2504,8,3,8,6.24,0.248757,12.8809045109921,11.4162072975497,1,116,-0.00230725060208928,0.0377548784180677
11,2504,10,1,10,7.88,0.2388308,16.1246093301413,14.0468945572869,1,117,-0.00399335238606951,0.029141564988914
11,2504,10,2,10,7.24,0.234708,15.8755289421162,14.0342136298676,1,131,-0.00859869805341578,0.0345095466994573
11,2504,10,3,10,7.68,0.2476862,16.0785893051801,14.2868882435838,1,128,-0.0048363076623839,0.0312653072267988
11,2504,12,1,12,8.52,0.225516833333333,18.3219030234378,16.6374957472457,1,129,-0.0058194567754437,0.0349406744360884
11,2504,12,2,12,9.04,0.243679666666667,19.3943677685762,17.0081245243435,1,121,-0.00973239470770309,0.0319770941269108
11,2504,12,3,12,9.44,0.2563205,19.6179525146084,17.2918279448751,1,121,-0.00796648875128059,0.0314711682803611
12,2504,2,1,2,0.36,0.030364,2.09880619532894,2.09327993337931,1,155,-0.0477541061783939,0.0904378916975224
12,2504,2,2,2,1.24,0.140519,3.07585930268257,2.43383003585436,1,57,-0.0301181955787506,0.191220514648451
12,2504,2,3,2,1.04,0.165328,2.92482577414588,2.56418452789056,1,27,0.136994723442112,0.309619142235916
12,2504,3,1,3,2.56,0.263539333333333,4.74878174779843,4.35745535930686,1,75,-0.00226660067258817,0.113169372148374
12,2504,3,2,3,1.72,0.166927333333333,4.05759112137422,3.84119756576456,1,46,0.0421152987450642,0.157994125795274
12,2504,3,3,3,1.36,0.0988886666666667,3.72038060856352,3.44554564043463,1,49,-0.159676750180678,0.234152388970112
12,2504,4,1,4,2.64,0.2194905,6.51164525998013,5.49100097486321,1,72,-0.0318098562255948,0.10853080306671
12,2504,4,2,4,3.2,0.2823435,6.47402400521879,5.98574771811164,1,107,0.000383889673144158,0.0450853492779079
12,2504,4,3,4,2.48,0.2121505,5.98124625964276,5.46920706087039,1,71,0.045442310567149,0.0995887473321514
12,2504,5,1,5,3.84,0.247126,8.14189094894866,7.10872247332137,1,94,0.0046673238522474,0.0495107224318635
12,2504,5,2,5,3.68,0.2461476,7.97733359984084,7.0689381161003,1,92,0.0193165316468168,0.0508659200097013
12,2504,5,3,5,3.36,0.2003648,7.20489606941813,6.65470338406529,1,78,0.0127872206987644,0.0892247825213168
12,2504,6,1,6,4.76,0.262032333333333,10.3068344207908,8.68897911029579,1,94,0.00466101349802379,0.0545039482977292
12,2504,6,2,6,4.44,0.257695333333333,10.312361333005,8.68481969643504,1,104,-0.000126152249224553,0.0549668563497166
12,2504,6,3,6,4.24,0.238916,9.18288871663047,8.46450373613201,1,110,0.00244582435180925,0.0397316086108919
12,2504,8,1,8,4.92,0.21050075,12.1362021714308,10.9264444878243,1,111,0.0139947079147567,0.0499823226267772
12,2504,8,2,8,5.88,0.23038975,12.6339185268665,11.1011547115164,1,107,0.0061869072581253,0.040706436944459
12,2504,8,3,8,5.72,0.2532325,12.7961826244348,11.5464249134812,1,109,0.0198555379822917,0.0489191117779147
12,2504,10,1,10,6.56,0.2190744,15.062447669563,13.7514590067433,1,127,0.0129522010942647,0.0406431980738017
12,2504,10,2,10,6.68,0.2191084,15.4668600702264,13.752397025817,1,114,0.0167452910102366,0.0497629557219525
12,2504,10,3,10,6.28,0.1971714,15.4296279221798,13.3409046376352,1,108,0.0250940894003843,0.0588056192904273
12,2504,12,1,12,7.88,0.219534333333333,19.0039328488303,16.5825556446417,1,114,0.0191861098732071,0.0563238225186547
12,2504,12,2,12,7.8,0.207261833333333,18.5527693299072,16.2452379256412,1,106,0.023933771501726,0.0469210506143157
12,2504,12,3,12,7.72,0.206262166666667,17.7637205565847,16.1912088858961,1,119,0.0226740587738045,0.0444699152027045
13,2504,2,1,2,1.52,0.272516,3.3800290278477,2.94620922867636,1,49,0.0265479802484988,0.203419140302945
13,2504,2,2,2,1.72,0.339318,3.38872869050645,3.20575710277181,1,51,-0.0241692943218393,0.138172910366799
13,2504,2,3,2,1.6,0.22104,3.76403456131921,2.69488695801653,1,43,-0.014223723103611,0.173343109777431
13,2504,3,1,3,2.88,0.367842,5.8665692137462,4.96688371994594,1,81,0.00734558838076375,0.059710204313843
13,2504,3,2,3,2.2,0.276188,5.40284617541406,4.47561947110297,1,60,-0.037438291515118,0.120142386825786
13,2504,3,3,3,2.4,0.257079333333333,5.19492216199697,4.31763070793362,1,76,0.0310660408419158,0.0991297255346782
13,2504,4,1,4,3.6,0.325347,7.67236869553489,6.31844831018982,1,84,-0.0159027093049447,0.0630528187299134
13,2504,4,2,4,3.24,0.247246,6.95359011378055,5.6562505257937,1,87,0.00544897845431615,0.0611635099654642
13,2504,4,3,4,3.32,0.271175,7.15272108727699,5.84092910287165,1,95,-0.000578316059848879,0.0717180815518468
13,2504,5,1,5,4,0.2213756,8.94332864929577,6.79410065630676,1,78,-0.00721800279794046,0.0779806025628905
13,2504,5,2,5,3.6,0.2004836,8.01984050196649,6.70856896283687,1,78,-0.0141129039318269,0.0924107971360154
13,2504,5,3,5,3.92,0.2573896,8.35068943857119,7.23169000879846,1,97,0.0137327266331866,0.0608962503154281
13,2504,6,1,6,4.52,0.230409666666667,10.5825568280507,8.38182370573934,1,65,-0.00515264702161746,0.0833633961493499
13,2504,6,2,6,4.96,0.242174,10.5493350358886,8.38180390224693,1,97,0.00540484594002816,0.0481088889289142
13,2504,6,3,6,5.24,0.332924,11.3271527759715,9.52689534731822,1,113,0.0140559665562135,0.0452365624228667
13,2504,8,1,8,6.48,0.25636675,13.9005080042562,11.4928509072427,1,100,-0.00213378695094712,0.0404029086171431
13,2504,8,2,8,7,0.27168575,14.0050998605171,11.685324506348,1,107,0.00409996421588261,0.0414296899534609
13,2504,8,3,8,6.76,0.290049,13.8188455948841,12.057808499526,1,116,0.00998788378827596,0.0345111440406128
13,2504,10,1,10,7.96,0.2586432,16.8572252288063,14.5032720070121,1,109,-0.0121957373017751,0.0361717693388233
13,2504,10,2,10,7.76,0.2604478,17.4592967591303,14.5209905619883,1,96,-0.0078824968207426,0.0314433815137805
13,2504,10,3,10,7.56,0.2328264,16.795820246067,13.8943303417254,1,97,-0.00899670063191367,0.0448984468252367
13,2504,12,1,12,10.12,0.276621833333333,22.2976989175178,17.6713856464887,1,88,0.00296035696282298,0.0395296625444464
13,2504,12,2,12,9.64,0.270834833333333,22.350288192548,17.614781796807,1,86,0.00767545166958577,0.0417590624419317
13,2504,12,3,12,9.28,0.2341815,21.1413438967107,16.7150843017759,1,80,-0.0230681969397035,0.0665617323711538
14,2504,2,1,2,1.84,0.287794,3.67742033989647,2.96893290566725,1,63,0.00203293861125857,0.102702583043636
14,2504,2,2,2,1.88,0.317721,3.42388109060775,3.08206965794843,1,50,-0.0664048543392239,0.15750382391611
14,2504,2,3,2,1.16,0.182641,2.87106434670545,2.62136573164109,1,36,-0.0790293784297534,0.254747529373394
14,2504,3,1,3,1.56,0.158119333333333,4.08794997515371,3.79620143157695,1,51,0.031516748905465,0.129268650112884
14,2504,3,2,3,2.44,0.254126,5.28984392962775,4.29958030776835,1,77,0.0256524871308237,0.0941767892022807
14,2504,3,3,3,2.56,0.238079333333333,5.06472025870798,4.17407870205119,1,77,0.0100616895716089,0.0856450994215465
14,2504,4,1,4,2.64,0.1879285,6.2072502159667,5.2596723973087,1,54,-0.0148934338193089,0.102418539210235
14,2504,4,2,4,1.4,0.0809325,5.1217034023646,4.52788996064341,1,46,-0.0815451850507729,0.182272330091134
14,2504,4,3,4,3.68,0.2959505,7.5512610622086,5.97968631479415,1,96,-0.00283421649760708,0.056480008369781
14,2504,5,1,5,2.44,0.1401432,6.50743385527423,6.17710830674006,1,52,-0.0110779711847171,0.119075715486589
14,2504,5,2,5,3.88,0.2444708,7.32621884018928,7.07920036269785,1,107,-0.00643246210430149,0.0444806560057662
14,2504,5,3,5,3.16,0.2096172,7.6418434473031,6.80071079853681,1,101,0.0164097717395204,0.0512945352419864
14,2504,6,1,6,4.28,0.218889333333333,9.85467307640684,8.21184994363417,1,83,0.0141182289921462,0.0757777076144164
14,2504,6,2,6,3.32,0.169412666666667,8.52352810695449,7.72740655493365,1,88,0.00994218265774787,0.0672546010616656
14,2504,6,3,6,4.12,0.20874,9.38365122969781,8.12001542139756,1,105,0.014809728093687,0.0482973770698332
14,2504,8,1,8,5.72,0.226033,12.7972052500569,11.0505556858317,1,108,0.0142255477573735,0.0443413949031656
14,2504,8,2,8,5.16,0.19024275,11.5800938700064,10.5692516675261,1,98,0.0239157244636019,0.0480475866565149
14,2504,8,3,8,5.48,0.20158125,12.8405982839807,10.7130045671838,1,104,0.00065863969255941,0.0451723914548522
14,2504,10,1,10,5.28,0.1541558,14.179153300618,12.5800845735568,1,90,-0.00098933780911011,0.0606990790158104
14,2504,10,2,10,6.12,0.1847678,15.3735494029008,13.1056053201891,1,90,0.0177966210295707,0.0551347904746656
14,2504,10,3,10,5.48,0.1544034,14.6039590891546,12.5871971355505,1,100,0.00268404618788252,0.0481770302148193
14,2504,12,1,12,8.12,0.207270166666667,18.1069578254483,16.2037437487876,1,118,0.00630983497773362,0.0354193676262803
14,2504,12,2,12,7.88,0.203481666666667,18.3871169533568,16.1370456891368,1,99,-0.00599509243058483,0.0421871892430128
14,2504,12,3,12,7.32,0.174900666666667,18.0792377285347,15.4900874782717,1,111,0.00216937220181245,0.0378426664912121
15,2504,2,1,2,1.88,0.363598,3.89600928276116,3.28265343312999,1,68,0.0245057094597302,0.0882204922038392
15,2504,2,2,2,1.8,0.290552,3.38139427051936,3.00478722060156,1,54,-0.00590583080653572,0.139942637362686
15,2504,2,3,2,1.8,0.308026,3.57458450750692,3.02388190417394,1,56,0.0379263859839106,0.14615311869721
15,2504,3,1,3,2.12,0.229609333333333,5.12123458972169,4.1592021716397,1,62,0.0160509548921442,0.0956346703332808
15,2504,3,2,3,1.28,0.100933333333333,4.93975020215257,3.4876928692632,1,39,-0.00135021754685599,0.227129180164023
15,2504,3,3,3,2.24,0.226224,5.52459168750884,4.16139116595477,1,67,-0.0293295469876262,0.133497916614876
15,2504,4,1,4,3.6,0.325933,7.12494738687896,6.27824958121842,1,88,0.0109903114397945,0.0590903692628158
15,2504,4,2,4,2.04,0.1297175,5.81546329965769,4.84969530232259,1,60,-0.0299866082569048,0.137996122228985
15,2504,4,3,4,3.24,0.2752695,6.68713743918484,5.92450757752963,1,92,0.0459457870136899,0.0856076434801678
15,2504,5,1,5,3.2,0.2058244,9.0267225138126,6.7828190606374,1,65,-0.0046656160297728,0.0869349035708849
15,2504,5,2,5,4.2,0.2652388,8.64266165705337,7.24882034696276,1,72,0.0176092013241637,0.0898167710605089
15,2504,5,3,5,4.36,0.2887644,8.51925672572169,7.48684479637784,1,109,0.00770810306579459,0.0472918211080527
15,2504,6,1,6,4.36,0.245567333333333,10.0788103027639,8.51948034178348,1,89,0.0113963036301556,0.0581035713251151
15,2504,6,2,6,4.44,0.246563,10.0061671823017,8.54630064062349,1,92,0.0129846401797048,0.0646079674741962
15,2504,6,3,6,4.56,0.248167333333333,10.5854355663901,8.547631841631,1,83,0.00866747782271833,0.0696627504783446
15,2504,8,1,8,6.12,0.24032225,13.7270122145084,11.2224220861665,1,90,0.0133469720809699,0.0671195434605845
15,2504,8,2,8,5.76,0.20336925,13.7698398708531,10.7350467331108,1,76,0.00768877544718265,0.0709061845053549
15,2504,8,3,8,5.32,0.20332325,13.6437814029124,10.7789192201122,1,83,0.016905619093694,0.0707462049643715
15,2504,10,1,10,7.72,0.2393388,16.7564531509264,14.0626000996899,1,87,0.00718293132217405,0.0518439603330215
15,2504,10,2,10,7.68,0.235486,17.3161818673687,14.0193635931892,1,74,0.0188703716187147,0.0575010175229862
15,2504,10,3,10,8,0.2726584,16.5696101433636,14.7059774542971,1,123,0.00262646120921642,0.0464323301510921
15,2504,12,1,12,9.28,0.244778166666667,21.0680374234894,16.9975184740888,1,81,0.00851928809719378,0.057963399602444
15,2504,12,2,12,9.52,0.2540315,20.3836150344222,17.193055830292,1,89,0.0192134592946097,0.0512907366163171
15,2504,12,3,12,8.88,0.247564833333333,20.996114995797,17.0881543883432,1,73,0.0114643238318846,0.0738118344046673
16,2504,2,1,2,1.52,0.292209,3.52728377919669,3.05346672369244,1,53,-0.0377157653493498,0.128220618590421
16,2504,2,2,2,1,0.16589,2.81900904586238,2.58339049160362,1,49,-0.0572039738764169,0.222677311439764
16,2504,2,3,2,1.08,0.200016,3.01172113707925,2.71151786195566,1,28,-0.108483752653221,0.331970217547843
16,2504,3,1,3,1.28,0.100982666666667,3.46533861984605,3.480553516488,1,82,0.00578917468262293,0.0835709666362576
16,2504,3,2,3,2.6,0.291468666666667,5.65024263045689,4.52024270696702,1,83,-0.00828774166896238,0.0762952454711973
16,2504,3,3,3,2.68,0.287174,5.75781332290746,4.48251582159092,1,73,0.030403690556592,0.0720301476930928
16,2504,4,1,4,2.76,0.212036,6.22355316492071,5.43851244455079,1,72,-0.00862853799334803,0.118124821792523
16,2504,4,2,4,2.48,0.155568,5.754336945347,5.01839122591732,1,72,-0.0330193239404956,0.0945885599700765
16,2504,4,3,4,2.72,0.2129595,6.00654875988972,5.4551481622321,1,77,-0.000453642643985465,0.0877132814010398
16,2504,5,1,5,3.28,0.2017448,7.25299339326476,6.7094271317254,1,102,-0.00678353247525049,0.0621612229998652
16,2504,5,2,5,3.64,0.2323004,8.09951428682795,6.95987161724794,1,71,0.026632381801955,0.0827655053958395
16,2504,5,3,5,2.96,0.1871288,7.9086053270174,6.62017397942886,1,69,-0.0361653421887055,0.11469250931375
16,2504,6,1,6,4.28,0.203116666666667,9.428572720925,8.00672667818264,1,89,0.013969499392252,0.051002248229347
16,2504,6,2,6,3.88,0.192463666666667,9.3302789260526,7.91596870319759,1,95,-0.0103683847548135,0.0477826794198935
16,2504,6,3,6,3.76,0.199719666666667,8.838862888963,8.06947991027084,1,106,-0.0173076477976617,0.0522454372874614
16,2504,8,1,8,5.44,0.20077675,12.2227186667688,10.7041216274288,1,103,-0.0143319142883191,0.0479393811607603
16,2504,8,2,8,4.76,0.158081,11.5404603462762,10.0453027036611,1,93,-0.0308537311212347,0.0827624076465194
16,2504,8,3,8,4.76,0.1683555,11.4217283653632,10.2554533053124,1,93,0.0166140233037313,0.0610151785422062
16,2504,10,1,10,5.92,0.1841496,15.0041582474282,13.1399246525538,1,109,-0.0033554275669072,0.0492223308099575
16,2504,10,2,10,7.44,0.2144182,15.6775842652247,13.5638984296149,1,110,0.00052614277376372,0.043050519677573
16,2504,10,3,10,5.48,0.1594348,13.9008487105668,12.658804739947,1,100,-0.0146891190708693,0.0536426657761935
16,2504,12,1,12,7.4,0.185269,17.722081498177,15.7548771655657,1,96,-0.00866712438681711,0.0498167125063538
16,2504,12,2,12,7.68,0.190979833333333,17.7257539054963,15.864363108674,1,103,-0.0110480346812114,0.048580604345501
16,2504,12,3,12,8.2,0.216296833333333,18.9871522330439,16.4318487579681,1,100,-0.0107255515643493,0.0405421067757523
17,2504,2,1,2,1.72,0.287351,3.7447739851969,2.98635346567287,1,58,-0.00631762721512142,0.0941128615634149
17,2504,2,2,2,1.32,0.243111,3.21979165166397,2.85175499215114,1,38,0.0800906116628014,0.175191972450336
17,2504,2,3,2,1.84,0.322245,3.99892121909705,3.12609891615226,1,50,-0.0262727341776273,0.116640920187706
17,2504,3,1,3,2.72,0.349039333333333,5.45846069113379,4.89136193538715,1,81,-0.000328481698789072,0.0771931853536513
17,2504,3,2,3,2.56,0.332167333333333,5.22234058003925,4.80723126279054,1,75,0.000536065424484892,0.0646425553559021
17,2504,3,3,3,1.84,0.171079333333333,5.20877178401096,3.85420608622226,1,51,0.0268630896887507,0.140932381727209
17,2504,4,1,4,3.6,0.3245405,7.4573847902267,6.31225889231429,1,86,0.00611716643765565,0.0695764733405885
17,2504,4,2,4,2.84,0.2354185,7.21560086721424,5.63353526633615,1,64,0.00750176624204096,0.0850224287944281
17,2504,4,3,4,3.72,0.3566975,7.44317911320005,6.53844791744354,1,119,0.000201724616827052,0.0458748567964203
17,2504,5,1,5,3.8,0.2587376,8.64369078983098,7.24631913883638,1,81,0.00818895257042498,0.0696253403191745
17,2504,5,2,5,4.08,0.2740112,9.1314944910328,7.36349527831032,1,94,0.00966037296406176,0.0476405775908601
17,2504,5,3,5,4.2,0.2945492,9.71924707125673,7.56393963353602,1,88,-0.00492787923277403,0.0465665052412279
17,2504,6,1,6,5.32,0.324694333333333,11.3577949635157,9.42187733309048,1,104,-0.00640486902072706,0.0425847698333
17,2504,6,2,6,4.92,0.284844,10.6683914946803,8.99099502937716,1,86,0.0129846253119965,0.056303976920537
17,2504,6,3,6,4.8,0.281705,11.2118032808035,8.9632020389487,1,90,0.00512199955060801,0.048294921257229
17,2504,8,1,8,6.44,0.28003725,14.5605168083339,11.9088607969327,1,96,0.00818142020571565,0.0491747633591073
17,2504,8,2,8,6.12,0.27715375,14.6552815056872,11.8997374603194,1,98,0.026387187306887,0.0409687237428877
17,2504,8,3,8,6.04,0.244051,13.8644217736049,11.3565564651866,1,99,0.0233488327563627,0.0414424329618841
17,2504,10,1,10,8.04,0.2886622,18.0180986839954,15.0911747159699,1,91,0.0160332617775432,0.0469292531856969
17,2504,10,2,10,8.28,0.2959456,18.0348367680925,15.2227821062496,1,93,0.0131816204968678,0.048607185929493
17,2504,10,3,10,7.76,0.2735092,17.8563399749364,14.8312676810226,1,89,0.0112125441320524,0.0561323946234928
17,2504,12,1,12,9.92,0.297343333333333,22.0065939286404,18.298734171348,1,94,0.00872727057084579,0.0448720307456511
17,2504,12,2,12,9.64,0.286050166666667,21.7589573266671,18.036158010246,1,91,0.0200759170500585,0.0452821375748664
17,2504,12,3,12,9.72,0.290946833333333,21.2593019416436,18.1591203013633,1,85,0.0158947814110586,0.0541075072633705
18,2504,2,1,2,1.16,0.153938,3.65657565737552,2.50555606377044,1,38,0.0295204058143546,0.268367410538051
18,2504,2,2,2,1.8,0.321365,3.46909482616269,3.15418360727605,1,66,0.0474751189960888,0.1113663399154
18,2504,2,3,2,1.44,0.211045,3.44702363368101,2.74206780868095,1,45,0.00537099259176601,0.183372054218994
18,2504,3,1,3,1.6,0.145353333333333,5.63891035920701,3.70383471350054,1,56,-0.0186164893544698,0.17624002382645
18,2504,3,2,3,1.72,0.147586,5.85601090351946,3.6955339388465,1,60,-0.0537417349852812,0.187436599605508
18,2504,3,3,3,1.92,0.183284,4.55063486243029,3.90456793788085,1,60,0.0257042975027662,0.140378558642493
18,2504,4,1,4,3.2,0.237648,6.64390712143322,5.58588759495086,1,102,-0.0239327936634006,0.0728336100900316
18,2504,4,2,4,3,0.2220015,6.78582796688649,5.50155913143662,1,82,-0.00155967944343064,0.0842494571596187
18,2504,4,3,4,3.44,0.311893,7.92412521706607,6.23655696476266,1,90,0.00631070654436323,0.0569520021524546
18,2504,5,1,5,3.24,0.1978804,8.95236419000394,6.69036034997071,1,65,0.016670877635938,0.0848646086829128
18,2504,5,2,5,3.4,0.2215208,8.67588409520441,6.90345212757313,1,71,0.0405800519289704,0.103912001089489
18,2504,5,3,5,3.32,0.2396896,9.00758761890004,7.08841696899387,1,73,0.0244340550275721,0.0849688730067185
18,2504,6,1,6,3.88,0.215641666666667,10.0511353402968,8.23841602187036,1,78,0.0259085330927742,0.0765104393607678
18,2504,6,2,6,4.96,0.304514,10.7416247033577,9.22917437302709,1,85,0.00923767411699432,0.0520260910568406
18,2504,6,3,6,4.2,0.213001666666667,9.8186633453864,8.22592649640035,1,75,-0.00323743790375175,0.0705768579092161
18,2504,8,1,8,5.96,0.2438385,13.729811308947,11.4264369064093,1,78,0.00121958818209756,0.0640562252657726
18,2504,8,2,8,5.8,0.24205725,14.3958651432372,11.3431195440287,1,88,0.00921652071229844,0.0594716317397198
18,2504,8,3,8,5.76,0.22890875,14.1672612885588,11.1100232094246,1,84,0.0204445022583408,0.0669436688749621
18,2504,10,1,10,7.16,0.2351088,17.4914764630393,14.0577993193512,1,77,0.00403060868032332,0.0535977885247159
18,2504,10,2,10,7.52,0.2269828,16.7549989774846,13.8647517840204,1,95,-0.000100659548860833,0.046477431175676
18,2504,10,3,10,6.52,0.1844448,17.2147837545877,13.1299051058287,1,79,0.00406214264613544,0.0766610914887468
18,2504,12,1,12,8.32,0.208732,20.6150572460154,16.2245223420841,1,72,0.02431170197784,0.083268044316956
18,2504,12,2,12,7.76,0.195132833333333,21.8625314094353,15.9405316518749,1,73,-0.00552782220770152,0.0881194820778243
18,2504,12,3,12,8.24,0.220902166666667,21.7515280543937,16.520354265192,1,70,-0.00427199103450291,0.0683032239345495
19,2504,2,1,2,0.88,0.111492,2.38130735098023,2.35797159467421,1,61,-0.0431116186970504,0.178120026079921
19,2504,2,2,2,2,0.323774,3.1784721630433,3.09292988170583,1,58,-0.0238916667012151,0.13713349172154
19,2504,2,3,2,1.12,0.145555,2.72222319515214,2.47501369422942,1,42,0.0449324124657286,0.227393223658708
19,2504,3,1,3,1.44,0.153722,3.98112506270964,3.7871155284319,1,49,-0.0266315939683824,0.1156238182343
19,2504,3,2,3,2.32,0.25715,4.56903829142731,4.28868283777711,1,71,-0.0153086165956233,0.0795392367579465
19,2504,3,3,3,1.96,0.192840666666667,4.13618769646146,3.95031609924926,1,58,-0.0430398199504295,0.101048471606271
19,2504,4,1,4,2.72,0.197453,6.58721574838868,5.32509572945498,1,83,-0.0238498866407471,0.0854099570625547
19,2504,4,2,4,3.6,0.265305,7.07290429269248,5.79194378194667,1,83,-0.0126171742148678,0.0672538404330622
19,2504,4,3,4,2.52,0.1771325,6.01763297465632,5.16920291839524,1,69,-0.0614323953749207,0.0961701043310074
19,2504,5,1,5,3.96,0.250872,8.32227646290216,7.12352449514938,1,98,-0.0307187637956318,0.0625101854990851
19,2504,5,2,5,3.08,0.1948404,7.97384446134475,6.64135609102281,1,76,0.00213261936787179,0.0857476518368866
19,2504,5,3,5,3.8,0.2546108,8.19835604385543,7.16032786396026,1,112,0.0108989282580232,0.0448705113647242
19,2504,6,1,6,4.88,0.236792666666667,10.0774816711639,8.38718825539681,1,93,-0.0199376105694714,0.0546128059293787
19,2504,6,2,6,4.4,0.229747,9.89768223337447,8.32491491868828,1,78,-0.00811108119255944,0.0695867828382209
19,2504,6,3,6,4.28,0.214565333333333,9.33742283607042,8.15919045872515,1,97,0.00721750115488744,0.050230509443819
19,2504,8,1,8,5.8,0.2192935,12.6100206849581,10.9275900199221,1,99,-0.0205873032296201,0.0545170432525901
19,2504,8,2,8,5.32,0.21469575,11.8984401689508,10.8639986467213,1,97,-0.011308436788754,0.0525414911178083
19,2504,8,3,8,6.2,0.22652425,12.2169255077681,11.0052220001597,1,114,-0.0231071066191245,0.0478093016514077
19,2504,10,1,10,7.08,0.226067,16.0153128520709,13.8279972403198,1,95,-0.0136006846472296,0.040850221214051
19,2504,10,2,10,7.28,0.2311992,15.6222178608206,13.9072197675502,1,111,-0.0242224761058485,0.045475583822036
19,2504,10,3,10,6.92,0.2115448,14.8560309362894,13.5234996077785,1,116,-0.0221986809531111,0.045059738038514
19,2504,12,1,12,9,0.227033833333333,18.689039021689,16.5552792707529,1,105,-0.0187302942248921,0.0480895512151425
19,2504,12,2,12,8.36,0.212972166666667,18.7838168037473,16.288899159927,1,99,-0.0119214027319897,0.0383082530836723
19,2504,12,3,12,8.88,0.233599,19.7440079830151,16.7496563188121,1,98,-0.0186242190425693,0.0385496908865611
20,2504,2,1,2,1.84,0.288944,3.42727711906479,2.97909691749862,1,62,0.00271996913407104,0.125130286114672
20,2504,2,2,2,1.48,0.143813,3.07571789971152,2.43909358897533,1,61,-0.039582062909573,0.148029543114336
20,2504,2,3,2,1.8,0.327533,3.96309987272561,3.12898376261386,1,54,-0.044501958930658,0.107274342106255
20,2504,3,1,3,2.44,0.248094,4.67656594787639,4.23238341454154,1,92,0.00306094308705233,0.0713699245980034
20,2504,3,2,3,2.16,0.178512,4.82591631059152,3.86204632881359,1,63,0.0164774740958628,0.124266354932842
20,2504,3,3,3,2.64,0.235926666666667,4.68434270545075,4.15671027264994,1,99,-0.00150599254598782,0.0698620163174034
20,2504,4,1,4,3.16,0.271025,6.99896205663594,5.86622996645122,1,84,0.00264839626490193,0.0775872938811837
20,2504,4,2,4,2.88,0.223022,6.40970160206785,5.49357167236661,1,85,-0.0021062698265817,0.0807391563317099
20,2504,4,3,4,2.72,0.204287,6.33127736137331,5.33498186291555,1,71,-0.00199201633680461,0.108212841520026
20,2504,5,1,5,4.44,0.3022036,9.29900135524588,7.59499734390571,1,98,-0.0114374016159383,0.0553144082455796
20,2504,5,2,5,3.56,0.2033744,7.55451093555083,6.68289247935636,1,92,0.0272858274167371,0.0530254003267113
20,2504,5,3,5,3.32,0.2028224,7.91616685241618,6.72292423945496,1,78,0.00080353163059272,0.0766991810503399
20,2504,6,1,6,4.88,0.273568666666667,11.2014763783538,8.80948976780558,1,85,-0.013406655109082,0.0514294562089859
20,2504,6,2,6,5.16,0.269319333333333,10.6082408147785,8.7121673229044,1,98,0.001894427840278,0.0444924459313926
20,2504,6,3,6,4.48,0.219830666666667,10.1806621614905,8.19008604055614,1,98,-0.00975011971320251,0.0557412829830025
20,2504,8,1,8,6.24,0.25764025,14.1065594559603,11.4969135990644,1,116,0.0044163921371035,0.0403747802689807
20,2504,8,2,8,6.24,0.25357575,13.8166542058972,11.4251317409872,1,124,0.00183719818921024,0.0340785255745726
20,2504,8,3,8,6.12,0.241361,13.597871653543,11.2705003954466,1,117,0.000431240199875968,0.0379280970687773
20,2504,10,1,10,7.08,0.205689,15.9526703319183,13.3989267209234,1,107,-0.00215293142619349,0.0396492632557933
20,2504,10,2,10,7.84,0.249765,17.0529580971079,14.2295854875359,1,119,-0.00297757443822396,0.0291547766156362
20,2504,10,3,10,7.76,0.244813,16.9552995741051,14.1602866977985,1,111,-0.0149749173576325,0.0379640976825429
20,2504,12,1,12,8.96,0.244042833333333,20.7580773008569,16.9704163054475,1,97,-0.00491188693301485,0.0396229912360686
20,2504,12,2,12,9.36,0.245172,20.8712405588412,16.97078628854,1,104,-0.0117314824810801,0.0326845974963888
20,2504,12,3,12,9.16,0.249996333333333,21.0620269102968,17.0892157158879,1,104,-0.00197946386267333,0.0360336579142956
21,2504,2,1,2,2,0.320784,3.5031043899012,3.10973115707157,1,53,-0.00257189920472943,0.100468524402112
21,2504,2,2,2,1.12,0.166834,3.84559248435663,2.57375412981644,1,64,-0.0837059860071021,0.162064108284731
21,2504,2,3,2,1.2,0.203161,3.60751555244011,2.69453135931832,1,57,0.141694846622306,0.1806345339215
21,2504,3,1,3,2.36,0.232890666666667,5.03300900424852,4.19488137613138,1,81,-0.000593427873158369,0.0989216306733224
21,2504,3,2,3,2.92,0.291773333333333,5.049601093807,4.45547560916942,1,76,-0.0173576460869818,0.0820432867709532
21,2504,3,3,3,2.88,0.339168,5.25473035295957,4.77010098490252,1,111,-0.000837878805139591,0.0554246074567079
21,2504,4,1,4,2.8,0.224552,6.93003283609496,5.54832906243098,1,74,0.0182379084778263,0.082088541998748
21,2504,4,2,4,3.44,0.2917265,7.1162982606639,6.01187862932667,1,78,-0.019198463031475,0.0721945980443036
21,2504,4,3,4,3.36,0.2925565,7.5681933035747,6.04231356727127,1,77,0.0165316287048504,0.0678613070432703
21,2504,5,1,5,3.56,0.1877692,8.64887602702129,6.56365657887562,1,76,-0.0175841948759111,0.0822631419555305
21,2504,5,2,5,3.76,0.257172,9.05903577388398,7.22623387713371,1,74,0.0251213947149082,0.064359113299157
21,2504,5,3,5,3.32,0.2009736,8.88031059780977,6.71212507754874,1,75,0.0137930774368287,0.0966428105932405
21,2504,6,1,6,5,0.286593333333333,10.8243949591973,8.97048781837215,1,110,-0.00404812227982999,0.0364157909713175
21,2504,6,2,6,4.72,0.260686,10.530709533614,8.67772474769398,1,80,-0.0164647496910995,0.063311423505187
21,2504,6,3,6,4.2,0.200676333333333,10.6548034588182,7.9779957925267,1,66,0.0107568372198938,0.0698064790286023
21,2504,8,1,8,5.92,0.234366,14.2150502509397,11.2269255656203,1,97,0.0043285007577578,0.0532461485692955
21,2504,8,2,8,6.32,0.24948125,13.5440836841368,11.4231680665122,1,96,-0.0148996824115156,0.0527860217911489
21,2504,8,3,8,6.08,0.2458125,14.7640617861257,11.3831114284502,1,79,-0.000584705620354594,0.0559290174047393
21,2504,10,1,10,7.28,0.2312616,17.64286781775,13.9738539751256,1,75,-0.0050485220467093,0.075822159912514
21,2504,10,2,10,7.68,0.240191,18.1453947946701,14.0755686982808,1,69,0.0032186793687452,0.0469335881390468
21,2504,10,3,10,7.28,0.2217684,18.022812504622,13.7889459920093,1,92,0.00626665145418437,0.0575863460952533
21,2504,12,1,12,9.32,0.2483275,21.1305556765178,17.1049967169341,1,91,0.00533632980753506,0.0411825091886322
21,2504,12,2,12,9.16,0.254036666666667,22.0863026773939,17.2648057077929,1,80,0.006196238412498,0.0404845479236923
21,2504,12,3,12,9.12,0.237459166666667,20.7899188232827,16.8575651245494,1,80,0.00335692283392392,0.0432313518053626
22,2504,2,1,2,1.6,0.266212,3.58909624579981,2.895231353104,1,58,0.0467490695267995,0.135137920366294
22,2504,2,2,2,1.84,0.327411,3.36748722669998,3.14735012772645,1,67,0.01094396418791,0.0967525220228857
22,2504,2,3,2,1.84,0.330117,3.57189270592886,3.13628564165392,1,57,-0.00950212016607142,0.139712165364118
22,2504,3,1,3,2.8,0.292315333333333,4.79322283618214,4.4932715683068,1,88,-0.0529331805228951,0.0887298873665968
22,2504,3,2,3,1.76,0.164278666666667,4.74492233551824,3.80320534363583,1,60,0.0456104575779664,0.136445911196594
22,2504,3,3,3,1.68,0.12403,4.28032325271755,3.59900391075683,1,53,0.0495964750455912,0.181852136548353
22,2504,4,1,4,3,0.2507875,6.14173046305186,5.70778206597541,1,91,-0.0156820748020059,0.0773480212507071
22,2504,4,2,4,3.2,0.253014,6.29900852637032,5.73352077750152,1,89,-0.00639733672848789,0.0712285032952505
22,2504,4,3,4,3.28,0.306536,7.01097831954048,6.14587961480824,1,78,0.00355704318650622,0.0900215633218514
22,2504,5,1,5,3.44,0.2283508,7.81129777853679,6.92987533889523,1,89,-0.0103631073820529,0.0625536761740393
22,2504,5,2,5,3.56,0.232898,7.67077902012451,7.02819888241744,1,102,-0.00964775272513411,0.0596846025145851
22,2504,5,3,5,3.16,0.1834104,6.95754077625951,6.54630540754595,1,73,-0.0338873326363529,0.0840921059974461
22,2504,6,1,6,5.08,0.280792,10.5076007003693,8.91285603250543,1,103,-0.000590817166115731,0.0504652335323794
22,2504,6,2,6,4.72,0.259471333333333,10.5998292011442,8.64234271284209,1,91,-0.0102352358623565,0.049671593656977
22,2504,6,3,6,5.08,0.277888333333333,10.310508662078,8.82622586478134,1,94,-0.0284350189460822,0.0575497259557839
22,2504,8,1,8,6.04,0.23567475,13.4674853475543,11.2131589873725,1,89,-0.00693048196440678,0.0641546373271645
22,2504,8,2,8,5.92,0.260351,13.9895932959214,11.6446379492368,1,93,-0.00874064438476816,0.0408911632538262
22,2504,8,3,8,6.6,0.2719825,13.1301490639225,11.7331437264673,1,103,-0.0198187100763147,0.0523026521908446
22,2504,10,1,10,7.28,0.222987,15.7451822471074,13.7406441839776,1,111,-0.0153279610473645,0.030411309831024
22,2504,10,2,10,8.52,0.2994222,17.3043271873934,15.165092615101,1,115,-0.00169012146180988,0.030372788552571
22,2504,10,3,10,8.28,0.2922372,17.4312151028925,15.040733916878,1,108,-0.00571954616877598,0.0288382366943245
22,2504,12,1,12,9.92,0.277795333333333,20.1275795105234,17.77960492554,1,119,-0.00699413291143399,0.0295725673695735
22,2504,12,2,12,9.2,0.248258666666667,20.2757347628027,17.0326888819493,1,99,-0.013927255485434,0.0529093331288885
22,2504,12,3,12,8.88,0.2292795,19.6581378126713,16.6350568733144,1,96,-0.0166397012694902,0.0486395344472661
23,2504,2,1,2,0.48,0.05495,2.14905546022536,2.16270084752508,1,64,0.0656752489577321,0.238833952649839
23,2504,2,2,2,1.64,0.240299,3.18378853139029,2.83995742238114,1,53,0.0334184506287652,0.15107288043376
23,2504,2,3,2,1.28,0.187106,3.03348238758532,2.64342943484557,1,66,0.0413108972116835,0.211627982926269
23,2504,3,1,3,1.8,0.191428,4.25712168218479,3.96292430178062,1,42,0.0151250490604072,0.190945867009553
23,2504,3,2,3,2.12,0.235166,5.51683911426737,4.20528814835294,1,61,-0.0113599062302187,0.113104372030546
23,2504,3,3,3,2.88,0.349858,5.6627094384019,4.82724357412847,1,91,-0.0045783147197365,0.0634932865242839
23,2504,4,1,4,3.12,0.2487825,7.09139492233159,5.70755226582127,1,90,0.0137173246744742,0.0773461127709931
23,2504,4,2,4,1.84,0.1420195,5.50077943436773,4.96871951554314,1,58,0.00227625382214251,0.149671848858656
23,2504,4,3,4,2.88,0.2233,6.08890078938147,5.56270554843184,1,73,-0.00703928341565898,0.0983779420297478
23,2504,5,1,5,3.92,0.260986,8.73548292678392,7.26742408526448,1,87,-0.00917196909892314,0.0676793628659352
23,2504,5,2,5,3.48,0.1982028,7.95350213817598,6.66389432727751,1,75,-0.0169365249039452,0.0889167667335431
23,2504,5,3,5,3.88,0.2171908,7.89254880598675,6.81475940832702,1,97,-0.0083116811972537,0.05154050375454
23,2504,6,1,6,3.32,0.149868,7.8100542338422,7.47971963638373,1,104,0.000324091131446115,0.0586679611752598
23,2504,6,2,6,5.04,0.274868666666667,11.0504137492247,8.88022874088033,1,114,0.00753444872806918,0.0467372041481267
23,2504,6,3,6,3.96,0.20743,9.05934392731074,8.13643393734823,1,102,0.00301698968873769,0.0515527866016497
23,2504,8,1,8,5.32,0.19555475,12.1746912206375,10.6491314869326,1,108,-0.00418263485263151,0.0475792811667603
23,2504,8,2,8,5.72,0.24112325,13.5170683729526,11.3204156124809,1,103,0.00352329817899633,0.0513707230430949
23,2504,8,3,8,5.28,0.1912615,12.3745941613887,10.6061661834102,1,104,0.0110090995355376,0.0493463724096067
23,2504,10,1,10,7.48,0.2324498,17.1856124871479,13.981100941685,1,101,-0.00271249211696466,0.0514286921458538
23,2504,10,2,10,6.76,0.2289428,16.1673232655491,13.951196744527,1,103,0.00780884509000046,0.0475342746543246
23,2504,10,3,10,6.64,0.2117686,15.6723230930718,13.6270438754516,1,124,0.0138149165568789,0.0341407691217076
23,2504,12,1,12,8.36,0.209514,19.7186805176741,16.2714698915964,1,106,0.00764585911189799,0.0376463745392452
23,2504,12,2,12,7.72,0.191565166666667,17.788801091092,15.8973829035203,1,106,0.00326288034657666,0.0401465329011896
23,2504,12,3,12,8.28,0.221273,18.8200869051975,16.5697295941091,1,103,0.000853906924726516,0.0420257598759301
24,2504,2,1,2,1.92,0.347155,3.59192346588838,3.21246614390779,1,66,0.00466523016291433,0.104051912951175
24,2504,2,2,2,1.6,0.303838,3.4138927152129,3.0833378004126,1,52,-0.00689422294697478,0.135753402045868
24,2504,2,3,2,1.64,0.26896,3.90987068239322,2.9297648163266,1,54,0.0358905726516058,0.0902536319322952
24,2504,3,1,3,1.96,0.189099333333333,4.04234649012587,3.93227260796288,1,65,0.0223081093729354,0.129478922716587
24,2504,3,2,3,2.24,0.238233333333333,5.19791353696956,4.22059906643944,1,67,-0.0170939189076868,0.13028113482491
24,2504,3,3,3,2,0.222975333333333,5.64739543534837,4.15564798389233,1,59,0.0413310121197331,0.164887627534692
24,2504,4,1,4,2.28,0.189747,6.18357958328502,5.31926929975924,1,45,0.0257761659940493,0.135914177590986
24,2504,4,2,4,3.8,0.346257,7.03998262910488,6.40257467567571,1,108,-0.0168346115777366,0.0581009323442014
24,2504,4,3,4,2.88,0.223596,6.71523115056181,5.53332214339914,1,75,0.0408776666032822,0.0735419523215205
24,2504,5,1,5,3.28,0.1775012,7.9406505255062,6.48124063395688,1,76,0.022910831816612,0.0781953624261644
24,2504,5,2,5,2.8,0.1560296,8.03561916828948,6.33114788033822,1,64,0.0482459979700619,0.0983907219893949
24,2504,5,3,5,3.76,0.2460128,8.93825933989479,7.11185840269003,1,71,0.00506632316997562,0.0845014512276903
24,2504,6,1,6,4.8,0.262959666666667,9.76593447583092,8.75607518802961,1,105,0.0147395735954114,0.0405460508246099
24,2504,6,2,6,3.88,0.220194,10.1932328520027,8.32519078459908,1,63,0.0175250948737747,0.0728501595667996
24,2504,6,3,6,4,0.218050333333333,10.1079135062189,8.2448203674938,1,84,0.0147522222585353,0.0786856355003218
24,2504,8,1,8,4.8,0.182342,12.7599015616208,10.5161951365958,1,68,-0.00198544016212249,0.0837057033662037
24,2504,8,2,8,3.84,0.13028775,12.0425251654912,9.75516045823635,1,54,0.0583320527453844,0.134968943238654
24,2504,8,3,8,4.92,0.18632825,11.6082245367765,10.5379451695255,1,87,0.0217260848323291,0.0678761431760205
24,2504,10,1,10,6.8,0.2246508,16.6745132465943,13.8982563674037,1,78,0.0184026472905325,0.0512094634451944
24,2504,10,2,10,7.2,0.246259,16.3359880961738,14.2663845265046,1,90,0.0240029489084281,0.0458693813375848
24,2504,10,3,10,7.68,0.2593844,17.0057920780232,14.5010131033382,1,93,-0.0112491139040376,0.0505969748700148
24,2504,12,1,12,7.84,0.209494166666667,19.444139276356,16.3490365874529,1,83,0.0171676165169072,0.0502107348703698
24,2504,12,2,12,9.24,0.256415666666667,20.2381873773369,17.3619519338245,1,93,0.000255374319218008,0.0518241591508575
24,2504,12,3,12,8.36,0.235791333333333,19.2511483123721,16.9165359465899,1,80,0.0233304843930029,0.0553465571594725
25,2504,2,1,2,1.28,0.192394,3.18248542742856,2.63924555045868,1,47,-0.0203433593912432,0.132458649368386
25,2504,2,2,2,1.6,0.271584,3.14936434369625,2.93859511982987,1,65,0.00961845779882414,0.123145019420699
25,2504,2,3,2,1.48,0.233659,2.93956787247201,2.792718142611,1,49,-0.0239027095681298,0.161003699746195
25,2504,3,1,3,1.48,0.15838,4.35569013242181,3.79674196994424,1,63,0.106777352439135,0.186187877342891
25,2504,3,2,3,2.4,0.284295333333333,4.74473497386091,4.49140696323267,1,88,0.0162144006600713,0.078819166207662
25,2504,3,3,3,1.4,0.164113333333333,4.10537346252687,3.85228813787805,1,43,0.0915840686701381,0.223074864272175
25,2504,4,1,4,3.2,0.2826065,6.51258727116014,5.9626579413018,1,110,0.0110931317814646,0.066301390389092
25,2504,4,2,4,3.24,0.25258,6.74301793686715,5.66090138442433,1,90,-0.00730902101430078,0.07293879593378
25,2504,4,3,4,2.24,0.17737,6.28006322989187,5.172622832374,1,85,0.0205420917374666,0.0840409814686211
25,2504,5,1,5,4.32,0.3096368,8.45677545845656,7.70783868332468,1,105,0.0185296481742867,0.0524147065275189
25,2504,5,2,5,3.76,0.2762976,8.10686371054409,7.43846476542929,1,104,-0.0147730084643406,0.0588346461523103
25,2504,5,3,5,2.92,0.2023156,7.01415204588359,6.7525169057485,1,90,-0.0402003287784023,0.0838520917730162
25,2504,6,1,6,4.88,0.285997,10.2422454582374,8.97183273567291,1,113,-0.00580520061385002,0.0432881155329079
25,2504,6,2,6,4.32,0.247475333333333,9.66375267168484,8.5522733387832,1,88,-0.0129410039515815,0.0694712432630292
25,2504,6,3,6,4.56,0.247569666666667,9.7373694869698,8.50566564428055,1,98,0.00245408429704193,0.0608808144133804
25,2504,8,1,8,5.2,0.225619,12.4966526696594,11.1019773994422,1,91,0.0128181542064822,0.0532911264490723
25,2504,8,2,8,5.48,0.2240195,12.6951420146237,11.0239515898403,1,98,0.000825782485453828,0.0515193189329765
25,2504,8,3,8,5.28,0.22006975,12.7731868735785,10.9714052171237,1,89,-0.00471369826423374,0.0657362517254117
25,2504,10,1,10,6.84,0.2210546,15.6467932110477,13.7339282033042,1,112,-0.0106912895200527,0.049510607449323
25,2504,10,2,10,7.56,0.2547398,15.9472873820228,14.3632804649596,1,125,0.010687572577361,0.0320573506937807
25,2504,10,3,10,6.96,0.2209208,15.4007195303268,13.7168422498185,1,110,0.00723165222512677,0.0500746450370375
25,2504,12,1,12,8.6,0.236615333333333,19.3258782991724,16.8245877373072,1,114,0.00749667985901398,0.0447036695498826
25,2504,12,2,12,8.12,0.228633833333333,18.9663022932718,16.6850981677451,1,101,0.00412806103768305,0.0414921724433848
25,2504,12,3,12,9.72,0.276356166666667,20.7299096633073,17.6805807926136,1,105,0.00140792112111302,0.0349527728448986
26,2504,2,1,2,1.84,0.273329,3.80243986841094,2.91544679187875,1,72,-0.00302141328384428,0.107552261816608
26,2504,2,2,2,1,0.159358,3.19207965654116,2.53309075631567,1,24,-0.0544466432545077,0.281527006217383
26,2504,2,3,2,1.28,0.250702,3.08361788013204,2.8912774171896,1,37,0.0801979959499143,0.191783860024174
26,2504,3,1,3,2.76,0.249888,5.27249643515948,4.20166018716101,1,83,-0.00665027495852185,0.0866702477808224
26,2504,3,2,3,2.56,0.303170666666667,5.34922615327733,4.56783128160497,1,78,-0.000636469565223239,0.0924107878822752
26,2504,3,3,3,2.36,0.255,5.29371786982537,4.27911285393533,1,62,0.00622718652303923,0.0819205921312044
26,2504,4,1,4,2.76,0.207068,7.05685249654676,5.37652871898742,1,79,0.0188390053558503,0.0887799805467746
26,2504,4,2,4,3.08,0.258424,7.41471170741256,5.7730269387059,1,67,-0.0155392169081597,0.0883827429976109
26,2504,4,3,4,3.72,0.3131535,7.77031642103361,6.14689668862922,1,105,0.00272210916628181,0.045651333474432
26,2504,5,1,5,2.8,0.1834604,7.50098378026178,6.56221022464487,1,96,0.0185713484572476,0.0805866847377853
26,2504,5,2,5,4.12,0.2945796,8.62655832319983,7.56509414127592,1,94,-0.00914296612478274,0.0589042725053411
26,2504,5,3,5,3.2,0.2250288,7.89038863126452,6.97394374452414,1,73,0.00292026788619063,0.0741864569226599
26,2504,6,1,6,3.8,0.177146666666667,8.8824088821186,7.73905357032667,1,94,-0.0101035108222608,0.0644737854907271
26,2504,6,2,6,4.32,0.222137666666667,9.4778766767722,8.24131362798724,1,93,0.00689310443120264,0.0420968224106896
26,2504,6,3,6,5.56,0.292255666666667,10.7541749277051,8.89793342407765,1,119,-0.00877656463880577,0.0368445496684671
26,2504,8,1,8,6.32,0.26821725,14.2539716696085,11.6797030640592,1,97,-0.0186310671951105,0.0541473452358744
26,2504,8,2,8,4.96,0.1948,13.1643968631157,10.6225336439515,1,76,0.0276908586558652,0.0694225152665364
26,2504,8,3,8,5.56,0.22129475,13.0858020353521,10.9984775214491,1,101,-0.00377112085378638,0.0383127934210598
26,2504,10,1,10,7.92,0.2711148,18.1336607308558,14.6183523263911,1,107,-0.00124125526689659,0.0412052477461669
26,2504,10,2,10,8.04,0.2433628,17.0759634337155,14.0320743171463,1,112,-0.00449612121494368,0.0337338484719882
26,2504,10,3,10,7.76,0.2374288,17.0676075123706,13.9557536537074,1,103,-0.00614450452048224,0.0335182707069346
26,2504,12,1,12,8.92,0.219555,20.3381512350628,16.341329427731,1,110,-0.000332890437874752,0.0421031309192996
26,2504,12,2,12,9.92,0.274657,20.9173436439606,17.6337922671236,1,108,-0.00762704927438516,0.0308814492235857
26,2504,12,3,12,8.08,0.215776666666667,18.9700235190291,16.3986809269294,1,99,0.00545891436381596,0.0401109016103508
27,2504,2,1,2,1.32,0.173427,2.96285842809889,2.52713553095198,1,62,-0.0629375682115104,0.173617995636589
27,2504,2,2,2,1.04,0.101714,2.26588536841487,2.2861632352263,1,68,-0.0345844625461068,0.127981939456712
27,2504,2,3,2,1.28,0.162134,3.0241130202957,2.4925375774504,1,98,0.059664956366919,0.0960657745527602
27,2504,3,1,3,2.24,0.233692,5.06709770506524,4.16811743148596,1,68,0.0292415381622695,0.092276702279922
27,2504,3,2,3,1.8,0.139206,4.045121013211,3.64466114048885,1,61,0.0178104057371868,0.10979582831533
27,2504,3,3,3,2.6,0.275670666666667,5.42647586800227,4.4085064120488,1,76,0.016829367202933,0.0778293256483688
27,2504,4,1,4,3.04,0.2547285,7.34022067119721,5.74286724632128,1,74,0.0247241560071652,0.0911478917332056
27,2504,4,2,4,2.92,0.2062535,6.28432914725371,5.35116558361421,1,69,0.0239898848227737,0.0887657317384237
27,2504,4,3,4,2.96,0.1949075,6.81855393922225,5.24546113124344,1,81,0.0389813951815199,0.0782806243249404
27,2504,5,1,5,3.92,0.2318752,7.87110496750261,6.93243545122489,1,104,0.0103435545383632,0.0424414468289891
27,2504,5,2,5,3.28,0.1752108,8.01987933069678,6.37734231301338,1,97,0.0286584003443343,0.0751756929641874
27,2504,5,3,5,4,0.2523832,8.42918336868865,7.14442161076028,1,112,-0.0100090394349387,0.0473169043348754
27,2504,6,1,6,4.48,0.239555666666667,10.2404512702514,8.43398569377666,1,82,0.00996276148808873,0.0516274868167052
27,2504,6,2,6,4.48,0.234453666666667,9.66063789964587,8.36459552491864,1,106,-0.0176109176574868,0.0456317037585734
27,2504,6,3,6,4.24,0.211358,9.53788697645589,8.10180352177284,1,87,-0.00911940264993433,0.0516059509044603
27,2504,8,1,8,5.8,0.226584,14.0446160685092,11.0952693251243,1,98,0.00339714799120881,0.0445600284358288
27,2504,8,2,8,5.68,0.21232075,12.5475280513937,10.809238107275,1,107,-0.00591815511666713,0.046066999301115
27,2504,8,3,8,5.84,0.22239175,12.9544225404349,10.9008930667569,1,90,0.00784478195559539,0.0381290090974044
27,2504,10,1,10,7.08,0.2147082,16.4779372810365,13.5884514860887,1,97,0.000652519634473159,0.0452060653914432
27,2504,10,2,10,7.16,0.2138598,15.7543677003137,13.5007913713138,1,115,0.0108923931770367,0.0368375266900137
27,2504,10,3,10,7.2,0.2170722,16.7059315299961,13.5635161023892,1,108,0.0112375836281365,0.0422617053460387
27,2504,12,1,12,8.64,0.219465166666667,19.863070018421,16.3970971240159,1,89,0.0162929236299836,0.0431137901085175
27,2504,12,2,12,9.04,0.226943166666667,20.0417253049458,16.5137001147014,1,107,-0.003971805580478,0.0389032723858897
27,2504,12,3,12,9.12,0.2389785,20.6051613627536,16.8014225050973,1,99,-0.00848394044930109,0.0427617470864328
28,2504,2,1,2,1.52,0.280923,3.39529416120026,3.0055703877811,1,54,-0.0273760642307148,0.160668320818041
28,2504,2,2,2,1.56,0.299541,3.26864176610249,3.08747462198159,1,51,-0.0577977629273703,0.171649862572201
28,2504,2,3,2,1.16,0.209638,3.40875798862213,2.72814352514858,1,41,0.100118151923118,0.201699291964583
28,2504,3,1,3,2.12,0.232229333333333,5.91331761119229,4.20491076288863,1,62,-0.0237866667080246,0.111620606468017
28,2504,3,2,3,1.72,0.179244,5.33650420962266,3.90996304530906,1,50,-0.0274266724932724,0.112440512899879
28,2504,3,3,3,1.8,0.188274666666667,5.01483225539856,3.96449079714797,1,50,0.00844343361992154,0.156597465828122
28,2504,4,1,4,2.6,0.2133075,7.60130672156827,5.47715841731861,1,66,-0.0103355169232655,0.092228234079854
28,2504,4,2,4,2.92,0.2279115,6.60804272405708,5.52276653254696,1,94,-0.0100839594251699,0.0673450324093107
28,2504,4,3,4,2.6,0.2122445,6.80170659473907,5.44675576887332,1,70,-0.000571309885036505,0.0817314620185222
28,2504,5,1,5,4.08,0.2787148,8.31017852251899,7.4123897324235,1,110,0.00334756054806405,0.0482326248843574
28,2504,5,2,5,3.4,0.2275064,8.39517663125358,6.92882298473817,1,88,-0.000615442869229844,0.0703393911858963
28,2504,5,3,5,3.48,0.1929952,9.40586925827904,6.58794524906823,1,71,-0.0124415836306935,0.104057161124539
28,2504,6,1,6,4.28,0.245805666666667,10.7122728938935,8.57125981386734,1,91,0.0120207325336859,0.0650581475525469
28,2504,6,2,6,4.24,0.224210666666667,10.1781004820113,8.25200373065341,1,109,-0.0128292261553539,0.0536287830869969
28,2504,6,3,6,5.44,0.300966333333333,10.8141358322055,9.09822975933998,1,114,-0.0130777492887983,0.037508807784518
28,2504,8,1,8,5.76,0.23259725,13.7055259161055,11.1801300405393,1,104,0.0102888987077803,0.0516248531831962
28,2504,8,2,8,5.48,0.217712,13.0518310378495,10.9383548527362,1,98,-0.0131845898079116,0.0515697873078261
28,2504,8,3,8,5.72,0.23008425,14.1948471967661,11.1318756716514,1,99,-0.00571966001396196,0.0486846968553379
28,2504,10,1,10,7.32,0.2327038,17.2295057344949,13.9101121039669,1,102,0.00301306147985919,0.0471171235561387
28,2504,10,2,10,7.04,0.2350612,16.7244834634118,14.0776186106249,1,102,0.000491222407633233,0.0420307794762171
28,2504,10,3,10,7.12,0.2299846,17.2001514782056,13.9179144874042,1,95,-0.00639101918932543,0.0531948399736523
28,2504,12,1,12,8.2,0.228669333333333,20.2186377167224,16.7232358165864,1,106,-0.0083661784334199,0.0522569306771752
28,2504,12,2,12,8.32,0.222881166666667,20.385044610823,16.5278611783641,1,92,-0.00636500650138911,0.0474759282776553
28,2504,12,3,12,9.28,0.247820333333333,20.1718395160093,17.0562624406144,1,108,0.000283472097628326,0.0352652197166224
29,2504,2,1,2,1.68,0.288106,3.29610733370234,2.99944691957191,1,52,-0.00695087891964008,0.146670021445546
29,2504,2,2,2,1.8,0.253455,3.22704437739906,2.84063400335261,1,67,-0.0177315713839702,0.101323924455722
29,2504,2,3,2,2,0.404563,3.73214383810604,3.4583053670887,1,64,-0.0258856434140835,0.125977477135622
29,2504,3,1,3,2.24,0.270008666666667,4.63236011962958,4.41182886988736,1,82,-0.00937367344627549,0.0867787916656848
29,2504,3,2,3,2.52,0.269334666666667,5.66242101996433,4.35078804689173,1,65,-0.0497150974743009,0.113682805490805
29,2504,3,3,3,2.44,0.315675333333333,5.41225453228019,4.6805861833752,1,74,0.0105284925975199,0.068114161556028
29,2504,4,1,4,3.48,0.3306435,6.99282327329637,6.36358392441449,1,102,-0.00619054653209646,0.0627821138061105
29,2504,4,2,4,3.2,0.2715875,7.23415001616389,5.85400832968913,1,82,-0.0182968670091365,0.0737121705590764
29,2504,4,3,4,3.12,0.2256785,6.23357310186524,5.48306531531777,1,71,-0.0241758140781278,0.098157852240892
29,2504,5,1,5,3.88,0.243528,8.09519435654319,7.03499165516452,1,98,-0.00626595187767503,0.0499136343603205
29,2504,5,2,5,4,0.2930936,8.24811096621166,7.59289213976851,1,103,0.00326136214308306,0.0592712525132693
29,2504,5,3,5,4.08,0.3058124,8.5681614921106,7.7181284500231,1,113,-0.0117570091549013,0.0410717565759468
29,2504,6,1,6,4.76,0.280908666666667,10.4222310577268,8.91752261582755,1,114,0.00289310978434685,0.0412409653009916
29,2504,6,2,6,4.76,0.294398666666667,10.6129202644937,9.09630697013837,1,82,-0.0203847508577213,0.0672288165897273
29,2504,6,3,6,5.2,0.287572,10.4365197587901,8.94742644488067,1,111,-0.0124616792459523,0.0439085629161739
29,2504,8,1,8,6.16,0.25981575,13.3868695923202,11.5882552209472,1,109,-0.00172678880378405,0.0327991557179166
29,2504,8,2,8,6.92,0.319397,13.8736701490259,12.4934794748187,1,138,0.00461378592955724,0.0318516540945597
29,2504,8,3,8,6.36,0.262548,13.1591332033673,11.5831513649251,1,116,-0.00777474985348976,0.0394877328394515
29,2504,10,1,10,8.28,0.2866084,17.1321356699469,15.0115410126164,1,122,-0.00215640808539088,0.0247576063815628
29,2504,10,2,10,8.24,0.2635892,16.9817812580273,14.4809079474509,1,121,-0.00360143314686516,0.0295754031612365
29,2504,10,3,10,8.08,0.2796138,17.2298198974516,14.8644824322238,1,116,-0.00381911030230464,0.0359561176773039
29,2504,12,1,12,10.44,0.293746666666667,21.3893535459447,18.0953487492932,1,123,0.00123792895048763,0.0304941995498836
29,2504,12,2,12,9.96,0.284044666666667,20.8233451430107,17.9306533561699,1,114,0.00282024517289547,0.0301595106304897
29,2504,12,3,12,10.12,0.292292666666667,21.1751765626101,18.1260465384849,1,119,0.000977740421893588,0.027926291167761
30,2504,2,1,2,1.6,0.25447,3.21958497381328,2.86616028089072,1,50,-0.0378644106196608,0.158961018730699
30,2504,2,2,2,1.64,0.338776,3.74069292201087,3.24125210886435,1,48,-0.00443138133096459,0.168088213751114
30,2504,2,3,2,1.64,0.31881,3.89309579556739,3.15369037526675,1,57,-0.0277765147401962,0.15542603093291
30,2504,3,1,3,2.24,0.274933333333333,5.15253442831011,4.49228316058216,1,80,-0.0201810376163523,0.0947798952267659
30,2504,3,2,3,2.44,0.278678,5.26862084530307,4.47558989509952,1,64,-0.0363764962557003,0.096380971309604
30,2504,3,3,3,2.68,0.312821333333333,5.43814096900904,4.63198874274307,1,87,0.00655264603811409,0.0693239209119026
30,2504,4,1,4,3.24,0.2833775,7.32528238739228,5.96986984424056,1,77,-0.0039123384528452,0.0730039243555429
30,2504,4,2,4,3.08,0.2355505,6.13132434246617,5.54823448435299,1,83,0.00801983591783894,0.0638309456381326
30,2504,4,3,4,3.68,0.307435,7.31303279420209,6.06353574091286,1,105,0.0052039582815078,0.0386744713976104
30,2504,5,1,5,3.88,0.2494692,8.57760301005186,7.14106093324657,1,80,-0.0137429518100331,0.0776753160642973
30,2504,5,2,5,4.32,0.2762988,8.60053917564064,7.32292349003277,1,111,-0.0133228586674707,0.0406822246865656
30,2504,5,3,5,3.8,0.2714908,9.32858074781594,7.40947301366803,1,92,0.00503480907759898,0.0521060341686918
30,2504,6,1,6,4.56,0.259806333333333,10.8744917115183,8.71969622159188,1,81,-0.00359504417119425,0.0475992754165643
30,2504,6,2,6,4.28,0.244294333333333,10.1103552914965,8.56218820338741,1,93,0.0186093117542738,0.0566313730782524
30,2504,6,3,6,4,0.206312,9.36309117326529,8.08613767737193,1,92,-0.000282549172903609,0.0534868843693597
30,2504,8,1,8,6.84,0.291517,14.072618714486,12.0039751026774,1,130,-0.00349528973162391,0.0288066425445093
30,2504,8,2,8,6.48,0.279373,14.267139115689,11.8827000911061,1,96,-0.000138482155985954,0.0484053274519228
30,2504,8,3,8,6,0.25829225,13.911990416743,11.5753106766038,1,99,-0.000164511383477267,0.0512011977499503
30,2504,10,1,10,7.44,0.2657918,17.6081822926688,14.6964320079632,1,90,0.0097891433735139,0.0424674819705618
30,2504,10,2,10,7.6,0.2521132,16.1031274436076,14.320143267771,1,116,0.00943222277693233,0.0374900961120918
30,2504,10,3,10,8.08,0.2697258,17.3708641708209,14.6200678174999,1,103,-0.00202813841600671,0.0351143024538338
30,2504,12,1,12,8.88,0.254737666666667,21.0227796824083,17.3411721670133,1,93,-0.00532041911013707,0.047844058125501
30,2504,12,2,12,9.72,0.272646,20.7600205485231,17.5993327245322,1,116,-0.0022121958553284,0.0238547025840566
30,2504,12,3,12,9.52,0.271457666666667,21.0047780699379,17.6402482728151,1,108,-0.00197882546756471,0.0313286717401555
31,2504,2,1,2,1.4,0.177847,3.76797348021477,2.58472002010882,1,55,-0.0184302138934776,0.174735042746273
31,2504,2,2,2,1.72,0.308937,3.98580201032588,3.09586205357477,1,44,-0.0638917611297429,0.129967625074458
31,2504,2,3,2,1.4,0.177847,3.76797348021477,2.58472002010882,1,55,-0.0184302138934776,0.174735042746273
31,2504,3,1,3,2.28,0.259816,5.64166875049445,4.3526906922085,1,66,0.00751474793847703,0.108689102377112
31,2504,3,2,3,2.48,0.308886,5.8632633155667,4.6334964158231,1,66,0.0212611256110108,0.094963392186925
31,2504,3,3,3,2.28,0.250028666666667,5.27029077087109,4.29229829200911,1,79,0.00829526778333945,0.0805474620575398
31,2504,4,1,4,3,0.259104,6.3317549159112,5.82609961423079,1,81,-0.0123467975408162,0.0757823366766754
31,2504,4,2,4,2.84,0.2514375,6.64606610995524,5.76186472105186,1,78,0.0101057553992825,0.0688616485439723
31,2504,4,3,4,3.4,0.320118,7.49896922265885,6.27046239330411,1,101,0.00703713645257003,0.0590132596211778
31,2504,5,1,5,4.24,0.2978376,8.79812811690251,7.58077975033238,1,101,-0.000758912848789045,0.0591912421799344
31,2504,5,2,5,2.84,0.1638044,7.72561860392933,6.3841898029724,1,76,0.0121443556958581,0.12072159590963
31,2504,5,3,5,3.52,0.2166016,8.40440751669707,6.78944948041183,1,84,0.0021398064029456,0.0707157623010281
31,2504,6,1,6,4.4,0.226562333333333,10.239667732744,8.26126541088107,1,90,-0.00052826842669515,0.0849752164088733
31,2504,6,2,6,4.44,0.26973,10.8313745378395,8.84618652855267,1,89,0.0123433347928093,0.0652406997465596
31,2504,6,3,6,5,0.281632,11.0299547831226,8.92145698809359,1,89,-0.012274946346229,0.065624474768835
31,2504,8,1,8,6.16,0.2565995,14.9813276596467,11.5616023452585,1,95,0.0100517083480927,0.0661990811074476
31,2504,8,2,8,5.84,0.23930325,13.7616747430018,11.2641339706724,1,95,0.000263330358163446,0.0711735444890538
31,2504,8,3,8,5.76,0.23548075,14.2064868342389,11.2281940329695,1,88,-0.00195801742623597,0.0733011411970787
31,2504,10,1,10,7.28,0.2360248,17.0832343433345,14.0222258693917,1,102,-0.000655367384231131,0.0500209478639596
31,2504,10,2,10,7.12,0.242987,17.5464479874579,14.2375971814471,1,98,0.00837963620069051,0.0620541892908396
31,2504,10,3,10,7.92,0.2805904,18.4717193990966,14.919901851779,1,97,0.00423009632802148,0.0615312236899699
31,2504,12,1,12,8.72,0.248429833333333,20.7589432943024,17.1668592117709,1,101,0.00461721178940082,0.0491901204206148
31,2504,12,2,12,9.48,0.26626,21.9130120932165,17.5070408226033,1,99,0.00168896206640451,0.0538250746860468
31,2504,12,3,12,8.6,0.2384205,20.9177759031351,16.947626977212,1,102,0.0154361496206875,0.0527663351785006
32,2504,2,1,2,1.32,0.17492,3.3845124338348,2.5550442396014,1,35,-0.139348968883409,0.223438727162369
32,2504,2,2,2,1.08,0.146562,2.64441055479575,2.49268211117393,1,59,-0.105917592777263,0.20152005165294
32,2504,2,3,2,1.44,0.202903,2.84991527834082,2.68736247115837,1,53,-0.00470602242102786,0.173319569589637
32,2504,3,1,3,2.2,0.198138,4.14032005803671,3.98039227283009,1,66,7.81267571988555e-05,0.111155712680055
32,2504,3,2,3,2.44,0.224110666666667,4.238226039654,4.12729087808299,1,73,-0.000445094407955494,0.083903975271041
32,2504,3,3,3,1.96,0.190974,4.83815366761296,3.96084404761204,1,56,0.00319658079505168,0.168084358886206
32,2504,4,1,4,2.04,0.1093675,5.17429392825577,4.65323726768389,1,67,0.0118103159514722,0.127979973142408
32,2504,4,2,4,2.64,0.190793,6.71899658035235,5.23851982469991,1,73,-0.00857703449776782,0.098832252658205
32,2504,4,3,4,2.48,0.182123,5.49297040726241,5.23976586111896,1,83,0.0166747871744144,0.0890290661782834
32,2504,5,1,5,3,0.2019544,7.30015762597938,6.74906982307541,1,105,0.00509808948799484,0.0578430674566255
32,2504,5,2,5,2.68,0.1488264,6.90741859082452,6.21763704912388,1,90,-0.00959451052505135,0.10591791989409
32,2504,5,3,5,3.48,0.2294692,8.04868393500117,6.9908351400946,1,83,0.00105537136535785,0.0709526556143861
32,2504,6,1,6,3.76,0.194502666666667,8.9621219786654,8.01909396270993,1,101,0.000740817896291097,0.0630780887421207
32,2504,6,2,6,3.72,0.173212,8.38995253507738,7.72461654560815,1,105,0.0327235159721111,0.0845686817761566
32,2504,6,3,6,3.76,0.192026,9.58782746726414,7.92269930089656,1,91,0.00188496331338386,0.0696338353452375
32,2504,8,1,8,5.6,0.2059365,11.2387143716475,10.7821515191304,1,136,0.0111909110524012,0.0471843284526085
32,2504,8,2,8,5.16,0.18138625,11.53160183951,10.390806211441,1,113,0.021844061334176,0.0538294373217976
32,2504,8,3,8,4.88,0.1789405,11.6428501727326,10.3837701250348,1,107,0.00570361236361354,0.0624226703595726
32,2504,10,1,10,6.4,0.1841492,14.2140033022104,13.1006804488783,1,100,-0.000742564525345353,0.0476768354482285
32,2504,10,2,10,6.76,0.1940722,15.1109498873428,13.239209130516,1,104,0.00552019140347519,0.0550601129633225
32,2504,10,3,10,6.56,0.2042022,15.5072287347837,13.4402368027372,1,94,0.00993153903886574,0.0695140695463829
32,2504,12,1,12,8.6,0.215002,18.2142845866368,16.367423648073,1,114,0.00381398667283825,0.041217519172506
32,2504,12,2,12,7.72,0.1888735,18.2683774884197,15.7776880256012,1,103,0.00525025074657219,0.0498004167042338
32,2504,12,3,12,8.16,0.20024,18.6296725802971,16.0399654231024,1,109,0.00387974817148936,0.047064852822593
33,2504,2,1,2,1.92,0.251916,3.27153785216901,2.84584552552857,1,65,-0.0127246490839595,0.101665272073582
33,2504,2,2,2,1.48,0.252118,3.13082982435949,2.8950514018646,1,43,-0.0115298042953557,0.139032465426993
33,2504,2,3,2,1.96,0.324988,3.95174229646193,3.13548792899745,1,50,0.0360210278514112,0.134196877394358
33,2504,3,1,3,2,0.216042,4.94996624331669,4.09877615982058,1,51,0.0452910149378023,0.164350258741382
33,2504,3,2,3,1.92,0.202797333333333,4.94643883663394,4.03461313484118,1,65,-0.0301668254014918,0.111547605234865
33,2504,3,3,3,1.56,0.182822,4.34878991208343,3.9669638455002,1,54,-0.00144742832094889,0.126648103666524
33,2504,4,1,4,2.92,0.2343975,6.22750303488484,5.5939183676388,1,69,0.0140229854515686,0.0983983852691282
33,2504,4,2,4,3.24,0.262069,6.7825150318334,5.80089109828476,1,82,-0.00289982284706149,0.0779958835797825
33,2504,4,3,4,3.48,0.310955,7.33720937658683,6.19688090979487,1,95,0.0111984566615613,0.0561987070635561
33,2504,5,1,5,2.88,0.1956608,7.862637089805,6.72464973111747,1,68,-0.0152737148870526,0.0753091160310382
33,2504,5,2,5,4.44,0.2411904,8.12516194747518,7.04796921093837,1,107,-0.0183252548710542,0.0520603528507271
33,2504,5,3,5,3.68,0.2357056,8.21143381811812,7.0421682333674,1,90,0.00615200531416679,0.0552543502073724
33,2504,6,1,6,4.84,0.280884,10.4209034805445,8.9372203311543,1,93,-0.0197756093758452,0.0477076616640484
33,2504,6,2,6,4.44,0.221158333333333,9.08487277774576,8.26416055551185,1,100,-0.0251632849087796,0.0495018638392361
33,2504,6,3,6,5.2,0.237429,9.79496689468498,8.36367273231122,1,101,-0.00476400101788398,0.0505649664163928
33,2504,8,1,8,6.64,0.265737,13.9429252127381,11.6597657734603,1,107,-0.00518620622460495,0.0284311075610446
33,2504,8,2,8,5.88,0.21717725,12.5884360321446,10.9762614500903,1,111,-0.0161835269442276,0.0357184656987548
33,2504,8,3,8,6.68,0.25021875,13.3154908940808,11.4140667076501,1,112,0.00338109442514033,0.0323161457973025
33,2504,10,1,10,8.4,0.2657094,16.7227410622523,14.5549039047508,1,111,-0.0127727120140516,0.0257763236096911
33,2504,10,2,10,8.36,0.2580332,16.8184929117528,14.413609548519,1,96,-0.00547195400516707,0.0319008306118081
33,2504,10,3,10,8.04,0.2313472,16.3510912189788,13.8576228795012,1,115,-0.00766653487530038,0.0328749054200671
33,2504,12,1,12,9.48,0.262377,20.8098214033502,17.4212626200722,1,121,-0.00219686590600773,0.0241833359589325
33,2504,12,2,12,9.8,0.2493625,20.2063326826904,17.0559142330058,1,112,-0.0135691473391579,0.027623230154397
33,2504,12,3,12,9,0.22895,19.3722127280533,16.652901098344,1,122,-0.00606057906354949,0.0247884926688858
34,2504,2,1,2,1.52,0.260575,3.45340820591865,2.89408590234391,1,34,-0.0958461611642385,0.257882537824922
34,2504,2,2,2,1.96,0.34656,3.78348546752292,3.22859170112155,1,65,0.00818697216479614,0.113662603533289
34,2504,2,3,2,1.76,0.313905,3.41063025184716,3.09536349953118,1,64,0.0304626678717159,0.123235699974011
34,2504,3,1,3,2.8,0.322222666666667,5.18657570067183,4.68509684142429,1,80,-0.00154878184668609,0.0620076726579861
34,2504,3,2,3,2.88,0.362000666666667,5.79051911132788,4.91381520847007,1,87,0.00502381686498926,0.0625993289462982
34,2504,3,3,3,2.96,0.357585333333333,5.38497952736165,4.85986673593446,1,85,0.000312788209410099,0.0698346936487177
34,2504,4,1,4,2.4,0.1628705,5.63630922720847,5.04960528436359,1,63,0.0357198105775892,0.112006236271227
34,2504,4,2,4,2.84,0.2274645,6.30500653837224,5.54182683774276,1,86,0.00256887510676628,0.0609165616559142
34,2504,4,3,4,3.4,0.2716445,6.83373200195304,5.81684934594687,1,80,-0.0182382903387328,0.0805732623104237
34,2504,5,1,5,3.12,0.1912712,7.23719227271053,6.6189791409972,1,86,-0.0022528416531425,0.0818409360251693
34,2504,5,2,5,3.68,0.223636,8.64572878598658,6.88125391262872,1,76,0.0057276623730711,0.0648091751277078
34,2504,5,3,5,3,0.1699376,7.41516820077786,6.39411922897595,1,83,0.000770178288237844,0.0813311725843516
34,2504,6,1,6,4.76,0.257422666666667,9.56573118102714,8.6236107358791,1,105,0.0127077260682996,0.0390582042664858
34,2504,6,2,6,4.16,0.21796,9.72787379358851,8.20355599906413,1,93,0.00892496174783546,0.057107518896857
34,2504,6,3,6,4.24,0.219492666666667,8.84627167324384,8.20045029128524,1,90,0.000278032415060241,0.0565006331400737
34,2504,8,1,8,6.48,0.25900125,12.9439177779512,11.5263166083883,1,116,0.0174558365907546,0.0324464153936611
34,2504,8,2,8,6.6,0.26534525,13.5104720384666,11.6262444236166,1,114,0.00620298943413355,0.0330295112931271
34,2504,8,3,8,5.8,0.22451925,12.5080660520473,10.9951233325012,1,88,-0.0182981121920014,0.0768352024944218
34,2504,10,1,10,7.4,0.22952,16.0654407569556,13.8732151221606,1,102,0.00260141399605968,0.040061438513102
34,2504,10,2,10,8.6,0.2891138,17.9462682758671,14.9976909341351,1,110,0.0153089274779333,0.0326683255334987
34,2504,10,3,10,7.4,0.2368448,15.4137836350965,14.000185314269,1,101,0.00685202987090105,0.0488836972649501
34,2504,12,1,12,8.8,0.2277445,19.1440585216544,16.6200948061363,1,96,0.0152202443849724,0.037464022630157
34,2504,12,2,12,9.84,0.265781,19.7376698488168,17.4336953897611,1,115,0.010097529301006,0.0260595896666849
34,2504,12,3,12,8.96,0.242749666666667,19.5961004647175,16.9496440766629,1,91,0.00750471162062361,0.0442850900813949
35,2504,2,1,2,1.2,0.196582,3.37811169925981,2.67207668907528,1,49,-0.0637738860748515,0.19035289677512
35,2504,2,2,2,0.96,0.168768,3.18442983047456,2.58979626203462,1,58,-0.118335890860851,0.25201069271371
35,2504,2,3,2,1,0.151392,2.60737127153421,2.50271894813827,1,33,-0.24835908902445,0.392025216588609
35,2504,3,1,3,2.04,0.217546,4.83838220360195,4.11089145286052,1,60,-0.0356268016033354,0.100818372086239
35,2504,3,2,3,1.36,0.114969333333333,4.5221773866447,3.56935160272182,1,42,0.0169909255481156,0.189104856847793
35,2504,3,3,3,2.32,0.209410666666667,5.05045355394,4.02185993691838,1,51,0.0489808858561151,0.160932982873837
35,2504,4,1,4,2.48,0.185745,5.91934228192499,5.22984783024446,1,76,-0.0078836416187296,0.0934048364954169
35,2504,4,2,4,3.4,0.252433,7.53633364560704,5.69046817904219,1,66,0.0128492011957911,0.0653632793448653
35,2504,4,3,4,3.36,0.2893,7.50291391472707,5.99787381168728,1,90,-0.00260246446655388,0.0523837199687853
35,2504,5,1,5,3.08,0.2001192,7.72115539474767,6.7060033212793,1,89,0.00559981883238573,0.0709611829311854
35,2504,5,2,5,4.04,0.2727612,8.96468184234594,7.34659513450407,1,104,0.00816304771512834,0.0380100222540893
35,2504,5,3,5,3.08,0.1859816,8.02359422488162,6.57247494801136,1,89,0.00649558890447103,0.0660626142298567
35,2504,6,1,6,4.08,0.228206666666667,10.1319375897417,8.37236261470381,1,93,0.0107108247586522,0.0467153799582891
35,2504,6,2,6,4.48,0.231162,10.4886614941443,8.36470929981562,1,83,0.00286500456435682,0.0413714372062395
35,2504,6,3,6,3.2,0.176898666666667,8.76054818885561,7.82101923435982,1,93,0.0203122491918225,0.0548380063045226
35,2504,8,1,8,5.36,0.211443,12.3601373490011,10.858478448261,1,95,0.0101114182858128,0.0562131263508878
35,2504,8,2,8,5.44,0.21910975,13.1840177253728,11.0162361466985,1,95,0.0138639407800424,0.0372042758822384
35,2504,8,3,8,5.68,0.21470975,13.602323410306,10.8643385910761,1,93,0.00846907212629257,0.0433312552305643
35,2504,10,1,10,5.48,0.1637704,14.5766745447967,12.7550553135868,1,77,0.0162661228323181,0.0548165866018432
35,2504,10,2,10,6.76,0.2159692,16.1770049973659,13.6705620101515,1,97,0.0102692602659083,0.0415258867075049
35,2504,10,3,10,7.04,0.2193592,16.5979745730119,13.6974572266128,1,84,0.00307125875129086,0.0443205140100657
35,2504,12,1,12,8.4,0.217608666666667,19.6929215800548,16.4219266290506,1,79,0.000176095277534066,0.0476621163025863
35,2504,12,2,12,7.2,0.1788305,18.3547000324459,15.5768387697262,1,74,0.00503531568402076,0.0668631645636812
35,2504,12,3,12,7.44,0.192416166666667,19.2557193686374,15.9187611753609,1,87,0.0183137020693554,0.0426035211056138
36,2504,2,1,2,1.36,0.230424,3.26526801971327,2.80350584929207,1,82,-0.02069513522773,0.125169658532197
36,2504,2,2,2,1.08,0.165361,2.93850761275087,2.59193261521645,1,44,-0.144387898423633,0.265909008686615
36,2504,2,3,2,1.08,0.197191,2.87124751359798,2.70446525487971,1,144,-0.0334545468152521,0.0701905856671924
36,2504,3,1,3,1.92,0.219438666666667,5.22452100404861,4.15450785432519,1,61,0.000801260320343984,0.109368024590566
36,2504,3,2,3,2,0.171884666666667,4.97321242505663,3.84319679079783,1,38,0.0954899734402962,0.203007936623163
36,2504,3,3,3,1.8,0.158896666666667,4.21895553346778,3.77113074147548,1,66,0.0681087897416365,0.165474684346137
36,2504,4,1,4,2.24,0.1710155,6.16865190109603,5.16130721580869,1,90,-0.0116035239254437,0.0917373482107387
36,2504,4,2,4,2.96,0.244932,7.26223834794205,5.67201907459421,1,69,-0.0220119351072618,0.100012175467004
36,2504,4,3,4,2.16,0.148666,6.37707824982055,4.96187238708835,1,40,0.0223038797830961,0.191073105747392
36,2504,5,1,5,3.96,0.2727896,8.5548115575642,7.33325629372699,1,101,-0.00802426656752379,0.046839680436439
36,2504,5,2,5,3.6,0.2411308,8.41299942270792,7.04722122152933,1,76,0.0469151881255305,0.0785705135184535
36,2504,5,3,5,3.2,0.1949252,7.35354983741661,6.65949636817543,1,76,0.0164245860300849,0.0940038349928748
36,2504,6,1,6,3.64,0.217509666666667,10.0675564714545,8.29054768169437,1,80,0.0123252839644811,0.074235937766428
36,2504,6,2,6,4.96,0.27241,10.078820316404,8.78572993661125,1,122,-0.00693065510999357,0.0377991037197908
36,2504,6,3,6,4.52,0.250192666666667,9.95701631395209,8.56905563047652,1,104,0.0136362453943368,0.0581297969260532
36,2504,8,1,8,5.4,0.214884,12.96641724172,10.9040239255699,1,95,0.0295659849439564,0.0596916083667217
36,2504,8,2,8,5.4,0.20721825,13.1618908933201,10.8037954523277,1,83,0.0238738535361861,0.0694964145500203
36,2504,8,3,8,5.36,0.2149155,13.5545232666443,10.9406384823729,1,79,0.0150790861616473,0.079862728763392
36,2504,10,1,10,6.64,0.2248416,16.8917147978605,13.8956248982848,1,81,0.00339512106891694,0.078928323946941
36,2504,10,2,10,5.92,0.1971458,15.9879847028528,13.4026642041247,1,82,0.0176260058662248,0.0767742634489093
36,2504,10,3,10,7.52,0.251859,17.2092075802172,14.3376986990941,1,93,-0.00885949370475317,0.0588158304981801
36,2504,12,1,12,7.6,0.209182833333333,19.392986623951,16.3267575545451,1,94,0.0372539723988559,0.0647592206751283
36,2504,12,2,12,8.12,0.215182166666667,19.579773738918,16.390026188584,1,93,0.0161883801858815,0.0527717766895778
36,2504,12,3,12,8.28,0.228787666666667,19.8933847819853,16.719387505965,1,96,0.00745440608104224,0.0517087828212614
37,2504,2,1,2,1.6,0.240095,2.94109346271627,2.78589443701636,1,55,-0.0147110358526046,0.176918525629099
37,2504,2,2,2,1.4,0.211143,3.7291949259075,2.72434292267239,1,51,-0.0799898465999749,0.181649203601142
37,2504,2,3,2,1.8,0.30256,3.73369555392554,3.04556115024544,1,46,0.00490306310189533,0.114370297712681
37,2504,3,1,3,2.28,0.260333333333333,4.95168574525122,4.36692186920067,1,76,0.00679139721976533,0.0802425646440565
37,2504,3,2,3,2.24,0.224547333333333,4.8110919510782,4.14579787322385,1,65,-0.0120022907557663,0.114573067487735
37,2504,3,3,3,2.68,0.316069333333333,5.60116330948029,4.6625889691065,1,71,-0.00576614157136437,0.0702800766898185
37,2504,4,1,4,3.16,0.264414,7.74305619529692,5.81091962911793,1,86,-0.00527085772231069,0.0823613273731463
37,2504,4,2,4,3,0.231716,6.88134459680688,5.58749611701769,1,79,-0.00307870896949055,0.0847887597954564
37,2504,4,3,4,3,0.2384775,7.13630862558453,5.61018406197709,1,74,-0.0107435427942323,0.0922293921720902
37,2504,5,1,5,3,0.1741276,6.84358546117074,6.45886037290727,1,78,-0.0478660390216379,0.096781151849232
37,2504,5,2,5,3.56,0.2427324,8.55010661787583,7.14125804407704,1,94,0.0135613072628222,0.0541977922339883
37,2504,5,3,5,3.84,0.2360744,8.07404608306469,6.95638244919853,1,84,0.00206839147514196,0.0828107275265642
37,2504,6,1,6,3.96,0.22203,9.36664796135461,8.29855200760844,1,100,0.004456121134665,0.0609682704703301
37,2504,6,2,6,4.16,0.213174,9.75800872636502,8.19869885921835,1,86,0.00331429880235555,0.0675696382836977
37,2504,6,3,6,4.4,0.228612,10.0012433490809,8.33586320481889,1,98,0.000852317899980298,0.0614081702958862
37,2504,8,1,8,5.8,0.222251,13.6244360181232,11.0470102464201,1,94,-0.00936385140161414,0.0715431212821893
37,2504,8,2,8,5.76,0.23624975,14.3358612683735,11.2758145019201,1,94,0.0169430929878256,0.0647858777259243
37,2504,8,3,8,5.32,0.20442625,12.6179497162221,10.7775420030339,1,108,-0.00344401213918086,0.050016533790434
37,2504,10,1,10,7.4,0.2289334,16.6710853686558,13.8662322874109,1,109,-0.00154706064389156,0.0458301318907245
37,2504,10,2,10,6.64,0.2044844,15.9679314669318,13.4849116491822,1,104,-0.0163790481539337,0.0471624944260972
37,2504,10,3,10,6.28,0.1979828,15.8439474668769,13.4132675247076,1,87,0.0129284426742428,0.0626793328055254
37,2504,12,1,12,8.88,0.234304333333333,20.7855110503258,16.8446684509363,1,97,0.00937359649763735,0.05347416248346
37,2504,12,2,12,9.56,0.253364166666667,21.5239095305036,17.2043625519705,1,102,0.00763210364871566,0.0466679795296947
37,2504,12,3,12,8.76,0.225849333333333,19.6260020438564,16.5861428059395,1,102,-0.000345996554544571,0.0415247735874989
38,2504,2,1,2,1.96,0.353249,3.69413833007095,3.21503804568821,1,55,0.0244804952756302,0.126918206975054
38,2504,2,2,2,1.68,0.302713,3.690828399032,3.0542704589777,1,54,-0.0171875290887497,0.179553378869769
38,2504,2,3,2,1.48,0.280311,3.93773434768984,3.00887256816301,1,45,0.00421982304178985,0.185873032460893
38,2504,3,1,3,2.08,0.216118,5.33924405498046,4.10979412173932,1,61,0.0272332814518502,0.140251288378694
38,2504,3,2,3,2.44,0.292720666666667,5.50575112098462,4.54913645779643,1,70,0.00218277262862448,0.0847073920371184
38,2504,3,3,3,1.52,0.152202,4.7648174257662,3.78338590185742,1,51,-0.0503283589447964,0.147228873752706
38,2504,4,1,4,3.24,0.300864,7.45223297716172,6.14798774858376,1,94,-0.0103075662995992,0.0603684487692454
38,2504,4,2,4,3.4,0.2930205,6.57870182690462,6.04268980961157,1,84,-0.00784516813323758,0.0727304233256159
38,2504,4,3,4,3.12,0.283528,7.14753629441313,5.98062465457972,1,91,-0.0105178019203366,0.078243921793701
38,2504,5,1,5,3.52,0.2287684,8.86034277182224,6.98226593023093,1,81,0.000149785434903622,0.0697773851649837
38,2504,5,2,5,3.4,0.2281184,8.32146843847441,6.98746490223498,1,74,0.00406162808406978,0.0914106759630928
38,2504,5,3,5,4.36,0.30389,9.34227977483538,7.65620610600979,1,108,-0.00728891299783551,0.0479000791415293
38,2504,6,1,6,4.4,0.263668333333333,11.3141073299963,8.77403847008339,1,91,0.00872023454806169,0.053156285693468
38,2504,6,2,6,4.12,0.242909333333333,11.2749468008486,8.57552425801834,1,84,0.00450675489859104,0.0713270243510571
38,2504,6,3,6,4.28,0.241733666666667,10.2407639378422,8.5632378126324,1,81,-0.0435978428830129,0.0839634425739452
38,2504,8,1,8,6.76,0.2909415,14.7673742523094,12.0692863800207,1,93,-0.00281420242494375,0.0515730703981687
38,2504,8,2,8,6,0.2606165,14.564808319481,11.6244764166626,1,77,-0.00794508512221052,0.0643134466645734
38,2504,8,3,8,6.52,0.2810805,14.5311507629283,11.8971127298713,1,107,-0.00368477901965727,0.0434317944988219
38,2504,10,1,10,6.44,0.1960256,16.3950391316588,13.3237048398685,1,93,-0.00747164857413837,0.0579705740378174
38,2504,10,2,10,7.28,0.2452186,17.544649204559,14.2443733202732,1,97,-0.00356699274504519,0.0392531943300875
38,2504,10,3,10,7.88,0.2746096,17.8971773063153,14.8208750441033,1,90,-0.0210658713770622,0.0641359083630603
38,2504,12,1,12,10.32,0.296882166666667,21.3852612110905,18.2392143519958,1,119,0.00142574343385448,0.0266594644551391
38,2504,12,2,12,8.56,0.230782666666667,19.860787532437,16.7165685152637,1,103,0.00661556019073089,0.0462824809862184
38,2504,12,3,12,8.92,0.247113333333333,20.9068943064171,17.1334533681765,1,88,-0.00597484469362635,0.0489107068651664
39,2504,2,1,2,1.48,0.248652,3.11872201665074,2.84923394772377,1,44,0.0139180808932594,0.168903830234132
39,2504,2,2,2,1.48,0.248652,3.11872201665074,2.84923394772377,1,44,0.0139180808932594,0.168903830234132
39,2504,2,3,2,1,0.098541,2.29326551026597,2.30545083401818,1,53,0.0255486502930709,0.2224747333768
39,2504,3,1,3,2.04,0.218817333333333,5.36505891647778,4.09815290957483,1,56,0.0116198471438627,0.141895131061384
39,2504,3,2,3,2.16,0.233742666666667,4.53850514368272,4.17296525776542,1,59,0.0256799874331372,0.0908905739102538
39,2504,3,3,3,1.28,0.103668666666667,4.0858585453049,3.48545035699781,1,62,-0.0463287378507171,0.157926603488357
39,2504,4,1,4,1.72,0.113761,5.70962964621507,4.74980612331516,1,59,-0.00938056549367109,0.143053915281457
39,2504,4,2,4,1.92,0.148639,6.27051724106933,5.00080141875644,1,47,0.0210415223588074,0.185766439272051
39,2504,4,3,4,2.44,0.192501,6.26075575126953,5.32792957874454,1,66,-0.0272251632559718,0.108612235195489
39,2504,5,1,5,2.12,0.1101204,7.30394169891608,5.90522799908231,1,56,-0.0347529700643232,0.166138688420469
39,2504,5,2,5,2.52,0.1527828,6.79721955448434,6.28599857236188,1,68,0.0309921594968628,0.117771558566417
39,2504,5,3,5,2.88,0.186878,7.54336014514468,6.58906084667894,1,91,0.0234468259902609,0.0766710644610184
39,2504,6,1,6,3.8,0.171591,8.37918255978605,7.66906293240388,1,84,0.0121261817371128,0.065526016252407
39,2504,6,2,6,3.76,0.170124333333333,7.9205688895677,7.64935832107084,1,100,0.0124295908730014,0.0510995385771067
39,2504,6,3,6,3.88,0.181078333333333,9.10131774418568,7.78172038100849,1,93,0.00278336085417242,0.0633237086203026
39,2504,8,1,8,4.8,0.18389025,12.0146834513743,10.4604427298078,1,85,-0.00523466938110701,0.0754215256795083
39,2504,8,2,8,4.48,0.16347175,12.3389192363982,10.1667579286234,1,84,-2.87084949761289e-06,0.0777138935158184
39,2504,8,3,8,4.28,0.15335325,11.168906750109,10.074731686542,1,83,0.00264368747022419,0.0617379430830935
39,2504,10,1,10,5.32,0.1464112,13.947230556033,12.4069594706237,1,102,0.012657758584466,0.0579954250003927
39,2504,10,2,10,5.84,0.1674416,14.2971816835371,12.7733534808659,1,96,0.0116713740929598,0.0483098828430676
39,2504,10,3,10,6.08,0.182576,15.434194641641,13.0570675207358,1,79,0.0191881025121273,0.0626059982295688
39,2504,12,1,12,6.2,0.144172666666667,16.5366141691781,14.8856151645877,1,94,-0.0121687568451791,0.0496717922457693
39,2504,12,2,12,7.28,0.183296666666667,18.1714844350305,15.6943265439091,1,91,0.00591779579333497,0.0568407103153793
39,2504,12,3,12,6.96,0.1796355,18.2910944779482,15.6335961227103,1,77,0.00118943489654691,0.0673814548973365
40,2504,2,1,2,1.72,0.320672,3.6723397675407,3.13320714715856,1,55,-0.0325856765528138,0.124408776391192
40,2504,2,2,2,1.24,0.175126,3.34443270256029,2.57516087471172,1,57,-0.0264173560847265,0.22147324228754
40,2504,2,3,2,1.56,0.312745,3.41101114391605,3.11590840483836,1,45,0.125602549207481,0.179109870823084
40,2504,3,1,3,2.68,0.333769333333333,5.16919033867403,4.77534772131587,1,67,0.0162066773177692,0.082134469722436
40,2504,3,2,3,2.72,0.348926,5.62168516955732,4.86610917557918,1,92,-0.0196089244643715,0.0673556739130784
40,2504,3,3,3,2.52,0.319932,5.28602774998873,4.71551611862339,1,71,0.0103122407570884,0.0963942182006153
40,2504,4,1,4,3.16,0.275563,7.10005536835311,5.93148129364436,1,68,0.0220434367813478,0.079811123458518
40,2504,4,2,4,3.68,0.34722,7.38015923180856,6.44494591080928,1,104,-0.00828049205523542,0.0475865202087697
40,2504,4,3,4,2.6,0.2252005,6.80539063360396,5.58365410790437,1,76,-0.00392106504056616,0.083931545878339
40,2504,5,1,5,3.72,0.256266,8.60684185750579,7.27031047566846,1,93,0.0179770180248614,0.0587751384342619
40,2504,5,2,5,3.72,0.2464572,9.07328938907813,7.13305939829427,1,90,-0.00880133657128067,0.0739863082788864
40,2504,5,3,5,3.64,0.2257348,8.22926233244435,6.92396836181771,1,90,0.0093995508496199,0.0685131603525728
40,2504,6,1,6,4.24,0.248521333333333,10.1690677987803,8.62865976277846,1,92,-0.00598893086820544,0.0587897529164159
40,2504,6,2,6,3.68,0.210935,10.2954010412831,8.21774295270065,1,73,0.00877971503087476,0.081020414042107
40,2504,6,3,6,5.04,0.317602666666667,10.463488184735,9.37630336423577,1,109,-0.000703232907377011,0.0312733613909864
40,2504,8,1,8,5.92,0.24963825,13.7448690540713,11.4730389934733,1,95,0.00800790283405225,0.0582214386555061
40,2504,8,2,8,6.52,0.30391975,14.297197067424,12.2909895509113,1,97,-0.00469609875812432,0.0486358852060621
40,2504,8,3,8,6.4,0.28956425,13.8266570465786,12.0600173220751,1,104,0.00119023430977565,0.0381223266418561
40,2504,10,1,10,7.44,0.2529622,16.8743239187576,14.4061786281771,1,95,0.00778167842065425,0.053141358562869
40,2504,10,2,10,7.2,0.2451108,17.5702614241102,14.293831700114,1,88,0.00234803851393748,0.0510300490070018
40,2504,10,3,10,7.64,0.2631396,17.3516380783046,14.6148451237961,1,94,0.00734987186478405,0.0497893944363936
40,2504,12,1,12,9.36,0.2710075,20.6533728819159,17.6880428236355,1,93,0.0110416024991015,0.0515280893702491
40,2504,12,2,12,9,0.267826,20.6613250308089,17.6427623626181,1,93,0.00236177096672345,0.0505125225123442
40,2504,12,3,12,8.88,0.249567666666667,20.7030947950528,17.2071323309548,1,90,0.0024341830473318,0.0576561802167245
41,2504,2,1,2,1.28,0.200182,3.01579501112177,2.66720791257773,1,37,0.0627769890432882,0.183628108386959
41,2504,2,2,2,1.04,0.15604,2.66610442448133,2.5254132514074,1,48,-0.124128224746156,0.189140130470732
41,2504,2,3,2,1.44,0.237331,2.95417164929502,2.80916338134246,1,39,-0.0671936695405626,0.21379032592426
41,2504,3,1,3,2.44,0.279588666666667,4.92833506201394,4.43125867236336,1,74,-0.00390516232053677,0.0588762976127007
41,2504,3,2,3,2.52,0.279779333333333,5.73170686711198,4.45712506635713,1,79,-0.00613350253044743,0.0842578916800613
41,2504,3,3,3,2.72,0.276018,5.74106537523456,4.37120460618341,1,70,0.0139916435495256,0.0751739366023875
41,2504,4,1,4,2.72,0.2060905,6.17742149625229,5.38400169547147,1,72,-8.37082799922889e-05,0.0935376751609435
41,2504,4,2,4,3.48,0.289317,7.14244317958062,5.95939738166932,1,95,-0.0114130017375188,0.0576693648547667
41,2504,4,3,4,2.72,0.2042795,6.15536313211912,5.37994735984141,1,81,0.0150956071679006,0.0783227814561907
41,2504,5,1,5,3.6,0.2189192,8.02346143418098,6.85912855722805,1,92,-0.00717315315598423,0.0676955559636417
41,2504,5,2,5,4.28,0.29847,9.30029029548973,7.58926667845706,1,93,-0.00292384745942261,0.0509320575798796
41,2504,5,3,5,3.96,0.2654176,8.65582570598736,7.29603413892803,1,98,-0.00178943309473849,0.0412596416514802
41,2504,6,1,6,4.12,0.21137,9.40024624293565,8.16155017416394,1,90,-0.00393864877981134,0.0626982981827771
41,2504,6,2,6,4.92,0.272819,10.4147983722616,8.84387015878146,1,98,-0.0047414729838825,0.0478609854965205
41,2504,6,3,6,4.52,0.23524,9.99394407576427,8.38838669899795,1,94,0.0059380332871317,0.0605659368998809
41,2504,8,1,8,5.64,0.23381675,12.6140847261616,11.2247368733304,1,90,0.00538041776708465,0.0567119501918468
41,2504,8,2,8,5.76,0.2376345,13.0484055258638,11.2656636684416,1,86,0.00299244394539835,0.0509112589649124
41,2504,8,3,8,5.92,0.250624,13.5272024130523,11.4863545102094,1,94,-0.00229430019765411,0.0540232114338813
41,2504,10,1,10,8,0.2677126,17.3422268955339,14.6131705370219,1,101,0.00533107236331256,0.0366764774333519
41,2504,10,2,10,7.56,0.246837,16.4907325704699,14.2095974313782,1,98,0.00467465606718873,0.0481535971077396
41,2504,10,3,10,7.28,0.233264,16.5273378364314,13.9845809686269,1,98,0.0092175216639551,0.0411405827149719
42,2504,2,1,2,0.88,0.073765,2.18852038331783,2.20607146650227,1,91,-0.0609274858464437,0.136675864412674
42,2504,2,2,2,1.2,0.201856,2.78477545283913,2.69351693044583,1,29,0.0655543922889453,0.311737311366638
42,2504,2,3,2,1.4,0.245762,3.08234035635581,2.86530449345392,1,53,0.0536635820349075,0.150917606072791
42,2504,3,1,3,2.56,0.303188,5.07159091168093,4.58436961373191,1,87,0.0035452704230403,0.0841181299474902
42,2504,3,2,3,1.48,0.158758,4.02387148309297,3.83198611152037,1,46,0.0642055877644,0.243982855799015
42,2504,3,3,3,1.4,0.109448666666667,3.66219324258555,3.52066206393745,1,47,0.0271145427530002,0.165231583944791
42,2504,4,1,4,3.12,0.247524,7.11796698854481,5.67729607108305,1,66,0.0105407108745248,0.0905327449070388
42,2504,4,2,4,2.56,0.2037845,5.83187160355087,5.39516793186033,1,88,-0.019801575250397,0.0863046802580566
42,2504,4,3,4,3.24,0.296939,6.84018705516266,6.0899284339584,1,88,-0.0165534254821481,0.0567297857531649
42,2504,5,1,5,3.24,0.1976084,7.02462174470277,6.65566175320415,1,108,0.00473958236260741,0.0529462484914485
42,2504,5,2,5,3.24,0.2307452,7.66681521721878,7.03227830597086,1,66,0.0273653410711742,0.113470521356583
42,2504,5,3,5,4.4,0.2956832,8.29706538850187,7.58369127101481,1,110,-0.00331144129258099,0.0546507325349128
42,2504,6,1,6,5.12,0.304995,10.2090409752299,9.20271198176878,1,120,-0.000845841375479084,0.0406982628982065
42,2504,6,2,6,4.44,0.197752,9.08109880645727,7.93911695787511,1,101,0.00956018443365775,0.0630266139127856
42,2504,6,3,6,4.44,0.264708,10.2689635102015,8.7857536282134,1,110,0.0223359696427523,0.0488379944152016
42,2504,8,1,8,5.84,0.24606475,12.4353653998451,11.4007744201063,1,118,0.0240604293552883,0.0472530766325522
42,2504,8,2,8,6.2,0.26245875,12.7946463723072,11.6710378723536,1,138,0.00821806256489827,0.045379526923601
42,2504,8,3,8,5.08,0.2205575,11.6930830328862,11.0916339718551,1,116,-0.00733022007154388,0.0481931353275964
42,2504,10,1,10,6.6,0.2211924,14.7581691555944,13.8538040136365,1,117,0.01046652840566,0.0432419682604588
42,2504,10,2,10,7.12,0.2418114,15.6343223033485,14.203071109311,1,106,0.00164611343944692,0.0405915737714124
42,2504,10,3,10,6.32,0.212247,15.2659310302973,13.677325640717,1,114,0.00357600266868102,0.0458068818218759
42,2504,12,1,12,9.16,0.264171666666667,18.9924386570957,17.5187718080069,1,122,0.00983926632256032,0.0343612035506091
42,2504,12,2,12,9,0.2591375,19.0097588505042,17.4317558938779,1,126,-0.00285686049472274,0.0361877420388738
42,2504,12,3,12,9.76,0.275803166666667,20.097790769197,17.7534383177764,1,110,0.00499537979558766,0.0376989078380405
43,2504,2,1,2,1.68,0.25166,2.94276900995201,2.8557343952676,1,65,0.00860755006233753,0.153881410170022
43,2504,2,2,2,1.2,0.142075,2.5212204281517,2.46033343963094,1,69,0.0466177121308324,0.164162626463114
43,2504,2,3,2,1.4,0.16249,2.92047203465024,2.51341042882576,1,43,-0.013053527072586,0.190283617926372
43,2504,3,1,3,1.68,0.169099333333333,4.0492254877913,3.87251582585685,1,93,-0.00296424464802846,0.0848428481425597
43,2504,3,2,3,2.16,0.211194,4.3953103700759,4.07767304310654,1,70,0.0147754971338371,0.113594514655311
43,2504,3,3,3,2.12,0.214716,4.79990910414391,4.09056346933511,1,61,-0.00365034081137617,0.109516879099314
43,2504,4,1,4,2.2,0.1478405,5.40561081035322,4.96709385165214,1,70,0.0161545761774019,0.126917808508471
43,2504,4,2,4,2.6,0.2034695,5.98873988454078,5.3802553510292,1,64,0.0115681282403243,0.109211709816842
43,2504,4,3,4,2,0.147211,5.44366531435679,4.99361330070974,1,52,-0.0368196134708588,0.196375700703357
43,2504,5,1,5,3.72,0.1892132,7.35721118474432,6.5575469257706,1,92,-0.0252488206231045,0.0772896534222772
43,2504,5,2,5,4.08,0.227438,8.02948308949816,6.92198229140545,1,78,-0.0160396241307152,0.0847249127686326
43,2504,5,3,5,4.12,0.2630752,8.79470760857647,7.26562268427894,1,93,-0.0131784788944168,0.071359271754632
43,2504,6,1,6,2.72,0.108108333333333,7.37412211135845,7.04752898070416,1,68,-0.023985526902737,0.130832169344763
43,2504,6,2,6,4.88,0.246358666666667,10.7993671372191,8.53223036131206,1,74,-0.01035037989892,0.0862493445894102
43,2504,6,3,6,5,0.273962333333333,10.149316617614,8.84140666465985,1,98,-0.00228695835784266,0.0569748435274571
43,2504,8,1,8,5.52,0.19305225,12.6317305494715,10.6031268356247,1,70,-0.0066824104867964,0.0791740524230109
43,2504,8,2,8,5.44,0.176456,12.4204389319764,10.351064774597,1,77,-0.0158249013842822,0.081638994996046
43,2504,8,3,8,6.2,0.2358285,13.8286551522233,11.2111222111382,1,104,-0.011228384838408,0.0417875221430114
43,2504,10,1,10,5.72,0.1663264,15.1569626583227,12.8127082187105,1,69,-0.0152250457319146,0.0683018353277074
43,2504,10,2,10,7.48,0.2362278,16.424832156303,14.0541158225204,1,97,-0.00623907876783984,0.0500690179826446
43,2504,10,3,10,6.8,0.1974654,15.6386265904758,13.3425422031807,1,80,-0.00149515561412703,0.0529114123396454
43,2504,12,1,12,8,0.202994833333333,19.124582883222,16.1587911918808,1,71,0.00640264897319612,0.0676808244706159
43,2504,12,2,12,8.4,0.210171833333333,18.704214816991,16.2906713743661,1,105,0.00715070371467381,0.0351025847453792
43,2504,12,3,12,7.68,0.194046666666667,17.4616400596719,15.9788145521073,1,111,0.00951199412466323,0.0494542943319157
44,2504,2,1,2,1.92,0.324641,3.69314491603929,3.09997311527418,1,59,0.00366353715277802,0.111167065089909
44,2504,2,2,2,1.56,0.222778,3.09686920073803,2.72558249419295,1,49,-0.0298289093861264,0.138099168092066
44,2504,2,3,2,1.56,0.266813,3.84711057603798,2.92093119650909,1,50,0.0214883848305917,0.167441405044213
44,2504,3,1,3,2.84,0.319078666666667,5.77916068462561,4.65037773104068,1,87,0.00771029834966233,0.060830480473597
44,2504,3,2,3,1.84,0.208323333333333,4.74180621880332,4.08985455553657,1,62,-0.00796665393773682,0.11478146581079
44,2504,3,3,3,2.52,0.270779333333333,5.03038656095349,4.3784765142289,1,64,0.00553091843336224,0.0860647732015106
44,2504,4,1,4,3.56,0.3059445,7.53192920085863,6.06017756110734,1,90,0.016578045409563,0.0614699980772466
44,2504,4,2,4,2.08,0.1612335,5.67809670981341,5.12117954147937,1,65,-0.00921955569331924,0.11421253818045
44,2504,4,3,4,3.32,0.279849,6.75275814094645,5.9051376184981,1,83,-0.00992257161587424,0.0542335277779114
44,2504,5,1,5,4.08,0.2914668,8.80735415949321,7.54573832923926,1,87,-0.0207268010969761,0.0618165379523858
44,2504,5,2,5,3.96,0.2574828,8.00003583637045,7.19905889158657,1,118,0.0134067416581791,0.0470984341231988
44,2504,5,3,5,3.64,0.2360156,8.23235140730286,6.9954080430015,1,60,-0.0302010991393173,0.0982980984433163
44,2504,6,1,6,5.44,0.309811333333333,11.5656655897806,9.1859255501554,1,106,-0.00499010239749265,0.0381021633663775
44,2504,6,2,6,5.32,0.312116666666667,11.1276202230264,9.23469694157077,1,111,-0.0104398633835582,0.029474000813023
44,2504,6,3,6,5.4,0.298357,10.7490826847394,9.06055754150247,1,111,-0.00401080601353126,0.0332529263614095
44,2504,8,1,8,7.04,0.28472775,13.7449735712028,11.8470583984953,1,115,-0.00422433674992591,0.0314246153612419
44,2504,8,2,8,5.2,0.208994,13.061708475284,10.8401508399321,1,96,-0.0119989143598893,0.0467699437884219
44,2504,8,3,8,6.48,0.26809925,13.4994833631999,11.7063027392429,1,102,0.00769002790747917,0.0398077139647147
44,2504,10,1,10,7.76,0.2491074,16.533386501378,14.2459172034132,1,110,0.00449316653614643,0.0321446776789758
44,2504,10,2,10,7.84,0.2554528,16.8201010342313,14.3803435538073,1,106,0.00349705103351174,0.0458801365147935
44,2504,10,3,10,8.08,0.26824,17.3067379900741,14.6129448905034,1,87,-0.0104209759541259,0.0481497543530978
44,2504,12,1,12,9.52,0.257054833333333,19.9606911138078,17.2620712401244,1,116,0.00387547539547138,0.0286083824479949
44,2504,12,2,12,9.52,0.267292833333333,20.6188633643097,17.533217313347,1,95,0.0019757897429727,0.0367050420885602
44,2504,12,3,12,9.04,0.247428833333333,20.193897986341,17.099792642502,1,91,-0.0108425859053199,0.0402817538365453
45,2504,2,1,2,0.64,0.09883,2.4234369174475,2.32328724217987,1,63,0.030360765476549,0.191374978211896
45,2504,2,2,2,1.96,0.346234,3.38031708664525,3.24211061194629,1,57,-0.0373999062003378,0.113131755115126
45,2504,2,3,2,1.4,0.200045,3.5725031997716,2.67092365942871,1,46,0.0334431803588075,0.155025919593236
45,2504,3,1,3,2,0.218409333333333,4.53151656315615,4.14438968135314,1,71,-0.0565006711603696,0.123262841366545
45,2504,3,2,3,2,0.193284,4.46306382939209,3.98312148232831,1,55,-0.0806806951090292,0.158152230172026
45,2504,3,3,3,1.96,0.216565333333333,4.39119097045962,4.10921501074977,1,61,-0.0524030099626187,0.126630701507173
45,2504,4,1,4,3.16,0.2834965,6.51112129143311,6.01957873128914,1,99,-0.0230230727368013,0.0757996467455107
45,2504,4,2,4,2.6,0.222532,5.80375400409275,5.56539785412615,1,69,-0.0285702697332283,0.110517878857537
45,2504,4,3,4,2.16,0.1884365,5.58293629996799,5.35848145781497,1,66,-0.014668320950424,0.121511861884512
45,2504,5,1,5,3,0.18648,7.38613752886242,6.61554299160078,1,74,-0.0136650803398217,0.0958675130135857
45,2504,5,2,5,2.96,0.193426,6.93710931868904,6.70799355543854,1,92,-0.00431664579645437,0.0799338663291801
45,2504,5,3,5,3.12,0.2273376,7.39341638221199,7.01129989625561,1,86,-0.0067172917272412,0.0928671599531076
45,2504,6,1,6,3.12,0.158152666666667,7.86742717580439,7.6515490457142,1,95,-0.00384956007601267,0.0967554264964147
45,2504,6,2,6,4.2,0.227563,8.79702547371328,8.37846644827411,1,112,-0.031604106691205,0.0666409708952362
45,2504,6,3,6,2.88,0.152392666666667,7.94233917673343,7.55329789920739,1,99,0.016835922259,0.0868798449965772
45,2504,8,1,8,5.32,0.23921975,12.460639714537,11.3750470444457,1,123,0.0209304322352266,0.0464802782123555
45,2504,8,2,8,5.44,0.2265535,12.0681552711977,11.1911092382203,1,120,-0.0180481408011928,0.0489900530379385
45,2504,8,3,8,6,0.22682575,11.7453932734688,11.1170761339482,1,128,-0.0144269612759768,0.0438710625060176
45,2504,10,1,10,7.2,0.2178738,15.1278283555531,13.7299931065086,1,114,-0.0167683401106745,0.0445260046073032
45,2504,10,2,10,5.88,0.1800662,14.2920500660518,13.0817060229284,1,102,0.00783509684854904,0.0619774762273626
45,2504,10,3,10,6.84,0.2252058,14.9882804242531,13.9303439934902,1,120,-0.0145707298030344,0.0507493851535776
45,2504,12,1,12,8.28,0.217177666666667,18.4807901035089,16.5151463097845,1,106,-0.0154065604754729,0.0514488162540737
45,2504,12,2,12,7.68,0.1974565,17.8152843046334,16.0577226112215,1,97,-0.00375505369766157,0.0652613734245661
45,2504,12,3,12,7.84,0.214042166666667,17.7408198864611,16.4850848338995,1,119,-0.00201691575986059,0.0558462577496253
46,2504,2,1,2,1.52,0.211569,3.51219182001039,2.71235008775031,1,43,0.00628231125293633,0.14753117220076
46,2504,2,2,2,1.24,0.215893,3.30781981056777,2.76164771878359,1,37,-0.0126773435351764,0.131004610828623
46,2504,2,3,2,1.08,0.140026,2.80310318074163,2.45925578106718,1,36,-0.00302248711709755,0.210806006455278
46,2504,3,1,3,2.2,0.227004666666667,5.18469198087804,4.14346511317418,1,60,0.0293443523076507,0.121777759128958
46,2504,3,2,3,1.8,0.178734,4.44481266724088,3.9137025205497,1,56,-0.0641480516159469,0.129275484766817
46,2504,3,3,3,2.2,0.211468,4.7078981635568,4.03528294152999,1,67,-0.0355454976946458,0.115759794075791
46,2504,4,1,4,2.48,0.1839665,5.92427548595082,5.22562704454996,1,65,0.0429255395449863,0.120453231442729
46,2504,4,2,4,2.68,0.2264185,6.6144218035353,5.56489024747047,1,60,0.0348581365583522,0.115827903218512
46,2504,4,3,4,2.8,0.2007565,6.70569730636663,5.35703469950441,1,77,-0.00915544703584228,0.0659524605385848
46,2504,5,1,5,3.2,0.1885136,7.9749460762279,6.57807918355274,1,69,-0.00593759262596961,0.0872877509465874
46,2504,5,2,5,3.48,0.217938,8.01587365452894,6.85464913844065,1,79,-0.00606820644149669,0.0849923367961198
46,2504,5,3,5,2.92,0.1720692,7.36216970130134,6.45717546799338,1,67,-0.00406878032303205,0.104820284776268
46,2504,6,1,6,3.8,0.180422333333333,9.22799594876555,7.80256990802268,1,96,-0.00229477553383129,0.0576052501259048
46,2504,6,2,6,4.56,0.247935,10.1957442067058,8.55795813588512,1,89,0.0209159090606995,0.0479302543973053
46,2504,6,3,6,3.76,0.175979333333333,8.67273687374696,7.71147058113733,1,101,-0.0249498203593842,0.0563619494419773
46,2504,8,1,8,5.6,0.220893,12.6762386469369,10.9959266803711,1,95,0.0170361086196798,0.0510682362538886
46,2504,8,2,8,5.2,0.19902425,12.425469455437,10.6882801906447,1,98,-0.0224231200407835,0.0604686900498094
46,2504,8,3,8,5.6,0.21793975,12.5418012244111,10.9233818844526,1,95,0.0232899694085456,0.0381991658501851
46,2504,10,1,10,7.16,0.2231496,15.7264681312565,13.7766194830375,1,97,0.00416313905599729,0.039408422518929
46,2504,10,2,10,6.04,0.171303,15.4671054650515,12.8414217439351,1,72,0.0138867581411373,0.0613668838446448
46,2504,10,3,10,6.84,0.2197984,15.4619597681972,13.7464708018287,1,96,-0.0103558097210276,0.0519982331625742
46,2504,12,1,12,7.4,0.184928833333333,18.7230048087959,15.7210813615887,1,83,0.0164158358559737,0.0495984287183782
46,2504,12,2,12,8.44,0.223399833333333,19.639134771624,16.5709176901632,1,90,0.0166534914161876,0.0432162326392883
46,2504,12,3,12,8.16,0.212966666666667,19.437245676265,16.3338965519974,1,84,-0.00293319240729866,0.0475618016592458
47,2504,2,1,2,1.12,0.22018,3.01670010762409,2.78384371436141,1,33,0.083762977863879,0.227031435896433
47,2504,2,2,2,1.76,0.355191,3.60242271831128,3.28137072943676,1,63,-0.0096171258730388,0.12495228253099
47,2504,2,3,2,1.6,0.27675,3.54455991969935,2.99770343350122,1,45,-0.00531821897986854,0.125651642850455
47,2504,3,1,3,0.96,0.0727366666666667,3.31068348915713,3.32606473158008,1,63,-0.0337828081267755,0.162152537852285
47,2504,3,2,3,2.56,0.284478,5.32314275092064,4.46876979667843,1,75,0.0169155046394379,0.0859053809335313
47,2504,3,3,3,2.04,0.204068666666667,5.03238706627932,4.03901475648162,1,55,0.00832426053427359,0.108187350610495
47,2504,4,1,4,2.72,0.199054,5.9570065568009,5.28751834038518,1,81,0.00963211621959164,0.0704367067174957
47,2504,4,2,4,2.12,0.1535795,6.03368264099086,4.97597425385074,1,88,0.0148130957805633,0.0912881962279021
47,2504,4,3,4,2.88,0.2095915,5.71202996452824,5.42713315233105,1,90,0.00863575715735178,0.0843024063284763
47,2504,5,1,5,3.56,0.2270852,8.08915446710914,6.92374011324884,1,82,-0.000984337761014434,0.0760160748247281
47,2504,5,2,5,3.04,0.1812072,7.78239703007104,6.47888450098985,1,92,0.0172179638558035,0.0732454301057871
47,2504,5,3,5,3.24,0.1990072,8.3399773636528,6.69445838054704,1,67,-0.0236427423150461,0.0989788023165616
47,2504,6,1,6,3.76,0.196571666666667,9.06058461149576,7.98159955230046,1,78,0.0310484230971291,0.0918290072594975
47,2504,6,2,6,4.88,0.274961,10.2911147616099,8.81049402056217,1,91,0.00784747251792919,0.0605383517552267
47,2504,6,3,6,4.76,0.265272333333333,10.4610997977714,8.69199834412074,1,106,0.0236180170466906,0.050223738651359
47,2504,8,1,8,5.88,0.221607,12.9039524363609,10.9310936649021,1,101,0.0161551357279792,0.0546882838015216
47,2504,8,2,8,6.04,0.24723,13.3313362437033,11.3813454713148,1,93,0.0177898100638527,0.0630591386783764
47,2504,8,3,8,5.76,0.22993825,12.9337147816367,11.0833057130594,1,108,0.000927490840505485,0.0429745265684623
47,2504,10,1,10,7.16,0.2334518,16.5752126683064,13.9697495561078,1,95,0.0209605114047665,0.06125049252526
47,2504,10,2,10,6.08,0.170521,14.8946105760625,12.7753000018203,1,97,0.0211606066204704,0.0692744168297956
47,2504,10,3,10,6.48,0.1999742,15.4933395618702,13.3755746887443,1,114,0.00332018733810922,0.0415802801617417
47,2504,12,1,12,7.64,0.192989833333333,18.2622851171968,15.8787638753291,1,105,0.00849558855309358,0.0514144934395165
47,2504,12,2,12,7.8,0.203480666666667,17.8514290697632,16.1712885208483,1,115,0.0132578467486875,0.0470797635995699
47,2504,12,3,12,7.96,0.206336166666667,18.9380206743376,16.2345890246283,1,95,0.016895650794586,0.0615362055044311
48,2504,2,1,2,1.96,0.368519,3.9481131580777,3.30014141594739,1,65,0.0146614849699535,0.104149131351128
48,2504,2,2,2,1.8,0.275873,3.6085852862224,2.9205675024115,1,54,-0.0137234631715746,0.089264027646019
48,2504,2,3,2,1.52,0.227305,3.08467284141238,2.77102586739156,1,54,0.0205357319258394,0.151826087256446
48,2504,3,1,3,2.32,0.222732,4.86139739945629,4.12598715120796,1,88,-0.000732646886016346,0.096585253230605
48,2504,3,2,3,1.6,0.137018666666667,4.13060580382953,3.68171907069158,1,45,-0.0647796917727401,0.157985531719812
48,2504,3,3,3,2.32,0.223586666666667,5.13519010153042,4.09751086107312,1,54,-0.0687507263617131,0.121708662528183
48,2504,4,1,4,3.32,0.2513085,6.68867052594204,5.68686644664709,1,87,-0.0183316731939041,0.0700722405558118
48,2504,4,2,4,3.64,0.312357,7.56556386976462,6.18292959101861,1,107,0.00392733331785287,0.0581344008359215
48,2504,4,3,4,3.52,0.274748,7.25111828298274,5.85400218189833,1,95,0.00765768970455969,0.0699140455696427
48,2504,5,1,5,3.36,0.1965848,7.05711773854852,6.61287481087589,1,113,0.0225898202685562,0.0669877173833271
48,2504,5,2,5,3.72,0.2003524,7.52620657749978,6.633962247044,1,113,0.0123445541060237,0.0604817539090015
48,2504,5,3,5,3.76,0.2068132,7.21905170045146,6.65897133860643,1,128,0.00227208923519264,0.0542248302777912
48,2504,6,1,6,4.84,0.253787333333333,10.027333933726,8.55547316940549,1,119,0.0145937392405239,0.0529631778357406
48,2504,6,2,6,4.84,0.245416,10.2597408906056,8.4589843303001,1,87,-0.00917808129354536,0.0587220561996743
48,2504,6,3,6,5.16,0.269977666666667,10.7320592093245,8.7449926155959,1,83,-0.0168456378974094,0.0699285538114648
48,2504,8,1,8,5.84,0.2255975,13.1323937488866,11.0035728637967,1,93,-0.0052187724787096,0.0477455166420296
48,2504,8,2,8,6.72,0.2674115,13.9744646750529,11.5954074387047,1,103,0.000127897053695382,0.0551584214102945
48,2504,8,3,8,6.2,0.235488,13.2641449625069,11.1617184270325,1,100,-0.00321699127912673,0.0587247930929449
48,2504,10,1,10,7.84,0.2547972,16.3425954846108,14.3464747239621,1,138,0.0017919531991831,0.0289043145787694
48,2504,10,2,10,7.2,0.2072932,15.8584210971634,13.4278890927992,1,92,-0.000808890202393892,0.0450620419967971
48,2504,10,3,10,7.32,0.2219384,15.8452987491031,13.7208810323024,1,109,-0.000150549344357969,0.0502697070072194
48,2504,12,1,12,9.36,0.236307833333333,19.5665306197183,16.7178601627224,1,111,0.00647168164201138,0.0375347583400699
48,2504,12,2,12,8.72,0.215137,19.3256964530838,16.3134911204834,1,112,-0.00173441429761289,0.0442964902474385
48,2504,12,3,12,9.56,0.253750666666667,20.7321529814951,17.1573176545507,1,99,-0.00221363273610519,0.0522954657132338
49,2504,2,1,2,1.2,0.195941,2.97238686326039,2.65848072103411,1,67,-0.0945593663486657,0.167633664325411
49,2504,2,2,2,1.52,0.239963,2.85160983417042,2.7821620983175,1,47,-0.0291956378909407,0.152501749657846
49,2504,2,3,2,1.44,0.247154,3.33910590456201,2.85534316526607,1,50,-0.0970969853052803,0.206173372674655
49,2504,3,1,3,2.6,0.313624666666667,5.18677193405558,4.65728144890398,1,63,0.0160357633649503,0.0961515110716715
49,2504,3,2,3,2.4,0.281743333333333,4.72107549931846,4.45353427510668,1,88,-0.02241174440158,0.0702573544034347
49,2504,3,3,3,1.88,0.203087333333333,4.39535359179385,4.01562768938335,1,60,-0.0202360622104069,0.104859187508714
49,2504,4,1,4,3.08,0.2670435,6.57062028056457,5.82621179309791,1,79,0.0265891141968864,0.0647400560246904
49,2504,4,2,4,2.92,0.232144,6.34864094033078,5.56700634494723,1,87,0.034375447975701,0.0699877262060374
49,2504,4,3,4,2.96,0.2225285,6.14816043394121,5.48588801462519,1,99,0.0190303125250699,0.0682786929942872
49,2504,5,1,5,3.36,0.2372712,8.72014781155346,7.08146036019738,1,70,0.0329776086447419,0.0793703367242873
49,2504,5,2,5,4.16,0.2899916,8.03263847244708,7.497250452955,1,108,-0.00424076058783021,0.0457074519548266
49,2504,5,3,5,4.28,0.3064244,9.03431789862716,7.64337826649819,1,106,-0.00903952379282038,0.0445836716831383
49,2504,6,1,6,5.12,0.290496,10.2503389155448,9.03826684099611,1,107,-0.00170895833161098,0.0436547861749233
49,2504,6,2,6,4.8,0.250981333333333,9.59892820242688,8.52898547715409,1,95,0.0155900781598487,0.0542382378693068
49,2504,6,3,6,4.6,0.248463666666667,9.41586949190659,8.53942196060859,1,112,0.0180829686663483,0.0521232608457261
49,2504,8,1,8,6.08,0.25915275,12.8889972153023,11.6040535873987,1,101,0.00901020856263395,0.0386771869906758
49,2504,8,2,8,5.8,0.23735575,13.0093919034489,11.2166527662698,1,100,0.0191188101754911,0.0458807619948062
49,2504,8,3,8,6.6,0.2823485,13.2089818041123,11.8918888732838,1,115,0.00994780868020812,0.0375911763141041
49,2504,10,1,10,7.64,0.2635706,17.2421397272207,14.5384074759099,1,94,-0.00154381361460408,0.0516616231732941
49,2504,10,2,10,7.24,0.243663,16.29691529777,14.1540617871504,1,91,0.0172299281576856,0.0523048299907244
49,2504,10,3,10,7.44,0.2439106,16.1130733064547,14.1444842253516,1,97,0.00347122040287104,0.0401608856936902
49,2504,12,1,12,8.8,0.2410545,19.3296307511043,16.9205094219684,1,92,0.0192342600041032,0.0419996591495909
49,2504,12,2,12,9.04,0.2595275,20.0120925667236,17.3735449603602,1,98,0.00146311857953113,0.0389748615447677
49,2504,12,3,12,9.6,0.2714205,19.837174094677,17.5893946009803,1,101,0.00418684834752854,0.0378602300530261
50,2504,2,1,2,1.08,0.216684,3.13177078604212,2.79455365236637,1,39,0.0930420073430746,0.318032549862871
50,2504,2,2,2,1.16,0.203707,2.78702107790052,2.71658721122055,1,39,0.0242779081604268,0.202208279933741
50,2504,2,3,2,0.88,0.120589,2.62238922813909,2.37705406270206,1,29,0.0829023974700788,0.221079396117977
50,2504,3,1,3,1.96,0.226057333333333,4.6137898431077,4.20713376321761,1,56,-0.0162545653743467,0.148489807665754
50,2504,3,2,3,2,0.210985333333333,5.29634670729405,4.07226389339526,1,45,-0.0536519204292457,0.154674350288627
50,2504,3,3,3,2.4,0.295995333333333,5.24293455068748,4.59135950097763,1,68,-0.00271576995998385,0.102057074017031
50,2504,4,1,4,3.12,0.243332,6.47688716270221,5.62618739327159,1,80,0.0225295191335357,0.0769614659605383
50,2504,4,2,4,2.52,0.2053545,6.49266710709791,5.39893693878115,1,59,0.0330636922897355,0.104252453694001
50,2504,4,3,4,3.08,0.238353,6.20310320696258,5.6127198060327,1,95,0.00387556564151669,0.0529064492355492
50,2504,5,1,5,3.88,0.2854936,8.8352081307804,7.54231083124268,1,96,0.0134944697671156,0.0509285593215002
50,2504,5,2,5,4.08,0.2756312,8.60327291228351,7.38558822282033,1,102,0.00851631353677627,0.0456414163255623
50,2504,5,3,5,3.28,0.1991088,8.01997660567943,6.6662232559544,1,62,0.0329744432050789,0.110874458023226
50,2504,6,1,6,4.2,0.250203333333333,9.96593212702314,8.64875299082836,1,101,0.0266997808500525,0.0577855442202527
50,2504,6,2,6,4.16,0.220271666666667,9.49361225846923,8.22776660345429,1,86,0.0259198467354105,0.06939711691132
50,2504,6,3,6,5.04,0.294639333333333,10.4987519130246,9.08605242967401,1,124,-0.00404035575985156,0.0425537894751278
50,2504,8,1,8,5.04,0.19752275,11.7831534870173,10.6657221011357,1,81,0.0160827470843023,0.0579820940310376
50,2504,8,2,8,5.8,0.25258725,14.0278566409586,11.5454258425376,1,75,-0.00565263564801756,0.0640218881206583
50,2504,8,3,8,5.56,0.2364415,13.167517086262,11.2810154203011,1,100,0.0218513009017648,0.05595583297491
50,2504,10,1,10,7.04,0.2271232,15.8230186104843,13.9069682323607,1,99,0.0142314147843437,0.0484113057243339
50,2504,10,2,10,7,0.229914,16.1197388276627,13.9347699012085,1,91,0.00897924747071288,0.0506532618697791
50,2504,10,3,10,7.88,0.2603528,16.8042863017432,14.4913829944525,1,103,-0.00356221801114424,0.0315505673355668
50,2504,12,1,12,8.96,0.243833666666667,19.6871627198782,17.0141333551954,1,90,0.00802694802887009,0.0407134924857674
50,2504,12,2,12,8.44,0.242305,20.0342934303748,17.0674961448854,1,85,0.0108337191880046,0.0569442157342069
50,2504,12,3,12,7.8,0.208896666666667,18.7717785158058,16.2640161159699,1,81,0.00997580689270067,0.0567887808440157
1,2999,2,1,2,1.64,0.245122,3.2962705685364,2.82955030441224,1,47,0.0864322686857826,0.112092111853154
1,2999,2,2,2,1.2,0.230051,3.05761984638967,2.80820173497776,1,46,-0.100580982530025,0.228966837672723
1,2999,2,3,2,1.68,0.291932,3.4145922992883,3.0216293944729,1,58,-0.00543835869631596,0.116288817849485
1,2999,3,1,3,2.32,0.296868666666667,5.32371075874916,4.5702215433278,1,73,-0.00779522237937765,0.104731101965276
1,2999,3,2,3,2.12,0.235734666666667,4.80559107340532,4.22451443287155,1,65,0.00403924703554463,0.0938656724813703
1,2999,3,3,3,2.6,0.299200666666667,5.24413602744338,4.57427980245869,1,84,0.02851329096537,0.072660147294909
1,2999,4,1,4,3,0.2384425,6.73294260830206,5.61293820089673,1,82,-0.0245161912191947,0.0793001459326113
1,2999,4,2,4,3.36,0.31872,7.33890114099093,6.2569733100319,1,91,0.00376062844323356,0.0508857453823184
1,2999,4,3,4,2.52,0.2249195,6.17717803061646,5.56609167471827,1,68,-0.0183003358815489,0.0949374012572167
1,2999,5,1,5,3.88,0.257432,8.69583534827802,7.19822750052373,1,87,-0.00165413308539988,0.0550186211461675
1,2999,5,2,5,2.76,0.1660524,7.03886755608399,6.38353419548951,1,66,0.019096989090991,0.104159028008245
1,2999,5,3,5,3.04,0.22396,8.13128308677486,6.95832846800688,1,74,0.00208375149693655,0.0838592996548488
1,2999,6,1,6,4.56,0.271121333333333,10.6666787747151,8.82249225917854,1,105,-0.0244033025145895,0.0483842223739153
1,2999,6,2,6,3.96,0.257974666666667,9.75559151764202,8.75532176411707,1,92,-0.023148164311642,0.0571061204549242
1,2999,6,3,6,3.96,0.230929333333333,9.54069725580446,8.41426854212545,1,94,-0.0128481729651024,0.0643792949367716
1,2999,8,1,8,5.8,0.2604915,13.5483858437768,11.6374480099169,1,92,-0.0113211227262929,0.0563560906956923
1,2999,8,2,8,4.64,0.20997175,12.1468035037511,10.9336353561564,1,86,-0.0131112886476117,0.0624630792305014
1,2999,8,3,8,5.56,0.2483375,13.2348070251854,11.4496873907622,1,96,-0.0018841693274447,0.0476835302996654
1,2999,10,1,10,7.28,0.2476606,16.5684932650016,14.2912490800295,1,96,-0.0101252416918345,0.0404651955557979
1,2999,10,2,10,7.04,0.235896,16.0680423783488,14.0794821336244,1,102,-0.00428061893086776,0.0362614284962371
1,2999,10,3,10,6.84,0.241053,16.6515043306786,14.1931464185997,1,84,-0.0116900606971277,0.0549907826498073
1,2999,12,1,12,8,0.235821333333333,19.2391266654557,16.9163684709115,1,99,-0.0130115736030361,0.0391892070854285
1,2999,12,2,12,8,0.2246135,19.1542401486271,16.6335687880682,1,90,-0.00621568561241238,0.032711384373434
1,2999,12,3,12,8.6,0.250060666666667,19.9109033509205,17.2074617180935,1,103,-0.00576555422077164,0.0295412751718906
2,2999,2,1,2,1.36,0.194652,2.8827341085111,2.6389825134789,1,39,0.0153371826486344,0.244626025882465
2,2999,2,2,2,1.72,0.263746,3.03085213533964,2.90287300952707,1,59,-0.00909312614187816,0.128912024394568
2,2999,2,3,2,1.28,0.208729,2.7951966491731,2.73606469055655,1,48,-0.0330060367597427,0.160645987753876
2,2999,3,1,3,1.88,0.185488,4.52828367600584,3.95402727582508,1,57,0.0261523972150626,0.140094964672775
2,2999,3,2,3,1.92,0.188296666666667,4.84503313556934,3.94976300323524,1,56,0.0200426599532094,0.142391042454658
2,2999,3,3,3,2.76,0.304955333333333,5.05204524621662,4.53015852522242,1,85,-0.0037062051034393,0.0587421550126401
2,2999,4,1,4,2.88,0.238114,6.25565278533604,5.61426680213274,1,80,0.0109055385012059,0.0979017625110367
2,2999,4,2,4,2.52,0.180222,6.01274493114543,5.20081178197894,1,73,0.00874343542982541,0.0822546578681881
2,2999,4,3,4,2.6,0.2087545,6.18540215444477,5.44358086848715,1,67,-0.000586940643563284,0.111960991084148
2,2999,5,1,5,3.8,0.2526036,7.9296849263566,7.14348194831214,1,96,-0.00342600170215159,0.054451460032843
2,2999,5,2,5,4,0.2807224,8.21990681310083,7.41559096319603,1,100,0.00636216197026844,0.0509067304567196
2,2999,5,3,5,3.72,0.2447008,7.48316726295167,7.12849129274568,1,101,-0.0223908179461659,0.0607833019661167
2,2999,6,1,6,3.28,0.165183666666667,9.35021383834131,7.68669313136295,1,69,0.0380136955031086,0.0854752476896834
2,2999,6,2,6,4.56,0.240413,9.25233163240087,8.42624668891195,1,107,0.000331730762906126,0.0428922836437872
2,2999,6,3,6,4.6,0.266609666666667,9.24038818395663,8.80825303769484,1,125,-0.0017063358827575,0.0373311094167937
2,2999,8,1,8,6.2,0.24480025,12.06855589189,11.3419348552604,1,110,-0.00526559704058794,0.0378301433639071
2,2999,8,2,8,6.24,0.258633,12.6176555401352,11.5359085505013,1,114,-0.00349994896774509,0.0386978219754615
2,2999,8,3,8,6.8,0.2817225,13.3462766796392,11.8495264913834,1,97,0.0057606268582284,0.0407899554149133
2,2999,10,1,10,6.68,0.2118618,16.0049190637,13.6089356929031,1,93,0.00891898713349463,0.0577478941211186
2,2999,10,2,10,7.88,0.2659358,15.9802700930017,14.5855199768472,1,119,-0.00078763946988708,0.0347988517833762
2,2999,10,3,10,7.28,0.245968,16.2882363950744,14.2571299840214,1,95,0.00822383043394304,0.0523382532893929
2,2999,12,1,12,8.52,0.238097333333333,19.4727057170055,16.9164288088658,1,89,0.00888521880661934,0.0480615375586338
2,2999,12,2,12,8.52,0.226228666666667,19.1175030201733,16.6061928375374,1,90,0.00172956378116075,0.048902126544364
2,2999,12,3,12,9,0.247494333333333,19.7356345250089,17.0801517065992,1,88,0.00372740885635636,0.050938052324397
3,2999,2,1,2,1.48,0.209786,3.36055340558583,2.65896379432359,1,50,0.00564739917858435,0.155816098738815
3,2999,2,2,2,2,0.375798,3.84594496126048,3.31567480299592,1,58,-0.0410274664938881,0.114018985800086
3,2999,2,3,2,1.84,0.281327,3.1582108088913,2.9626707546019,1,49,-0.024841816415499,0.131303387030312
3,2999,3,1,3,2.12,0.201564,4.60446392955179,3.95746764936959,1,67,-0.0152188041163134,0.108518868691008
3,2999,3,2,3,2.28,0.23489,4.41959235684315,4.19720848188278,1,53,0.0779103742492913,0.147183636206208
3,2999,3,3,3,2.08,0.173351333333333,4.511858539182,3.81171827492795,1,92,-0.0258517710542247,0.0903749575500533
3,2999,4,1,4,3.84,0.3415755,7.04329236431264,6.3756037930787,1,89,-0.0222938590234466,0.0505379254382817
3,2999,4,2,4,3.04,0.2372725,6.1510618281763,5.60618248643315,1,89,0.0153202041584137,0.0615450714240867
3,2999,4,3,4,2.72,0.205662,5.70722396328311,5.36769056818848,1,77,0.0228592919550316,0.0826364066554764
3,2999,5,1,5,4.04,0.2522864,7.63515835500737,7.11767694934264,1,109,-0.0016634903373687,0.0497489040237673
3,2999,5,2,5,4.04,0.247082,8.20679998167848,7.0537484630973,1,63,-0.0221067776520312,0.0878704232254914
3,2999,5,3,5,3.2,0.168654,6.50233438977851,6.34528634984937,1,78,0.0319074982126334,0.079689012798513
3,2999,6,1,6,4.56,0.223183333333333,8.5686667641605,8.25404787882798,1,98,0.012459195054474,0.056968931318893
3,2999,6,2,6,3.88,0.175169333333333,8.17405006623499,7.71752924684666,1,74,-0.0189267439810653,0.0811206590911812
3,2999,6,3,6,3.8,0.173986333333333,8.17708870760519,7.68158674157039,1,80,-0.0106296866337679,0.0706598432004733
3,2999,8,1,8,6.4,0.239269,11.8956311036527,11.2273306885845,1,134,-0.00897339332290489,0.0387998746721755
3,2999,8,2,8,6.52,0.24490675,12.4580515231289,11.2600166142441,1,116,-0.00429322797394569,0.0421775910175522
3,2999,8,3,8,5.64,0.19993575,11.0883670594563,10.6272306920713,1,105,-0.01415009944144,0.0493187326259551
3,2999,10,1,10,6.64,0.1875962,14.1268307711488,13.0678012793201,1,93,-0.000704696308794125,0.0429228545063621
3,2999,10,2,10,8.08,0.25278,16.0959896144657,14.2265124743897,1,118,0.00187441276875843,0.0410067866160527
3,2999,10,3,10,7.64,0.2320884,15.7656477136157,13.8498017826618,1,100,-0.0139085030465204,0.0548643296098538
3,2999,12,1,12,8.4,0.2111115,18.0160741636998,16.1782379505241,1,105,-0.00141425478056175,0.0447401579712346
3,2999,12,2,12,9.44,0.247162166666667,18.8450170405391,16.9792348862613,1,102,-0.000536811811059615,0.0429331702460449
3,2999,12,3,12,9.32,0.2412685,19.3183919467014,16.8112752953175,1,105,-0.0137437279491481,0.0431692077230025
4,2999,2,1,2,1.6,0.247537,3.12857250136634,2.83254751043058,1,59,-0.00433572784038985,0.125857933151825
4,2999,2,2,2,1.2,0.171992,2.61778130262315,2.55879731431936,1,37,0.0210728048793777,0.219874772241231
4,2999,2,3,2,1.68,0.231465,3.21796254914306,2.75851134964077,1,55,-0.0126139652052616,0.156039756392359
4,2999,3,1,3,1.88,0.190438666666667,4.13235104823901,3.98850835004014,1,65,0.00275115326977483,0.15024751688507
4,2999,3,2,3,1.88,0.166896666666667,4.20457431825212,3.80528351682524,1,72,-0.0260306447721794,0.11290312984073
4,2999,3,3,3,1.52,0.135789333333333,3.65474762247012,3.65746689077851,1,57,0.075593720148182,0.195599191143242
4,2999,4,1,4,2.6,0.176131,5.50837770954979,5.17749574920335,1,72,-0.0341092913242301,0.0896783349362555
4,2999,4,2,4,2.68,0.209888,6.01235955849039,5.42787561242176,1,80,0.0178732265215486,0.0895611834717001
4,2999,4,3,4,2.68,0.2070685,5.96328584960305,5.40406201815303,1,95,-0.0224496327991203,0.0852714126519318
4,2999,5,1,5,2.28,0.0901196,5.64946716649701,5.69560522376635,1,80,0.0157682018944985,0.0937879742844982
4,2999,5,2,5,3,0.167778,6.54053134152437,6.40714971580456,1,79,0.0107362263684778,0.082183157086444
4,2999,5,3,5,3.6,0.1938612,6.88468832745104,6.59616139760814,1,97,0.0225687959383001,0.0830240201098018
4,2999,6,1,6,4.24,0.175487333333333,8.44757997787114,7.69890360877343,1,98,-0.00984100723502078,0.055995042633531
4,2999,6,2,6,4.08,0.137975666666667,7.54612835901669,7.27047696423318,1,131,-4.86537608337507e-05,0.0488348409033742
4,2999,6,3,6,3.48,0.151407,7.86445991775787,7.46781812134162,1,91,-0.000540152966190508,0.0719807190711557
4,2999,8,1,8,4.36,0.11847375,9.88918107226243,9.47426353366307,1,96,0.0062626449489416,0.0663649209354986
4,2999,8,2,8,5.56,0.2153015,11.8871464722111,10.9102176404731,1,107,-0.00863063368725928,0.0458563550522505
4,2999,8,3,8,5.04,0.15285075,9.99281691107401,9.93069940702074,1,128,0.0138794894641649,0.0392495169221878
4,2999,10,1,10,6.8,0.1995086,14.3895196074498,13.2962083996823,1,116,-0.00635883462686419,0.0365463644221499
4,2999,10,2,10,6.36,0.1719378,13.8251744117819,12.8379393529193,1,117,0.00242848708953244,0.0463177428069878
4,2999,10,3,10,6.8,0.1775438,13.6949353733378,12.8851863129127,1,121,-0.00435784431326488,0.0441690820757488
4,2999,12,1,12,8.2,0.198227,16.9027124878912,15.9595020223673,1,120,-0.00447191129262463,0.0330806923189682
4,2999,12,2,12,8.6,0.186567166666667,16.7103106127583,15.6287466349531,1,133,-0.00315617063362793,0.0293203835143953
4,2999,12,3,12,8.12,0.176403166666667,16.2147343772398,15.4335190550451,1,124,-0.000997299642052097,0.0430518051062773
5,2999,2,1,2,1.16,0.194593,3.56944902939969,2.64263726807234,1,52,-0.105351814726796,0.202836087064189
5,2999,2,2,2,1.24,0.193183,3.40372560394183,2.64717395959975,1,43,-0.0978091973845425,0.211702619338462
5,2999,2,3,2,0.96,0.131718,2.57973881152424,2.43080282569178,1,29,0.140063018289129,0.320655813464957
5,2999,3,1,3,2,0.166449333333333,4.98996717999289,3.81706574613574,1,73,-0.00560234674822096,0.115388034634538
5,2999,3,2,3,2.56,0.265993333333333,5.94278259316804,4.34884028751151,1,81,-0.0309003922868535,0.0957225359672108
5,2999,3,3,3,2.24,0.242126666666667,5.40843081846294,4.2486836301084,1,64,-0.0417056940232817,0.0877285451057801
5,2999,4,1,4,2.88,0.2080555,7.51067469400155,5.35023186086015,1,70,-0.0281103816254687,0.0872308643102784
5,2999,4,2,4,2.72,0.189573,7.25115033918249,5.27972893276178,1,85,0.00835442834592947,0.10095916112597
5,2999,4,3,4,2.72,0.1768515,7.05514635628113,5.15840757862178,1,81,-0.0263151007896143,0.0944922163436906
5,2999,5,1,5,2.76,0.1555184,8.20555725172537,6.28587006846667,1,67,0.00975961032381263,0.0964973239483718
5,2999,5,2,5,3.2,0.1804976,8.41445578624695,6.49617746761264,1,66,-0.0513599166803113,0.0962377231497064
5,2999,5,3,5,3.48,0.1996028,8.84788168609575,6.66062071163042,1,88,-0.00289843953605501,0.0573483258567927
5,2999,6,1,6,4.24,0.222162333333333,10.6459504377192,8.2300922849081,1,75,-0.00980709873870032,0.0673386873903424
5,2999,6,2,6,3.56,0.163111,9.07360838878591,7.6022519840676,1,86,0.00922298092384228,0.0779262585746621
5,2999,6,3,6,3.76,0.184620333333333,10.2965119291313,7.85161950924434,1,79,-0.0230866194409548,0.0812105568886402
5,2999,8,1,8,4.96,0.170364,12.0300299939086,10.2931147147858,1,109,0.00224372021325564,0.0548878078753917
5,2999,8,2,8,6,0.221008,14.3633412257623,10.9597647172172,1,90,-0.0128592190000214,0.0568632641173698
5,2999,8,3,8,4.88,0.1906875,12.4517118767309,10.5991900726356,1,95,-0.0102051211648831,0.0598450138993289
5,2999,10,1,10,6.84,0.2181128,16.1742233350691,13.7394433630545,1,99,-0.00581628450136877,0.0465701766599468
5,2999,10,2,10,6.44,0.1777854,15.7110071570066,12.9350374346768,1,91,-0.0133696478097615,0.0584000258177558
5,2999,10,3,10,6.48,0.1999792,16.7617826222412,13.3615852298475,1,85,-0.00324936708148442,0.0491090946493739
5,2999,12,1,12,7.68,0.1828295,18.8648145014717,15.6607174591025,1,97,-0.0118473936308599,0.0508458809576807
5,2999,12,2,12,7.76,0.19606,18.8691869325463,15.9668451316369,1,101,-0.00143699557426374,0.0432615016557325
5,2999,12,3,12,8,0.205766333333333,20.1858588870849,16.1702782031628,1,90,-0.00241680171173071,0.0577228074015872
6,2999,2,1,2,1.28,0.192279,3.02317621716854,2.64644037849924,1,42,0.015421297833568,0.138628341080582
6,2999,2,2,2,0.88,0.115432,2.58858342842464,2.3851778797468,1,84,0.0929397072890615,0.148560381108367
6,2999,2,3,2,1.8,0.317805,3.24733201250506,3.08744033045829,1,60,-0.0459977752307802,0.131760865652894
6,2999,3,1,3,1.88,0.2082,4.394791893633,4.08692977470498,1,73,0.00218367491531803,0.076747476167982
6,2999,3,2,3,1.68,0.182322666666667,4.79059606521617,3.95551690412842,1,48,0.0301971770279139,0.192040936278815
6,2999,3,3,3,1.24,0.0745333333333334,3.30978145196319,3.324217215463,1,118,0.00752813446125453,0.0660913493406653
6,2999,4,1,4,2.12,0.133748,5.95395360686817,4.86754997473931,1,59,-0.056762643002356,0.133897172923337
6,2999,4,2,4,2.16,0.189589,5.87594563035009,5.32742976847107,1,54,-0.0488359763181577,0.183641571684917
6,2999,4,3,4,3.52,0.3017095,7.1667705127392,6.06640521585794,1,99,-0.0105770011872825,0.0577123146911599
6,2999,5,1,5,2.72,0.1411412,7.51342544109399,6.17345483504623,1,59,-0.00605323658630817,0.109954106951714
6,2999,5,2,5,3.04,0.195796,7.29969672442954,6.65662487117485,1,88,-0.0159876589198869,0.079556198532626
6,2999,5,3,5,3.64,0.2131808,8.87730053053868,6.78832898968521,1,79,0.00562791675892388,0.0804203165593421
6,2999,6,1,6,3.48,0.192083333333333,8.68259203776967,7.98056229806116,1,87,-0.033171627337989,0.0831551301191629
6,2999,6,2,6,2.36,0.100947666666667,7.83265660285714,7.00784354337499,1,63,-0.0617780660835166,0.157792186460205
6,2999,6,3,6,3.48,0.161445666666667,8.38791200656699,7.5938556879099,1,107,-0.004143096057641,0.0511562850950074
6,2999,8,1,8,5.48,0.21051725,12.5048908478681,10.833261560443,1,95,-0.0197778845413298,0.0594171150163967
6,2999,8,2,8,4.88,0.1877305,12.0681506704994,10.5631137218283,1,93,-0.0280735304596509,0.0411456709676272
6,2999,8,3,8,5.16,0.20479175,12.8157494606056,10.8005868294224,1,89,-0.0242072998516409,0.0594950763071279
6,2999,10,1,10,5.72,0.162862,14.3483261827477,12.7195751190314,1,87,-0.0117241996077341,0.0605121820753834
6,2999,10,2,10,5.6,0.1534612,14.3367532257471,12.5303766512855,1,110,-0.0111490958638541,0.0445947241759423
6,2999,10,3,10,6.44,0.1897214,15.544089435383,13.1841109651341,1,104,-0.0063490391780124,0.0426955429853478
6,2999,12,1,12,6.72,0.1570585,17.2053114463592,15.1490232501554,1,93,-0.0168394791861804,0.0489202193366148
6,2999,12,2,12,6.88,0.166737666666667,17.4997092867437,15.3428295332281,1,95,-0.00986756350840982,0.0491061080668145
6,2999,12,3,12,6.84,0.1568225,17.7255400204992,15.1052477809683,1,100,-0.0110155390962234,0.0399331886253435
7,2999,2,1,2,1.04,0.172052,2.70786645793378,2.58681636676601,1,40,0.00374039470565763,0.20434184743814
7,2999,2,2,2,1.4,0.197058,2.92998072633119,2.65590755235561,1,42,0.0360496373536143,0.165657365492932
7,2999,2,3,2,1.12,0.153151,3.04478956727423,2.50973949430337,1,35,-0.189431155987271,0.325135463680194
7,2999,3,1,3,1.88,0.193188,4.82085222690682,3.96841617470614,1,58,0.0275435843540029,0.12520521752694
7,2999,3,2,3,1.48,0.131212666666667,5.01012915279827,3.65335363745773,1,59,-0.0995736153436377,0.148283446272876
7,2999,3,3,3,2.16,0.206464666666667,5.17419530824989,3.99875418629022,1,61,0.00156708369726668,0.118617359979849
7,2999,4,1,4,2.08,0.151033,6.37621816781421,5.01577945934759,1,46,-0.00372294561213281,0.130771266108004
7,2999,4,2,4,2.28,0.1603905,5.98287808902486,5.0792935151083,1,73,0.0184554438255664,0.101331294642632
7,2999,4,3,4,2,0.1592615,5.6166896951383,5.06743909549483,1,76,0.0191887551483763,0.088185506510203
7,2999,5,1,5,3.88,0.2664728,8.3843258296387,7.31116444008348,1,98,0.00194987439456172,0.0508541162623968
7,2999,5,2,5,3.4,0.2211912,7.78774331882655,6.91310047914495,1,92,-0.00899348109434476,0.0803332330084744
7,2999,5,3,5,3.12,0.1660692,7.8892933011857,6.36212821360019,1,65,0.0183125705249363,0.11243713028512
7,2999,6,1,6,4.52,0.225596,9.51044826688896,8.28523292386691,1,93,0.0353334149872047,0.0643844710190046
7,2999,6,2,6,4.28,0.194668333333333,9.57351206091241,7.90804563237256,1,70,0.0341306292983012,0.0839816322726973
7,2999,6,3,6,4.04,0.198438,9.75394486220711,7.9736192939009,1,87,-0.0019209724240759,0.0801727706562988
7,2999,8,1,8,5.2,0.2025325,12.7344539975442,10.7490424097431,1,90,0.0201966801511915,0.055477856412332
7,2999,8,2,8,5.08,0.1992085,11.7776413299368,10.6595040083186,1,119,0.00325266884371185,0.0384212121811095
7,2999,8,3,8,4.64,0.178602,12.5654191419398,10.4304122571719,1,80,-0.00250024184167347,0.0678802550858876
7,2999,10,1,10,6.76,0.206825,16.3874618515345,13.479209327283,1,87,0.0067733540159092,0.0642264929503145
7,2999,10,2,10,7.08,0.2224374,16.1600115336112,13.7557080584705,1,102,0.0101029569890962,0.0445772794331773
7,2999,10,3,10,6.6,0.1900908,15.8009744128296,13.1240531159571,1,92,0.0228580351281307,0.0634381183885002
7,2999,12,1,12,7.52,0.183013666666667,18.4659806884322,15.712225914963,1,83,0.0031295034781436,0.0712785148964475
7,2999,12,2,12,8.04,0.196689833333333,19.1618083122177,15.9300032103828,1,90,0.0145248703244472,0.0489225888813817
7,2999,12,3,12,8.12,0.202330166666667,18.6761032274349,16.0445627571211,1,83,0.00214353991029053,0.0749958466234505
8,2999,2,1,2,1.52,0.232777,3.77505361020035,2.75739893119648,1,43,-0.0506202995305416,0.206665125801569
8,2999,2,2,2,1.64,0.285628,3.27907461578443,2.96596058428466,1,50,0.0173391099744725,0.153261444157928
8,2999,2,3,2,1.48,0.250277,3.25068168324396,2.84542024319715,1,46,0.0115669246684121,0.142488840794822
8,2999,3,1,3,2.64,0.270818666666667,5.78516052136123,4.35628283605414,1,79,0.0167820558581557,0.0752156696237305
8,2999,3,2,3,2.24,0.216193333333333,4.93547413935195,4.06431837896889,1,62,0.0285456801812074,0.106774955888861
8,2999,3,3,3,1.96,0.199006,5.20234292963205,3.96177053519985,1,46,0.0161734291329897,0.157391435454387
8,2999,4,1,4,3.36,0.256895,7.06095067113471,5.6846953148255,1,92,-0.0133607997652508,0.0647615753619145
8,2999,4,2,4,2.56,0.2020105,5.93021059902156,5.31676182727028,1,61,-0.00286436715953259,0.0944768487946723
8,2999,4,3,4,2.28,0.1593625,5.93926699667199,5.07193049877023,1,58,0.0365624619036312,0.117664175739627
8,2999,5,1,5,2.96,0.1967496,7.80320106865576,6.66983403086173,1,77,0.017080113263823,0.083779593319244
8,2999,5,2,5,3.92,0.243724,8.99553214954101,7.00964817534752,1,87,0.00611116248260166,0.0746029972323605
8,2999,5,3,5,3.04,0.1650084,8.75330482726086,6.36123187074862,1,72,0.0105815385331485,0.0916266518083442
8,2999,6,1,6,3.48,0.172364,9.70388584929271,7.67831526987913,1,71,0.00995107781325306,0.0846946304013456
8,2999,6,2,6,3.92,0.205075,10.0188362371659,8.07075592185373,1,87,0.00537631401368392,0.0703172747321367
8,2999,6,3,6,4.2,0.216413333333333,9.97796886950328,8.16871233170022,1,93,-0.00743609888934416,0.0764589308152419
8,2999,8,1,8,5.08,0.1913025,13.1266768232777,10.5936843282004,1,81,0.0259158699404276,0.0725886676298498
8,2999,8,2,8,5.36,0.21710175,13.0236796079964,10.9220832750128,1,95,0.019844811313956,0.0598444350863215
8,2999,8,3,8,4.6,0.162203,12.9444790779496,10.1713613432986,1,80,0.00246246179662464,0.0643577938242555
8,2999,10,1,10,6.48,0.1900076,16.6507517756574,13.151174259734,1,86,0.00415769114549269,0.0496466220257446
8,2999,10,2,10,6.4,0.1968338,16.1003411667695,13.2754184382155,1,90,0.0078437765604503,0.0470872888842382
8,2999,10,3,10,6.12,0.1847956,16.1161036718667,13.0902381462988,1,89,0.00286877738395672,0.0413577959038507
8,2999,12,1,12,7.52,0.190569666666667,19.5401514227193,15.8107031445312,1,92,0.00688976730525447,0.0440975174753837
8,2999,12,2,12,7.44,0.185054666666667,19.5236145363882,15.6998312274378,1,87,0.00347990454189143,0.0524170811437745
8,2999,12,3,12,7.24,0.186603166666667,19.017359365138,15.7594354550902,1,93,-0.00584439566376844,0.0446361437079949
9,2999,2,1,2,1.64,0.256714,3.61252614747007,2.85251337530515,1,58,0.0468230037101759,0.120097140248465
9,2999,2,2,2,1.92,0.333777,3.67814442939067,3.18177613972924,1,61,-0.017927598459089,0.121389549803546
9,2999,2,3,2,1.64,0.259591,3.6063754505706,2.88090878850312,1,61,0.0251164812749681,0.10710033318216
9,2999,3,1,3,2.24,0.23368,4.8961399872391,4.19632121932354,1,71,0.00775913398108879,0.0862584914147883
9,2999,3,2,3,2.08,0.246262,5.10797288897254,4.29985220993267,1,71,-0.0179052438950632,0.0911594797074243
9,2999,3,3,3,2.32,0.249753333333333,5.70046488349002,4.28738282128589,1,66,-0.0123381004379922,0.0725339469084071
9,2999,4,1,4,3.16,0.251929,6.29409366688204,5.72144357178313,1,97,-0.0103752788522929,0.0706462368191364
9,2999,4,2,4,2.92,0.228652,6.77600206251058,5.56439396173798,1,91,0.0115303117309453,0.0758990056651729
9,2999,4,3,4,3.56,0.287116,7.29719785053221,5.95180930888902,1,91,-0.00623158283109226,0.0665995422894638
9,2999,5,1,5,3.96,0.2745464,9.11259005782034,7.39866031315704,1,91,0.0185249973278436,0.0582253506328462
9,2999,5,2,5,3.76,0.2417124,8.40040994657822,7.05992923782804,1,90,0.0140555037324263,0.0532339691509402
9,2999,5,3,5,4.24,0.288972,9.37426733448081,7.52804586589619,1,102,0.00285644770353453,0.0532508829792082
9,2999,6,1,6,4.76,0.253506,9.81992536810454,8.5863096128502,1,119,-0.0048497093691321,0.0358241945603037
9,2999,6,2,6,4.48,0.248297,10.4637188980848,8.61061284651387,1,91,0.000912205665201346,0.0585181138314018
9,2999,6,3,6,4.24,0.253424666666667,10.56984721805,8.70706301950086,1,97,0.0051579449118933,0.0582942235268372
9,2999,8,1,8,6.28,0.26803875,14.855031229692,11.729819018396,1,95,0.00647866353544281,0.043333082903464
9,2999,8,2,8,6.24,0.26177375,13.3920365186981,11.6762252392168,1,131,-0.00953826997024678,0.0329404705980028
9,2999,8,3,8,6,0.23184975,13.4114053642872,11.1550461004585,1,79,0.00715262303071507,0.0642135438282
9,2999,10,1,10,7.36,0.24051,17.698452979249,14.1237213190199,1,94,0.00657153315772465,0.0448124352865641
9,2999,10,2,10,8.68,0.2976924,18.1902015438616,15.1718377209282,1,116,0.00508798975765313,0.0368471577073097
9,2999,10,3,10,7.88,0.2696888,17.9950969829995,14.6967078412255,1,108,-0.00336175325487248,0.0389563095657778
9,2999,12,1,12,9,0.2446915,20.9086223380463,17.0395186682788,1,104,0.00537602468040522,0.0435348924940866
9,2999,12,2,12,8.8,0.248178833333333,21.183869683595,17.2259896111485,1,111,0.0079015339602503,0.0435514683274271
9,2999,12,3,12,9.16,0.24433,20.7698923624105,17.032336857284,1,110,0.00328761150754328,0.0394035741381662
10,2999,2,1,2,1.48,0.255073,3.7888380342924,2.8968317689034,1,43,0.0833680803300505,0.249070695957099
10,2999,2,2,2,1.52,0.237654,3.07603420727036,2.81333831722113,1,59,0.0224770268539426,0.1740430209535
10,2999,2,3,2,1.72,0.274639,3.70748403431961,2.9570109117402,1,54,0.0134302964992437,0.15737323146196
10,2999,3,1,3,2.44,0.272722666666667,4.97229353448087,4.37004154124401,1,73,-0.00416847819034345,0.0850806307358102
10,2999,3,2,3,2.72,0.320807333333333,5.66044303280474,4.69224855314275,1,63,-0.0443123149665936,0.101288569661439
10,2999,3,3,3,2.16,0.293426,5.3528384215359,4.58190788524602,1,54,-0.0026106386852799,0.143154522748803
10,2999,4,1,4,3.16,0.2547465,6.74060151168101,5.77483567599534,1,81,-0.0118305996272867,0.0843847275968307
10,2999,4,2,4,3.16,0.2375705,6.52282194668279,5.62820580248431,1,85,-0.012180457313398,0.0758757769400873
10,2999,4,3,4,2.64,0.205357,5.65459952773061,5.39577375458144,1,66,-0.00916544409394733,0.124535479255939
10,2999,5,1,5,4,0.2638492,8.18735036996278,7.26029015509644,1,84,-0.0389447541217198,0.0750938877806803
10,2999,5,2,5,3.72,0.2634124,8.16917269394758,7.32551669454009,1,97,-0.00197661448947474,0.070249071216366
10,2999,5,3,5,3.16,0.2092644,7.98471331061396,6.82312290989685,1,72,0.0116339883183713,0.0905588255480948
10,2999,6,1,6,4.56,0.261357,9.59548159454136,8.74219012139354,1,85,-0.0222042278781333,0.0599023358506285
10,2999,6,2,6,4.48,0.252129333333333,10.3303364630094,8.6321165085928,1,74,-0.00876746883160922,0.0766527911163475
10,2999,6,3,6,4.24,0.212871666666667,8.9009266841387,8.12762623003279,1,93,-0.0197258557207995,0.0668020130637568
10,2999,8,1,8,5.56,0.2118565,12.519515657839,10.8754056204847,1,88,-0.0184971488153981,0.0731495331982358
10,2999,8,2,8,5.56,0.236355,12.8836723272466,11.2840320283479,1,84,-0.0371519157088042,0.0871089133728109
10,2999,8,3,8,6.04,0.2351175,12.3612044833779,11.2176362682657,1,106,-0.0181422553125322,0.0539244026952794
10,2999,10,1,10,7.08,0.228994,15.1247524463878,13.9045007332922,1,108,-0.0120580771938591,0.0494801112077786
10,2999,10,2,10,7.64,0.2505344,15.7565013673841,14.2842976095989,1,104,-0.0316138281223423,0.0486620058340281
10,2999,10,3,10,7.2,0.2287156,15.3522491059276,13.9049024393266,1,86,-0.0278891751181666,0.0652717322777802
10,2999,12,1,12,8.96,0.230799333333333,18.8854902717475,16.6914346090313,1,103,-0.0282957625343247,0.0532480802774677
10,2999,12,2,12,9.2,0.237347833333333,19.3567332224142,16.850066543957,1,96,-0.0146192595908935,0.0528689093599912
10,2999,12,3,12,7.96,0.204524833333333,17.8744273037403,16.2052841437507,1,94,-0.0318283565307471,0.0594554725538372
11,2999,2,1,2,2,0.279113,3.3498111748783,2.92413870902075,1,72,0.030746082776517,0.0929449145718315
11,2999,2,2,2,1.48,0.240974,3.29491504484935,2.82857310412783,1,47,0.0599059373452103,0.205191712750315
11,2999,2,3,2,1.56,0.278357,3.64029458421026,2.96708857459913,1,48,-0.0516643290819011,0.159018549705557
11,2999,3,1,3,2.6,0.318242666666667,5.25236833285513,4.66426242352921,1,81,-0.0083692788091534,0.0653660299700574
11,2999,3,2,3,2.24,0.196352666666667,3.96650358411353,3.94981512148765,1,63,0.0149544946919353,0.138800904852459
11,2999,3,3,3,2.12,0.218078,4.98088144465158,4.11019234624881,1,70,-0.016683361629405,0.105653865186085
11,2999,4,1,4,2.64,0.164699,5.04925062441996,5.04204568472112,1,78,0.00336072330881544,0.101505337990577
11,2999,4,2,4,3.12,0.24077,5.82498992753429,5.62404326918746,1,89,-0.00683854995104324,0.0706300061404539
11,2999,4,3,4,3.04,0.2848445,6.95788249956319,6.02143960949845,1,82,-0.0120161116749723,0.0558406983176459
11,2999,5,1,5,4.24,0.300158,8.94223938480579,7.6065916519651,1,113,-0.0147566622143055,0.043154668273182
11,2999,5,2,5,3.72,0.2274864,7.78517611669241,6.90050752902824,1,103,-0.0144930016041975,0.0559644515126363
11,2999,5,3,5,3.6,0.2196808,7.81064620979625,6.85456562976588,1,75,-0.0285215405657694,0.072673326987585
11,2999,6,1,6,3.68,0.201106666666667,8.69970230137285,8.06801474112821,1,90,0.00338027765784599,0.0597681508955997
11,2999,6,2,6,4.64,0.238836,9.07845900994602,8.42117124710444,1,110,0.00276658554153805,0.0397809439388406
11,2999,6,3,6,3.88,0.205836,8.7238086760094,8.08919729422732,1,101,-0.0181490713163907,0.0486633785674908
11,2999,8,1,8,5.84,0.22953425,12.4752930304959,11.1346561238648,1,118,0.00232559548950907,0.034485267138431
11,2999,8,2,8,5.92,0.22522425,12.1268700725759,11.0548061467451,1,128,-0.000688545859313348,0.0366566241270554
11,2999,8,3,8,5.2,0.19663725,11.1062648360212,10.6423049462265,1,126,-0.00521356951214844,0.0341988371741027
11,2999,10,1,10,6.6,0.1996574,14.2991695177264,13.3680823720044,1,116,2.16093187104254e-05,0.0349581658122941
11,2999,10,2,10,7.24,0.222873,15.3079704950305,13.7705585552368,1,126,-0.00493192270183077,0.0340285673052853
11,2999,10,3,10,7.16,0.2102044,15.1430121845564,13.5179334690646,1,117,-0.00550032321035668,0.035447766927993
11,2999,12,1,12,8.44,0.219028,18.2557630473366,16.4527780282802,1,129,-0.00619579078920753,0.0295002277033555
11,2999,12,2,12,8.44,0.219028,18.2557630473366,16.4527780282802,1,129,-0.00619579078920755,0.0295002277033555
11,2999,12,3,12,8.44,0.219028,18.2557630473366,16.4527780282802,1,129,-0.00619579078920752,0.0295002277033555
12,2999,2,1,2,1.28,0.176189,2.6310646696171,2.57676440843663,1,49,0.0524237275680186,0.216474561672394
12,2999,2,2,2,1.6,0.236702,3.83166465580724,2.81295020389408,1,55,-0.0180724854555768,0.147424644099762
12,2999,2,3,2,1.04,0.12999,2.98228149083502,2.41390446041885,1,37,-0.13744318189817,0.362582918082256
12,2999,3,1,3,2.16,0.21584,4.15930888450975,4.05639703972841,1,76,0.0271827313003625,0.108459624263682
12,2999,3,2,3,2.08,0.184744666666667,4.58837461947344,3.92118163011306,1,54,-0.0124051187070418,0.148955326854141
12,2999,3,3,3,2.08,0.217411333333333,4.84012534468369,4.12553899104909,1,78,-0.0164740462572433,0.086706937109408
12,2999,4,1,4,2.92,0.2206395,6.89583405861274,5.51788632397375,1,79,-0.00571393715461245,0.0684365381454251
12,2999,4,2,4,2.6,0.1957765,6.16617373352004,5.3234872330597,1,76,-0.00551788355702672,0.104892588170164
12,2999,4,3,4,2.96,0.2457865,6.4946299256689,5.71736653705048,1,72,0.00255900088724157,0.0913432975598043
12,2999,5,1,5,3.4,0.2209836,8.11585756810356,6.9162514336082,1,93,-0.00200640473793087,0.0764786879421365
12,2999,5,2,5,3.36,0.2003552,7.22067019883777,6.68945808421224,1,115,0.00169139282778294,0.0542531433032273
12,2999,5,3,5,3.68,0.2150084,8.2861324419559,6.81877918546585,1,82,-0.0133761737620033,0.0792404134778769
12,2999,6,1,6,3.48,0.176327333333333,9.09285254864882,7.80690869217266,1,90,0.0145962271143398,0.0761455928291544
12,2999,6,2,6,4.88,0.258420666666667,10.5298928615593,8.63382363934911,1,93,-0.0010215313196927,0.0553316452683559
12,2999,6,3,6,4.12,0.214305,9.43003737902147,8.20537476600335,1,92,0.000978525519474508,0.0787038161392499
12,2999,8,1,8,6.16,0.24510625,14.1449733282786,11.352851224275,1,88,0.0109797515058806,0.0535168844839004
12,2999,8,2,8,5.2,0.19590275,12.8977274737517,10.6514768786308,1,101,0.0034457368328312,0.0612504898833699
12,2999,8,3,8,5.72,0.22586725,13.231463245642,11.1349314331663,1,88,-0.00713218769964276,0.0591846164141287
12,2999,10,1,10,7.04,0.2233728,16.2137922178382,13.8075632367044,1,98,-0.00273437460308351,0.0522337708134484
12,2999,10,2,10,7.12,0.2143882,15.9899717404565,13.6046885370561,1,107,-0.00882904321586834,0.0412796736195481
12,2999,10,3,10,6.68,0.198393,15.5961850173964,13.330394645342,1,90,0.00498957900944698,0.0543770264199746
12,2999,12,1,12,8.8,0.228755,19.9884631989674,16.6694190150148,1,102,-0.0042274890845795,0.0431555263771496
12,2999,12,2,12,8.24,0.209369,19.4650055578662,16.2533545142851,1,98,0.000646388653021964,0.0528780799353745
12,2999,12,3,12,8.36,0.2105005,19.0905007630036,16.2628053429871,1,105,-0.0011079862914833,0.0450921629406919
13,2999,2,1,2,1,0.114323,3.14457370101509,2.36304536870693,1,29,-0.0756098945680881,0.268153751613807
13,2999,2,2,2,1.88,0.313282,3.30107964117116,3.08602864576011,1,52,0.00213172984182332,0.152988581663838
13,2999,2,3,2,1.68,0.243291,2.82375244471999,2.7813134363854,1,65,-0.0106271510763419,0.121062132393903
13,2999,3,1,3,2,0.214198666666667,4.27470902971761,4.05631503451027,1,70,-0.0253964290726469,0.097798339491679
13,2999,3,2,3,1.64,0.181486666666667,4.84281657909102,3.90792066928361,1,49,-0.0515757379898448,0.14428079534937
13,2999,3,3,3,2.28,0.23565,5.13401781085886,4.17326256371319,1,66,-0.0230154182970458,0.101315346833907
13,2999,4,1,4,3.04,0.197919,6.43206682665887,5.28824361420229,1,85,0.0141973885052546,0.0759206083959388
13,2999,4,2,4,2.64,0.2146315,6.04676551587728,5.4675012363193,1,82,0.027403939657088,0.0884565853537554
13,2999,4,3,4,3.16,0.230046,6.33723251297563,5.53481612938112,1,72,8.57698332770255e-06,0.0750128006661713
13,2999,5,1,5,3.72,0.2109952,8.13957480669237,6.74422044538989,1,87,0.00808283362441711,0.0489745616073945
13,2999,5,2,5,3.4,0.216528,8.58555326416233,6.83310662414948,1,90,0.00690808682266785,0.0625605605405471
13,2999,5,3,5,2.96,0.1910096,8.51765594802675,6.6331776725948,1,67,0.00404006387237927,0.0824990516310697
13,2999,6,1,6,4.64,0.224744666666667,9.88259075363114,8.21140582741322,1,96,-0.00611373064027317,0.053739618403829
13,2999,6,2,6,4.36,0.233602,10.0210753430937,8.38553130680458,1,83,0.00706802573045193,0.0569267985788538
13,2999,6,3,6,4.08,0.217591,9.78962792426378,8.2012326044768,1,86,-0.00218984177768837,0.0447634634773425
13,2999,8,1,8,4.84,0.17821225,12.8621245702407,10.4005679075714,1,79,-0.00504836086229544,0.0591358320851183
13,2999,8,2,8,5.72,0.206737,13.5777760518622,10.7257785362222,1,92,0.00886215104076925,0.0400359497852893
13,2999,8,3,8,5.08,0.18356075,13.1182204882386,10.4317100669179,1,89,0.00241040058011705,0.0489248533014529
13,2999,10,1,10,8,0.244437,16.0963962574656,14.0947888636122,1,103,-0.000720426293572445,0.0361362519609206
13,2999,10,2,10,7.6,0.2370088,16.3920235906872,14.0181641122476,1,99,-0.00129815881084903,0.0354238937773914
13,2999,10,3,10,7.2,0.2195438,16.7330845053484,13.6707408634572,1,92,0.0106968936519651,0.0489525730614386
13,2999,12,1,12,8.28,0.202346833333333,19.1508947656902,16.0017047284128,1,93,0.00527599508597895,0.0436116280326591
13,2999,12,2,12,8.84,0.225521666666667,19.0555321341441,16.5629348398089,1,91,0.0130585352751637,0.0402191625150284
13,2999,12,3,12,9.08,0.236964333333333,19.913348950118,16.7989496657681,1,106,0.00903852822136702,0.030623636388522
14,2999,2,1,2,1.92,0.370497,3.78591100529192,3.32688154505837,1,52,0.00472160431774941,0.140399192405299
14,2999,2,2,2,1.4,0.271069,3.11793687805745,3.00818713459084,1,40,-0.14296608435579,0.259231655648532
14,2999,2,3,2,1.28,0.265213,3.0903913633117,2.98779525229779,1,32,-0.254590068023276,0.280287335355392
14,2999,3,1,3,1.68,0.180750666666667,5.00963752421782,3.94558267133826,1,52,-0.0256713611836193,0.163833692629878
14,2999,3,2,3,2.92,0.351998,5.46616334599584,4.847284978694,1,92,0.00769943376327104,0.0671034387243827
14,2999,3,3,3,1.68,0.172546,3.95494751376268,3.88386129778046,1,48,-0.0258648187725476,0.144876686241869
14,2999,4,1,4,2.6,0.204982,5.6101978404626,5.37723517620048,1,92,-0.0345894900087922,0.0729887670955868
14,2999,4,2,4,2.4,0.187843,6.25683018968955,5.27870750187241,1,63,0.0133440007468213,0.0877051593632708
14,2999,4,3,4,3.48,0.317834,6.60789644385232,6.23348931349051,1,104,-0.0306981436553154,0.0627596504304495
14,2999,5,1,5,3.76,0.244782,8.16172774187347,7.09919287219213,1,84,0.0318855789654159,0.0772718819645174
14,2999,5,2,5,2.6,0.1666688,6.55361500084403,6.4652782599723,1,69,-0.0409662067303641,0.0956192173755914
14,2999,5,3,5,3.48,0.2391304,7.60276013564068,7.07785543553564,1,78,-0.00617966999580295,0.0773347546987871
14,2999,6,1,6,3.64,0.180343,9.5545073577825,7.80628658153358,1,78,0.00826053966119606,0.0750982172553156
14,2999,6,2,6,3.4,0.178855333333333,9.56003482549257,7.86338557342212,1,78,0.00704170239786613,0.0834209286170215
14,2999,6,3,6,3.92,0.201591,8.97229470644609,8.03674335946218,1,80,0.010006074540614,0.0706098041931787
14,2999,8,1,8,4.8,0.18804075,12.3652927554429,10.5931937257597,1,86,0.00392670642687601,0.0682726119073349
14,2999,8,2,8,5.56,0.23751625,12.6782051469876,11.3245212691684,1,85,0.0158363638915503,0.0521368287756518
14,2999,8,3,8,5.84,0.250714,12.9124370694361,11.5214783273395,1,80,0.0144011580100096,0.0639572736763131
14,2999,10,1,10,7.04,0.2442886,15.9549117350736,14.3031500097974,1,91,0.00175566866103087,0.0520987236711945
14,2999,10,2,10,8.24,0.2892086,17.7696696289595,15.0587068763179,1,99,0.0163936604367666,0.0539758907050532
14,2999,10,3,10,7.12,0.2338864,16.4321605469887,14.0142369886885,1,97,-0.00215787157877412,0.0488153549928343
14,2999,12,1,12,8.52,0.2450225,19.2580207394459,17.1649795047686,1,96,-0.00220891636792088,0.041591525246691
14,2999,12,2,12,8.2,0.228303,19.1903755936956,16.7644593528521,1,91,8.62622476804256e-05,0.0482926616806551
14,2999,12,3,12,8.2,0.222323333333333,19.1950292469748,16.5950205630747,1,98,0.00221491060762178,0.0443681771768351
15,2999,2,1,2,0.84,0.07797,3.13160063535443,2.26085337090082,1,43,-0.0837672034277777,0.214152288056356
15,2999,2,2,2,2,0.356289,3.84067727612986,3.20871728280903,1,74,-0.0073698784045221,0.0848473559806702
15,2999,2,3,2,1.72,0.316808,3.56301890149943,3.1139567486549,1,76,0.00938796174111064,0.0771763076927931
15,2999,3,1,3,1.8,0.213122,4.56903690117348,4.1202055779795,1,86,0.0150815680465727,0.0726210572511803
15,2999,3,2,3,2.68,0.289540666666667,5.70427738510038,4.48782234761448,1,83,0.0070332018056348,0.0621463353649576
15,2999,3,3,3,2.52,0.262869333333333,5.73165986891412,4.35294508691244,1,63,-0.00133369638610106,0.136403428981837
15,2999,4,1,4,1.84,0.1420855,5.62466809916991,4.96937375770317,1,49,0.0423769506295169,0.184466249398492
15,2999,4,2,4,2.24,0.136449,6.55985821929895,4.92037303065326,1,55,0.0183430790509558,0.132613546069128
15,2999,4,3,4,3.72,0.3268975,7.40705745500408,6.25000217760553,1,96,0.0178792037564713,0.0577269843597705
15,2999,5,1,5,3.2,0.1805912,7.31971962514192,6.53971208130508,1,66,0.00955791784835128,0.0807769174152405
15,2999,5,2,5,3.56,0.2330172,8.16234967480115,7.02684874988797,1,98,0.0263676711207608,0.0542770639296064
15,2999,5,3,5,3.64,0.2325972,7.98938736934823,6.97912448970572,1,93,-0.019549985078278,0.063505757677989
15,2999,6,1,6,4.6,0.209847333333333,10.109621215093,8.1026567841289,1,94,0.0279944661204513,0.0689809489571982
15,2999,6,2,6,3.96,0.210309333333333,10.2110418194465,8.1960431820759,1,75,0.0137729229692059,0.0640911694835462
15,2999,6,3,6,4.44,0.239580333333333,9.98269033636017,8.47072640380422,1,111,0.00514677024497119,0.0474395975134755
15,2999,8,1,8,5.88,0.23839325,13.6604589559035,11.2978406475645,1,92,0.0118292976274772,0.0570894226242117
15,2999,8,2,8,5.44,0.191789,12.4886457543772,10.5860385554364,1,96,-0.00765755525661706,0.0508157985265947
15,2999,8,3,8,5.56,0.23426525,12.7267035048841,11.2566809134919,1,118,0.0123510810169814,0.0392507473898723
15,2999,10,1,10,7.44,0.2337402,16.8013895440763,13.9743985384336,1,86,0.0156569098453098,0.0638277163566548
15,2999,10,2,10,6.92,0.215552,16.345642236912,13.684356855111,1,80,0.00350794987164165,0.0567969633734592
15,2999,10,3,10,7.2,0.223108,16.8236661432243,13.7878921010319,1,103,0.011641724908294,0.0442430096589787
15,2999,12,1,12,8.96,0.215409333333333,19.9716149643899,16.3201521925728,1,98,0.00651775970322394,0.0405794693671944
15,2999,12,2,12,8.88,0.236394,20.1464984015648,16.8309050465443,1,78,0.0103127138396012,0.0504348018445062
15,2999,12,3,12,7.68,0.1818995,18.6276130902958,15.6601485414456,1,78,-0.010507381595505,0.059212644679966
16,2999,2,1,2,1.24,0.185083,2.9834262851101,2.63337109784843,1,53,-0.0310664193445882,0.188551697686332
16,2999,2,2,2,1.24,0.161422,2.97954873790322,2.51281997623841,1,47,0.00781349150227105,0.188262758277227
16,2999,2,3,2,1.48,0.194599,3.23007017099393,2.63232877150407,1,67,0.0143003310222686,0.109741638801085
16,2999,3,1,3,1.92,0.169372666666667,4.77969272061954,3.80726468151845,1,48,0.00828911521754609,0.165789603100245
16,2999,3,2,3,1.8,0.152402666666667,4.49622337745727,3.74585593941191,1,56,-0.0156646104445585,0.143389550879794
16,2999,3,3,3,2.24,0.220993333333333,4.80603880857233,4.0607596915463,1,75,-0.029857194563838,0.106051251669975
16,2999,4,1,4,2.92,0.2078685,5.85461807993465,5.33047620838148,1,78,-0.0151197101647533,0.0924501695586697
16,2999,4,2,4,3.16,0.232289,6.12152684254091,5.54076858543956,1,82,0.00223472972966452,0.0628068661486152
16,2999,4,3,4,2.6,0.1897415,5.75497500008363,5.26160017689945,1,82,0.041593925064581,0.0886797402840211
16,2999,5,1,5,3.24,0.1727664,7.60955411990048,6.38831069490007,1,74,0.0207631694030679,0.0987197262952542
16,2999,5,2,5,3.68,0.2153724,7.69079017680282,6.76474763741819,1,94,0.0129156635813304,0.0751795335363728
16,2999,5,3,5,3.72,0.2383628,8.14668095794735,7.02904357885443,1,82,0.00875708027053405,0.0637496851458939
16,2999,6,1,6,4.32,0.19927,8.82720223067803,7.93324348885716,1,83,-0.000866665364602068,0.0603004058463126
16,2999,6,2,6,4.28,0.195291666666667,9.77599318581461,7.87840689739981,1,102,0.021705783961443,0.0728293804751854
16,2999,6,3,6,4.32,0.222001666666667,9.45403044267327,8.22601919651147,1,90,0.0128026274675097,0.0726821550970545
16,2999,8,1,8,5.48,0.18688925,11.5807194637989,10.4239308216034,1,105,0.0163152586395843,0.0477128692512763
16,2999,8,2,8,6,0.21714725,12.7602677112889,10.877234688759,1,106,0.0216437635662101,0.0632080521650454
16,2999,8,3,8,6,0.23428275,12.6693802568588,11.1636984027429,1,95,0.0204805717972241,0.0595275971139496
16,2999,10,1,10,6.76,0.184547,15.2327275498022,12.9731921136231,1,100,0.0194359476471978,0.0468254672310013
16,2999,10,2,10,6.32,0.1850306,15.3909779091042,13.0475739487689,1,87,0.0109051385016799,0.0765326646813617
16,2999,10,3,10,7.6,0.2227188,16.0407720102882,13.665709233562,1,95,0.0195472966005441,0.0495961720354679
16,2999,12,1,12,8.56,0.206667,19.1531807174376,16.0967635482212,1,102,0.00906680287611844,0.0515251460054749
16,2999,12,2,12,8.48,0.206526666666667,18.3413605531441,16.1229198298413,1,103,0.00757049897361173,0.0448718526200049
16,2999,12,3,12,8.56,0.1998555,18.2125786245525,15.9162543807816,1,101,0.0102209274765544,0.0473755351292676
17,2999,2,1,2,1.56,0.273366,3.84205576576708,2.95650213520193,1,57,0.00467880616836787,0.105961903378194
17,2999,2,2,2,0.84,0.100922,2.85607603116939,2.30855129283656,1,87,-0.0926483058071058,0.154912785458807
17,2999,2,3,2,1.28,0.179262,3.30761030565905,2.586987101772,1,50,0.0651538198323317,0.214241695697944
17,2999,3,1,3,2.12,0.189572,5.07559503402035,3.89279466105249,1,77,-0.0152492037892892,0.0958589611350285
17,2999,3,2,3,2.8,0.316514666666667,5.76746216381667,4.60427919865466,1,78,-0.0236877948377606,0.0884970659032598
17,2999,3,3,3,2.12,0.217862666666667,5.29195144958425,4.10548948478991,1,57,0.0497064115491571,0.138257630358088
17,2999,4,1,4,3.12,0.2497885,7.18594772401658,5.68838942125962,1,90,0.000206998322357154,0.0537533883299426
17,2999,4,2,4,3.04,0.235082,7.12558336784089,5.54296572244562,1,90,0.029315468073626,0.0587514769454488
17,2999,4,3,4,3.16,0.241519,7.1527416738912,5.6102802250868,1,82,-0.004845861265431,0.0579982328970713
17,2999,5,1,5,3.68,0.2495684,8.39923558515172,7.11727439373036,1,79,0.0310653269115628,0.0644344171327859
17,2999,5,2,5,3.32,0.2126496,8.33401660763554,6.79437585001665,1,61,0.0112444373910314,0.123495018117048
17,2999,5,3,5,3.92,0.2673824,9.25712201371457,7.32668415185783,1,91,-0.013699041342535,0.0671640392730966
17,2999,6,1,6,4.64,0.264609666666667,10.9746460438036,8.73726437876966,1,85,-0.00663334474720047,0.0552627565385131
17,2999,6,2,6,4.48,0.251526333333333,10.3870175639521,8.54377444460198,1,88,0.0241834538623887,0.0507820528983901
17,2999,6,3,6,4.6,0.263227666666667,11.1037391464089,8.70928348308401,1,87,0.0376619089649794,0.0666769703439693
17,2999,8,1,8,5.52,0.21236675,13.4047582839627,10.8397448983767,1,83,0.0191761469136532,0.0650399138112064
17,2999,8,2,8,6.36,0.2614115,14.089623212513,11.5656349917959,1,100,0.00162923340907812,0.035986971566668
17,2999,8,3,8,5.52,0.225907,12.9618410754323,11.0730818147208,1,99,0.0123430664902084,0.0482179644295263
17,2999,10,1,10,7.2,0.2353132,17.7366419291548,14.0247051724022,1,88,0.0126213816041707,0.0555235317626586
17,2999,10,2,10,7.48,0.248945,17.2229854321273,14.2897480086588,1,106,0.00770747367382511,0.0376879657365572
17,2999,10,3,10,7.92,0.2638024,17.9316789782801,14.5221371269979,1,105,0.00119471150593496,0.0338712817946069
17,2999,12,1,12,8.88,0.246844166666667,20.6793680010897,17.0561267617003,1,104,0.0127238470711823,0.033637341136784
17,2999,12,2,12,8.96,0.241079,20.7583219483837,16.9116442028273,1,110,0.00786140918809016,0.0332616269557423
17,2999,12,3,12,9.28,0.265158333333333,21.1801061626384,17.4570223935712,1,107,0.00594733709755825,0.0356554319091875
18,2999,2,1,2,1.52,0.252861,3.54590366081473,2.86158235054274,1,49,-0.00580059818549467,0.169650994676684
18,2999,2,2,2,1.32,0.154603,3.75902019100077,2.47849208508772,1,37,0.109923154364373,0.248769663295622
18,2999,2,3,2,1.52,0.253195,3.96145175736111,2.84986080640705,1,51,0.0335696847801279,0.147902721898768
18,2999,3,1,3,1.88,0.200561333333333,5.22181905154193,4.02021441127398,1,58,0.0311780658375553,0.0648800510398526
18,2999,3,2,3,2.2,0.203642666666667,5.15852145133827,3.9956447409914,1,64,0.0135829852796496,0.077518430094091
18,2999,3,3,3,1.76,0.176508666666667,4.99627368526552,3.85927781291369,1,50,0.00728623364570856,0.1583447408409
18,2999,4,1,4,2.52,0.1935335,6.8186007894245,5.29795795833625,1,55,0.00211132043176725,0.130689329872266
18,2999,4,2,4,2.36,0.159956,6.56675285281901,5.02229780419699,1,59,0.0284043135543174,0.166427660609262
18,2999,4,3,4,2.96,0.2529975,7.28197095556703,5.71216549514351,1,68,0.0167406314654652,0.073110445301102
18,2999,5,1,5,3.36,0.2178876,7.77046482215726,6.86194900142499,1,86,0.00951769523472188,0.073289130512455
18,2999,5,2,5,4,0.2620424,9.14399404315052,7.2104078985006,1,83,-0.0101658130572769,0.0636169189298025
18,2999,5,3,5,3.32,0.203782,8.53324947363041,6.72723406984741,1,72,-0.000231447983673396,0.0926493762820313
18,2999,6,1,6,4.52,0.244749,10.4399593302951,8.53181687816049,1,83,0.0165970660821123,0.056252322603675
18,2999,6,2,6,4.44,0.232881666666667,10.8864024454821,8.34046941622544,1,93,-0.0118859836304094,0.0525884321890722
18,2999,6,3,6,4.76,0.272807333333333,10.6577680770876,8.83935237952577,1,89,0.00214600426038682,0.0685465784239414
18,2999,8,1,8,5.48,0.20331875,13.4524598769997,10.7095439221657,1,89,0.0120285016530632,0.052727673022736
18,2999,8,2,8,6.2,0.24464275,14.3592809391132,11.2952048036185,1,95,0.00720313275068208,0.0466479432956279
18,2999,8,3,8,5.56,0.2099645,14.4899552289767,10.7970762992896,1,85,0.00341106671680374,0.0603757281218876
18,2999,10,1,10,7.76,0.250045,17.9250127216868,14.208626809026,1,95,-0.00784018481060818,0.0393126663243837
18,2999,10,2,10,7.68,0.2478032,18.1499141423502,14.1689456695139,1,97,-0.00638400339115955,0.0439011336522708
18,2999,10,3,10,6.72,0.2092886,17.2692077272993,13.4877001084789,1,89,0.000140189311416519,0.0552550947877856
18,2999,12,1,12,8.04,0.195230833333333,20.5900494198435,15.8760069919964,1,83,0.0171877146989945,0.0464171562920083
18,2999,12,2,12,8.24,0.208790166666667,20.5065106009123,16.201151955888,1,82,-0.0051344454364786,0.043485961373312
18,2999,12,3,12,9.16,0.237779,22.129812864579,16.8068405775658,1,83,0.00394241998267592,0.054120559797539
19,2999,2,1,2,1.28,0.163687,2.91262661971854,2.53252350098828,1,40,0.0913669922803122,0.272904342534774
19,2999,2,2,2,1.44,0.203821,2.98144081408661,2.65682518415818,1,45,-0.0582399260254568,0.188104751830326
19,2999,2,3,2,1.76,0.296647,3.83199353630984,3.02298099292778,1,55,-0.0146995796587435,0.112718713356133
19,2999,3,1,3,1.64,0.143733333333333,4.25673503460635,3.67482538710794,1,70,0.040799165318024,0.135091642455268
19,2999,3,2,3,1.84,0.203248,4.64122400609041,4.03829058169325,1,57,-0.0323061575379478,0.130106758223021
19,2999,3,3,3,2.76,0.311216,5.73283326647576,4.59265123580702,1,75,-0.0129614937509142,0.0648001245203197
19,2999,4,1,4,2.88,0.219477,5.95051651265471,5.48206970744021,1,90,-0.0115514237634338,0.0805875678105378
19,2999,4,2,4,2.72,0.2058165,6.32691457444302,5.37987378404862,1,63,-0.0193507503862427,0.0873015884130794
19,2999,4,3,4,2.36,0.1837425,6.50753319599005,5.25201802145628,1,66,-0.00130792299835452,0.0972793977057694
19,2999,5,1,5,4.36,0.2871012,8.12163736554147,7.41812406219863,1,97,0.00519147086834339,0.0420829147991661
19,2999,5,2,5,3.76,0.2450836,7.81390819881376,7.06718483478943,1,91,-0.0158196786081674,0.0592309168634782
19,2999,5,3,5,3.88,0.246926,8.8285068099622,7.09281729278504,1,69,-0.00835466031254478,0.0689894448852544
19,2999,6,1,6,4,0.214116,9.77416133236017,8.1946020021037,1,82,-0.0247631368841249,0.0703516824264137
19,2999,6,2,6,4.6,0.263518333333333,9.49273668548683,8.71684130865049,1,101,-0.000799828908466049,0.0515166898514023
19,2999,6,3,6,3.96,0.194573333333333,9.77148359959432,7.95067748853478,1,60,-0.0415702139643854,0.106875084905794
19,2999,8,1,8,4.96,0.18496575,12.3152002630765,10.4775981818469,1,88,-0.0255977084130241,0.0678575455495217
19,2999,8,2,8,7,0.297227,13.5688786910635,12.0567463314129,1,125,-0.0141824155511781,0.0246739258695029
19,2999,8,3,8,6.04,0.2518455,13.3178565663259,11.441867551437,1,105,-0.00865791398030833,0.043243163609119
19,2999,10,1,10,8.24,0.2764356,17.5872300670317,14.7338256943627,1,90,-0.0152603506809582,0.0462861097240754
19,2999,10,2,10,7.6,0.2367098,15.9320791308489,13.9840188922453,1,94,-0.00542077236074481,0.0546397388229897
19,2999,10,3,10,7.48,0.2443766,16.9899546821944,14.173874416772,1,88,-0.0107311498785742,0.0473838693227714
19,2999,12,1,12,9.52,0.257922833333333,20.2865754899396,17.2336112665221,1,88,-0.0165567286631896,0.0363649129706331
19,2999,12,2,12,8.92,0.233690666666667,19.6498910049159,16.7119522961857,1,90,-0.00291684613643024,0.0386287380643811
19,2999,12,3,12,9.28,0.260893666666667,19.9337723718502,17.3749396073028,1,113,-0.0116917881411323,0.0354326437268008
20,2999,2,1,2,1.04,0.12633,2.77394064818166,2.40445011026983,1,51,0.0681717396859839,0.203513472659003
20,2999,2,2,2,1.88,0.289962,3.76442503886231,2.97968033833343,1,49,0.00920475475643239,0.158332715869656
20,2999,2,3,2,1.76,0.288546,3.44088739786113,2.98508451613457,1,43,-0.00283019398307894,0.215002693969937
20,2999,3,1,3,1.52,0.169118,4.62715985338112,3.91357250063422,1,65,0.0309939550872707,0.128681134950405
20,2999,3,2,3,2.32,0.249001333333333,4.82504143181845,4.26511608002459,1,92,0.00496212279145072,0.0681054961092546
20,2999,3,3,3,2.28,0.244022666666667,5.49535067214526,4.2604649703838,1,72,-0.00107190297328964,0.100964367927157
20,2999,4,1,4,2.76,0.2124695,6.19999700454232,5.42707558829107,1,79,-0.00376749593582961,0.0793668351234152
20,2999,4,2,4,2,0.1563305,5.96193426983182,5.08814097958212,1,68,0.0178449364069292,0.126745638449068
20,2999,4,3,4,3.36,0.2972965,7.03048665110465,6.09383308677121,1,93,0.00528083511461289,0.0614487097107739
20,2999,5,1,5,3.76,0.2346032,8.56075006476443,7.02140935071668,1,103,-0.000234367194877219,0.0576790385060542
20,2999,5,2,5,4.12,0.2887448,8.77405749994896,7.50692408369839,1,94,-0.000141011300118204,0.0498575901421316
20,2999,5,3,5,3.48,0.2423088,8.45030762792487,7.17179437152503,1,100,-0.00869905037409772,0.0629861243640164
20,2999,6,1,6,5.16,0.277569333333333,11.1882779490609,8.85590484013703,1,103,-0.00670978566141643,0.0435874857366234
20,2999,6,2,6,4,0.217145,10.1964284932558,8.24652826361168,1,88,-0.0131288551031968,0.059640614878444
20,2999,6,3,6,4.64,0.259411666666667,10.8142751145369,8.74316427169951,1,113,-0.0117704777347453,0.0478604952933043
20,2999,8,1,8,6.4,0.2740805,14.7704222161993,11.8156995661468,1,106,-0.010722805760308,0.0436500597857848
20,2999,8,2,8,6.04,0.244958,13.3851813782142,11.3817189452151,1,96,-0.00495636478698433,0.0487760767734279
20,2999,8,3,8,5.28,0.22149475,12.8981611402718,11.0770667500083,1,93,-0.00426411471739831,0.0518720699530559
20,2999,10,1,10,7.4,0.2466506,17.6724339943847,14.3016281630002,1,100,-0.00650228155609158,0.0469124500835905
20,2999,10,2,10,7.2,0.2457348,17.3843681202626,14.3116769468331,1,108,-0.0114492076048552,0.0413484182892582
20,2999,10,3,10,7.08,0.2391482,16.6280495874426,14.1641554669402,1,108,-0.00202570264602516,0.039761535074006
20,2999,12,1,12,8.68,0.245221833333333,20.3234865272629,17.1191110879675,1,94,-0.00457846975150721,0.0431883928730721
20,2999,12,2,12,8.88,0.246259,20.3213912381763,17.1029050350772,1,97,-0.00492766000215947,0.0432825984790049
20,2999,12,3,12,9.12,0.255310333333333,21.0984903507454,17.3242536410215,1,97,-0.0115417512062918,0.0449101510714199
21,2999,2,1,2,1.52,0.287925,3.78616314723621,3.02171476156508,1,49,-0.0197699864193886,0.174626631998068
21,2999,2,2,2,1.92,0.325263,3.47611493012089,3.11050564414415,1,76,-0.0270674852556901,0.109128780236549
21,2999,2,3,2,1.76,0.27945,3.87789417274217,2.95232737880895,1,52,-0.0107542998025218,0.146300941638017
21,2999,3,1,3,2.72,0.27371,5.45930779687212,4.35085307612695,1,91,0.00227931711385419,0.0685039174518385
21,2999,3,2,3,2.28,0.240101333333333,4.87297607382621,4.18175238601638,1,74,-0.020251890218666,0.094926536663188
21,2999,3,3,3,2.68,0.284834666666667,4.88569093733939,4.43825602334011,1,81,-0.0300409059597958,0.0831369553627497
21,2999,4,1,4,3.16,0.244733,6.57234955109337,5.66766176964037,1,91,0.014687292082192,0.0585773472729567
21,2999,4,2,4,3.16,0.2189895,6.28225286988104,5.42461709978598,1,75,0.00494899363362144,0.0894690415045053
21,2999,4,3,4,3.4,0.2934785,6.88638204820502,6.01538494464329,1,100,0.00452789390243711,0.0623408489925757
21,2999,5,1,5,4.24,0.30162,8.82492495012207,7.5994568747539,1,105,0.0131401519773583,0.0465541809484807
21,2999,5,2,5,4.12,0.2971988,8.62333268758502,7.58628141394119,1,102,0.0168842624217559,0.0506194810577376
21,2999,5,3,5,4.16,0.23919,8.66378177307522,6.94615070708477,1,87,0.000842346427034103,0.0566158729289858
21,2999,6,1,6,4.92,0.242562333333333,10.3189603039703,8.38407840895397,1,99,0.00513299468032622,0.0408454653416323
21,2999,6,2,6,5.12,0.300999,10.0989714231057,9.13767769535998,1,123,0.0101879375721194,0.0366311744427156
21,2999,6,3,6,5.24,0.310966666666667,11.6595789600218,9.28466595345585,1,101,-0.0014543227248302,0.0395562220994806
21,2999,8,1,8,6.92,0.2832505,14.3119320914692,11.8608524761066,1,118,0.00707793705116838,0.0327663069768552
21,2999,8,2,8,6.92,0.29140725,13.8811075059394,12.0010449054849,1,108,0.00219244821581134,0.0406097633455542
21,2999,8,3,8,6.64,0.2678785,13.6309111612718,11.647920653578,1,128,0.0115516940651156,0.0296432376982696
21,2999,10,1,10,8.4,0.2902942,17.9785495039659,15.0106318079834,1,139,0.00586423680680415,0.0278197784789151
21,2999,10,2,10,8.72,0.282153,17.7969858615214,14.7869086006033,1,120,0.00341306300753715,0.0244428679804989
21,2999,10,3,10,8.8,0.2768198,17.9492351125937,14.6606010749601,1,110,0.00621534669144845,0.0336354633853733
21,2999,12,1,12,9.96,0.280132833333333,20.94213206427,17.7760079454174,1,128,0.00732396190253813,0.0283054683231935
21,2999,12,2,12,10.24,0.281810666666667,20.5389578847206,17.7565576967909,1,108,0.00506245915010814,0.039489035915937
21,2999,12,3,12,10.44,0.287712,21.5045631087924,17.9239452051091,1,120,0.00486594901277687,0.0285649989867532
22,2999,2,1,2,1.64,0.256165,3.66697087803192,2.84930093971121,1,57,-0.00543648471290479,0.0967189875146347
22,2999,2,2,2,1.76,0.259842,3.10519075452646,2.89624860362427,1,61,-0.0309151912722502,0.12325426428504
22,2999,2,3,2,1.04,0.148818,2.76960446019764,2.47810227371664,1,59,0.072253872185637,0.164461269633639
22,2999,3,1,3,2.32,0.261841333333333,5.12808148099687,4.34854027756601,1,58,0.00611575534014308,0.126810928938852
22,2999,3,2,3,2.4,0.260278666666667,5.58752964173195,4.34576593636823,1,67,0.00611811026655861,0.090080116367465
22,2999,3,3,3,2.28,0.235808,5.47571213578588,4.18404913528476,1,65,-0.0163952650190925,0.115677665552113
22,2999,4,1,4,3.2,0.2626995,7.31419589557636,5.78876699177783,1,89,-0.0122708956716885,0.0637515264951842
22,2999,4,2,4,2.92,0.260628,7.26565701886468,5.81253794707672,1,79,-0.0106613610586282,0.0770672116589069
22,2999,4,3,4,3.12,0.2854065,6.75398391468112,5.98546474014453,1,103,-0.00398467966781919,0.047616328540859
22,2999,5,1,5,3.76,0.267742,8.07005606413583,7.34236819126512,1,94,-0.038928549168433,0.0734051927884034
22,2999,5,2,5,3.24,0.2026032,8.08795337778544,6.70561913992351,1,91,-0.0160458131177123,0.0715065180372329
22,2999,5,3,5,4.4,0.26483,8.18461821403353,7.25129492046738,1,99,-0.0169746391185166,0.0564993618693977
22,2999,6,1,6,4.16,0.207966,10.1328582109845,8.06026891256209,1,88,-0.00505062460985844,0.0578078296056498
22,2999,6,2,6,4.36,0.221987666666667,10.2947197478031,8.2378084315125,1,79,0.0100721401292853,0.0762908153178962
22,2999,6,3,6,4.28,0.235117,11.0400151048755,8.40668690893412,1,93,-0.0196352501158569,0.0513269305742302
22,2999,8,1,8,5.28,0.2015065,12.4950733572728,10.7147570701579,1,91,0.000102407512451185,0.0549378054903357
22,2999,8,2,8,5.92,0.246023,13.3590088677032,11.3737710783113,1,98,-0.0138529693260912,0.0494945846431367
22,2999,8,3,8,7.2,0.27257075,14.1087856595802,11.6504950968196,1,111,0.000374291525458909,0.0365042735155814
22,2999,10,1,10,7.88,0.2661268,17.615655724844,14.5599526175538,1,96,-0.000969531514944594,0.0538494520205079
22,2999,10,2,10,6.76,0.2218742,16.9827238132031,13.7672067112563,1,86,-0.0100760073302412,0.058116396944254
22,2999,10,3,10,6.68,0.2009154,16.5667218567568,13.3056485703224,1,99,-0.00804062906615985,0.0427648276076519
22,2999,12,1,12,8.28,0.215255666666667,19.3292211337617,16.3620472554425,1,97,-0.00948611199634158,0.0418549043488015
22,2999,12,2,12,9.4,0.255717333333333,21.2211547172868,17.210794775431,1,95,-0.00431590084314358,0.055943772914438
22,2999,12,3,12,8.32,0.225781,20.3793731814776,16.5820002218195,1,92,-0.0143930947243563,0.0478307815623343
23,2999,2,1,2,0.64,0.071977,2.20845949342802,2.217377347896,1,43,0.00766062864560887,0.246237661292358
23,2999,2,2,2,1.4,0.208674,3.65903036862537,2.68334615181065,1,45,-0.0730837653139164,0.237560917808641
23,2999,2,3,2,1.28,0.234392,3.36321899306025,2.84578422383,1,47,-0.00654684356264463,0.190199512826947
23,2999,3,1,3,1.8,0.158480666666667,5.01611285900023,3.76191715608863,1,44,0.0334789038941954,0.230878600435249
23,2999,3,2,3,2.08,0.214868666666667,5.25339351684719,4.07070451432868,1,58,-0.0406640300761133,0.19312159070757
23,2999,3,3,3,2.52,0.284966666666667,4.9796953092659,4.48320418716245,1,68,0.0338482709887483,0.0955310970911391
23,2999,4,1,4,2.76,0.215803,6.88739584115569,5.46246351292974,1,70,0.0312338688732959,0.078741488749246
23,2999,4,2,4,2.36,0.2007425,6.11099894790875,5.39418393038135,1,76,0.00976179496008148,0.089458198352179
23,2999,4,3,4,2.92,0.2554045,6.69344192427738,5.76956527555585,1,75,0.0127810491999938,0.0680540665191502
23,2999,5,1,5,3.56,0.2535336,8.51167906839879,7.23329265783547,1,93,-0.0198902281978359,0.08202415313143
23,2999,5,2,5,3,0.1889388,7.28433091136402,6.60303097104865,1,95,0.010066373512207,0.0608600238195245
23,2999,5,3,5,3.8,0.2574724,8.78436791644038,7.22940816985794,1,78,0.0147844875365541,0.0728415517633647
23,2999,6,1,6,3.92,0.233174666666667,9.88205827560654,8.44985036312534,1,100,0.0130649722057785,0.0577374084998931
23,2999,6,2,6,3.64,0.208323333333333,9.57285877096881,8.18323066656882,1,84,0.00649289247417614,0.0600224457922425
23,2999,6,3,6,4.48,0.266338666666667,10.4696052222449,8.81146247835377,1,105,0.00918145917479097,0.051204445710059
23,2999,8,1,8,6.44,0.30150225,14.269610258644,12.283641478042,1,110,-0.00127731476440046,0.043041460516814
23,2999,8,2,8,4.76,0.20148075,12.8947482681846,10.807463706244,1,80,-0.0080391258165626,0.0533585969242525
23,2999,8,3,8,5.52,0.25653025,13.4496710731302,11.6324748452019,1,97,-0.00707297387895201,0.0379812314063799
23,2999,10,1,10,7.8,0.278259,17.8077891589558,14.8762391721874,1,101,0.00684327267503783,0.0428446977467903
23,2999,10,2,10,7.68,0.2858976,17.7727758003449,15.072052491675,1,95,-0.0135438822362689,0.0533989724793895
23,2999,10,3,10,6.92,0.2569454,16.7846399908478,14.5747239018047,1,97,0.00523866606891888,0.0454792113836487
23,2999,12,1,12,8.76,0.253159166666667,20.4993268268999,17.2945307636395,1,99,0.00141403115272518,0.0547969335606295
23,2999,12,2,12,8.2,0.242441833333333,20.3289511032971,17.094466692478,1,95,-0.00249098331657552,0.0418385556512918
23,2999,12,3,12,8.64,0.244901333333333,20.3678410458147,17.0892943740483,1,99,0.002861793940344,0.0471454015572883
24,2999,2,1,2,1.08,0.152714,2.50054654444877,2.49507024900093,1,40,-0.0362131315561512,0.203656004995878
24,2999,2,2,2,1.88,0.306373,3.81070503479132,3.05873943474139,1,60,-0.00440162786331124,0.120488293891027
24,2999,2,3,2,1.16,0.186305,3.34455923187225,2.62435772522366,1,65,0.0948751794744025,0.144776388997337
24,2999,3,1,3,2.16,0.237270666666667,5.42216835915821,4.19948965196886,1,70,-0.00831991935403032,0.0795388498955698
24,2999,3,2,3,2.32,0.243700666666667,5.38975166841586,4.21800958613477,1,58,0.00459255032660442,0.136585380813734
24,2999,3,3,3,1.96,0.187586666666667,4.91503162845067,3.93745679651374,1,65,-0.00329322142476602,0.108842842963605
24,2999,4,1,4,3.08,0.2347745,6.45958890352502,5.57555535432932,1,69,-0.00891287406771633,0.0917411754723073
24,2999,4,2,4,2.16,0.156984,5.22673871188064,5.04159061539022,1,61,0.0309903074283671,0.108442824321575
24,2999,4,3,4,2.88,0.2368685,6.76397491760948,5.58969038397076,1,89,0.0123033948988556,0.0724954907868633
24,2999,5,1,5,3.36,0.1941868,7.89199522925194,6.59922939154855,1,69,0.0324449252472443,0.102275983086186
24,2999,5,2,5,2.6,0.1603556,6.69842392451691,6.32901011436135,1,79,0.0108437944862679,0.0753001080830435
24,2999,5,3,5,3.2,0.2115488,7.74704052606399,6.7784805430053,1,80,0.037090977911085,0.0856718766717312
24,2999,6,1,6,4.04,0.207447666666667,10.6067940484402,8.15683159487419,1,93,0.00566173477386188,0.0545840385429498
24,2999,6,2,6,3,0.140210333333333,9.39076853506779,7.41150964153302,1,67,0.0289800128308767,0.0834268334670765
24,2999,6,3,6,4.44,0.249706666666667,9.85850501039327,8.58481788762062,1,89,-0.0232419949701741,0.050367711242746
24,2999,8,1,8,5.6,0.234379,12.779540288279,11.2127172063667,1,88,0.00518152772140345,0.0477662121708196
24,2999,8,2,8,6.48,0.269497,13.534152544491,11.7027901540057,1,107,0.0123552953219795,0.0427395935048681
24,2999,8,3,8,5.92,0.223388,13.2119761409019,11.009775553403,1,97,0.0156460589989733,0.0497318531005844
24,2999,10,1,10,7.44,0.243069,16.8700862823593,14.1479516521641,1,102,-0.00617052913444304,0.0343679200117402
24,2999,10,2,10,6.44,0.1953898,15.4440259699495,13.3001344517313,1,102,0.0180687189776156,0.0506397064982269
24,2999,10,3,10,6.12,0.1917094,16.0294566021378,13.2659489238359,1,80,0.0134364175459097,0.069413535757219
24,2999,12,1,12,7.44,0.187843333333333,18.3079133695478,15.8075344941875,1,96,0.00701633898839146,0.0400578267220634
24,2999,12,2,12,8.72,0.239384666666667,20.4798632266649,16.8974550348644,1,93,0.00756264881625923,0.0529097824300923
24,2999,12,3,12,7.36,0.183210166666667,18.5531025496178,15.7073267843903,1,91,0.014541253446276,0.0558934846654474
25,2999,2,1,2,1.64,0.27472,3.65625467411237,2.94422425930749,1,56,0.00940402811683765,0.104345468241537
25,2999,2,2,2,1.2,0.207032,3.35674719580889,2.73248818007021,1,26,-0.0379263755096636,0.287328156406111
25,2999,2,3,2,1.68,0.295872,3.62251300057206,3.01950815585124,1,60,0.0557695437889944,0.142483475709661
25,2999,3,1,3,2.16,0.248038666666667,5.1007697030579,4.32504882149961,1,60,-0.0205294476742443,0.126609056240209
25,2999,3,2,3,2.28,0.249954666666667,4.58110584257235,4.25553620497973,1,71,0.0510977629064962,0.119170053915493
25,2999,3,3,3,2.48,0.303004,5.33164772675602,4.58072135457145,1,63,0.0242189774116158,0.108786533609442
25,2999,4,1,4,3,0.2477325,6.82406262715399,5.72213491539531,1,73,-0.0215672809043916,0.087696232737349
25,2999,4,2,4,2.88,0.246425,6.56561929495121,5.71539927931802,1,81,-0.0022024148174158,0.086685330605599
25,2999,4,3,4,3.36,0.28073,7.33240526869821,5.91676041388009,1,90,0.01183284475018,0.0731113220749105
25,2999,5,1,5,3.44,0.2181548,8.34535483358543,6.84197447812677,1,86,-0.0162121944467824,0.0805226276755474
25,2999,5,2,5,3.6,0.2159988,8.37039988455511,6.789778256773,1,88,0.0214823461157848,0.0851869717051358
25,2999,5,3,5,3.08,0.1781544,7.96141907699354,6.48921443304133,1,81,0.0104360417925474,0.0725576944009033
25,2999,6,1,6,4.76,0.265158333333333,10.2530036120751,8.68805246422607,1,127,0.00890887592019149,0.0482028423400578
25,2999,6,2,6,4.48,0.255579,9.80766008732575,8.64613280750337,1,96,0.0248719617765527,0.0629240943629727
25,2999,6,3,6,4.56,0.234872333333333,10.8553342189314,8.38325567921223,1,97,0.000843109088920001,0.0566314954414916
25,2999,8,1,8,6.52,0.27834225,13.9740742942917,11.8341586094402,1,121,0.0122589493244561,0.034100002779624
25,2999,8,2,8,6.2,0.25092475,13.9907527497388,11.4732908289749,1,104,0.0183465440714851,0.0445400932008664
25,2999,8,3,8,6.28,0.255115,13.4823450184819,11.4918968996222,1,115,0.0175062866260917,0.0403941468338116
25,2999,10,1,10,8.2,0.278303,17.3807338455211,14.7799123791688,1,126,0.0134621597325341,0.035070060197878
25,2999,10,2,10,7.8,0.243784,17.2200873581021,14.113414042489,1,109,0.0202178247569819,0.0492315079918995
25,2999,10,3,10,7.64,0.246023,17.2365212685844,14.1902525017226,1,124,0.00912872767180557,0.0458798029186757
25,2999,12,1,12,9.68,0.261346,21.0193373157459,17.3304680776107,1,115,0.0182219554081479,0.0412376051001698
25,2999,12,2,12,9.4,0.2550595,20.9178732579628,17.2044775790259,1,111,0.0143390830831133,0.0407681254664793
25,2999,12,3,12,9.52,0.260032333333333,20.9287601110204,17.3164084624966,1,108,0.0152873748680697,0.0434639592902721
26,2999,2,1,2,1.04,0.165527,3.00508322972853,2.58171352385792,1,33,0.0210401246179093,0.220613963413878
26,2999,2,2,2,1.88,0.323544,3.68242286947908,3.13279560283522,1,58,-0.0337005039382315,0.111754861304842
26,2999,2,3,2,1.24,0.168617,3.07191259684798,2.53735996563492,1,37,0.0760413207886773,0.194297154711626
26,2999,3,1,3,2.36,0.207913333333333,4.54389220606846,3.99133017364574,1,79,-0.00242360644819027,0.085355084785243
26,2999,3,2,3,2.2,0.252666,4.77433689625405,4.29718633547131,1,82,0.001169771182387,0.0788359617954431
26,2999,3,3,3,2.48,0.284345333333333,4.97367623506392,4.46769226189146,1,69,-0.0139431936536766,0.0821955665381535
26,2999,4,1,4,3.44,0.2726465,6.53786753120031,5.87438736330927,1,107,-0.00852415383671344,0.0528937805585305
26,2999,4,2,4,1.88,0.143904,5.67643517645426,4.97842050243758,1,50,0.0207523941921274,0.155026976249073
26,2999,4,3,4,3.44,0.255676,6.40222852979803,5.69875962113249,1,85,0.0161492551650686,0.0666012343700187
26,2999,5,1,5,3.52,0.231218,7.92167785808008,6.97200272222455,1,90,0.0138294055268094,0.0727794475007686
26,2999,5,2,5,3.32,0.1999308,6.93315587597846,6.6907206960535,1,105,-0.0214165571168495,0.0655040877451668
26,2999,5,3,5,3.92,0.2055636,7.17453194034005,6.67466949093367,1,98,0.0104543577746447,0.0696102398950436
26,2999,6,1,6,4.36,0.206501,8.9105562062156,8.05353568128656,1,108,-0.00688638150786992,0.06218661287938
26,2999,6,2,6,5.12,0.251737666666667,9.96307857698066,8.55921867596953,1,127,-0.000181902377436278,0.0324122830118598
26,2999,6,3,6,4.56,0.241740333333333,9.74603862103942,8.49565851193508,1,135,0.00667923992505519,0.0370125424355915
26,2999,8,1,8,6.84,0.25531975,12.9291301590621,11.4438540850413,1,132,0.0194436229162991,0.0346844656649133
26,2999,8,2,8,6,0.224344,12.1436506416074,11.0366440165276,1,140,0.0165860977918789,0.0349389916376762
26,2999,8,3,8,6.96,0.2871855,13.7216269106865,11.9257822206173,1,149,0.000598234292275988,0.0288721661193081
26,2999,10,1,10,7.52,0.2289706,16.1119558173727,13.8898453827755,1,123,0.00571846115166089,0.0398707567119867
26,2999,10,2,10,8.4,0.2748144,17.3802961648118,14.7229993293576,1,132,0.00301616688547773,0.0246709775110555
26,2999,10,3,10,7.24,0.196843,15.0182003158963,13.2376573721045,1,111,0.00130693792472724,0.0516206584555365
26,2999,12,1,12,10.2,0.268533166666667,20.3780536488089,17.4831299965602,1,129,0.00373495418156407,0.0243689843201579
26,2999,12,2,12,8.72,0.212296,18.2660599670234,16.2501966721098,1,130,0.0124632793618698,0.0336128514497356
26,2999,12,3,12,9.56,0.230082333333333,18.9741862014798,16.5916286516778,1,112,0.00495791581893155,0.0317138305101998
27,2999,2,1,2,1.24,0.238203,3.52346273194456,2.85004592217759,1,59,0.139055806533324,0.211579551687024
27,2999,2,2,2,1.56,0.294792,3.78160416914878,3.03699215496145,1,47,-0.0245254987971311,0.146859555068963
27,2999,2,3,2,1.8,0.314295,3.48994530940832,3.08582262714636,1,70,-0.00373763673687177,0.103907578809821
27,2999,3,1,3,2.12,0.214674,4.64437163245145,4.05435434667672,1,55,-0.0803870638300023,0.166329828427158
27,2999,3,2,3,2.12,0.209612666666667,5.14612035372396,4.03558100120551,1,56,0.0521582603838622,0.121505408908664
27,2999,3,3,3,1.72,0.177504666666667,5.27867204103178,3.90785033871295,1,46,-0.00931731298303465,0.165141766809912
27,2999,4,1,4,2.96,0.2171015,6.69478943003428,5.45620107617102,1,79,-0.0178387751829126,0.0713856571590178
27,2999,4,2,4,3.36,0.2579305,6.78533472356813,5.70653337634293,1,86,0.0176273851710073,0.0670729172711597
27,2999,4,3,4,3.32,0.239294,6.63550131237712,5.59464851657293,1,96,-0.00865363669805721,0.0581940975217266
27,2999,5,1,5,3.6,0.2025076,8.20605894415921,6.65612105764444,1,73,0.0103167039192905,0.0756069755841983
27,2999,5,2,5,4.28,0.2305972,8.036493669042,6.83902919818096,1,80,-0.0116354077404539,0.0720334242160842
27,2999,5,3,5,2.56,0.1301764,7.24218217100902,6.04764551244313,1,57,-0.0141233715458082,0.135505125467862
27,2999,6,1,6,4.28,0.197789666666667,9.06211124436746,7.97028905585171,1,84,-0.00787484033971986,0.0524528287077104
27,2999,6,2,6,3.64,0.184476666666667,8.57244509523313,7.87343154140874,1,108,0.0109962988624097,0.0388188566501548
27,2999,6,3,6,4.16,0.16955,8.71399385978387,7.63216551711674,1,99,-0.010979681043835,0.0468373443194129
27,2999,8,1,8,5.84,0.2270125,13.1946106702109,11.0459127765865,1,87,0.018996832338018,0.0494479638200851
27,2999,8,2,8,5.92,0.21444725,12.5218189058285,10.8382572509713,1,96,0.00998539846363245,0.0390896625798668
27,2999,8,3,8,5.44,0.182189,12.0736901558188,10.3849040653232,1,103,-0.00901730587142444,0.047681497406996
27,2999,10,1,10,6.24,0.178023,15.5149929006843,12.9647332404357,1,81,-0.00861099507305962,0.060325660182797
27,2999,10,2,10,7.28,0.21762,15.4665850184706,13.6354868091651,1,109,-0.0018780261188928,0.0320124612829776
27,2999,10,3,10,6.8,0.1827956,15.8015482127761,12.9652643855048,1,87,0.00163721505328665,0.0440110239992452
27,2999,12,1,12,8.84,0.211407,19.4439793652203,16.1984442451004,1,80,-0.00479126707226124,0.0615657954225577
27,2999,12,2,12,8.2,0.177386333333333,17.4932209673695,15.4226340451344,1,93,-0.00221889648315494,0.04383392465931
27,2999,12,3,12,8.68,0.204042,18.6390604741448,16.0198564603354,1,97,-0.00467679140400051,0.0446489878593978
28,2999,2,1,2,1.36,0.231986,3.26689535522905,2.82358529415844,1,41,-0.100810554194758,0.199718085153691
28,2999,2,2,2,1.4,0.229975,3.31132875537567,2.80786775219271,1,42,0.0707463572819584,0.170892327907986
28,2999,2,3,2,1.16,0.166414,3.75589633405133,2.53097891528393,1,32,-0.163821978813918,0.295694275578485
28,2999,3,1,3,2.4,0.28326,5.76175491991073,4.45445475453679,1,69,-0.0134815403117767,0.0773554988583791
28,2999,3,2,3,2.12,0.25128,5.29410587742702,4.34192240674151,1,69,0.0279081919009956,0.0774931865537671
28,2999,3,3,3,2.12,0.290244,5.20968568579754,4.60283291549625,1,84,-0.0303616773517789,0.091664107202235
28,2999,4,1,4,3.12,0.254054,7.61485132935505,5.71437133739505,1,64,-0.0368107771533956,0.104768721766758
28,2999,4,2,4,2.12,0.147332,5.37207951252789,5.03591105512078,1,71,0.0296925856746899,0.124463897706714
28,2999,4,3,4,2.4,0.2063635,6.0354621446341,5.45522321525802,1,64,-0.00150961516353061,0.11435865824268
28,2999,5,1,5,2.96,0.1901516,7.62700987238884,6.64549951469518,1,74,0.0175857318503957,0.104488962680632
28,2999,5,2,5,3.64,0.2353052,8.96549295957488,6.99135144620925,1,76,-0.000943598710026369,0.0773803478901152
28,2999,5,3,5,3.88,0.2785868,8.22676224217218,7.48919041769198,1,104,0.0109898239320277,0.0530556471214509
28,2999,6,1,6,4.04,0.223354333333333,10.8059836343655,8.2894417962582,1,65,-0.0274138690950002,0.0976229518604387
28,2999,6,2,6,4.52,0.260457333333333,9.89700304339233,8.67868394997563,1,95,-0.0171731766105827,0.0491723774779475
28,2999,6,3,6,4.44,0.246282,9.74679019175003,8.57964048703187,1,96,-0.0138038097213863,0.046945536110622
28,2999,8,1,8,4.84,0.199071,12.7092920967838,10.7946167113001,1,84,-0.00497152761070242,0.0755800588883629
28,2999,8,2,8,5.72,0.254772,14.2165331537514,11.5817233363171,1,89,0.00508069503042027,0.0445705786605499
28,2999,8,3,8,5.32,0.22098325,12.8568723878268,11.0714481951466,1,92,0.0136720276557929,0.0540123212306283
28,2999,10,1,10,6.72,0.2092588,16.0099957331473,13.5823370140853,1,89,0.0158343791933688,0.0523238451120601
28,2999,10,2,10,6.84,0.217528,16.8151760626553,13.7581099188275,1,102,0.00670353800693828,0.042533845164277
28,2999,10,3,10,6.04,0.2123262,16.5781987738361,13.7585710333037,1,100,0.0173005577667254,0.052704914407736
28,2999,12,1,12,8,0.206421,19.5494719493591,16.1838911076208,1,89,0.00697889031479232,0.0443165832756288
28,2999,12,2,12,7.64,0.219459,18.6465278340192,16.6511024344408,1,92,0.0115824866175776,0.0501733553232454
28,2999,12,3,12,8.24,0.231320833333333,20.1844667360774,16.8334604355881,1,103,0.00353948970363283,0.0433999688715387
29,2999,2,1,2,1.44,0.249702,3.26953743564338,2.85772967093672,1,40,0.00555383520009208,0.201052694428057
29,2999,2,2,2,1.6,0.208923,3.81374340102549,2.67730684159047,1,53,0.000619171076088595,0.130678389325803
29,2999,2,3,2,1.6,0.296224,3.55518544573736,3.02755619410631,1,48,0.00613896258195044,0.149606026002459
29,2999,3,1,3,2.16,0.193476,5.21815956792255,3.93522823927501,1,60,0.00979409107426725,0.111068023427971
29,2999,3,2,3,2.84,0.300775333333333,5.73768614093824,4.52892937321749,1,79,-0.0243848558220205,0.0716565098683074
29,2999,3,3,3,2.48,0.290415333333333,5.60996886327288,4.50289700838271,1,65,-0.00594664525289236,0.0778369124772147
29,2999,4,1,4,3.8,0.3011875,7.66194248513444,6.03349815897311,1,78,-0.0213105299221711,0.0653717911214938
29,2999,4,2,4,3.08,0.233466,7.06038477838071,5.56784742866523,1,84,-0.0093157311794359,0.0862972039022553
29,2999,4,3,4,2.96,0.24357,6.38050041866735,5.66622734300123,1,83,0.00683481165985861,0.0717117433554383
29,2999,5,1,5,3.68,0.2331188,8.39307375728657,6.96130618673372,1,91,0.00150738746385503,0.070656913534182
29,2999,5,2,5,4.04,0.2503228,9.70057890475606,7.11833471358317,1,78,-0.0109655148918174,0.0811743669667429
29,2999,5,3,5,3.84,0.2539172,8.98258080429838,7.18178272794542,1,90,-0.0164395096651437,0.0549403125536615
29,2999,6,1,6,4.96,0.262266,10.5605177257047,8.61958986100724,1,78,-0.00297982248821069,0.0660527816017967
29,2999,6,2,6,4.92,0.237988333333333,10.9468909028918,8.34919621340048,1,83,-0.00559208783441894,0.0663829561680686
29,2999,6,3,6,4.8,0.260596666666667,11.0638876151896,8.68911512079659,1,92,-0.00577468409418854,0.0386262347546307
29,2999,8,1,8,6.76,0.273944,14.8128268064716,11.7251206701742,1,92,0.00312310208976659,0.0591787058574557
29,2999,8,2,8,6.16,0.25281,14.165035545775,11.4625030339995,1,96,0.0178482059033268,0.0417466063856955
29,2999,8,3,8,6.56,0.253644,14.4925790022795,11.406954115597,1,91,-0.0053109318377413,0.0558108571129355
29,2999,10,1,10,8,0.2621268,16.7249149051783,14.467398090286,1,106,-0.00136562726619495,0.0439157105264843
29,2999,10,2,10,8.12,0.2675324,18.01158710749,14.5996873538529,1,93,0.00380604170832622,0.0505984868021793
29,2999,10,3,10,7.56,0.238793,17.6513362001341,14.064717383208,1,88,-0.00693087455748032,0.049186812342239
29,2999,12,1,12,9.6,0.2595425,20.745447115744,17.3078236864623,1,88,-0.0109484818095599,0.0454339786585215
29,2999,12,2,12,9.4,0.249429166666667,20.7123268277709,17.0706963432742,1,87,0.00381388301644182,0.0519601426278054
29,2999,12,3,12,9.56,0.270267166666667,21.3017613744032,17.6059282366229,1,99,-0.00186934634687063,0.0470015396445319
30,2999,2,1,2,1.4,0.230278,3.56799858577188,2.77444445581294,1,45,0.0163379502435447,0.150558644710397
30,2999,2,2,2,1.44,0.226205,3.20553331592183,2.77763805049179,1,47,-0.0212196542281794,0.151932593439257
30,2999,2,3,2,1.68,0.314008,3.8895095841784,3.10954828943308,1,58,0.017643113393264,0.143687609445156
30,2999,3,1,3,1.96,0.200466666666667,5.06392929661167,3.99285755835129,1,67,0.0106657807517676,0.104745436143077
30,2999,3,2,3,2,0.209100666666667,4.79978762557239,4.04655784183872,1,74,0.00179733654818592,0.0987747026697207
30,2999,3,3,3,1.92,0.185334666666667,4.82741854082291,3.94948932160332,1,61,0.0105550872246925,0.135594388961157
30,2999,4,1,4,2.84,0.261267,7.37258279118737,5.84492165515682,1,67,0.000853566866140927,0.0955223130584116
30,2999,4,2,4,1.92,0.131781,5.22480555865719,4.87712774854504,1,57,0.00355698426751718,0.147498230318072
30,2999,4,3,4,2.52,0.216032,7.17659139153942,5.47840489588725,1,75,0.00290409772526854,0.0761294023241096
30,2999,5,1,5,3.44,0.2075628,7.9193572004368,6.72520234227386,1,93,0.00466420956490097,0.081219558389714
30,2999,5,2,5,3.64,0.2422868,8.94792827647132,7.04752881957187,1,88,0.00643240333293193,0.0658187315792814
30,2999,5,3,5,3.96,0.2675336,8.68448700606981,7.31026555079518,1,105,0.0119289562903501,0.0548396869524463
30,2999,6,1,6,3.88,0.210590333333333,9.72834114775797,8.13892882613019,1,87,0.00420913995791642,0.0673191121506092
30,2999,6,2,6,3.8,0.205197,9.05970575861566,8.09779704942969,1,97,-0.00864520240169801,0.0623889674769516
30,2999,6,3,6,4.56,0.255335,10.8816800826787,8.6560029369088,1,86,-0.00759880978024467,0.0559657145799658
30,2999,8,1,8,4.16,0.13885,11.6542406442406,9.81134023888074,1,82,0.030728080414296,0.0836678299829207
30,2999,8,2,8,4.24,0.15925,12.5231901908245,10.1271579056576,1,83,0.00842212540227569,0.0782355062569985
30,2999,8,3,8,5.8,0.246388,13.4224809992172,11.450060536482,1,98,-0.0116186626584152,0.0554244915854625
30,2999,10,1,10,6.16,0.2123316,16.448256726829,13.6751975107707,1,104,0.00926869489532364,0.0441574242115115
30,2999,10,2,10,6.36,0.1927658,16.4497400832569,13.1991811681544,1,79,0.0158657009223125,0.0632159202068441
30,2999,10,3,10,7.48,0.2444188,17.4255513610712,14.1489775108485,1,85,0.0089319776756552,0.0589522988265572
30,2999,12,1,12,7.72,0.208396,19.5193075663205,16.2816781935536,1,91,0.00187378006939793,0.049619583242975
30,2999,12,2,12,8.4,0.226748666666667,20.4245731283359,16.6270528069148,1,96,0.0047444735210342,0.0573209738836788
30,2999,12,3,12,8.48,0.235683333333333,20.6269757016745,16.8427597023916,1,87,1.63012127858651e-05,0.0446629967014843
31,2999,2,1,2,2,0.377725,3.87579277694474,3.33852551367371,1,60,0.0444302867956736,0.107831942614123
31,2999,2,2,2,1.92,0.279248,3.88898957196607,2.9355792789534,1,62,-0.0156540015314067,0.114878287988396
31,2999,2,3,2,1.76,0.299709,3.52630585407532,3.02620685093084,1,43,-0.00441212690933112,0.129213284675211
31,2999,3,1,3,2.52,0.266693333333333,5.14672925742215,4.3491568747708,1,77,-0.00764943325410023,0.080313754124424
31,2999,3,2,3,1.88,0.224118,4.32506544608908,4.16349724233097,1,58,-0.0099158779386428,0.107651766689789
31,2999,3,3,3,1.84,0.163670666666667,4.25615783759738,3.7984857945765,1,62,-0.00316519238200807,0.127862830143925
31,2999,4,1,4,2.72,0.2208035,6.86196614200318,5.48686258017833,1,74,0.0115551394193407,0.0563465883980738
31,2999,4,2,4,2.92,0.172547,6.3856968326464,5.06611084717185,1,92,-0.00359571621302453,0.0725403498461362
31,2999,4,3,4,2.68,0.186921,6.28478088024054,5.21528695204332,1,81,-0.00826536135603704,0.0799033263223122
31,2999,5,1,5,3.8,0.2618264,8.96257753083993,7.26356747558816,1,99,0.00964437453774233,0.0529801969964159
31,2999,5,2,5,3.52,0.245922,8.84537476087826,7.11486094253367,1,92,0.00956884767876255,0.0672577238670408
31,2999,5,3,5,3.36,0.1916012,8.57904275098917,6.56654007442558,1,83,2.99683854715272e-05,0.0529209640666184
31,2999,6,1,6,3.32,0.149742,9.33981901231073,7.46063631385979,1,73,0.0102465009082981,0.0804318778468637
31,2999,6,2,6,4.28,0.206898666666667,10.1901185771382,8.05336423722764,1,82,0.0192231388896,0.0584889312240963
31,2999,6,3,6,4.36,0.223458666666667,9.83047520748795,8.23930657493731,1,87,0.0222451426624613,0.0598843309753048
31,2999,8,1,8,6.04,0.24132725,13.9109610566894,11.2146224819736,1,93,-0.00303248621714727,0.0521632630605897
31,2999,8,2,8,6.48,0.2406525,14.0054499733992,11.1990885165018,1,95,0.00264927053636903,0.0509780995013454
31,2999,8,3,8,5.56,0.21210625,12.7452066788012,10.8260667055828,1,95,-0.00338840833930545,0.0478156032567815
31,2999,10,1,10,7.24,0.2297676,17.0267692277284,13.8342452470048,1,95,0.00123063201531877,0.0524574275240214
31,2999,10,2,10,7.2,0.2374498,17.0386479569525,14.0463078250213,1,87,0.018050025221704,0.070461325550029
31,2999,10,3,10,7.12,0.2131768,16.6160994494408,13.5133206992641,1,96,0.00303856040939508,0.0490633366195022
31,2999,12,1,12,8.84,0.238362166666667,20.5484968464373,16.8231284201659,1,97,0.0102499488773146,0.0497917864289441
31,2999,12,2,12,8.68,0.2262505,20.1741831712877,16.5519027373744,1,99,-0.000603066110179777,0.0479907838909885
31,2999,12,3,12,8.72,0.2319055,20.6636339157887,16.6805492798314,1,97,0.0031492682328708,0.0440265729330708
32,2999,2,1,2,1.2,0.109859,3.10992753125505,2.30227797684385,1,58,0.116887828134696,0.206754448441279
32,2999,2,2,2,1.32,0.169003,2.96019733914872,2.5483961152893,1,38,-0.0469454368927828,0.256761043181271
32,2999,2,3,2,1.24,0.188455,3.76482099520965,2.62447546706858,1,42,-0.0944241266787092,0.21856426248774
32,2999,3,1,3,2.08,0.202010666666667,4.87742707873216,4.01819389845195,1,56,-0.0105658083165995,0.118327349078738
32,2999,3,2,3,1.72,0.153501333333333,4.66562938579951,3.75920879911312,1,41,0.00298365585135594,0.130408510272205
32,2999,3,3,3,2.36,0.268437333333333,4.61405826661844,4.42689471550656,1,78,0.00146568290743978,0.10747450269707
32,2999,4,1,4,3.36,0.289473,6.63677930085102,6.02800873676756,1,118,-0.00625116987648195,0.0498290139869967
32,2999,4,2,4,2.24,0.177677,7.26475629177761,5.20792589108274,1,54,-0.0100666579825649,0.123377487687813
32,2999,4,3,4,3.12,0.2850175,7.31867646724567,6.00692804557454,1,76,0.0239073167578773,0.0804314047680886
32,2999,5,1,5,3.84,0.2460492,8.36898140564879,7.12084895178602,1,52,-0.00628287372853206,0.122394037380409
32,2999,5,2,5,3,0.1876924,8.58938738200039,6.59373666028538,1,68,0.0128039839620042,0.0874268664251688
32,2999,5,3,5,3.16,0.1914968,7.1520873879175,6.61830437895631,1,102,0.0267180416358981,0.0620377041600149
32,2999,6,1,6,3.68,0.181771333333333,10.3392671205951,7.83716220086434,1,76,1.91328451435552e-05,0.066239342455036
32,2999,6,2,6,3.96,0.197185666666667,10.1931025524452,7.98920268986383,1,86,0.0136206709178345,0.0513737705394795
32,2999,6,3,6,4.68,0.242555333333333,9.55703272781851,8.51348996871594,1,107,0.00187328234439806,0.0458155803911031
32,2999,8,1,8,5.2,0.20215975,12.301889767692,10.7706654929786,1,92,0.00118105671992658,0.0520961253093542
32,2999,8,2,8,5.48,0.2045,12.6250764366644,10.7403131020886,1,79,0.014831188093034,0.0779769997596223
32,2999,8,3,8,5.84,0.2327475,13.9193971591446,11.1686410758882,1,87,-0.00473305924200621,0.0722575735724982
32,2999,10,1,10,7.64,0.2548762,16.5962832907049,14.4343226869585,1,99,0.00241321893441512,0.0391179591919354
32,2999,10,2,10,6.92,0.2168354,16.8889908838473,13.6839081998747,1,92,0.0102133069276449,0.0492661295184653
32,2999,10,3,10,6.6,0.199827,15.8065266607523,13.3474411593224,1,97,0.00672220409528797,0.056762073660523
32,2999,12,1,12,7.76,0.2031715,19.6650760471534,16.144601124851,1,86,0.00596691380518723,0.0479099991654647
32,2999,12,2,12,7.8,0.201554,18.9996362217444,16.0869212605579,1,96,0.0108943359428267,0.0554439442386258
32,2999,12,3,12,8.2,0.2277115,20.5110757977177,16.7146427432278,1,89,0.00324619149488021,0.0527321541308355
33,2999,2,1,2,2,0.350027,3.88233052371453,3.20292021485977,1,49,0.0212354890552676,0.140897018503558
33,2999,2,2,2,1.84,0.352751,3.60953351531578,3.26579985674273,1,70,-0.0353938713618759,0.0880510426093584
33,2999,2,3,2,1.68,0.260386,3.31743603663883,2.8921982350485,1,59,-0.00709012136846702,0.140801081322881
33,2999,3,1,3,2.76,0.305202,5.32243620191387,4.54322819939944,1,88,0.0285997368811691,0.0739928054183433
33,2999,3,2,3,2,0.190588666666667,4.65394185835293,3.94319309794666,1,58,0.0596850851997685,0.136494583591355
33,2999,3,3,3,1.52,0.130591333333333,4.38581663195426,3.64788428375034,1,68,0.0696397945031275,0.165293698399099
33,2999,4,1,4,2.84,0.22255,6.66235156153415,5.48967137418523,1,70,0.0610784129790699,0.0901445266000941
33,2999,4,2,4,2.72,0.2059055,5.88778134470715,5.3696134321118,1,69,-0.0183184053513012,0.0858957102274847
33,2999,4,3,4,3.4,0.2914005,6.58283556198234,6.01978797172036,1,99,0.0274235101542413,0.0654294654275556
33,2999,5,1,5,4,0.2804796,8.21970200648519,7.41852372813277,1,92,0.0028224231181216,0.0524402229388338
33,2999,5,2,5,3.76,0.2348384,7.79836159153033,6.98755748371651,1,84,0.02980492439635,0.0633591447108576
33,2999,5,3,5,4.28,0.2890872,9.00622649454885,7.48562000671185,1,82,0.0178559138209906,0.0664133452458248
33,2999,6,1,6,4.84,0.275415666666667,10.4364313818095,8.86053314975777,1,103,-0.00340212063457231,0.0610432627883157
33,2999,6,2,6,5.12,0.281708,10.5884411610226,8.87113140813875,1,95,0.0287990156912883,0.0511266709855342
33,2999,6,3,6,5.12,0.287502,10.0370276295349,8.9917565158067,1,123,-0.00645864997783908,0.032650775041972
33,2999,8,1,8,6.52,0.280772,13.9198709120352,11.8837023723369,1,111,0.0212210761576872,0.0466496250173081
33,2999,8,2,8,6.16,0.26199575,13.397104802414,11.6416544880892,1,109,0.0050814518954127,0.0551000514564833
33,2999,8,3,8,5.88,0.2325355,12.6877004960604,11.1938913584491,1,96,0.00780527263037828,0.0526676773189463
33,2999,10,1,10,8.24,0.282586,17.7686329854194,14.8732885133529,1,98,0.0116715103935762,0.0483986122143077
33,2999,10,2,10,8.24,0.273888,16.6892777396511,14.6923046917823,1,119,0.0049606713837656,0.0407388479548149
33,2999,10,3,10,8.68,0.2922484,17.4727626456243,15.0456328727458,1,131,0.00122680644190217,0.0214750038880562
33,2999,12,1,12,9.56,0.258935666666667,19.2600083027528,17.2906019887746,1,117,0.00307934056948116,0.0268489262937763
33,2999,12,2,12,8.92,0.230679166666667,19.0698730661956,16.7092801171447,1,106,-0.000444057784368962,0.0408548453019512
33,2999,12,3,12,9.76,0.2751865,20.5236590784794,17.6999861208303,1,112,0.0138828622611327,0.034621453649273
34,2999,2,1,2,1.32,0.219122,3.8986238825428,2.73410042693583,1,66,-0.0588434879945379,0.134321443168935
34,2999,2,2,2,1.8,0.298107,3.43952375488703,3.00638988680418,1,54,-0.0518275717304424,0.12459414768329
34,2999,2,3,2,1.72,0.263662,2.96514580989056,2.8654940849789,1,66,0.00124086266882299,0.116625200207271
34,2999,3,1,3,1.92,0.187732666666667,4.30313486618109,3.93736760100972,1,67,0.033458389984955,0.135228355510737
34,2999,3,2,3,1.96,0.183927333333333,4.23877599470649,3.88962865017385,1,59,0.000147325793349,0.0961364940628887
34,2999,3,3,3,2.04,0.206890666666667,4.71315393970296,4.03052445199913,1,63,-0.0353391509849809,0.0889816116761215
34,2999,4,1,4,3.04,0.2362585,6.7646020682321,5.6003816182807,1,91,0.0142790320437501,0.0696631451029424
34,2999,4,2,4,2.44,0.170416,5.95103039968446,5.11969475423983,1,58,0.00800149682357023,0.114096083357132
34,2999,4,3,4,3.56,0.253162,7.36285114323746,5.65632307242775,1,90,0.0125642624487418,0.0640698114190125
34,2999,5,1,5,4.16,0.2842488,9.42467937852878,7.43459247101143,1,93,-0.0189623206851489,0.0570179189359829
34,2999,5,2,5,4.24,0.2908244,9.75778814642333,7.48559346901343,1,95,0.0063660766020102,0.0506838237031521
34,2999,5,3,5,3.4,0.2200204,7.51886588334704,6.89221780168503,1,85,-0.0164664908360257,0.0652864996244747
34,2999,6,1,6,5,0.264644,10.2482680606615,8.70292721110529,1,98,0.00964739543523011,0.0518216916509156
34,2999,6,2,6,4.6,0.232629666666667,10.3699554908943,8.31075872739939,1,100,0.00556426324532522,0.0441422525079418
34,2999,6,3,6,4.4,0.234361666666667,10.029068127824,8.3916933257098,1,108,-0.00308588893003833,0.0416297064685322
34,2999,8,1,8,6.8,0.27240875,13.6354643707413,11.6772167300059,1,96,0.000422713303908578,0.0436437358372873
34,2999,8,2,8,6.32,0.24563525,13.3349628929152,11.2788007395845,1,97,-1.97210754897514e-05,0.0344868859570755
34,2999,8,3,8,6.32,0.25713025,13.257001837575,11.4762224215567,1,91,0.00358179953877862,0.0513716981742392
34,2999,10,1,10,7.36,0.2279806,16.1959853590934,13.810078336641,1,103,0.0132718955261259,0.036381361817766
34,2999,10,2,10,8.08,0.2656338,17.4690173227425,14.5115704679521,1,102,0.00102784648404801,0.0332055226829124
34,2999,10,3,10,8.04,0.239902,17.0562328777051,13.9657444011538,1,101,-8.42260700611779e-05,0.0358151845295962
34,2999,12,1,12,8.84,0.239736833333333,19.4013417532418,16.8801616277001,1,100,0.0042253214467521,0.0434228170673442
34,2999,12,2,12,8.72,0.224152666666667,19.2076145282611,16.5153698705571,1,93,0.00437874223324455,0.0406178513287716
34,2999,12,3,12,9.52,0.2413615,19.5251186896555,16.842052950965,1,91,-0.00662728947760574,0.051735475911958
35,2999,2,1,2,1.52,0.279826,3.72989010056628,2.99112717741307,1,43,0.074447947872951,0.235680585673526
35,2999,2,2,2,1.84,0.340637,3.56483075910109,3.18595735354881,1,65,-0.011573663353982,0.111008706138467
35,2999,2,3,2,1.68,0.29079,3.24812982807902,2.98508645646123,1,61,-0.0216146506158398,0.126346783132524
35,2999,3,1,3,1.96,0.207126666666667,4.59487091419245,4.0734182842394,1,64,0.00407605570615585,0.113394402134998
35,2999,3,2,3,2.28,0.24232,5.05682243534144,4.20219179638478,1,63,0.0105882915575741,0.114388485096854
35,2999,3,3,3,1.92,0.213454,5.03420616381096,4.09427703001379,1,53,0.00723602333111545,0.102599710838632
35,2999,4,1,4,3.52,0.2974445,6.7332615025618,6.03180558511226,1,101,0.00160974782548305,0.0692407348174937
35,2999,4,2,4,3.08,0.288849,7.30192317382615,6.01929210627514,1,89,-0.00978242495993732,0.0826442373102438
35,2999,4,3,4,2.88,0.252271,6.89528328105045,5.73443347247956,1,64,0.00151355794880444,0.083828968479338
35,2999,5,1,5,3.56,0.2134256,7.93795757326841,6.76164852120728,1,66,-0.00666773684355697,0.0998448964111949
35,2999,5,2,5,3.48,0.2223828,8.50009601256623,6.85034035868381,1,79,-0.0248114012053377,0.0820032587690182
35,2999,5,3,5,3.72,0.2532168,8.1078926024361,7.15983698338374,1,96,-0.00465272340943117,0.0707232053781811
35,2999,6,1,6,4.6,0.256651666666667,9.73862358528249,8.62190685542631,1,100,0.00474376903178651,0.0549817523404693
35,2999,6,2,6,5.04,0.290111,9.70206673216034,8.97316026969012,1,107,0.00925569852312349,0.0451726420353412
35,2999,6,3,6,4.88,0.287290333333333,10.5336828890921,8.95283845474251,1,90,0.00661318370805592,0.0573819282836363
35,2999,8,1,8,6,0.27615025,14.1004540045227,11.8529392805631,1,90,0.00068047859643486,0.0536861772284107
35,2999,8,2,8,5.84,0.24900125,13.3217252440665,11.4076801695589,1,99,-0.00626788377548068,0.0465764792438308
35,2999,8,3,8,6.04,0.26291025,13.4144440260652,11.6265117972757,1,111,0.000110617840249573,0.045391815826971
35,2999,10,1,10,7.76,0.2741374,17.4421235767891,14.7453590092037,1,103,0.00122076987131986,0.04596307042715
35,2999,10,2,10,7.28,0.2481548,16.9076818693862,14.2312623624502,1,86,-0.0120008179802902,0.0638235693306487
35,2999,10,3,10,7.6,0.2606342,16.8388064594941,14.4048627534761,1,91,-0.000201718175940609,0.0513109764377671
35,2999,12,1,12,9,0.252048333333333,20.1326321522847,17.1458934594706,1,88,-0.0116539921352536,0.0413974855834315
35,2999,12,2,12,8.92,0.259581166666667,20.3182555317853,17.3104732612102,1,83,-0.000907433911867396,0.0499668443311007
35,2999,12,3,12,8.92,0.256995833333333,20.5866193925424,17.2889658595318,1,84,-0.0111098263749951,0.0565047475598859
36,2999,2,1,2,1.84,0.280277,3.60599177221085,2.9296657274522,1,64,0.0216952944708174,0.123836113785417
36,2999,2,2,2,1.36,0.256167,3.5549506833563,2.91467756810433,1,47,0.0934924473608937,0.210286744021418
36,2999,2,3,2,1.64,0.203979,3.18381870299513,2.65690941449598,1,64,-0.0531640683968877,0.123085911455904
36,2999,3,1,3,2.16,0.224084666666667,5.59379756403062,4.12463972374569,1,70,0.00596619062619309,0.112724856062952
36,2999,3,2,3,2.52,0.238956666666667,4.8348094356119,4.21643499246557,1,63,-0.00505710285999618,0.0742973798999659
36,2999,3,3,3,2.4,0.234207333333333,4.69478621379172,4.19661402520741,1,66,-0.0244944558520848,0.104621806609161
36,2999,4,1,4,3.04,0.2312915,6.16907457122035,5.6226288256063,1,72,-0.0222936735309955,0.0804049644099276
36,2999,4,2,4,2.92,0.2236275,6.58692928570795,5.49587530759638,1,89,0.00115430395003798,0.0751002908155807
36,2999,4,3,4,2.76,0.18668,5.85505768972636,5.21483836088893,1,89,-7.79136525512934e-05,0.0678108531657764
36,2999,5,1,5,4.04,0.23604,8.40470476993409,6.99511636997427,1,89,-0.00916609663360311,0.0671490506508519
36,2999,5,2,5,3.08,0.1846556,8.24769888654982,6.58966734411396,1,84,0.0100598709284133,0.0684609782800834
36,2999,5,3,5,3.24,0.1597712,7.08335846185197,6.30186658621951,1,81,-0.0132828203788837,0.0925247497276968
36,2999,6,1,6,4,0.214249,9.61377581470272,8.23655736015747,1,96,0.0290883685306072,0.0567322435684069
36,2999,6,2,6,4.6,0.227951,9.38337255130704,8.35970049785126,1,110,0.002208905099339,0.0567867605897099
36,2999,6,3,6,4.2,0.236150666666667,9.99762599922405,8.44613583248469,1,104,0.00677014480165427,0.0484406390015472
36,2999,8,1,8,6.04,0.2236345,13.4189828110979,11.0217414602633,1,99,0.033743128042459,0.0511490237079963
36,2999,8,2,8,5.76,0.22344525,13.5050770813419,11.076544576976,1,83,0.00192347275153098,0.0602617137856633
36,2999,8,3,8,4.96,0.17788225,12.4069309998631,10.3864455275657,1,93,0.0109426219964017,0.0599118158908461
36,2999,10,1,10,6.92,0.1918626,16.991194247543,13.1692825659001,1,89,0.028737299642876,0.0549379676054407
36,2999,10,2,10,7.24,0.214976,17.2399041178358,13.6370906611522,1,96,0.00862185755697347,0.0537237909004377
36,2999,10,3,10,6.84,0.2025102,16.450582335654,13.4252958949271,1,87,-0.000499686508614485,0.0696458724731618
36,2999,12,1,12,8.72,0.208576333333333,19.5367982713136,16.1928717758383,1,86,0.0067356876484047,0.0588052410503458
36,2999,12,2,12,8.44,0.216737666666667,20.5495236654042,16.4686805027923,1,94,0.0151537063162653,0.0489882541258585
36,2999,12,3,12,8.72,0.213111833333333,20.2963061009698,16.3022455661087,1,89,0.0138575016449946,0.0623774093878867
37,2999,2,1,2,1.08,0.213888,3.59614158241692,2.78128735702165,1,39,0.116549338054727,0.320678489390262
37,2999,2,2,2,1.12,0.107099,2.45013619327934,2.3264055301949,1,65,-0.0348827908959726,0.158574381162908
37,2999,2,3,2,1.56,0.280381,3.34330991475718,2.96602248200707,1,51,-0.0306739520834672,0.143451027388458
37,2999,3,1,3,1.84,0.189740666666667,4.62937282387028,3.94753656650395,1,61,-0.0336824439453111,0.134997959867677
37,2999,3,2,3,1.68,0.169410666666667,4.41760187775302,3.8752021710908,1,46,-0.0065324204622385,0.186261325063095
37,2999,3,3,3,2.08,0.178852666666667,4.44898485644935,3.87604038476629,1,59,-0.0145379838369944,0.147395254137895
37,2999,4,1,4,2.6,0.170775,6.59434990612021,5.16402641202646,1,76,0.0212335846474999,0.0704172765925103
37,2999,4,2,4,2.4,0.131999,5.10630803385829,4.85854006489009,1,70,-0.00438146829100391,0.121994755529759
37,2999,4,3,4,3.4,0.2845385,7.05417983907358,5.95695961668928,1,95,0.00488766523627817,0.0529102848394717
37,2999,5,1,5,3.2,0.1737196,8.31465075028414,6.4821139194147,1,75,-0.00955993345268173,0.0876310827820653
37,2999,5,2,5,3.16,0.168718,8.09142743114206,6.44766373096791,1,81,0.00500607283483007,0.0698727752650625
37,2999,5,3,5,3.2,0.1736084,7.61788201489006,6.4885192237161,1,85,0.0163214400216265,0.0670006006673053
37,2999,6,1,6,4.48,0.239851333333333,9.77680181533053,8.47941421107671,1,117,0.00196371587463008,0.0277595353436041
37,2999,6,2,6,4.12,0.204037,9.03316510432189,8.08377074747631,1,85,-0.000209378593057756,0.0613431584296777
37,2999,6,3,6,5.2,0.251988,10.3380070074686,8.4951846277309,1,94,0.001697163607917,0.0621860590319185
37,2999,8,1,8,5.4,0.19218375,12.8749352221505,10.6221509796228,1,84,-0.00592917518524057,0.0614597071237978
37,2999,8,2,8,5.24,0.18304525,12.2412141042351,10.4415167003603,1,98,0.00398721657057424,0.0480583907911297
37,2999,8,3,8,5.2,0.195651,12.1159695830863,10.6700419712993,1,106,0.00333457130723203,0.0392244074759793
37,2999,10,1,10,7.44,0.227877,17.0404283831359,13.8619472355507,1,92,-0.0170883973582095,0.0429010420766607
37,2999,10,2,10,7.4,0.2146384,16.0069311667472,13.6239087025895,1,96,-0.006034785866731,0.0378832473706645
37,2999,10,3,10,7.12,0.2053028,16.1425034828625,13.4472747643183,1,90,-0.00138075679350495,0.0415966251332409
37,2999,12,1,12,8.04,0.195141333333333,19.1170414782247,15.9754940116336,1,99,-0.0014329693681062,0.0329651175666058
37,2999,12,2,12,8.56,0.2085195,19.3890701476536,16.2127541531685,1,94,-0.0087216553740312,0.0376005945908691
37,2999,12,3,12,8.28,0.203281166666667,19.0090736450475,16.1341738359672,1,110,0.00208484936719966,0.0387635815070201
38,2999,2,1,2,2,0.367492,3.88002741099913,3.29836422258915,1,58,0.0491090262291503,0.131635905723425
38,2999,2,2,2,1.92,0.357907,3.96004803602746,3.26086891480194,1,68,-0.0231747479254389,0.0990113296955646
38,2999,2,3,2,1.08,0.127912,2.38707060964072,2.37629547602034,1,43,-0.0657481232423217,0.241943990648802
38,2999,3,1,3,2.4,0.303122,5.26987036020757,4.64262258013493,1,59,0.0411493439095037,0.114568892784942
38,2999,3,2,3,1.96,0.216864666666667,4.59918287616243,4.14104144457227,1,61,-0.0183843561553349,0.123566968477064
38,2999,3,3,3,1.88,0.213061333333333,4.93099557722905,4.10709024106298,1,57,-0.0167841037711023,0.127092902422165
38,2999,4,1,4,3.4,0.3191345,7.37471863474671,6.26515594868061,1,84,-0.00700301244824698,0.0590465754754131
38,2999,4,2,4,3.2,0.2891275,7.5112647997334,6.05685234175043,1,75,-0.00554658968168822,0.102904875211259
38,2999,4,3,4,2.84,0.233357,7.33042215732109,5.58341850108333,1,70,0.00144121721600642,0.0958254329028962
38,2999,5,1,5,3.08,0.2108812,8.46700243833734,6.83690010949006,1,79,-0.00330755558011257,0.0673794038261327
38,2999,5,2,5,4.44,0.3181916,8.67538804040983,7.80689672593982,1,120,0.00713037849486507,0.0499950287981533
38,2999,5,3,5,3.88,0.2812392,8.97960431048353,7.46171269146565,1,93,0.0110771452879108,0.0406883217856252
38,2999,6,1,6,4.84,0.300150666666667,10.5266748914672,9.18187412540801,1,115,0.0126938241416219,0.0496565716249756
38,2999,6,2,6,4.8,0.275893666666667,10.6535750194026,8.88154115342328,1,106,0.0102051072953626,0.0515565422715498
38,2999,6,3,6,4.6,0.280735,10.2593366620683,8.98361638498599,1,122,0.00807612255426744,0.035448532306523
38,2999,8,1,8,6.24,0.263065,13.6456389558819,11.6064573942504,1,112,0.00474483150892076,0.028972767896168
38,2999,8,2,8,6.24,0.2797785,13.5272191802275,11.9260405256648,1,128,0.00979629741067906,0.0322178554766014
38,2999,8,3,8,5.64,0.258409,13.3541720841838,11.6620904127903,1,110,0.0122126519459692,0.0376429184455667
38,2999,10,1,10,8,0.2875784,17.6445402052204,15.0817385609314,1,116,0.00179833712128121,0.0327154337696842
38,2999,10,2,10,8.2,0.3037808,18.2686949146721,15.418929800378,1,103,0.00208666719575447,0.0364184574384831
38,2999,10,3,10,8.4,0.295741,17.537305093617,15.1445963871092,1,116,0.00463352323319086,0.0351309223901922
38,2999,12,1,12,9.84,0.2883425,21.4310739454831,18.0367378192596,1,109,0.00423485245992656,0.0329303980534176
38,2999,12,2,12,9.28,0.2662975,20.9065948177643,17.5688926277352,1,101,-0.00791121118439989,0.0430699627957718
38,2999,12,3,12,9.92,0.294594333333333,21.6974431834536,18.1870355572695,1,104,0.00221084595885513,0.034979673776177
39,2999,2,1,2,1.44,0.234872,2.99108660403014,2.80466378774574,1,42,0.130689931356469,0.206284589087096
39,2999,2,2,2,1.4,0.178754,3.40124443067733,2.55988720789977,1,68,-0.0415151462563713,0.144519993577914
39,2999,2,3,2,1.56,0.238457,3.81976843682253,2.83434971512001,1,42,0.0577561385017545,0.231255716559287
39,2999,3,1,3,2.44,0.232885333333333,5.39347275076895,4.16159478100557,1,55,0.0280288786775997,0.116352011428712
39,2999,3,2,3,2.08,0.163088,5.31053335098834,3.79257729373212,1,60,-0.0258019082681593,0.125178193065125
39,2999,3,3,3,2.44,0.225554,5.14094497306547,4.15528765215882,1,52,0.0595525253770266,0.143264131389972
39,2999,4,1,4,2.76,0.1959635,6.01869995612156,5.29254983991481,1,63,0.0270665284359934,0.0978015820203528
39,2999,4,2,4,3.2,0.183379,6.63892038638788,5.16898099638927,1,67,0.0283539703142235,0.107520301990436
39,2999,4,3,4,2.88,0.1915195,5.97318669787929,5.26895657857569,1,65,0.0130124698031911,0.103717186136597
39,2999,5,1,5,4.2,0.2384752,9.12503831568607,7.01073334764284,1,76,-0.000442074685872232,0.0723319252151987
39,2999,5,2,5,3.6,0.2115732,8.01796294781231,6.78119556014821,1,63,0.0229871929972285,0.0670913489173062
39,2999,5,3,5,3.6,0.1926444,9.11889405354774,6.60574200976813,1,63,0.00418152701026453,0.106320106691755
39,2999,6,1,6,4.48,0.220877333333333,10.1170690244942,8.22960875255543,1,86,-0.00943396877962788,0.0552630554047231
39,2999,6,2,6,4.6,0.216315666666667,10.7523371700286,8.17556874457533,1,73,0.00790621974014938,0.0499163667306966
39,2999,6,3,6,4.76,0.219951666666667,10.0371232623001,8.22692229227127,1,74,0.000536228894926933,0.078868990003659
39,2999,8,1,8,5.96,0.2028565,13.7784976383669,10.6806113728144,1,65,0.0253846610875403,0.0733192910561353
39,2999,8,2,8,5.96,0.18171825,13.6045876661552,10.3591073820638,1,88,0.00595829118205787,0.056585273042483
39,2999,8,3,8,5.6,0.18025,12.2371210186174,10.3355968448097,1,81,0.023732433998262,0.0642339548038242
39,2999,10,1,10,6.96,0.1875664,16.7290074763069,13.1011906237404,1,73,0.00624461879649367,0.0607089025522314
39,2999,10,2,10,7.44,0.2054204,16.2172045961366,13.4047651390649,1,83,0.0149619681585121,0.0503232990049841
39,2999,10,3,10,7.52,0.2103564,16.0558232184217,13.5194721321861,1,80,0.00328571302538821,0.0507017202129528
39,2999,12,1,12,8.84,0.201133666666667,20.0310045983783,16.002651134801,1,70,0.00397802595747058,0.0640989705600537
39,2999,12,2,12,8.84,0.201133666666667,20.0310045983783,16.002651134801,1,70,0.00397802595747056,0.0640989705600537
39,2999,12,3,12,8.84,0.201133666666667,20.0310045983783,16.002651134801,1,70,0.00397802595747053,0.0640989705600537
40,2999,2,1,2,1.4,0.198278,3.4567803964468,2.63578873049932,1,48,-0.00816518063198449,0.164413086620677
40,2999,2,2,2,1.72,0.26609,3.33911808841766,2.87370203207132,1,64,0.000877775296534679,0.129024716647333
40,2999,2,3,2,1.44,0.198101,3.03637713498031,2.64033171692946,1,45,0.0355012597716617,0.185067060882382
40,2999,3,1,3,1.88,0.177272,3.93962203375962,3.87011784939449,1,39,0.0206040479218916,0.191057602068544
40,2999,3,2,3,1.68,0.168802666666667,5.06356488624028,3.8346903871032,1,78,-0.0237418774949682,0.104283715392621
40,2999,3,3,3,1.68,0.143496,4.9846286394678,3.68082237750023,1,49,-0.0239658116742369,0.201582620431472
40,2999,4,1,4,2.68,0.2012695,5.81697219455841,5.32441651226723,1,63,0.0402380915953687,0.133824558837306
40,2999,4,2,4,3.04,0.207669,6.0238315656966,5.35040272848598,1,85,0.000393099777357175,0.060429841778767
40,2999,4,3,4,2.48,0.1866965,5.56436198907254,5.2315560300985,1,75,0.0132233493136715,0.0909176158684422
40,2999,5,1,5,4.2,0.2345856,8.44820571937917,6.89762032823842,1,95,0.0148241843554609,0.0527380977400665
40,2999,5,2,5,3.36,0.201366,8.53724707465662,6.6686450880047,1,72,0.00218739025601324,0.0886444354104655
40,2999,5,3,5,2.72,0.1290036,6.55537840703509,6.01477459502501,1,58,0.0214660515406908,0.136629994364981
40,2999,6,1,6,5,0.241254333333333,9.33520235362824,8.37283104545906,1,100,0.0167577235657483,0.0506487324632972
40,2999,6,2,6,4.24,0.184622,8.91786569953579,7.76252733200641,1,91,0.0261309709588794,0.0582983721711821
40,2999,6,3,6,4.96,0.235621,9.93483521378854,8.3124118583495,1,79,0.00125098116784448,0.0621661841477222
40,2999,8,1,8,5.24,0.1658765,11.3138084724726,10.1253920526152,1,100,0.0202321189038033,0.0523827142968394
40,2999,8,2,8,6.24,0.221043,13.14294933678,10.8733101223974,1,91,-0.00162047081792883,0.0585264303886269
40,2999,8,3,8,5.8,0.20982675,13.7381493876822,10.7486846306531,1,79,0.00313339890040134,0.0678881674055713
40,2999,10,1,10,7.2,0.1911356,15.2230442754004,13.0525140197856,1,85,0.0170423250207219,0.0506845678933052
40,2999,10,2,10,6.88,0.1931686,15.2008797522123,13.1272903053701,1,81,0.00967572185402901,0.0611243816940843
40,2999,10,3,10,6.8,0.1805856,15.3045782892974,12.9041206314602,1,87,0.00546643918568783,0.0430194169267558
40,2999,12,1,12,7.96,0.177842833333333,18.2225482370796,15.4364077937182,1,85,0.0142328040849763,0.0545784564778082
40,2999,12,2,12,8.16,0.182506333333333,18.1735505873255,15.5382112322495,1,87,0.00909649787481039,0.053559894813798
40,2999,12,3,12,8.04,0.188453,18.7521412919866,15.6835735839278,1,80,0.00195763690725629,0.0519312138248763
41,2999,2,1,2,1.32,0.229529,3.36317159591872,2.80514858833407,1,56,-0.061267466764936,0.112062733749075
41,2999,2,2,2,1.24,0.192117,3.06585871734125,2.64397379559457,1,39,0.0183571315973912,0.217650293032009
41,2999,2,3,2,1.72,0.323583,3.62344958544925,3.13815038320879,1,61,0.00945384023286094,0.128020682873215
41,2999,3,1,3,1.92,0.223057333333333,5.02038793119294,4.16876248857186,1,65,0.0169206318961493,0.067602285233
41,2999,3,2,3,2.28,0.274454666666667,5.36316359595072,4.43399153097669,1,71,-0.0040640647769466,0.089665446464214
41,2999,3,3,3,2.76,0.324169333333333,5.8430961087838,4.67744127973847,1,59,-0.00659106739518932,0.0709550557572386
41,2999,4,1,4,2.16,0.179403,6.07925172707509,5.21646156405204,1,70,-0.00938641158642536,0.0853725698224592
41,2999,4,2,4,2.92,0.2662075,6.84574639160611,5.86054308571474,1,75,-0.0103096042396317,0.075523776417086
41,2999,4,3,4,3.16,0.279441,7.22928372764797,5.94751036526295,1,77,0.00755552797325348,0.0638250059366925
41,2999,5,1,5,3.6,0.2335736,8.89538363678033,7.00165569900747,1,68,0.0145002214242728,0.0733709671400391
41,2999,5,2,5,3.44,0.2300444,8.13559243339169,6.98608081216453,1,79,0.0184481733592316,0.0716771843852088
41,2999,5,3,5,3.2,0.2024416,8.42648239809474,6.709676864866,1,68,-0.00845446271569886,0.082487942590602
41,2999,6,1,6,4.24,0.24167,10.1820675642318,8.50150377710023,1,73,0.0194297913926696,0.0804770908424601
41,2999,6,2,6,4.56,0.259771,10.6652762162549,8.71882006405517,1,68,-0.00144111661312053,0.0685251110706068
41,2999,6,3,6,4.2,0.242514666666667,10.1497054727251,8.51208018296754,1,72,-0.00509658421673003,0.0714012172305524
41,2999,8,1,8,5.84,0.24606725,13.6359128774177,11.3982930494982,1,87,0.00981509617765858,0.0501529384853599
41,2999,8,2,8,5.72,0.2394325,13.4121199269774,11.3160672006534,1,89,-0.000340916916788521,0.0501310345551037
41,2999,8,3,8,5.92,0.25542025,13.9332257559952,11.5594678422377,1,82,0.00868655596576496,0.0500649524765754
41,2999,10,1,10,7.12,0.2464346,17.0048059328605,14.2682834229819,1,85,0.00886343660175511,0.0422034676211219
41,2999,10,2,10,7.52,0.2581788,17.3418601380942,14.4686706802371,1,100,0.00243318232447325,0.0389862884896608
41,2999,10,3,10,7.36,0.2509042,17.3756188879512,14.3229771399087,1,79,0.00841216478132501,0.0483329770338765
42,2999,2,1,2,1.8,0.315501,3.83957189753977,3.08743965749224,1,51,-0.0097828638156112,0.129463306732406
42,2999,2,2,2,1.24,0.153923,2.786119477319,2.48587347313799,1,41,0.00238853040909729,0.231002087083323
42,2999,2,3,2,1.52,0.274027,3.26061967688465,2.91456903855067,1,57,0.050704747422654,0.131018522470953
42,2999,3,1,3,2.64,0.274162666666667,5.11878566101862,4.34448356055911,1,93,0.0167627150823652,0.0608897176254718
42,2999,3,2,3,2.24,0.229589333333333,4.54311347757169,4.10647560633183,1,61,0.0337127395983023,0.128607239712491
42,2999,3,3,3,1.88,0.163563333333333,4.04340027242202,3.76850565585775,1,46,0.0175420967510258,0.165315384985901
42,2999,4,1,4,2.96,0.2415575,6.33212359897299,5.62294990902829,1,89,-0.0127503213878932,0.0676799794571122
42,2999,4,2,4,2.8,0.230579,6.74029434731711,5.55304487161613,1,73,0.0116450567537462,0.0956810829070048
42,2999,4,3,4,2.8,0.232217,6.22809972110776,5.58438773384357,1,90,0.00298611042816458,0.0749440115834696
42,2999,5,1,5,4,0.2543656,7.95174005585094,7.10250918293086,1,87,0.00688807776506945,0.0531108139056144
42,2999,5,2,5,3.4,0.2017552,7.84444381850521,6.66945075788254,1,78,0.00702535248434354,0.0701622118121511
42,2999,5,3,5,3.64,0.217754,7.82893725352644,6.79992876393411,1,96,0.0152397076158547,0.0626456639542207
42,2999,6,1,6,3.6,0.202591666666667,9.32324214176371,8.06744756969919,1,88,0.0153828489131578,0.0735824571920807
42,2999,6,2,6,4.96,0.287038333333333,10.365810620822,8.93016921092832,1,78,-0.00666075624080007,0.0723588997635478
42,2999,6,3,6,3.76,0.195007,9.32316768947843,7.96452384127843,1,80,-0.00710453867067557,0.0652725698662038
42,2999,8,1,8,5.68,0.22150275,12.8044948430767,10.9494317806363,1,91,0.00995682321748032,0.052533636223363
42,2999,8,2,8,5.32,0.20199025,12.5132211523554,10.6547849678162,1,93,0.0125888810217213,0.0472582126690383
42,2999,8,3,8,6.48,0.2706625,13.5352386300885,11.6828474607573,1,99,-0.000261934761692095,0.0536892321920518
42,2999,10,1,10,6.72,0.2166348,15.4925058668692,13.7001576813033,1,116,0.0115027476826942,0.0444477899391874
42,2999,10,2,10,7.24,0.234493,15.9556114728844,13.9814934426212,1,104,0.0156185089335884,0.0454318738282925
42,2999,10,3,10,7.76,0.2420596,16.5726749197847,14.0482193619641,1,97,0.0078653833546037,0.0412326471612739
42,2999,12,1,12,9,0.240398833333333,19.690741017155,16.8078982497436,1,90,0.00597107968970791,0.0542013277350921
42,2999,12,2,12,9.08,0.2403605,19.8689310790876,16.785455261894,1,106,0.00230429279418598,0.0406598445771953
42,2999,12,3,12,8.12,0.220431166666667,19.0260844421558,16.4863917467853,1,104,0.0103965371574498,0.0385102144706184
43,2999,2,1,2,1.44,0.247745,3.86486752740819,2.85582666536914,1,46,0.00594891584797856,0.140414287688156
43,2999,2,2,2,1.88,0.362211,3.68801120650039,3.25982175038753,1,59,-0.00036480552754436,0.0912853840554724
43,2999,2,3,2,1.08,0.175462,2.7140952964297,2.59231562192903,1,35,-0.0774346690533478,0.227777101737745
43,2999,3,1,3,2.32,0.273823333333333,5.11630741981086,4.38802792230365,1,68,0.0180775901205606,0.0928833601558941
43,2999,3,2,3,1.96,0.157512666666667,4.10822990943883,3.73038473167562,1,66,0.031532056219885,0.112088232382815
43,2999,3,3,3,2.2,0.228919333333333,5.08649048854211,4.14572446911839,1,69,0.050950211317091,0.114023669620729
43,2999,4,1,4,3.16,0.237734,7.0368475954638,5.59305920423001,1,71,0.0329222161029534,0.0860872139604768
43,2999,4,2,4,3.4,0.2817665,6.16219828967359,5.89361300552172,1,112,0.0161980793460115,0.0656076874112693
43,2999,4,3,4,3,0.264884,6.98525557264343,5.82051599725129,1,86,0.0228858949813288,0.0808908289340447
43,2999,5,1,5,3.96,0.2654912,8.33779514350421,7.26410784266448,1,98,-0.00239292716692374,0.066375257925669
43,2999,5,2,5,3.36,0.2209164,7.50471265868585,6.87278711354119,1,87,0.00165175454143681,0.0716551094895166
43,2999,5,3,5,3.28,0.2089916,8.51588355879523,6.77774340111423,1,70,0.026801441571254,0.0690374511537479
43,2999,6,1,6,5,0.278082333333333,9.84473855598245,8.826533507137,1,107,0.0109525205118568,0.0385359685861387
43,2999,6,2,6,3.36,0.172723666666667,8.64395413797854,7.76464883445246,1,102,-0.00462835462101533,0.0776133109957098
43,2999,6,3,6,4.08,0.208783,9.26476432542991,8.09794002877897,1,99,0.000590958127008537,0.0733050126670055
43,2999,8,1,8,6.36,0.260637,13.4438354544937,11.5192707412902,1,102,0.00280178157380407,0.04223070816856
43,2999,8,2,8,5.52,0.22438875,12.1147664736495,11.0257109778595,1,98,0.00179197265427707,0.0480017425681007
43,2999,8,3,8,5.96,0.24237925,12.1021642382868,11.2587577156658,1,112,0.00750100550179792,0.0528958495022656
43,2999,10,1,10,7.44,0.228947,15.2900496835591,13.8357160459161,1,104,0.00780466825024495,0.0608535623427833
43,2999,10,2,10,7.72,0.2460476,16.1531707057905,14.1633401774363,1,104,0.0028185842608297,0.0389696940869261
43,2999,10,3,10,6.64,0.2055674,14.6953099973735,13.4439250806167,1,118,-0.00716761674228046,0.0472964781215939
43,2999,12,1,12,8.72,0.229913,18.8498246322753,16.650579536616,1,101,0.00584798895884853,0.0368793981839475
43,2999,12,2,12,8.36,0.207643,18.4017808503832,16.1304764494242,1,98,0.00148239036135795,0.0519796550486527
43,2999,12,3,12,7.76,0.175941166666667,17.1596042758346,15.4395084737524,1,108,0.00690947467194106,0.0502310389393437
44,2999,2,1,2,1.56,0.223022,3.26383851768268,2.7591623072909,1,52,0.0329124991755967,0.15751322587015
44,2999,2,2,2,1.8,0.308803,3.83979461254347,3.07160097525727,1,61,0.000616445053904502,0.125274920725875
44,2999,2,3,2,1.32,0.212829,3.28975959162481,2.7233066510506,1,38,-0.0230304801028984,0.242015369302666
44,2999,3,1,3,2.68,0.245547333333333,4.7755061841747,4.20602693431968,1,93,-0.00386569277266173,0.0700825116413327
44,2999,3,2,3,2.64,0.274582666666667,5.61891993832326,4.40037486278144,1,72,0.0159454621263355,0.0837483922179824
44,2999,3,3,3,2.72,0.283392,5.84940516786905,4.43743721030989,1,78,0.0179721533740869,0.0891050138390933
44,2999,4,1,4,3.72,0.3106525,7.71006573705645,6.14099227220469,1,104,-0.00435696606596636,0.0528892533151274
44,2999,4,2,4,3.64,0.307863,7.8915561793415,6.12321106307056,1,92,0.00945071056444154,0.066030152516084
44,2999,4,3,4,3.44,0.2564045,7.15535675953261,5.70066098798379,1,92,-0.00908770226740635,0.0659259076350646
44,2999,5,1,5,4.04,0.2421964,8.43424174683922,7.03928966872264,1,104,-0.00678504942336905,0.0499173453470796
44,2999,5,2,5,4.72,0.3277764,9.92441295134249,7.85407055435092,1,96,-0.0024115898254826,0.054435919900559
44,2999,5,3,5,4.24,0.2902728,9.15744229454935,7.54000581379061,1,93,-0.00149410979737592,0.0582324685309912
44,2999,6,1,6,5.32,0.285922666666667,11.0547330163647,8.94643615819834,1,115,-0.00565777329160918,0.0405860804678969
44,2999,6,2,6,4.72,0.231572666666667,10.3919885071285,8.32278720472784,1,92,-0.0189797546703592,0.0595515254178486
44,2999,6,3,6,4.76,0.254754,10.3766000971232,8.64065979303806,1,111,-0.0200550689483159,0.0449445909274218
44,2999,8,1,8,6.96,0.27220975,14.2165017971814,11.6762828754438,1,113,-0.00954954129542602,0.0404916937532312
44,2999,8,2,8,7,0.29249325,14.5907348923354,12.0497293590508,1,117,-0.00268875832953208,0.0324966253855185
44,2999,8,3,8,7.24,0.28165725,14.4958422060117,11.803720008724,1,118,0.000786316008904223,0.0357776056932733
44,2999,10,1,10,8.12,0.2575262,16.5279411395388,14.4093586270425,1,121,-0.00595284297787522,0.0308608333237349
44,2999,10,2,10,7.92,0.2451902,16.6485294681002,14.1594176231613,1,117,-0.00212566379597228,0.0365083153753299
44,2999,10,3,10,8.6,0.2781508,17.8330148404206,14.7755929384696,1,112,-0.00748389765712805,0.0363280947333218
44,2999,12,1,12,9.72,0.249128166666667,20.8855215435304,17.0407558651982,1,103,-0.0109864434358671,0.0456279555889928
44,2999,12,2,12,9.76,0.247469666666667,20.4869198659212,16.9997358695476,1,104,-0.00688912380561609,0.0357271329187664
44,2999,12,3,12,10.44,0.2819935,21.8264873804865,17.81744510814,1,105,0.0019892664058555,0.0387758045730857
45,2999,2,1,2,1.44,0.167401,3.06568809446445,2.52402353524957,1,48,0.00704018984067273,0.208047133685516
45,2999,2,2,2,1.24,0.179928,2.61167608974631,2.61586589578862,1,71,0.0369489151917762,0.136536376960202
45,2999,2,3,2,1.44,0.190194,3.2080407994933,2.61481212054133,1,58,-0.0519550669005388,0.194519218608481
45,2999,3,1,3,2.16,0.219558666666667,4.53205914608111,4.14909645988038,1,40,-0.0686893346147161,0.176228752714804
45,2999,3,2,3,2.32,0.245279333333333,4.42113136496658,4.25315531233522,1,75,-0.0159984856299082,0.0967406032627289
45,2999,3,3,3,2.6,0.296918666666667,5.20452129664737,4.58160563751417,1,68,-0.0404201804473372,0.107085435944281
45,2999,4,1,4,3.12,0.2291765,6.81890729174587,5.54510583414902,1,74,0.0108145034754313,0.0913277929116199
45,2999,4,2,4,3,0.2254325,6.15793766013241,5.52082895018572,1,76,-0.0118584983372986,0.0661613534782226
45,2999,4,3,4,2.92,0.2042115,6.69285687291105,5.34472536883495,1,72,0.00226643960238936,0.0711915030384172
45,2999,5,1,5,4.44,0.2620492,8.70210329378523,7.2142964653736,1,79,-0.0030048111984808,0.0730180034109193
45,2999,5,2,5,3.92,0.24549,8.1627314796246,7.10486174964822,1,87,-0.0110511117458854,0.0651292455985312
45,2999,5,3,5,4.36,0.2790784,8.62537798088227,7.3733669990068,1,79,-0.00982613423788942,0.0638279143557826
45,2999,6,1,6,4.4,0.211596333333333,9.18146974599672,8.15117514196902,1,76,-0.0157066336521841,0.0614528552932805
45,2999,6,2,6,4.6,0.242757333333333,9.5284903081753,8.50708988833694,1,90,2.07016973760225e-05,0.0672689450650154
45,2999,6,3,6,4.48,0.219393,9.55794646553083,8.24728937352866,1,61,-0.00303585741796198,0.0886115518133185
45,2999,8,1,8,6.28,0.2282445,13.305114466206,11.0640092808453,1,75,0.000577101197648688,0.0486628522071357
45,2999,8,2,8,5.8,0.21375325,11.9004540182142,10.8618570772675,1,102,-0.00465640547752832,0.0483149106946215
45,2999,8,3,8,6.32,0.25797475,12.731908662802,11.5655269982255,1,99,-0.0092856855985873,0.0479272431033661
45,2999,10,1,10,7.28,0.2143544,15.9148605681563,13.6074557134095,1,79,0.000743493934885387,0.0455801450401565
45,2999,10,2,10,7.76,0.2381074,16.7638162607814,14.0831745970378,1,72,-0.00207841933520835,0.0537023394688551
45,2999,10,3,10,7.68,0.23049,16.1584362718822,13.924223578672,1,79,-0.00587820915661534,0.0448276691640359
45,2999,12,1,12,9.04,0.222049,18.9911604517231,16.4871021086571,1,79,-0.0125764092158643,0.0515556171893617
45,2999,12,2,12,9.28,0.236269833333333,19.6090035171558,16.8359935349238,1,78,-0.00173943359435033,0.0421362900231734
45,2999,12,3,12,9.04,0.219476833333333,19.0638251193677,16.4297233565656,1,70,-0.00915944217860945,0.0522515234905513
46,2999,2,1,2,1.6,0.257826,3.06686391414907,2.86604160720312,1,46,0.0169435813109096,0.112978426682914
46,2999,2,2,2,1.2,0.190058,3.13940737513592,2.62358977509052,1,38,-0.11492965241248,0.251213187633722
46,2999,2,3,2,1.44,0.230132,3.85669034557384,2.80007833242062,1,42,-0.0417754050891016,0.22143795799936
46,2999,3,1,3,2.56,0.249779333333333,5.21043189883067,4.23170711942475,1,68,-0.0367107785682987,0.0826460410264711
46,2999,3,2,3,2.56,0.314236666666667,5.53871618220492,4.62575700485372,1,82,-0.0149556785224708,0.0797748774538855
46,2999,3,3,3,1.84,0.207435333333333,5.33043565000065,4.06661295785785,1,55,0.0384110717680121,0.140980123630086
46,2999,4,1,4,3.2,0.319473,7.52297705745415,6.28225049668487,1,81,0.00477975426273103,0.070751052426107
46,2999,4,2,4,3.08,0.2650575,7.29780755618075,5.8332405279783,1,71,-0.0208153035477266,0.091423921723782
46,2999,4,3,4,3.08,0.210548,6.19525756891862,5.3351580539207,1,89,-0.00554754386544742,0.0635579328497198
46,2999,5,1,5,3.72,0.2504292,7.99626829464884,7.15116266275302,1,110,-0.0113030164708153,0.0515246264458651
46,2999,5,2,5,3.68,0.228478,7.85046069552936,6.93566085661619,1,109,0.00855134463677194,0.045711753149832
46,2999,5,3,5,3.96,0.2874484,8.46938087191835,7.54415608819445,1,107,0.00887524772652378,0.0541800496671233
46,2999,6,1,6,5.04,0.302172,11.2499178870904,9.16560920877147,1,90,-0.00673447667920115,0.0607269663911086
46,2999,6,2,6,4.04,0.217322666666667,10.1062040178472,8.25783755673855,1,79,-0.0241666294987528,0.0759105827136233
46,2999,6,3,6,4.88,0.267264,10.8899186213963,8.76319408925078,1,99,-0.00404933931872307,0.0493554134093889
46,2999,8,1,8,6.16,0.26791675,14.1797276461191,11.7288699427444,1,99,0.00806247716442781,0.0441500332443048
46,2999,8,2,8,6.04,0.26835775,14.114759825672,11.7984076410417,1,107,0.00724447949078702,0.048004611405419
46,2999,8,3,8,6.48,0.26955425,13.843137438065,11.7653022190811,1,114,-0.00801807861155614,0.0355133979827415
46,2999,10,1,10,7.12,0.2475938,17.3945898030682,14.3248572248525,1,96,0.00255914322859207,0.0423779970548353
46,2999,10,2,10,7.64,0.27301,18.2448258728275,14.787139407408,1,94,-0.00121673242401214,0.050762418861665
46,2999,10,3,10,7.64,0.2749418,17.4107405377663,14.8154140008964,1,95,0.00345847615356501,0.0400962238607541
46,2999,12,1,12,9.44,0.274186666666667,20.4924920860878,17.7154976046297,1,131,-0.00514203998899554,0.0314093680828317
46,2999,12,2,12,9.08,0.256232,21.3770246292779,17.3024254861256,1,90,-0.00357948486262851,0.0541652296719218
46,2999,12,3,12,9.04,0.2523855,20.5078031143416,17.211789967099,1,114,-0.00201733085327373,0.0341100938444958
47,2999,2,1,2,1.52,0.25982,3.61716376175327,2.89446363799364,1,52,-0.0194932049086443,0.153072484848664
47,2999,2,2,2,1.84,0.280919,3.87859535123065,2.94311028226746,1,43,0.0411493972326066,0.162941083962922
47,2999,2,3,2,2,0.328877,3.98321375606028,3.07582764247279,1,59,-0.00996249684843921,0.109024497941737
47,2999,3,1,3,2.44,0.225749333333333,5.56812905344674,4.12537585005904,1,58,-0.0242160777045082,0.088967458999936
47,2999,3,2,3,2.4,0.262446666666667,5.58209183909787,4.33679497835608,1,44,0.0464339024529822,0.154033675895406
47,2999,3,3,3,2.6,0.288134,5.33416385189143,4.45991633698721,1,83,0.0338156485605323,0.0924586379248765
47,2999,4,1,4,3.28,0.24905,6.88135542844472,5.67366187850919,1,95,-0.00808774611230563,0.0689997829142185
47,2999,4,2,4,2.88,0.2231765,6.22981814561756,5.46334083610696,1,78,0.0173319137578544,0.0766037942611435
47,2999,4,3,4,3.68,0.305493,7.26611712449311,6.0542821919741,1,84,0.0104695463048163,0.0566048403982936
47,2999,5,1,5,4,0.240058,8.78675750740485,6.9807504059833,1,73,-0.0134406403549399,0.0768219938678558
47,2999,5,2,5,4.44,0.3016428,9.46205680167635,7.5131352071809,1,91,0.00925485999851171,0.0642603337947668
47,2999,5,3,5,3.8,0.2167812,8.64886554728037,6.76848144178102,1,91,0.000743327766142187,0.0631226762804555
47,2999,6,1,6,4.76,0.242410333333333,10.6501097319776,8.39931087781346,1,93,-0.00681251597672843,0.0627861523551328
47,2999,6,2,6,3.44,0.184119333333333,9.00742333581035,7.8758247320214,1,85,0.0116289143865986,0.0648004361857398
47,2999,6,3,6,4.4,0.235391,9.84698190737084,8.3578044741006,1,88,0.00878932771809963,0.062307327375971
47,2999,8,1,8,6.04,0.24031025,13.5036698676097,11.1852970786573,1,78,-0.00039893435463571,0.0549429296536357
47,2999,8,2,8,6.36,0.24938125,13.348113300765,11.3383436024401,1,119,0.00586881680918192,0.0449619981669155
47,2999,8,3,8,6.24,0.25375525,13.9586712403148,11.4080154580536,1,96,0.000661274076130569,0.0575512023276188
47,2999,10,1,10,7.4,0.2343198,16.7187901691468,13.9372148989473,1,104,0.0024580878145905,0.0477718226843014
47,2999,10,2,10,7.56,0.2345328,17.2976965480048,13.8978794961293,1,94,-0.00861068488250726,0.0428009043682442
47,2999,10,3,10,7.88,0.245321,17.4846574429918,14.0582290247274,1,100,-0.00254578533555079,0.0453802109739609
47,2999,12,1,12,9.28,0.245169166666667,20.6669323225516,16.9154644927541,1,102,-0.00422374563462526,0.0420931694743926
47,2999,12,2,12,9.28,0.245169166666667,20.6669323225516,16.9154644927541,1,102,-0.00422374563462525,0.0420931694743926
47,2999,12,3,12,9.28,0.245169166666667,20.6669323225516,16.9154644927541,1,102,-0.00422374563462526,0.0420931694743926
48,2999,2,1,2,1.76,0.296739,3.51642006164063,3.03136931438598,1,55,0.0100456958328446,0.13027560033548
48,2999,2,2,2,1.72,0.215546,3.22218893116905,2.68383837169018,1,58,0.0276313087474281,0.110627159243658
48,2999,2,3,2,1.64,0.211029,2.6954270889656,2.68318710599136,1,66,0.0148710729665872,0.133123870437124
48,2999,3,1,3,2.72,0.291919333333333,4.87634418800235,4.45539348510158,1,98,0.00571248441662884,0.0567612301106011
48,2999,3,2,3,2.6,0.252457333333333,5.63058431174796,4.25848012999832,1,64,-0.0321513245650061,0.116108917713186
48,2999,3,3,3,2.04,0.211536,4.50393007507411,4.04674417384353,1,61,0.0562452035057768,0.125738910488339
48,2999,4,1,4,2.44,0.1595585,5.43090432418424,5.0320335549176,1,69,0.00340628981650419,0.101046630046076
48,2999,4,2,4,3.24,0.2263125,6.83258031746715,5.47425035783239,1,91,-0.023686118780737,0.0744487080752798
48,2999,4,3,4,3.24,0.1953865,6.44508801240477,5.20496674820693,1,108,-0.0104703201485791,0.0627054474269344
48,2999,5,1,5,4,0.248598,7.97745661955848,7.1244261136197,1,69,-0.00219429566439289,0.0749699779619621
48,2999,5,2,5,4.12,0.2214004,7.67330664607633,6.79825151523824,1,103,-0.00744248445351472,0.042955895111643
48,2999,5,3,5,4.56,0.2769688,8.75383208966456,7.272017390135,1,110,0.00738105079662899,0.0551195853899809
48,2999,6,1,6,5.52,0.272173,10.1759825699209,8.67909285828035,1,106,0.0064329201595885,0.0440020443262936
48,2999,6,2,6,4.52,0.20755,9.24975771540874,8.02687714502809,1,94,-0.00344004483113301,0.0473479995580632
48,2999,6,3,6,4.72,0.227150666666667,9.10166715204519,8.19133635549811,1,109,-0.0128954995662801,0.0410761973501457
48,2999,8,1,8,6.32,0.226897,12.6082584807291,10.9987574969756,1,119,-0.0159012170569255,0.0403768542627721
48,2999,8,2,8,6.44,0.2113315,11.2821279741285,10.6865639653651,1,142,-0.00106019007612304,0.0352110381040202
48,2999,8,3,8,6.6,0.23799425,12.5419274299222,11.1558905522518,1,97,-0.00886199200646758,0.0573880188111586
48,2999,10,1,10,8.32,0.225672,15.1178975801319,13.6164782704034,1,119,-0.00188755419650076,0.0365724177969647
48,2999,10,2,10,8.04,0.2349566,15.7624830350933,13.8136023130324,1,128,0.00382730873504547,0.0318773480347621
48,2999,10,3,10,8.32,0.2519308,16.4251466956084,14.171987769768,1,112,0.00798424814534432,0.0459203300845078
48,2999,12,1,12,10.32,0.244317166666667,19.7288961262639,16.7723015517023,1,107,-0.0108002896764884,0.036395726304734
48,2999,12,2,12,9.6,0.235993333333333,19.3075311380687,16.7121639555389,1,98,-0.00537416106454283,0.035542274880945
48,2999,12,3,12,9.64,0.225527666666667,18.604781470409,16.4205229482385,1,101,-0.0014612342734693,0.0363271403950231
49,2999,2,1,2,1.44,0.17955,2.58082186787541,2.56911677542291,1,55,0.0537890602585617,0.166470984886834
49,2999,2,2,2,1.96,0.331317,3.65271391755645,3.13778420021079,1,68,0.00299904790478491,0.102418095084625
49,2999,2,3,2,1.2,0.172672,2.61485120676071,2.56288632401868,1,41,-0.0053994442629176,0.163056492367758
49,2999,3,1,3,1.92,0.219226666666667,4.73652103044122,4.16777307322873,1,59,-0.0260184171568277,0.0996414664981556
49,2999,3,2,3,2.4,0.278268,4.92184620012309,4.46940176584113,1,69,-0.0249492411751282,0.0753462449903773
49,2999,3,3,3,2,0.190036,5.19643108916643,3.93101356486154,1,73,-0.0031215698617954,0.0908625837071446
49,2999,4,1,4,2.44,0.2133715,6.22218581595706,5.51484017389838,1,74,-0.0317885353549147,0.137896805287662
49,2999,4,2,4,2.2,0.1609335,6.06653690297314,5.05773167710716,1,61,-0.0185892077745716,0.093625602269173
49,2999,4,3,4,2.68,0.18857,6.47087761500928,5.2660141983759,1,58,0.0142564668602873,0.0954840074489581
49,2999,5,1,5,2.96,0.1795608,7.35216751111289,6.51143463456758,1,59,0.0046045495571605,0.10086262540941
49,2999,5,2,5,3.6,0.237176,8.20520651987358,7.06529924496785,1,89,-0.00108760046795217,0.0626753437898638
49,2999,5,3,5,3.6,0.24366,8.4079993146146,7.12394251960572,1,94,0.0121300435844183,0.0430203397747546
49,2999,6,1,6,3.64,0.178318333333333,9.04430163148574,7.7927335557332,1,82,-0.00260878354088109,0.06362983066727
49,2999,6,2,6,4.08,0.216770333333333,9.22956737817815,8.21821547451173,1,86,0.0153557448607229,0.064437792729622
49,2999,6,3,6,4.16,0.215927,9.19700481064644,8.22790531583899,1,107,0.00217283999274955,0.0529519863965067
49,2999,8,1,8,5.32,0.2144795,12.3664527951928,10.9586448934208,1,94,-0.0112594598754457,0.0501719810476759
49,2999,8,2,8,5.44,0.2290185,13.8060816267949,11.1796334693727,1,99,0.00532253187967072,0.0345782022253891
49,2999,8,3,8,5.56,0.2309115,12.5597593554272,11.1914305012053,1,104,0.00809687602775529,0.0378978809431779
49,2999,10,1,10,6.44,0.2142336,15.924710193809,13.7340719338873,1,99,0.0138755915229382,0.040016418421831
49,2999,10,2,10,6.72,0.2068878,15.7315342951921,13.5200051195177,1,98,-0.00079464672002537,0.0421187841628583
49,2999,10,3,10,7.32,0.2401096,16.6932329656725,14.1436633134038,1,105,-0.00381542509887764,0.035930995821167
49,2999,12,1,12,8.16,0.216864666666667,19.4067451797537,16.475754988621,1,117,0.0125107953648331,0.0318845774217262
49,2999,12,2,12,8.28,0.224028666666667,19.7133757335685,16.6344606284592,1,106,0.0134611173252407,0.0311217465668812
49,2999,12,3,12,8.08,0.216253166666667,18.9431216974609,16.4732789455779,1,101,0.00677350492457882,0.0373296896814072
50,2999,2,1,2,1.2,0.156096,3.065326972644,2.51248627358034,1,39,-0.077986959000408,0.209158676845935
50,2999,2,2,2,0.64,0.090023,2.26484518044987,2.28112651740496,1,151,-0.0737172491477621,0.0945299756633647
50,2999,2,3,2,0.88,0.104952,2.41117583205812,2.34405790778076,1,42,-0.0625122795709226,0.258631432098264
50,2999,3,1,3,1.6,0.187522,4.14896431707111,3.95927787696057,1,44,0.0479352375722182,0.167296667224391
50,2999,3,2,3,0.92,0.0800006666666667,3.342004609352,3.36731429789801,1,170,-0.0596394778249717,0.0829642536519039
50,2999,3,3,3,1.96,0.204074,4.36118785882458,4.03491258881742,1,64,0.0107585364368146,0.0916748685014525
50,2999,4,1,4,2.12,0.172216,5.43063417899143,5.17648058495296,1,64,0.0150850064695253,0.126115066576373
50,2999,4,2,4,3.04,0.2402655,6.166366124534,5.61293063640001,1,84,0.0197963386590384,0.0757126298521656
50,2999,4,3,4,2.24,0.208817,5.91583837925889,5.46900959182797,1,65,-0.00961391838798008,0.0927493490079059
50,2999,5,1,5,2.88,0.1776756,7.2430465068205,6.50436767924633,1,88,0.0185886264051315,0.0842650730860794
50,2999,5,2,5,3.44,0.231744,7.436103127483,7.00104176449774,1,81,-0.00508608041909672,0.0653426090850335
50,2999,5,3,5,2.84,0.1553128,7.13777479066649,6.29263116505496,1,89,0.00421998684917651,0.0684205925992643
50,2999,6,1,6,4.32,0.259002666666667,9.64022732954199,8.70261391586466,1,126,-0.0174408175021338,0.0487436750721778
50,2999,6,2,6,4.24,0.231508333333333,9.05519692164305,8.38574106672078,1,118,-0.000139262572984063,0.0446208676141048
50,2999,6,3,6,3.72,0.197934333333333,9.00448382648852,7.98974357131668,1,93,-0.0007406959825233,0.0619147300829618
50,2999,8,1,8,5.72,0.2482725,12.895848314859,11.4710832843612,1,107,0.00159106983772271,0.0438160896491423
50,2999,8,2,8,6.24,0.24952225,13.2379223595547,11.4044514114179,1,107,-0.00503902408607821,0.0402390197548585
50,2999,8,3,8,5.88,0.23813325,13.0439577985072,11.2809322216683,1,93,0.00699634895607013,0.0480683835448207
50,2999,10,1,10,6.68,0.2222138,14.6495591641713,13.8154174762051,1,118,0.00874467460025409,0.0435948434720224
50,2999,10,2,10,6.32,0.2094916,14.5899805931249,13.5985496692974,1,120,0.00747591649228376,0.0382645828599747
50,2999,10,3,10,7.04,0.227313,15.6597314309915,13.9188709068259,1,106,0.00320182224020999,0.0417559400048652
50,2999,12,1,12,8.32,0.220279,18.5324038668445,16.5112122674419,1,94,0.00420115073249725,0.0494914626173573
50,2999,12,2,12,8.32,0.233869833333333,19.0098949583767,16.8591214899593,1,108,0.00369915388242945,0.0448454729471558
50,2999,12,3,12,8.32,0.222724666666667,18.6525549489405,16.5642361407182,1,106,0.00691760231471044,0.043454255781003
